CONFIG ═════════════════════════════════════════════════════════════════════════════════════════════════════════════════════
            Date            Thu, 10 Jul 2025                                                          
            Time            01:02:22 +0000                                                            
         Cluster                                                                                      
      Datacenter                                                                                      
   Cass. version            3.0.8                                                                     
        Workload            uniform.rn                                                                
     Function(s)            standard1_insert:1, standard1_select:1                                            
     Consistency            LocalQuorum                                                               
            Tags                                                                                      
────────────────────────────────────────────────────────────────────────────────────────────────────────────────────────────
         Threads                    8                                                                 
     Connections                    1                                                                 
     Concurrency     [req]        128                                                                 
        Max rate    [op/s]     200000                                                                 
          Warmup       [s]         20                                                                 
              └─      [op]                                                                            
        Run time       [s]     1800.0                                                                 
              └─      [op]                                                                            
        Sampling       [s]        1.0                                                                 
              └─      [op]                                                                            
 Request timeout       [s]          5                                                                 
         Retries                                                                                      
  ┌──────┴number                   10                                                                 
  ├─min interval      [ms]        100                                                                 
  └─max interval      [ms]       5000                                                                 

LOG ════════════════════════════════════════════════════════════════════════════════════════════════════════════════════════
    Time    Cycles    Errors    Thrpt.     ────────────────────────────────── Latency [ms/op] ──────────────────────────────
     [s]      [op]      [op]    [op/s]             Min        50        75        90        95        99      99.9       Max
   1.001    200003         0    199861           0.257     0.607     0.742     0.922     1.078     1.441     4.100     7.434
   2.000    200006         0    199995           0.230     0.624     0.764     0.953     1.107     1.392     1.748     3.338
   3.000    199978         0    199995           0.236     0.608     0.743     0.913     1.055     1.345     1.699     2.736
   4.000    200025         0    200015           0.247     0.615     0.757     0.956     1.125     1.411     1.751     2.380
   5.000    199994         0    200004           0.253     0.603     0.738     0.914     1.068     1.365     1.750     3.381
   6.000    200014         0    200006           0.247     0.616     0.756     0.945     1.111     1.407     1.752     2.693
   7.000    199994         0    199993           0.234     0.605     0.738     0.915     1.074     1.355     1.684     2.744
   8.000    200005         0    200009           0.247     0.607     0.744     0.926     1.084     1.363     1.689     2.497
   9.000    199994         0    199988           0.240     0.609     0.742     0.913     1.060     1.359     1.777     4.465
  10.000    199998         0    199995           0.250     0.601     0.738     0.924     1.085     1.379     1.723     3.887
  11.000    200012         0    200016           0.248     0.607     0.739     0.907     1.059     1.346     1.663     2.740
  12.000    199979         0    199986           0.243     0.611     0.750     0.938     1.111     1.426     1.962     3.518
  13.000    200018         0    200015           0.258     0.597     0.729     0.901     1.057     1.343     1.631     2.204
  14.000    199977         0    199982           0.245     0.598     0.728     0.894     1.039     1.323     1.676     2.204
  15.000    200009         0    199990           0.254     0.613     0.755     0.942     1.099     1.378     1.710     2.519
  16.000    200038         0    200029           0.231     0.624     0.771     0.970     1.133     1.421     1.800     2.865
  17.000    199984         0    199999           0.256     0.612     0.749     0.928     1.084     1.371     1.724     2.531
  18.000    199980         0    199988           0.240     0.615     0.754     0.944     1.105     1.397     1.732     2.566
  19.000    200004         0    199992           0.239     0.610     0.753     0.941     1.105     1.385     1.739     2.947
  20.000    199990         0    199995           0.258     0.619     0.758     0.944     1.100     1.388     1.754     4.477
  21.000    200015         0    200028           0.248     0.608     0.743     0.915     1.066     1.356     1.686     2.165
  22.000    200008         0    200003           0.246     0.608     0.743     0.915     1.065     1.353     1.683     2.454
  23.000    199977         0    199972           0.250     0.618     0.758     0.940     1.094     1.391     1.788     3.615
  24.000    200006         0    200009           0.232     0.630     0.776     0.976     1.135     1.436     1.843     3.117
  25.000    200026         0    200022           0.250     0.626     0.769     0.959     1.118     1.438     2.140     5.743
  26.000    199988         0    199984           0.247     0.644     0.798     1.008     1.168     1.489     2.185     5.951
  27.000    200000         0    199996           0.248     0.610     0.750     0.934     1.093     1.386     1.726     2.392
  28.000    199999         0    200014           0.237     0.607     0.742     0.914     1.057     1.351     1.675     2.261
  29.000    199999         0    199998           0.253     0.611     0.750     0.937     1.100     1.394     1.749     2.464
  30.000    200006         0    200006           0.230     0.619     0.761     0.950     1.111     1.411     1.849     4.555
  31.000    199982         0    199984           0.243     0.608     0.743     0.921     1.076     1.370     1.738     2.791
  32.000    200018         0    199999           0.231     0.614     0.755     0.945     1.105     1.390     1.752     2.714
  33.000    200005         0    200011           0.253     0.611     0.748     0.926     1.077     1.375     1.798     3.348
  34.000    199983         0    199993           0.252     0.610     0.748     0.925     1.076     1.366     1.713     2.548
  35.000    200003         0    200006           0.252     0.606     0.741     0.915     1.067     1.370     1.744     4.604
  36.000    200011         0    199986           0.229     0.614     0.761     0.975     1.154     1.450     1.812     3.586
  37.000    200000         0    200005           0.241     0.610     0.756     0.962     1.136     1.421     1.780     3.052
  38.000    200012         0    200012           0.231     0.604     0.739     0.910     1.057     1.352     1.729     3.064
  39.000    199990         0    200003           0.244     0.608     0.742     0.919     1.068     1.353     1.691     2.490
  40.000    199996         0    199998           0.259     0.611     0.751     0.933     1.084     1.371     1.701     2.687
  41.000    199999         0    199986           0.249     0.630     0.788     1.032     1.213     1.497     1.848     2.787
  42.001    199979         0    199989           0.233     0.616     0.788     1.075     1.232     1.470     1.776     2.910
  43.000    200002         0    199981           0.247     0.653     0.880     1.209     1.357     1.649     1.985     3.176
  44.000    200006         0    200012           0.244     0.673     0.932     1.234     1.367     1.626     1.987     4.395
  45.000    200000         0    200002           0.239     0.660     0.892     1.207     1.348     1.622     1.951     3.695
  46.000    199996         0    200014           0.253     0.670     0.925     1.231     1.362     1.625     1.930     2.693
  47.000    199979         0    199975           0.250     0.666     0.901     1.222     1.369     1.653     1.999     3.342
  48.000    199990         0    199981           0.257     0.660     0.909     1.238     1.390     1.682     2.007     2.843
  49.000    200027         0    200045           0.254     0.670     0.932     1.237     1.369     1.621     1.964     3.351
  50.000    199986         0    199978           0.252     0.657     0.897     1.209     1.342     1.608     1.960     3.967
  51.000    200011         0    200013           0.248     0.661     0.915     1.215     1.343     1.615     1.925     2.474
  52.000    199991         0    199989           0.237     0.670     0.925     1.239     1.382     1.670     2.045     3.789
  53.000    200017         0    200011           0.249     0.660     0.901     1.222     1.367     1.653     2.046     4.588
  54.000    200005         0    199993           0.247     0.669     0.935     1.251     1.393     1.678     2.016     2.687
  55.001    200000         0    199997           0.244     0.703     1.016     1.297     1.440     1.705     2.005     2.861
  56.000    199965         0    199986           0.263     0.686     0.942     1.248     1.398     1.708     2.284     4.702
  57.000    200011         0    200008           0.263     0.666     0.914     1.225     1.363     1.645     1.968     2.755
  58.000    200020         0    199997           0.264     0.670     0.918     1.222     1.352     1.613     1.916     2.931
  59.000    199994         0    200018           0.233     0.672     0.907     1.219     1.360     1.632     1.957     3.615
  60.000    199999         0    200000           0.246     0.659     0.887     1.201     1.337     1.610     1.914     2.525
  61.000    199988         0    199980           0.236     0.670     0.912     1.223     1.362     1.634     2.007     3.197
  62.000    200008         0    200024           0.255     0.677     0.922     1.231     1.373     1.680     2.443     3.647
  63.000    199984         0    199977           0.254     0.657     0.903     1.218     1.350     1.611     1.931     2.839
  64.000    200044         0    200033           0.255     0.666     0.920     1.229     1.366     1.656     2.006     3.060
  65.000    199984         0    199994           0.255     0.661     0.892     1.205     1.341     1.616     1.945     3.060
  66.000    199987         0    199976           0.250     0.671     0.924     1.224     1.354     1.617     1.939     3.260
  67.000    200011         0    200037           0.245     0.672     0.914     1.210     1.340     1.601     1.993     4.506
  68.000    199995         0    199974           0.232     0.668     0.920     1.232     1.374     1.657     1.978     3.674
  69.000    199994         0    199999           0.259     0.671     0.924     1.222     1.351     1.614     1.914     2.355
  70.000    199992         0    199995           0.249     0.655     0.878     1.194     1.327     1.579     1.895     3.494
  71.000    199993         0    199990           0.246     0.635     0.828     1.146     1.295     1.562     1.869     2.439
  72.000    200016         0    200019           0.242     0.688     0.955     1.248     1.385     1.655     2.042     3.686
  73.000    200017         0    200016           0.247     0.653     0.874     1.189     1.321     1.573     1.876     2.468
  74.000    199993         0    199987           0.245     0.684     0.964     1.250     1.392     1.699     2.148     4.854
  75.000    199997         0    200015           0.245     0.674     0.923     1.229     1.366     1.631     1.953     3.424
  76.000    199983         0    199975           0.259     0.656     0.891     1.200     1.327     1.570     1.881     2.771
  77.000    200002         0    199997           0.241     0.680     0.961     1.246     1.375     1.641     1.959     2.669
  78.000    199992         0    200001           0.245     0.677     0.935     1.229     1.362     1.627     2.002     5.439
  79.000    200013         0    200002           0.249     0.653     0.883     1.196     1.326     1.570     1.861     2.460
  80.000    199996         0    199989           0.245     0.680     0.958     1.242     1.371     1.633     1.945     2.585
  81.000    200025         0    200022           0.240     0.691     0.992     1.249     1.372     1.625     1.916     3.336
  82.000    199967         0    199980           0.231     0.688     0.952     1.252     1.399     1.699     2.243     4.053
  83.000    200008         0    200009           0.246     0.693     0.986     1.282     1.434     1.748     2.286     4.915
  84.000    199996         0    199990           0.235     0.673     0.935     1.239     1.373     1.651     2.044     3.478
  85.001    199996         0    199997           0.248     0.691     0.965     1.253     1.391     1.673     2.118     3.824
  86.000    200024         0    200028           0.260     0.683     0.955     1.243     1.370     1.630     2.111     6.275
  87.000    199990         0    199999           0.224     0.678     0.948     1.242     1.378     1.658     1.989     2.597
  88.000    199967         0    199970           0.234     0.664     0.905     1.213     1.348     1.633     1.988     3.377
  89.000    200024         0    200020           0.256     0.669     0.923     1.229     1.364     1.649     1.988     3.129
  90.000    199998         0    199983           0.258     0.668     0.919     1.224     1.354     1.607     1.951     6.992
  91.000    200036         0    200032           0.246     0.640     0.859     1.179     1.310     1.544     1.839     2.546
  92.000    199965         0    199974           0.253     0.658     0.921     1.225     1.356     1.616     1.921     2.679
  93.000    200028         0    200036           0.254     0.651     0.880     1.200     1.331     1.593     1.894     2.382
  94.000    199990         0    199990           0.240     0.683     0.987     1.263     1.398     1.674     1.991     2.683
  95.000    199978         0    199973           0.241     0.664     0.916     1.215     1.342     1.598     1.889     2.591
  96.000    200025         0    200016           0.237     0.654     0.895     1.205     1.330     1.575     1.876     2.636
  97.000    199983         0    199990           0.256     0.659     0.913     1.217     1.340     1.592     1.909     2.894
  98.000    200013         0    200024           0.230     0.664     0.952     1.244     1.375     1.637     1.919     2.804
  99.000    200027         0    199991           0.258     0.710     1.043     1.299     1.441     1.753     2.736     5.263
 100.000    199938         0    199968           0.249     0.656     0.893     1.204     1.336     1.605     1.927     2.712
 101.000    200035         0    200035           0.244     0.692     0.992     1.261     1.393     1.669     2.064     4.547
 102.000    199988         0    199986           0.238     0.705     1.024     1.288     1.422     1.716     2.458    12.747
 103.000    199997         0    199998           0.246     0.683     0.955     1.245     1.379     1.660     2.096     3.682
 104.000    199995         0    200002           0.262     0.684     0.961     1.248     1.382     1.660     2.001     3.813
 105.000    200028         0    200011           0.242     0.674     0.950     1.247     1.386     1.660     1.945     2.765
 106.000    199972         0    199980           0.232     0.664     0.927     1.238     1.376     1.644     1.946     2.451
 107.000    200017         0    200020           0.242     0.667     0.924     1.235     1.369     1.664     2.017     2.755
 108.000    199989         0    199980           0.247     0.701     1.006     1.271     1.403     1.654     1.946     2.556
 109.000    199991         0    199990           0.252     0.692     0.997     1.262     1.393     1.663     2.075     6.054
 110.000    199975         0    199981           0.252     0.690     0.982     1.262     1.397     1.663     1.971     2.425
 111.000    200014         0    200016           0.234     0.708     1.031     1.281     1.408     1.656     1.964     3.289
 112.000    199983         0    199989           0.253     0.715     1.033     1.300     1.436     1.699     2.150     8.503
 113.000    200020         0    200014           0.241     0.691     0.977     1.256     1.389     1.658     1.968     2.472
 114.000    200001         0    200002           0.261     0.688     0.978     1.251     1.379     1.636     1.966     2.593
 115.000    200014         0    199998           0.266     0.700     1.020     1.284     1.423     1.711     2.048     3.492
 116.000    199973         0    199975           0.257     0.705     1.026     1.289     1.423     1.705     2.177     4.452
 117.000    200035         0    200041           0.239     0.710     1.027     1.293     1.432     1.715     2.380     7.057
 118.000    199993         0    199989           0.252     0.718     1.039     1.295     1.433     1.699     2.016     3.377
 119.000    199983         0    199999           0.243     0.730     1.063     1.332     1.484     1.778     2.187     3.887
 120.000    200021         0    200013           0.248     0.700     0.999     1.276     1.411     1.687     2.012     3.234
 121.000    199998         0    199998           0.250     0.704     1.023     1.289     1.427     1.710     2.083     3.977
 122.000    199987         0    199996           0.244     0.710     1.008     1.290     1.444     1.750     2.185     3.633
 123.000    200007         0    200003           0.251     0.719     1.059     1.312     1.450     1.731     2.120     6.472
 124.000    199976         0    199972           0.238     0.716     1.060     1.326     1.475     1.764     2.116     3.211
 125.000    200012         0    200007           0.257     0.703     1.006     1.294     1.442     1.737     2.093     2.783
 126.000    199983         0    199991           0.223     0.726     1.062     1.328     1.474     1.739     2.058     2.703
 127.000    200008         0    200016           0.265     0.729     1.076     1.324     1.456     1.718     2.063     3.211
 128.000    200010         0    200002           0.250     0.706     1.030     1.281     1.412     1.686     2.002     3.279
 129.000    199971         0    199977           0.247     0.709     1.029     1.288     1.426     1.699     2.010     3.084
 130.000    200045         0    200032           0.246     0.718     1.054     1.304     1.435     1.689     2.020     2.714
 131.000    199992         0    199991           0.230     0.707     1.020     1.275     1.401     1.662     1.986     2.755
 132.000    200019         0    200026           0.260     0.719     1.052     1.297     1.425     1.682     2.023     3.181
 133.000    200009         0    199994           0.256     0.702     1.018     1.279     1.407     1.661     1.966     3.082
 134.000    199999         0    200013           0.246     0.696     1.008     1.278     1.411     1.672     1.964     2.546
 135.000    199958         0    199958           0.242     0.707     1.032     1.290     1.422     1.694     2.080     2.669
 136.000    200049         0    200018           0.239     0.690     0.991     1.261     1.396     1.677     2.026     2.929
 137.000    199961         0    199993           0.245     0.719     1.041     1.300     1.439     1.714     2.101     2.845
 138.000    199979         0    199978           0.258     0.717     1.055     1.303     1.433     1.683     1.969     2.484
 139.000    200040         0    200029           0.255     0.692     0.992     1.260     1.384     1.632     1.944     2.746
 140.000    199980         0    199999           0.249     0.686     0.982     1.263     1.394     1.666     2.004     2.679
 141.000    199982         0    199983           0.257     0.692     0.994     1.267     1.399     1.656     1.963     2.564
 142.000    200012         0    200003           0.253     0.706     1.016     1.272     1.398     1.642     1.922     2.628
 143.000    200014         0    200018           0.260     0.713     1.041     1.296     1.435     1.719     2.433     5.345
 144.000    199997         0    199994           0.243     0.679     0.948     1.245     1.376     1.636     1.970     3.215
 145.000    199989         0    199991           0.254     0.672     0.924     1.229     1.364     1.619     1.930     2.593
 146.000    199996         0    200004           0.238     0.673     0.919     1.224     1.363     1.635     2.011     4.874
 147.000    200051         0    200025           0.242     0.678     0.953     1.229     1.356     1.620     1.956     2.603
 148.000    199944         0    199964           0.239     0.680     0.926     1.238     1.388     1.668     2.014     2.884
 149.000    199995         0    199982           0.257     0.680     0.965     1.242     1.368     1.612     1.901     2.949
 150.000    200022         0    200037           0.236     0.696     1.007     1.269     1.397     1.644     1.964     2.462
 151.000    200026         0    200013           0.248     0.671     0.932     1.237     1.370     1.621     1.929     2.546
 152.000    200011         0    200019           0.248     0.693     0.981     1.266     1.403     1.691     2.324     7.487
 153.000    199991         0    199984           0.233     0.682     0.962     1.245     1.374     1.638     1.978     3.146
 154.000    199990         0    199987           0.263     0.698     1.008     1.282     1.416     1.680     2.020     3.334
 155.000    200019         0    200028           0.246     0.682     0.984     1.257     1.382     1.625     1.906     2.419
 156.000    199946         0    199941           0.266     0.699     1.022     1.290     1.418     1.671     1.997     3.125
 157.000    200023         0    200021           0.267     0.713     1.042     1.290     1.419     1.684     2.259     7.168
 158.000    200002         0    199994           0.255     0.690     0.978     1.263     1.398     1.661     2.044     7.369
 159.000    200003         0    200016           0.241     0.703     1.000     1.275     1.411     1.687     2.167     5.403
 160.000    199976         0    199969           0.257     0.719     1.037     1.293     1.425     1.699     2.075     4.780
 161.000    200017         0    200028           0.238     0.689     0.957     1.249     1.388     1.651     1.985     3.316
 162.000    200004         0    199995           0.252     0.697     0.973     1.252     1.388     1.652     2.039     3.629
 163.000    200024         0    200034           0.250     0.674     0.920     1.222     1.355     1.607     1.921     2.824
 164.000    199986         0    199980           0.240     0.679     0.949     1.248     1.384     1.642     1.944     2.488
 165.000    200006         0    200001           0.254     0.690     0.972     1.263     1.399     1.664     1.973     2.976
 166.000    199990         0    199992           0.253     0.666     0.903     1.214     1.353     1.607     1.937     3.236
 167.000    199976         0    199981           0.247     0.673     0.924     1.225     1.359     1.609     1.930     4.276
 168.000    200017         0    200016           0.260     0.679     0.938     1.241     1.376     1.648     1.987     4.088
 169.000    200004         0    200005           0.248     0.675     0.923     1.225     1.360     1.617     2.015     3.969
 170.000    200022         0    200024           0.242     0.690     0.969     1.261     1.397     1.666     1.998     2.886
 171.000    200001         0    199993           0.239     0.660     0.898     1.207     1.335     1.578     1.879     3.103
 172.000    200011         0    200013           0.256     0.663     0.921     1.223     1.351     1.592     1.909     2.650
 173.000    199970         0    199976           0.231     0.652     0.868     1.185     1.324     1.578     1.995     3.774
 174.000    200006         0    200004           0.241     0.655     0.895     1.214     1.348     1.605     1.905     2.638
 175.000    199992         0    199991           0.251     0.632     0.835     1.152     1.285     1.524     1.812     2.419
 176.000    200010         0    200010           0.252     0.648     0.854     1.164     1.297     1.535     1.819     3.652
 177.000    200009         0    200009           0.242     0.648     0.865     1.183     1.313     1.554     1.874     2.478
 178.001    200013         0    200001           0.242     0.648     0.859     1.168     1.299     1.550     1.873     3.189
 179.000    199952         0    199969           0.239     0.654     0.852     1.160     1.304     1.560     1.913     5.378
 180.000    200045         0    200042           0.254     0.652     0.861     1.175     1.310     1.547     1.830     2.818
 181.000    199977         0    199976           0.249     0.643     0.845     1.160     1.293     1.540     1.852     2.351
 182.000    200004         0    200005           0.247     0.629     0.818     1.130     1.273     1.507     1.804     2.583
 183.000    200009         0    200009           0.255     0.633     0.821     1.136     1.284     1.539     1.846     3.473
 184.000    200022         0    200017           0.248     0.649     0.862     1.171     1.306     1.546     1.851     2.626
 185.000    199950         0    199961           0.250     0.642     0.825     1.121     1.266     1.519     1.838     2.736
 186.000    200009         0    199995           0.242     0.651     0.871     1.188     1.323     1.579     1.914     3.363
 187.000    199988         0    200003           0.246     0.655     0.863     1.172     1.317     1.573     1.935     3.502
 188.000    200027         0    200020           0.250     0.639     0.829     1.144     1.291     1.554     1.857     2.994
 189.001    199993         0    199992           0.245     0.649     0.869     1.187     1.324     1.584     1.909     2.847
 190.001    199995         0    200000           0.256     0.662     0.886     1.197     1.331     1.589     1.931     3.500
 191.000    199989         0    199989           0.238     0.655     0.862     1.179     1.321     1.566     1.848     2.773
 192.000    200030         0    200012           0.234     0.652     0.863     1.176     1.311     1.570     1.864     2.560
 193.000    200007         0    200018           0.251     0.648     0.853     1.166     1.304     1.550     1.878     2.468
 194.000    199996         0    199993           0.247     0.652     0.854     1.158     1.297     1.562     1.906     5.255
 195.000    199978         0    199985           0.243     0.651     0.861     1.170     1.314     1.592     1.954     3.619
 196.000    199987         0    200001           0.257     0.631     0.809     1.110     1.263     1.518     1.808     2.443
 197.000    200036         0    200018           0.238     0.645     0.841     1.156     1.297     1.561     1.883     2.677
 198.000    199979         0    199983           0.249     0.635     0.823     1.132     1.277     1.529     1.832     2.253
 199.000    199999         0    199998           0.253     0.655     0.858     1.163     1.306     1.561     1.896     3.226
 200.000    200019         0    200023           0.232     0.653     0.861     1.167     1.304     1.552     1.845     2.331
 201.000    199990         0    199999           0.250     0.660     0.866     1.174     1.316     1.582     1.895     2.904
 202.000    199990         0    199978           0.258     0.652     0.846     1.152     1.297     1.550     1.858     2.875
 203.000    200038         0    200030           0.257     0.646     0.845     1.157     1.300     1.571     1.954     4.098
 204.000    199963         0    199952           0.249     0.653     0.870     1.187     1.326     1.591     1.919     3.564
 205.000    199975         0    200003           0.243     0.662     0.891     1.197     1.331     1.596     2.088     4.186
 206.000    200012         0    200001           0.251     0.722     1.043     1.288     1.418     1.684     2.017     2.841
 207.000    200002         0    199997           0.244     0.709     1.019     1.276     1.403     1.657     1.962     2.472
 208.000    199993         0    199988           0.239     0.672     0.933     1.230     1.357     1.598     1.894     2.517
 209.000    199997         0    200018           0.263     0.689     0.965     1.245     1.373     1.622     1.935     3.037
 210.000    200014         0    200002           0.260     0.678     0.944     1.235     1.362     1.613     1.931     2.675
 211.000    199997         0    199988           0.237     0.685     0.945     1.235     1.362     1.610     1.915     3.052
 212.000    200011         0    200027           0.234     0.691     0.963     1.239     1.368     1.638     2.089     4.346
 213.000    200013         0    199995           0.258     0.670     0.933     1.227     1.353     1.608     1.925     2.812
 214.000    200010         0    200015           0.237     0.679     0.955     1.246     1.374     1.629     1.975     2.853
 215.000    199958         0    199969           0.258     0.681     0.959     1.241     1.364     1.597     1.888     2.578
 216.000    199993         0    199994           0.254     0.687     0.978     1.254     1.381     1.639     1.928     2.404
 217.000    200024         0    200019           0.239     0.678     0.949     1.236     1.367     1.630     1.950     4.061
 218.000    199989         0    199993           0.248     0.676     0.952     1.236     1.367     1.631     1.981     4.563
 219.000    200014         0    200015           0.247     0.685     0.977     1.257     1.389     1.654     2.022     5.214
 220.000    199973         0    199967           0.261     0.710     1.016     1.270     1.400     1.664     2.114     6.095
 221.000    200016         0    200003           0.261     0.699     0.980     1.260     1.392     1.647     1.983     2.666
 222.000    200001         0    200020           0.262     0.696     1.005     1.262     1.386     1.637     1.986     2.513
 223.000    199988         0    199997           0.254     0.686     0.975     1.255     1.388     1.639     1.925     2.521
 224.000    199996         0    199987           0.263     0.708     1.012     1.278     1.411     1.673     1.996     3.342
 225.000    200004         0    200011           0.247     0.718     1.027     1.286     1.420     1.703     2.067     3.690
 226.000    200019         0    200002           0.254     0.698     0.996     1.273     1.405     1.669     2.019     3.381
 227.000    199966         0    199975           0.255     0.695     0.997     1.273     1.409     1.678     2.038     3.346
 228.000    200032         0    200024           0.264     0.668     0.927     1.227     1.358     1.623     1.994     3.344
 229.000    200008         0    200010           0.257     0.674     0.954     1.237     1.361     1.608     1.913     2.816
 230.000    199980         0    199984           0.264     0.663     0.918     1.221     1.347     1.599     1.897     2.501
 231.000    200015         0    200004           0.265     0.694     0.999     1.260     1.389     1.658     1.981     3.267
 232.000    199993         0    200012           0.256     0.691     0.987     1.257     1.391     1.659     2.024     4.608
 233.000    200008         0    199988           0.246     0.691     0.994     1.270     1.402     1.683     2.492     4.555
 234.000    200013         0    200021           0.261     0.674     0.936     1.231     1.360     1.617     1.923     2.734
 235.000    199975         0    199980           0.250     0.678     0.956     1.238     1.365     1.621     1.953     3.086
 236.000    199996         0    199995           0.246     0.708     1.019     1.276     1.406     1.671     1.980     2.615
 237.000    200016         0    200019           0.236     0.674     0.933     1.220     1.348     1.589     1.892     2.771
 238.000    199986         0    199987           0.230     0.686     0.992     1.255     1.383     1.647     1.943     4.919
 239.000    200003         0    199990           0.263     0.670     0.932     1.227     1.354     1.597     1.887     2.636
 240.000    199994         0    199992           0.244     0.694     0.997     1.266     1.399     1.671     1.992     5.038
 241.000    199990         0    200005           0.264     0.679     0.949     1.241     1.376     1.649     1.963     2.736
 242.000    200021         0    200028           0.244     0.653     0.898     1.210     1.346     1.618     1.920     2.761
 243.000    199985         0    199982           0.256     0.652     0.888     1.201     1.329     1.578     1.898     2.939
 244.000    200023         0    200006           0.247     0.678     0.963     1.258     1.398     1.672     2.103     5.022
 245.000    199994         0    200011           0.250     0.665     0.932     1.230     1.359     1.611     1.922     3.391
 246.000    200003         0    199983           0.266     0.678     0.953     1.243     1.373     1.645     1.972     2.894
 247.000    199987         0    199996           0.225     0.693     1.020     1.272     1.398     1.654     1.982     3.697
 248.000    199983         0    199995           0.245     0.679     0.961     1.241     1.366     1.618     1.965     5.423
 249.000    200014         0    200008           0.245     0.664     0.913     1.220     1.353     1.629     1.957     2.666
 250.000    200005         0    199997           0.235     0.667     0.933     1.231     1.360     1.619     1.923     2.501
 251.000    200001         0    200005           0.255     0.660     0.898     1.201     1.329     1.574     1.885     2.458
 252.000    200021         0    199999           0.252     0.668     0.934     1.235     1.363     1.605     1.889     2.335
 253.001    199993         0    200011           0.253     0.648     0.874     1.188     1.323     1.573     1.884     4.710
 254.000    199972         0    199979           0.258     0.664     0.926     1.223     1.351     1.598     1.929     4.143
 255.000    200024         0    200008           0.241     0.675     0.950     1.247     1.384     1.665     1.997     2.957
 256.000    199996         0    200012           0.253     0.648     0.878     1.195     1.330     1.592     1.893     2.671
 257.000    200000         0    200009           0.254     0.693     0.996     1.258     1.386     1.649     1.955     2.648
 258.000    199987         0    199968           0.261     0.688     0.976     1.260     1.391     1.660     2.093     6.197
 259.000    200030         0    200026           0.254     0.673     0.931     1.234     1.374     1.655     1.968     2.474
 260.000    199962         0    199975           0.247     0.680     0.939     1.229     1.361     1.624     1.951     3.148
 261.000    200024         0    200014           0.247     0.685     0.957     1.243     1.376     1.642     1.937     2.898
 262.000    199982         0    199993           0.241     0.694     0.975     1.251     1.382     1.641     1.977     3.690
 263.000    200012         0    200008           0.247     0.673     0.922     1.218     1.351     1.609     1.945     4.018
 264.000    200016         0    200002           0.247     0.688     0.929     1.228     1.365     1.637     1.987     2.732
 265.000    199972         0    199986           0.248     0.679     0.940     1.232     1.362     1.619     1.953     3.502
 266.000    199988         0    199999           0.261     0.682     0.960     1.248     1.381     1.646     1.959     2.474
 267.000    200036         0    200023           0.239     0.659     0.886     1.195     1.329     1.584     1.923     3.287
 268.000    200013         0    200019           0.241     0.668     0.918     1.225     1.361     1.632     1.966     3.271
 269.000    199990         0    199982           0.253     0.724     1.051     1.315     1.458     1.740     2.120     3.281
 270.000    199988         0    199956           0.249     0.690     0.985     1.266     1.403     1.699     2.118     8.864
 271.000    199990         0    200039           0.264     0.687     0.966     1.262     1.402     1.678     2.043     5.165
 272.000    200014         0    200002           0.244     0.672     0.933     1.230     1.366     1.636     1.948     2.587
 273.000    200018         0    200008           0.257     0.660     0.890     1.211     1.356     1.635     1.972     2.933
 274.000    199976         0    199976           0.262     0.672     0.922     1.219     1.347     1.606     1.939     2.750
 275.000    199962         0    199977           0.260     0.671     0.924     1.228     1.361     1.624     1.946     3.549
 276.000    200055         0    200047           0.247     0.681     0.933     1.238     1.377     1.656     1.998     3.027
 277.000    199978         0    199980           0.237     0.678     0.927     1.242     1.388     1.674     2.011     2.613
 278.000    200013         0    200012           0.239     0.676     0.928     1.230     1.365     1.633     1.963     2.671
 279.000    199992         0    199998           0.261     0.662     0.897     1.214     1.357     1.639     1.987     3.371
 280.000    200012         0    200018           0.242     0.697     0.997     1.283     1.426     1.718     2.187     5.693
 281.000    199963         0    199951           0.264     0.685     0.937     1.246     1.393     1.689     2.074     2.849
 282.000    200044         0    200041           0.250     0.691     0.979     1.277     1.427     1.722     2.062     3.064
 283.000    200011         0    200001           0.248     0.658     0.901     1.210     1.346     1.617     1.925     2.597
 284.000    199983         0    199991           0.254     0.658     0.898     1.225     1.370     1.652     1.961     2.564
 285.000    199980         0    199990           0.252     0.664     0.914     1.224     1.362     1.636     1.970     2.613
 286.000    200008         0    200001           0.242     0.673     0.925     1.232     1.368     1.640     1.963     3.768
 287.000    199977         0    199983           0.255     0.684     0.960     1.244     1.375     1.649     2.014     3.764
 288.000    200042         0    200028           0.239     0.692     0.981     1.262     1.398     1.671     2.049     5.931
 289.000    199982         0    199972           0.236     0.701     0.963     1.260     1.405     1.694     2.144     4.305
 290.000    200012         0    200036           0.250     0.685     0.949     1.251     1.395     1.697     2.200     4.850
 291.000    199956         0    199960           0.255     0.669     0.907     1.214     1.352     1.618     1.922     2.789
 292.000    200027         0    200026           0.256     0.691     0.950     1.252     1.397     1.669     2.041     2.892
 293.000    200019         0    200013           0.244     0.689     0.949     1.245     1.388     1.667     2.048     2.953
 294.000    199974         0    199980           0.241     0.688     0.969     1.255     1.389     1.667     2.159     4.669
 295.000    200021         0    200008           0.252     0.680     0.945     1.237     1.376     1.662     2.074     3.525
 296.000    199955         0    199973           0.234     0.693     0.986     1.278     1.419     1.687     2.049     3.410
 297.000    200036         0    200026           0.262     0.698     0.969     1.264     1.408     1.699     2.175     3.815
 298.000    200000         0    200000           0.257     0.697     0.970     1.265     1.414     1.700     2.057     4.215
 299.000    199993         0    199990           0.257     0.709     1.008     1.282     1.421     1.703     2.173     4.530
 300.000    200018         0    200026           0.242     0.659     0.881     1.193     1.330     1.585     1.908     3.271
 301.000    199958         0    199929           0.248     0.711     1.021     1.292     1.435     1.731     2.308     4.952
 302.000    200026         0    200051           0.255     0.692     0.961     1.254     1.395     1.675     2.094     4.379
 303.000    199994         0    200000           0.260     0.716     1.015     1.303     1.451     1.745     2.243     9.273
 304.000    200010         0    200004           0.252     0.701     1.004     1.282     1.426     1.714     2.150     5.423
 305.000    199988         0    199988           0.251     0.700     1.015     1.289     1.428     1.707     2.070     3.181
 306.000    200011         0    200012           0.251     0.676     0.931     1.237     1.374     1.642     1.948     3.600
 307.000    200027         0    200013           0.257     0.686     0.942     1.241     1.382     1.661     2.019     3.355
 308.000    199979         0    199972           0.262     0.686     0.937     1.235     1.376     1.650     2.022     3.076
 309.000    200004         0    200022           0.255     0.721     1.039     1.300     1.438     1.721     2.118     3.594
 310.000    199982         0    199982           0.250     0.682     0.934     1.229     1.363     1.638     2.047     3.811
 311.000    199996         0    200005           0.246     0.681     0.975     1.265     1.403     1.678     2.004     2.808
 312.000    200013         0    199998           0.252     0.676     0.950     1.244     1.379     1.660     1.997     2.961
 313.001    199994         0    200009           0.247     0.656     0.893     1.227     1.383     1.686     2.006     3.383
 314.000    200006         0    199996           0.248     0.664     0.909     1.218     1.354     1.626     1.954     2.558
 315.000    199995         0    199989           0.252     0.670     0.916     1.237     1.390     1.676     2.021     3.668
 316.000    200004         0    200011           0.256     0.681     0.947     1.255     1.406     1.707     2.124     3.195
 317.000    199997         0    199991           0.255     0.671     0.919     1.237     1.386     1.656     2.025     4.469
 318.000    200006         0    199986           0.256     0.672     0.933     1.239     1.371     1.629     1.954     2.705
 319.000    200003         0    200015           0.249     0.703     1.006     1.288     1.433     1.715     2.120     7.512
 320.000    200003         0    200018           0.249     0.671     0.916     1.231     1.376     1.658     1.995     3.721
 321.000    200007         0    200014           0.251     0.706     0.977     1.260     1.400     1.689     2.120     4.289
 322.000    199968         0    199961           0.256     0.719     1.006     1.287     1.432     1.721     2.169     4.968
 323.000    199992         0    199997           0.233     0.713     0.993     1.283     1.430     1.713     2.171     3.682
 324.000    200057         0    200040           0.257     0.713     0.990     1.280     1.427     1.721     2.171     3.404
 325.000    199952         0    199971           0.245     0.695     0.958     1.245     1.380     1.653     2.128     8.331
 326.000    200015         0    200009           0.237     0.677     0.941     1.240     1.381     1.653     1.965     3.557
 327.000    200018         0    199998           0.257     0.688     0.951     1.242     1.378     1.652     2.105     3.375
 328.000    199986         0    199982           0.256     0.734     1.046     1.316     1.464     1.765     2.200     4.706
 329.000    200011         0    200022           0.250     0.698     0.977     1.263     1.403     1.684     2.101     3.600
 330.000    199988         0    199969           0.246     0.713     0.992     1.270     1.412     1.702     2.140     3.885
 331.000    199992         0    200014           0.246     0.707     0.990     1.275     1.418     1.695     2.082     3.715
 332.000    200001         0    200008           0.263     0.694     0.966     1.267     1.421     1.894     6.377    12.952
 333.000    200005         0    199994           0.242     0.727     1.036     1.309     1.456     1.750     2.183     3.930
 334.000    199991         0    199994           0.253     0.707     1.000     1.275     1.411     1.681     2.031     2.812
 335.000    200007         0    200016           0.235     0.709     1.017     1.277     1.409     1.676     1.976     2.685
 336.000    200001         0    200004           0.242     0.672     0.923     1.238     1.383     1.670     2.001     2.836
 337.000    199976         0    199937           0.256     0.696     0.982     1.255     1.389     1.666     2.074     3.746
 338.000    200039         0    200074           0.254     0.693     0.964     1.265     1.405     1.669     2.008     2.996
 339.000    199968         0    199964           0.233     0.683     0.939     1.248     1.396     1.680     2.028     2.902
 340.000    200015         0    200017           0.240     0.701     0.999     1.274     1.409     1.688     2.044     2.904
 341.000    199985         0    199993           0.260     0.702     1.005     1.279     1.418     1.693     2.032     2.687
 342.000    200022         0    200029           0.257     0.702     1.005     1.277     1.414     1.679     2.030     3.566
 343.000    199999         0    199978           0.246     0.698     0.994     1.288     1.438     1.714     2.037     2.595
 344.000    199972         0    199984           0.259     0.693     0.978     1.268     1.410     1.699     2.086     3.383
 345.000    200016         0    200012           0.265     0.714     1.018     1.288     1.425     1.700     2.165     6.762
 346.000    199999         0    200007           0.244     0.696     0.981     1.277     1.411     1.681     2.035     3.707
 347.000    200031         0    200008           0.253     0.683     0.955     1.244     1.377     1.649     1.995     2.710
 348.000    199963         0    199989           0.260     0.672     0.924     1.220     1.351     1.611     1.935     2.902
 349.000    199977         0    199967           0.248     0.685     0.949     1.265     1.419     1.712     2.049     3.101
 350.000    200041         0    200050           0.261     0.714     1.034     1.300     1.441     1.717     2.095     2.759
 351.000    199984         0    199990           0.247     0.682     0.962     1.248     1.384     1.656     1.968     3.549
 352.000    200006         0    199998           0.250     0.665     0.904     1.217     1.357     1.639     2.003     4.579
 353.000    200010         0    199996           0.246     0.678     0.950     1.245     1.383     1.657     2.009     4.317
 354.000    200001         0    200010           0.245     0.664     0.903     1.220     1.361     1.635     1.975     3.686
 355.000    200011         0    199998           0.258     0.671     0.920     1.222     1.355     1.610     1.933     3.457
 356.000    199990         0    200010           0.263     0.696     0.994     1.273     1.413     1.686     2.077     5.034
 357.000    199985         0    199984           0.252     0.679     0.937     1.236     1.374     1.645     1.962     3.201
 358.000    200017         0    200009           0.250     0.681     0.943     1.229     1.360     1.615     1.934     2.859
 359.000    199982         0    199996           0.242     0.685     0.964     1.254     1.400     1.691     2.063     4.846
 360.000    200010         0    200003           0.258     0.682     0.954     1.253     1.393     1.667     1.979     2.519
 361.000    199985         0    199986           0.236     0.677     0.950     1.245     1.385     1.665     1.998     3.703
 362.000    200009         0    200013           0.239     0.669     0.917     1.225     1.364     1.638     2.062     4.526
 363.000    200004         0    199993           0.265     0.692     0.961     1.251     1.390     1.674     2.101     5.431
 364.000    200024         0    200006           0.250     0.654     0.879     1.192     1.327     1.586     1.938     2.791
 365.000    199987         0    200003           0.248     0.673     0.923     1.221     1.356     1.621     1.960     4.174
 366.000    200000         0    200002           0.239     0.670     0.907     1.222     1.367     1.661     2.111     6.676
 367.000    200003         0    199997           0.238     0.677     0.925     1.231     1.365     1.615     1.925     2.494
 368.000    200028         0    200023           0.255     0.667     0.894     1.202     1.332     1.581     1.908     2.390
 369.000    199973         0    199975           0.247     0.669     0.923     1.226     1.361     1.614     1.918     3.160
 370.000    199985         0    200000           0.259     0.663     0.901     1.208     1.339     1.592     2.005     5.165
 371.000    199995         0    199994           0.253     0.675     0.929     1.232     1.364     1.621     1.938     2.951
 372.000    200027         0    200020           0.243     0.666     0.926     1.237     1.375     1.654     1.965     2.736
 373.000    199975         0    199977           0.250     0.657     0.897     1.218     1.358     1.626     1.927     2.783
 374.000    199985         0    199999           0.244     0.674     0.933     1.229     1.360     1.622     1.993     2.818
 375.000    200015         0    200007           0.261     0.648     0.870     1.192     1.330     1.597     1.901     2.628
 376.000    200022         0    200016           0.242     0.680     0.950     1.258     1.404     1.693     2.033     3.103
 377.000    199989         0    199984           0.247     0.667     0.912     1.232     1.381     1.669     1.983     2.836
 378.000    200023         0    200032           0.245     0.689     0.973     1.266     1.411     1.700     2.031     3.518
 379.000    199964         0    199961           0.255     0.670     0.911     1.218     1.359     1.641     1.967     2.822
 380.000    200007         0    200012           0.245     0.668     0.933     1.228     1.355     1.601     1.897     2.824
 381.000    199999         0    200001           0.246     0.669     0.932     1.234     1.369     1.648     1.961     2.537
 382.000    199996         0    200001           0.244     0.657     0.888     1.207     1.345     1.616     1.957     3.348
 383.000    200010         0    199999           0.238     0.677     0.939     1.254     1.400     1.683     2.039     2.992
 384.000    199985         0    199988           0.233     0.679     0.937     1.238     1.375     1.664     2.059     4.350
 385.000    200016         0    200013           0.250     0.676     0.956     1.247     1.390     1.682     2.034     2.757
 386.000    199986         0    199998           0.252     0.682     0.948     1.258     1.411     1.711     2.075     2.879
 387.000    200000         0    199979           0.252     0.676     0.923     1.230     1.367     1.645     1.998     4.878
 388.001    199995         0    200005           0.248     0.683     0.954     1.246     1.381     1.660     1.994     2.974
 389.000    200029         0    200025           0.272     0.674     0.931     1.231     1.366     1.645     2.004     4.362
 390.000    200002         0    200000           0.267     0.688     0.986     1.277     1.420     1.699     2.017     2.681
 391.000    200000         0    199995           0.245     0.677     0.953     1.246     1.388     1.668     2.012     2.574
 392.000    199962         0    199972           0.250     0.680     0.945     1.236     1.367     1.624     1.949     2.601
 393.000    200018         0    200014           0.231     0.665     0.891     1.199     1.331     1.574     1.883     2.554
 394.000    200036         0    200028           0.219     0.682     0.959     1.239     1.364     1.620     1.934     2.546
 395.000    199980         0    200003           0.257     0.675     0.946     1.235     1.365     1.645     1.991     2.671
 396.000    199992         0    199977           0.251     0.665     0.908     1.211     1.346     1.610     1.936     3.279
 397.000    200015         0    199996           0.232     0.661     0.920     1.233     1.373     1.658     1.986     2.546
 398.000    199987         0    200007           0.237     0.662     0.921     1.238     1.378     1.657     1.995     3.160
 399.000    199994         0    199997           0.259     0.684     0.987     1.250     1.375     1.633     1.930     2.447
 400.000    200011         0    200012           0.248     0.680     0.922     1.231     1.373     1.661     2.066     6.009
 401.000    200002         0    199998           0.249     0.666     0.914     1.218     1.348     1.607     1.925     2.632
 402.000    199962         0    199967           0.254     0.688     0.968     1.257     1.403     1.802     6.504    13.033
 403.000    200027         0    200030           0.231     0.635     0.850     1.186     1.332     1.634     1.961     2.451
 404.000    200006         0    199995           0.250     0.654     0.908     1.225     1.363     1.652     1.993     3.170
 405.000    200010         0    200015           0.236     0.658     0.891     1.217     1.360     1.655     2.051     4.436
 406.000    199988         0    199997           0.234     0.652     0.900     1.217     1.348     1.625     1.950     2.533
 407.000    200025         0    200007           0.257     0.658     0.902     1.212     1.343     1.591     1.944     3.074
 408.000    199960         0    199975           0.243     0.650     0.880     1.200     1.335     1.592     1.947     6.840
 409.000    200005         0    200008           0.240     0.658     0.892     1.208     1.346     1.614     1.946     2.535
 410.000    199994         0    199989           0.245     0.675     0.948     1.238     1.371     1.654     1.976     2.771
 411.000    200017         0    200010           0.245     0.674     0.950     1.242     1.373     1.648     1.964     2.966
 412.000    199975         0    199987           0.240     0.668     0.925     1.226     1.353     1.601     1.914     2.570
 413.000    200029         0    200022           0.256     0.653     0.884     1.203     1.345     1.624     1.970     4.194
 414.000    199975         0    199983           0.236     0.653     0.894     1.219     1.358     1.636     1.971     2.841
 415.000    200030         0    200023           0.220     0.680     0.973     1.263     1.401     1.680     1.974     2.527
 416.000    199983         0    199977           0.251     0.654     0.886     1.203     1.339     1.603     1.964     3.402
 417.000    200016         0    200020           0.255     0.671     0.948     1.237     1.367     1.623     1.922     3.045
 418.001    199998         0    199967           0.212     0.669     0.934     1.239     1.378     1.674     1.996     3.273
 419.000    199967         0    200003           0.245     0.665     0.913     1.208     1.335     1.591     1.952     3.820
 420.000    200036         0    200025           0.250     0.657     0.896     1.210     1.339     1.591     1.911     3.211
 421.000    200003         0    200007           0.236     0.648     0.885     1.209     1.343     1.613     1.931     3.379
 422.000    199990         0    199987           0.252     0.649     0.874     1.195     1.334     1.617     1.949     2.476
 423.001    200015         0    200005           0.242     0.670     0.909     1.211     1.345     1.613     2.014     3.187
 424.000    199981         0    199997           0.258     0.693     1.007     1.270     1.401     1.671     1.979     3.414
 425.000    200028         0    200022           0.238     0.658     0.908     1.217     1.352     1.616     1.926     2.550
 426.000    199987         0    199973           0.233     0.672     0.954     1.243     1.372     1.637     1.967     4.106
 427.000    199968         0    199991           0.247     0.678     0.958     1.280     1.441     1.785     3.291     4.870
 428.000    199996         0    199995           0.255     0.674     0.926     1.226     1.361     1.634     1.982     3.113
 429.000    200013         0    200014           0.257     0.673     0.916     1.229     1.370     1.650     1.983     2.818
 430.000    200000         0    199992           0.250     0.668     0.914     1.231     1.374     1.670     2.072     6.717
 431.000    199984         0    199989           0.257     0.676     0.920     1.226     1.368     1.660     1.993     2.884
 432.000    199995         0    200004           0.243     0.675     0.921     1.224     1.362     1.638     2.004     4.563
 433.000    200061         0    200033           0.231     0.668     0.913     1.222     1.362     1.636     1.987     2.666
 434.000    199975         0    199996           0.261     0.669     0.924     1.228     1.357     1.613     1.926     2.537
 435.000    200021         0    200017           0.243     0.659     0.913     1.222     1.354     1.615     1.929     2.630
 436.000    199966         0    199976           0.247     0.651     0.870     1.196     1.332     1.594     1.893     2.546
 437.000    200009         0    199991           0.234     0.653     0.900     1.211     1.347     1.618     1.918     2.331
 438.000    200003         0    200010           0.246     0.651     0.895     1.209     1.343     1.627     1.945     2.398
 439.000    199970         0    199970           0.236     0.642     0.851     1.167     1.298     1.544     1.836     2.388
 440.000    200031         0    200039           0.238     0.660     0.908     1.208     1.335     1.593     1.900     3.473
 441.000    199991         0    199985           0.243     0.653     0.888     1.202     1.336     1.599     1.931     2.857
 442.000    200007         0    199996           0.246     0.647     0.859     1.172     1.309     1.576     1.898     2.482
 443.000    199991         0    199994           0.259     0.668     0.907     1.209     1.338     1.598     1.912     2.529
 444.000    200017         0    200026           0.252     0.659     0.925     1.230     1.363     1.632     1.951     2.576
 445.000    199988         0    199982           0.250     0.652     0.910     1.213     1.337     1.592     2.103     4.280
 446.000    200003         0    199998           0.253     0.660     0.911     1.230     1.363     1.626     1.938     2.802
 447.000    199989         0    200009           0.250     0.641     0.848     1.178     1.322     1.597     1.915     2.529
 448.000    199999         0    199980           0.262     0.653     0.870     1.182     1.316     1.562     1.877     2.513
 449.000    199994         0    200004           0.235     0.658     0.893     1.204     1.334     1.592     1.912     2.804
 450.000    200018         0    200007           0.252     0.645     0.846     1.159     1.294     1.548     1.882     3.441
 451.000    200011         0    200018           0.233     0.642     0.839     1.154     1.297     1.553     1.874     2.669
 452.000    200016         0    200001           0.246     0.652     0.875     1.196     1.331     1.581     1.882     2.613
 453.000    199971         0    199993           0.252     0.657     0.889     1.212     1.351     1.622     1.933     2.736
 454.000    199993         0    199990           0.245     0.652     0.880     1.193     1.325     1.589     1.935     7.610
 455.000    200012         0    200000           0.255     0.662     0.903     1.214     1.350     1.614     1.931     2.990
 456.000    200007         0    200011           0.244     0.643     0.858     1.176     1.310     1.566     1.886     2.343
 457.000    199990         0    199983           0.251     0.639     0.840     1.172     1.326     1.619     1.960     2.591
 458.000    199962         0    199981           0.253     0.649     0.874     1.200     1.345     1.633     1.982     2.941
 459.000    200028         0    200021           0.244     0.649     0.866     1.187     1.325     1.594     1.948     3.535
 460.000    199994         0    200001           0.243     0.644     0.844     1.163     1.302     1.562     1.910     2.789
 461.000    200018         0    200020           0.241     0.641     0.846     1.163     1.296     1.538     1.830     2.372
 462.000    200010         0    200012           0.247     0.642     0.855     1.184     1.321     1.573     1.901     2.646
 463.000    199997         0    199988           0.242     0.650     0.866     1.177     1.314     1.562     1.875     2.978
 464.001    200019         0    200017           0.241     0.660     0.907     1.222     1.360     1.639     1.959     2.753
 465.000    199974         0    199968           0.244     0.651     0.870     1.182     1.317     1.582     2.101     8.196
 466.000    199977         0    199979           0.233     0.642     0.837     1.148     1.295     1.571     1.903     2.814
 467.000    200045         0    200024           0.254     0.676     0.925     1.229     1.362     1.627     1.992     2.826
 468.001    199985         0    200004           0.254     0.676     0.932     1.240     1.383     1.671     2.036     3.332
 469.000    200002         0    199980           0.249     0.660     0.890     1.208     1.343     1.608     1.951     3.414
 470.000    199995         0    200021           0.235     0.650     0.873     1.200     1.335     1.587     1.903     2.464
 471.000    199998         0    199998           0.250     0.685     0.969     1.250     1.386     1.665     1.987     3.246
 472.000    200012         0    200003           0.260     0.665     0.915     1.219     1.349     1.607     1.952     3.709
 473.000    199962         0    199972           0.247     0.666     0.913     1.224     1.358     1.629     1.944     2.748
 474.000    200005         0    200003           0.252     0.674     0.931     1.246     1.394     1.691     2.095     3.461
 475.000    200001         0    200005           0.247     0.671     0.931     1.236     1.370     1.640     1.983     3.873
 476.000    199988         0    199970           0.238     0.652     0.885     1.199     1.327     1.587     1.944     3.424
 477.000    200025         0    200040           0.252     0.679     0.943     1.236     1.364     1.622     1.995     3.396
 478.000    200018         0    200012           0.250     0.677     0.952     1.235     1.357     1.592     1.889     3.086
 479.000    199988         0    200001           0.241     0.666     0.897     1.208     1.345     1.614     2.000     3.551
 480.000    199986         0    199978           0.244     0.648     0.871     1.191     1.326     1.602     1.956     4.502
 481.000    200023         0    200022           0.223     0.659     0.903     1.209     1.337     1.585     1.882     2.472
 482.000    200001         0    199986           0.254     0.670     0.914     1.214     1.349     1.606     1.926     3.506
 483.000    199975         0    199986           0.242     0.667     0.904     1.211     1.347     1.599     1.935     2.497
 484.000    200029         0    200027           0.241     0.645     0.861     1.175     1.309     1.556     1.866     3.387
 485.000    199986         0    199996           0.255     0.658     0.861     1.170     1.315     1.591     2.055     5.009
 486.000    199989         0    199992           0.242     0.646     0.845     1.158     1.295     1.548     1.882     3.213
 487.000    199993         0    199996           0.260     0.650     0.872     1.197     1.335     1.592     1.904     2.849
 488.000    199990         0    199981           0.250     0.665     0.904     1.214     1.345     1.603     1.967     3.414
 489.000    200018         0    200016           0.247     0.679     0.938     1.236     1.364     1.617     1.967     3.600
 490.000    200014         0    200018           0.256     0.669     0.914     1.226     1.364     1.644     1.990     3.373
 491.000    199989         0    199993           0.235     0.674     0.924     1.232     1.367     1.633     2.005     3.219
 492.000    200000         0    199963           0.234     0.682     0.954     1.247     1.379     1.660     2.097     3.961
 493.000    199993         0    200031           0.248     0.679     0.943     1.225     1.354     1.602     1.926     2.802
 494.000    200006         0    199984           0.242     0.681     0.954     1.248     1.385     1.679     2.020     2.804
 495.000    199987         0    200003           0.227     0.678     0.955     1.250     1.382     1.655     1.959     2.482
 496.000    200010         0    199995           0.255     0.671     0.920     1.222     1.354     1.629     2.051     4.104
 497.000    199995         0    200018           0.249     0.682     0.944     1.245     1.382     1.675     2.173     8.544
 498.000    200025         0    200027           0.250     0.669     0.913     1.211     1.342     1.603     1.924     2.742
 499.000    199981         0    199973           0.246     0.667     0.906     1.217     1.355     1.623     1.963     2.828
 500.000    199979         0    199986           0.259     0.693     0.984     1.264     1.400     1.696     2.065     4.514
 501.000    199989         0    199981           0.257     0.691     0.975     1.270     1.418     1.809     5.087    10.871
 502.000    200022         0    200026           0.252     0.689     0.987     1.253     1.380     1.660     2.025     4.264
 503.000    200015         0    199996           0.253     0.680     0.945     1.243     1.375     1.644     2.002     3.389
 504.000    200001         0    200017           0.237     0.674     0.929     1.240     1.388     1.700     2.093     2.953
 505.000    199983         0    199985           0.250     0.682     0.964     1.254     1.386     1.667     2.019     4.940
 506.000    199990         0    199993           0.251     0.690     0.991     1.255     1.382     1.649     1.955     2.710
 507.000    200015         0    200016           0.246     0.693     1.004     1.270     1.402     1.674     1.990     2.951
 508.000    200011         0    200005           0.258     0.677     0.942     1.242     1.375     1.654     2.034     4.016
 509.000    199994         0    199966           0.258     0.686     1.000     1.284     1.430     1.717     2.052     5.272
 510.000    199995         0    200000           0.255     0.690     0.994     1.262     1.392     1.679     2.096     7.188
 511.000    199970         0    199992           0.241     0.681     0.961     1.245     1.374     1.642     1.992     2.562
 512.000    200055         0    200038           0.234     0.706     1.020     1.292     1.428     1.705     2.059     3.027
 513.000    199972         0    200002           0.247     0.698     1.012     1.288     1.425     1.696     2.029     3.422
 514.000    199994         0    199974           0.250     0.701     1.027     1.292     1.425     1.678     1.976     2.589
 515.000    200008         0    200014           0.251     0.698     1.012     1.289     1.428     1.703     2.057     3.512
 516.000    200009         0    200003           0.249     0.726     1.057     1.324     1.469     1.764     2.232     5.960
 517.000    199970         0    199979           0.251     0.691     0.993     1.289     1.441     1.758     2.163     6.103
 518.000    200018         0    200021           0.247     0.710     1.035     1.294     1.427     1.711     2.082     3.213
 519.000    199998         0    199979           0.239     0.716     1.038     1.295     1.433     1.743     2.292     5.501
 520.000    200003         0    200020           0.250     0.710     1.041     1.306     1.453     1.756     2.154     3.527
 521.000    199980         0    199980           0.257     0.726     1.058     1.320     1.466     1.768     2.292     5.313
 522.000    200018         0    200000           0.248     0.698     1.027     1.292     1.434     1.719     2.116     4.088
 523.001    200006         0    200019           0.234     0.697     1.017     1.288     1.426     1.710     2.034     3.283
 524.000    200005         0    200016           0.253     0.699     1.019     1.279     1.415     1.716     2.048     2.867
 525.000    199998         0    199991           0.247     0.698     1.022     1.283     1.416     1.708     2.039     2.750
 526.000    200006         0    199992           0.244     0.685     0.995     1.272     1.402     1.679     2.018     2.800
 527.000    199977         0    199992           0.234     0.698     1.037     1.294     1.449     1.742     2.066     2.796
 528.000    200027         0    200003           0.237     0.723     1.058     1.310     1.453     1.764     2.222     4.563
 529.000    199990         0    200007           0.249     0.687     0.984     1.268     1.407     1.700     2.049     3.916
 530.000    200003         0    199997           0.238     0.676     0.968     1.257     1.396     1.677     1.997     2.879
 531.000    200005         0    200020           0.230     0.670     0.927     1.222     1.352     1.617     1.983     5.067
 532.000    199998         0    199997           0.243     0.680     0.970     1.252     1.392     1.678     1.975     2.556
 533.000    199983         0    199989           0.251     0.684     0.963     1.253     1.392     1.677     1.990     3.731
 534.000    200014         0    200003           0.251     0.664     0.919     1.225     1.362     1.662     1.997     2.675
 535.000    199992         0    199995           0.248     0.690     0.991     1.262     1.395     1.684     2.045     3.181
 536.000    200007         0    200013           0.261     0.680     0.974     1.270     1.414     1.713     2.060     3.387
 537.000    200019         0    200006           0.268     0.655     0.890     1.202     1.336     1.609     1.948     3.889
 538.000    199975         0    199983           0.239     0.690     0.996     1.264     1.400     1.690     2.023     2.591
 539.000    199993         0    199980           0.226     0.670     0.950     1.240     1.371     1.657     1.999     3.379
 540.000    199993         0    199989           0.239     0.681     0.945     1.245     1.388     1.672     2.020     3.588
 541.000    200018         0    200036           0.256     0.687     0.961     1.261     1.402     1.686     2.036     3.568
 542.000    200008         0    200005           0.248     0.663     0.936     1.230     1.361     1.639     1.967     2.683
 543.000    199999         0    200000           0.246     0.684     0.965     1.255     1.395     1.677     1.998     2.830
 544.000    200022         0    200011           0.259     0.670     0.929     1.225     1.352     1.619     1.955     2.560
 545.000    199973         0    199991           0.251     0.658     0.887     1.196     1.332     1.610     1.952     2.599
 546.000    200021         0    200016           0.247     0.660     0.895     1.206     1.340     1.621     1.948     3.508
 547.000    199992         0    199976           0.238     0.688     0.949     1.247     1.392     1.694     2.341     4.817
 548.000    200006         0    200014           0.243     0.668     0.914     1.225     1.359     1.625     1.930     2.740
 549.000    200033         0    200000           0.242     0.657     0.893     1.201     1.325     1.570     1.896     2.818
 550.000    199890         0    199933           0.243     0.657     0.885     1.193     1.323     1.592     2.114     4.053
 551.000    200031         0    200027           0.231     0.684     0.942     1.241     1.379     1.679     2.136     4.944
 552.000    200018         0    200017           0.257     0.679     0.943     1.258     1.422     1.745     2.175     5.145
 553.000    200021         0    200022           0.254     0.689     0.986     1.289     1.437     1.713     2.022     3.203
 554.000    199962         0    199966           0.250     0.675     0.926     1.230     1.372     1.661     2.001     3.033
 555.000    200024         0    200020           0.245     0.656     0.897     1.213     1.348     1.621     1.949     2.609
 556.000    200016         0    200007           0.243     0.667     0.910     1.218     1.356     1.632     1.970     2.744
 557.000    200005         0    200015           0.262     0.684     0.980     1.273     1.414     1.712     2.043     3.113
 558.000    199983         0    199981           0.244     0.649     0.879     1.197     1.334     1.606     1.937     2.660
 559.000    199983         0    199973           0.248     0.660     0.915     1.248     1.407     1.698     2.007     2.832
 560.000    200006         0    200010           0.250     0.665     0.901     1.214     1.357     1.641     1.971     3.072
 561.000    199993         0    199992           0.252     0.689     0.985     1.273     1.416     1.701     2.035     3.750
 562.000    200017         0    200016           0.245     0.686     0.939     1.265     1.435     1.745     2.109     3.219
 563.000    200005         0    200010           0.240     0.675     0.936     1.243     1.388     1.686     2.032     2.746
 564.000    199975         0    199972           0.252     0.703     1.001     1.274     1.413     1.704     2.066     2.849
 565.000    200042         0    200036           0.243     0.700     0.991     1.282     1.426     1.710     2.054     4.829
 566.000    199996         0    199993           0.258     0.682     0.936     1.240     1.379     1.664     2.056     4.338
 567.001    199994         0    199994           0.242     0.688     0.948     1.247     1.395     1.703     2.185     6.353
 568.000    199967         0    199980           0.247     0.688     0.992     1.274     1.416     1.705     2.005     3.027
 569.000    199993         0    200002           0.247     0.674     0.938     1.242     1.380     1.670     2.034     3.234
 570.000    200038         0    200032           0.250     0.659     0.896     1.208     1.343     1.613     1.956     3.271
 571.000    199981         0    199980           0.229     0.671     0.929     1.220     1.347     1.605     1.901     2.521
 572.000    199994         0    199992           0.253     0.675     0.940     1.253     1.408     1.704     2.017     3.273
 573.000    200019         0    200020           0.251     0.658     0.905     1.221     1.358     1.630     1.944     2.806
 574.000    199979         0    199980           0.240     0.649     0.882     1.220     1.376     1.676     1.987     2.765
 575.000    200004         0    200002           0.249     0.667     0.951     1.270     1.430     1.721     1.998     2.617
 576.000    200020         0    200014           0.253     0.672     0.943     1.250     1.398     1.700     2.088    10.551
 577.000    199988         0    199997           0.253     0.657     0.907     1.228     1.367     1.668     1.957     2.642
 578.000    200004         0    199996           0.252     0.659     0.911     1.219     1.356     1.641     1.962     2.812
 579.000    200033         0    200027           0.252     0.668     0.927     1.231     1.362     1.635     1.940     2.527
 580.000    199947         0    199959           0.244     0.672     0.929     1.238     1.378     1.663     1.977     3.867
 581.000    200028         0    200034           0.236     0.682     0.990     1.281     1.439     1.746     2.068     2.935
 582.000    199977         0    199979           0.247     0.667     0.941     1.253     1.402     1.710     2.037     2.691
 583.000    200003         0    199984           0.254     0.674     0.940     1.254     1.407     1.715     2.049     3.738
 584.000    200020         0    200036           0.244     0.696     0.997     1.307     1.473     1.776     2.114     2.746
 585.000    200001         0    199980           0.256     0.697     0.996     1.278     1.416     1.709     2.161     4.522
 586.000    199977         0    199999           0.244     0.665     0.909     1.208     1.339     1.606     1.954     2.599
 587.000    200025         0    200023           0.251     0.679     0.936     1.234     1.373     1.662     2.031     3.301
 588.000    199985         0    199986           0.244     0.680     0.943     1.238     1.373     1.653     2.019     3.926
 589.000    199981         0    199983           0.235     0.660     0.893     1.212     1.351     1.626     1.969     3.252
 590.000    200002         0    199988           0.258     0.690     1.000     1.257     1.390     1.688     2.028     2.990
 591.000    200004         0    200022           0.249     0.677     0.963     1.238     1.366     1.639     1.949     3.088
 592.000    200010         0    199998           0.226     0.682     0.972     1.282     1.443     1.758     2.078     3.041
 593.000    199970         0    199972           0.243     0.695     0.972     1.261     1.400     1.688     2.089     3.688
 594.000    200023         0    200014           0.261     0.671     0.933     1.233     1.365     1.642     1.954     2.480
 595.001    200022         0    200024           0.239     0.663     0.917     1.228     1.367     1.659     1.946     2.474
 596.000    199996         0    199986           0.244     0.663     0.930     1.258     1.419     1.740     2.722     5.059
 597.000    199968         0    199976           0.242     0.681     0.986     1.289     1.456     1.755     2.048     2.681
 598.000    200027         0    200042           0.242     0.698     1.031     1.323     1.498     1.792     2.124     2.769
 599.000    200013         0    199998           0.252     0.667     0.925     1.226     1.365     1.659     1.980     2.650
 600.000    200008         0    200008           0.249     0.675     0.964     1.242     1.371     1.649     1.966     2.648
 601.000    199963         0    199979           0.256     0.657     0.899     1.217     1.354     1.639     1.928     2.630
 602.000    199999         0    199985           0.251     0.660     0.913     1.229     1.372     1.671     1.957     2.597
 603.000    200029         0    200040           0.245     0.658     0.893     1.215     1.360     1.663     1.973     2.554
 604.000    199998         0    199986           0.252     0.663     0.929     1.234     1.374     1.681     2.018     2.695
 605.000    199988         0    199986           0.250     0.691     1.011     1.298     1.457     1.778     2.103     3.025
 606.000    200001         0    200015           0.259     0.681     0.968     1.260     1.400     1.695     2.053     2.875
 607.000    200009         0    200005           0.228     0.691     0.998     1.273     1.414     1.715     2.148     4.780
 608.000    199987         0    199996           0.255     0.688     0.986     1.293     1.458     1.772     2.075     2.984
 609.000    200013         0    199985           0.261     0.677     0.958     1.255     1.408     1.712     2.033     2.851
 610.000    199984         0    199993           0.268     0.698     1.017     1.298     1.450     1.761     2.120     4.653
 611.000    200002         0    200010           0.261     0.676     0.950     1.244     1.383     1.680     1.970     2.548
 612.000    200008         0    199999           0.242     0.700     1.002     1.278     1.417     1.725     2.067     2.699
 613.000    199977         0    199991           0.257     0.671     0.939     1.240     1.374     1.661     2.005     2.456
 614.000    199995         0    200000           0.241     0.677     0.964     1.260     1.406     1.720     2.157     3.576
 615.000    200040         0    200016           0.254     0.668     0.943     1.234     1.366     1.656     1.985     2.980
 616.000    199984         0    199991           0.247     0.706     1.054     1.306     1.451     1.744     2.051     2.515
 617.000    199987         0    199987           0.238     0.704     1.053     1.294     1.438     1.739     2.038     2.544
 618.000    200020         0    200023           0.242     0.679     0.975     1.258     1.400     1.707     2.032     2.580
 619.000    199970         0    199962           0.234     0.674     0.952     1.240     1.375     1.680     2.004     2.560
 620.000    200022         0    200042           0.241     0.691     0.996     1.257     1.384     1.662     1.998     2.544
 621.000    199998         0    199989           0.242     0.696     1.010     1.275     1.414     1.717     2.053     2.798
 622.000    199976         0    199979           0.256     0.688     0.994     1.272     1.406     1.709     2.167     7.512
 623.000    200052         0    200023           0.243     0.698     1.001     1.273     1.410     1.717     2.052     2.970
 624.000    199970         0    199999           0.260     0.695     0.998     1.274     1.411     1.713     2.124     2.810
 625.000    199985         0    199986           0.259     0.692     0.997     1.274     1.407     1.697     2.013     2.595
 626.000    200008         0    200019           0.250     0.700     1.014     1.278     1.413     1.717     2.200     4.342
 627.000    200039         0    200011           0.246     0.679     0.944     1.239     1.377     1.677     2.020     2.652
 628.000    199957         0    199968           0.247     0.687     0.968     1.250     1.379     1.640     1.980     2.873
 629.000    200004         0    200013           0.247     0.670     0.927     1.224     1.356     1.652     2.035     4.321
 630.000    199997         0    199984           0.253     0.706     1.036     1.295     1.440     1.742     2.055     2.902
 631.000    200019         0    200025           0.242     0.688     0.972     1.247     1.374     1.654     2.204     5.566
 632.000    199986         0    199990           0.253     0.688     0.974     1.258     1.398     1.689     2.018     3.019
 633.000    200012         0    200005           0.247     0.699     1.010     1.272     1.401     1.692     2.019     2.863
 634.000    200023         0    200012           0.261     0.673     0.970     1.245     1.372     1.654     1.989     2.814
 635.000    199972         0    199985           0.246     0.659     0.912     1.220     1.354     1.646     1.985     2.927
 636.000    200001         0    199998           0.251     0.682     0.969     1.242     1.369     1.629     1.928     2.634
 637.000    199987         0    199996           0.259     0.669     0.938     1.234     1.366     1.648     1.962     2.470
 638.000    200000         0    199989           0.246     0.669     0.926     1.227     1.359     1.627     1.923     2.478
 639.000    200028         0    200040           0.251     0.684     0.971     1.252     1.384     1.652     1.957     2.562
 640.000    199994         0    199984           0.254     0.658     0.900     1.210     1.342     1.620     1.931     2.777
 641.000    200009         0    200013           0.249     0.686     0.956     1.245     1.381     1.673     2.043     3.260
 642.000    200015         0    199987           0.235     0.686     0.971     1.253     1.385     1.662     2.014     3.490
 643.000    199964         0    199999           0.257     0.690     0.990     1.265     1.403     1.701     2.019     2.710
 644.000    199996         0    199996           0.248     0.688     0.962     1.253     1.396     1.693     2.023     2.744
 645.000    200017         0    200005           0.261     0.685     0.972     1.241     1.367     1.645     1.969     2.742
 646.000    199982         0    199994           0.251     0.685     0.969     1.255     1.393     1.689     2.016     2.744
 647.000    199998         0    199989           0.217     0.717     1.035     1.306     1.454     1.775     2.253     4.518
 648.000    200013         0    200005           0.260     0.707     1.016     1.272     1.407     1.701     2.047     3.209
 649.000    199990         0    200011           0.247     0.701     1.005     1.277     1.408     1.676     2.031     3.457
 650.000    200042         0    200005           0.259     0.703     1.024     1.279     1.417     1.713     2.061     2.732
 651.000    199998         0    200003           0.249     0.690     0.969     1.269     1.418     1.758     2.130     3.234
 652.000    199966         0    199999           0.246     0.687     0.967     1.267     1.415     1.717     2.085     3.336
 653.000    200030         0    200005           0.255     0.673     0.951     1.249     1.394     1.702     2.025     2.527
 654.000    199972         0    199975           0.242     0.697     1.009     1.272     1.405     1.697     2.032     2.679
 655.001    200021         0    200024           0.234     0.669     0.924     1.236     1.382     1.693     2.006     2.494
 656.000    199957         0    199971           0.249     0.686     0.963     1.246     1.378     1.655     2.077     3.506
 657.000    200011         0    200011           0.254     0.670     0.916     1.222     1.358     1.641     1.963     2.540
 658.000    199998         0    199996           0.260     0.668     0.938     1.250     1.400     1.697     1.991     2.593
 659.000    200023         0    200013           0.253     0.673     0.932     1.243     1.385     1.675     2.005     3.416
 660.000    199995         0    199994           0.241     0.674     0.952     1.249     1.388     1.673     2.020     3.475
 661.000    199982         0    199994           0.258     0.657     0.881     1.194     1.337     1.627     1.957     2.542
 662.000    200043         0    200028           0.262     0.693     0.973     1.261     1.399     1.691     2.091     4.657
 663.000    199956         0    199975           0.246     0.675     0.912     1.213     1.349     1.625     1.949     2.490
 664.000    200040         0    200014           0.232     0.666     0.903     1.205     1.339     1.622     2.012     3.723
 665.000    199983         0    200003           0.257     0.658     0.897     1.210     1.350     1.647     1.975     2.738
 666.000    199972         0    199972           0.252     0.636     0.840     1.161     1.298     1.565     1.893     4.338
 667.000    200026         0    200018           0.243     0.647     0.853     1.170     1.317     1.597     1.921     2.478
 668.000    199989         0    199986           0.244     0.660     0.881     1.204     1.363     1.701     2.247     7.078
 669.000    200029         0    200017           0.263     0.676     0.935     1.240     1.382     1.676     2.105     4.456
 670.000    199977         0    199993           0.225     0.669     0.902     1.214     1.358     1.665     2.077     5.988
 671.000    200004         0    200011           0.249     0.655     0.883     1.194     1.323     1.583     1.910     2.529
 672.000    200005         0    200009           0.246     0.654     0.865     1.178     1.321     1.619     2.044     3.326
 673.000    200013         0    200000           0.252     0.662     0.882     1.186     1.323     1.603     1.920     2.410
 674.000    199990         0    199990           0.262     0.659     0.869     1.176     1.318     1.588     1.937     2.808
 675.000    199987         0    199996           0.255     0.652     0.867     1.177     1.314     1.586     1.909     3.019
 676.000    200004         0    200006           0.249     0.643     0.844     1.152     1.288     1.544     1.863     3.252
 677.000    199981         0    199982           0.230     0.670     0.900     1.207     1.347     1.642     2.059     5.378
 678.000    200028         0    200024           0.238     0.665     0.889     1.197     1.334     1.623     2.017     3.611
 679.000    199998         0    199994           0.243     0.662     0.877     1.185     1.324     1.584     1.911     2.474
 680.000    199983         0    199985           0.253     0.681     0.930     1.232     1.369     1.634     1.961     3.953
 681.000    200028         0    200023           0.254     0.658     0.873     1.177     1.314     1.581     1.932     2.939
 682.000    199994         0    199988           0.237     0.678     0.917     1.221     1.363     1.654     2.146     5.923
 683.000    199995         0    200009           0.231     0.644     0.837     1.136     1.281     1.536     1.835     2.761
 684.000    200021         0    200005           0.244     0.662     0.881     1.191     1.326     1.592     1.911     2.519
 685.000    199973         0    199972           0.258     0.667     0.895     1.204     1.349     1.624     1.956     2.816
 686.000    199999         0    200009           0.258     0.652     0.854     1.161     1.305     1.561     1.877     3.002
 687.000    199985         0    199979           0.248     0.662     0.873     1.183     1.327     1.605     2.064     3.930
 688.000    200021         0    200037           0.233     0.687     0.951     1.238     1.372     1.657     2.047     3.707
 689.000    200004         0    199994           0.236     0.643     0.845     1.158     1.302     1.575     1.907     2.812
 690.000    199974         0    199979           0.263     0.696     0.961     1.245     1.383     1.674     2.051     3.101
 691.000    200021         0    200001           0.243     0.665     0.895     1.199     1.329     1.594     1.951     2.818
 692.000    199987         0    200000           0.258     0.684     0.944     1.240     1.381     1.665     2.075     3.641
 693.000    199985         0    199982           0.263     0.693     0.976     1.261     1.403     1.703     2.066     2.861
 694.000    200012         0    200014           0.249     0.669     0.916     1.229     1.371     1.664     1.996     3.631
 695.000    200001         0    200004           0.257     0.669     0.914     1.223     1.362     1.649     1.965     2.701
 696.000    200011         0    200008           0.241     0.679     0.963     1.257     1.399     1.679     2.010     2.707
 697.000    199999         0    200009           0.239     0.686     0.958     1.261     1.404     1.699     2.132     4.669
 698.000    200014         0    200008           0.249     0.689     0.944     1.245     1.396     1.711     2.347     5.165
 699.000    199976         0    199974           0.259     0.680     0.949     1.249     1.392     1.705     2.124     3.029
 700.000    200005         0    200007           0.234     0.676     0.935     1.238     1.382     1.666     1.979     2.918
 701.000    199997         0    199982           0.253     0.672     0.916     1.219     1.354     1.634     1.978     2.972
 702.000    200009         0    200024           0.253     0.687     0.979     1.266     1.411     1.722     2.051     2.664
 703.000    199986         0    199998           0.250     0.658     0.886     1.197     1.335     1.626     1.953     2.683
 704.000    200021         0    199988           0.237     0.693     0.970     1.253     1.390     1.677     2.010     2.957
 705.000    199994         0    200009           0.255     0.682     0.946     1.237     1.370     1.649     1.979     2.623
 706.000    199977         0    199988           0.253     0.663     0.902     1.214     1.347     1.612     1.939     2.806
 707.000    200022         0    199998           0.253     0.679     0.941     1.253     1.411     1.736     2.075     2.849
 708.001    200004         0    200013           0.248     0.658     0.914     1.230     1.374     1.682     2.009     2.818
 709.000    200010         0    199997           0.232     0.681     0.977     1.270     1.419     1.720     2.043     3.217
 710.000    199989         0    200007           0.253     0.667     0.918     1.225     1.364     1.660     1.978     3.162
 711.000    199994         0    200000           0.252     0.673     0.946     1.253     1.401     1.702     2.038     3.748
 712.000    199994         0    199998           0.260     0.692     1.002     1.273     1.421     1.727     2.053     3.762
 713.000    200017         0    200000           0.256     0.688     0.986     1.264     1.403     1.704     2.033     2.494
 714.000    199976         0    200002           0.253     0.681     0.964     1.257     1.409     1.717     2.039     3.424
 715.000    199996         0    199979           0.259     0.699     0.989     1.289     1.446     1.761     2.187     3.408
 716.000    200020         0    200022           0.263     0.686     0.951     1.248     1.385     1.676     2.050     3.365
 717.000    199996         0    200003           0.262     0.692     0.973     1.267     1.417     1.732     2.183     4.784
 718.000    199990         0    199996           0.243     0.668     0.909     1.215     1.357     1.652     2.015     3.037
 719.000    200002         0    199994           0.249     0.684     0.965     1.265     1.418     1.732     2.087     2.744
 720.000    199995         0    199995           0.250     0.682     0.948     1.261     1.420     1.742     2.066     2.748
 721.000    199994         0    199977           0.251     0.694     0.969     1.275     1.433     1.756     2.132     3.514
 722.000    200037         0    200053           0.255     0.686     0.976     1.246     1.380     1.672     2.019     3.609
 723.000    199986         0    199986           0.256     0.654     0.882     1.200     1.338     1.623     1.951     2.497
 724.000    200021         0    200003           0.237     0.675     0.947     1.247     1.394     1.699     2.048     2.941
 725.000    199981         0    200007           0.254     0.675     0.944     1.247     1.394     1.701     2.026     2.656
 726.000    199996         0    199985           0.259     0.679     0.973     1.258     1.399     1.693     2.019     3.092
 727.000    200011         0    199981           0.246     0.676     0.947     1.248     1.395     1.702     2.021     3.187
 728.000    199975         0    200014           0.250     0.672     0.908     1.212     1.359     1.674     2.039     2.791
 729.000    199980         0    199971           0.248     0.676     0.930     1.235     1.374     1.669     1.987     2.603
 730.000    200030         0    200032           0.260     0.692     0.977     1.255     1.395     1.709     2.304     4.657
 731.000    199987         0    199992           0.241     0.677     0.946     1.248     1.399     1.710     2.051     2.892
 732.000    200026         0    200015           0.257     0.684     0.959     1.260     1.412     1.740     2.148     5.050
 733.000    200002         0    200009           0.240     0.684     0.982     1.287     1.450     1.759     2.140     4.821
 734.000    199978         0    199978           0.256     0.678     0.951     1.269     1.436     1.767     2.128     5.599
 735.000    200015         0    200014           0.254     0.671     0.943     1.246     1.386     1.683     1.991     2.687
 736.000    200006         0    200000           0.238     0.660     0.913     1.235     1.389     1.715     2.032     2.703
 737.000    199983         0    199978           0.263     0.681     0.971     1.273     1.437     1.765     2.134     5.181
 738.000    200003         0    199999           0.254     0.688     0.978     1.291     1.456     1.776     2.138     3.195
 739.000    200007         0    200006           0.256     0.700     0.982     1.265     1.401     1.689     2.159     5.575
 740.000    199978         0    199999           0.250     0.665     0.881     1.195     1.343     1.637     1.996     3.047
 741.000    200008         0    200001           0.257     0.682     0.970     1.269     1.417     1.733     2.085     2.818
 742.000    200023         0    200021           0.259     0.673     0.931     1.248     1.407     1.735     2.055     2.910
 743.000    199976         0    199990           0.255     0.692     0.982     1.271     1.430     1.768     2.157     5.657
 744.000    200029         0    200008           0.228     0.660     0.914     1.241     1.399     1.730     2.068     2.677
 745.000    199999         0    200006           0.258     0.661     0.926     1.235     1.376     1.688     2.029     2.525
 746.000    199992         0    199989           0.257     0.679     0.944     1.245     1.394     1.717     2.134     3.496
 747.000    199975         0    199982           0.261     0.674     0.930     1.240     1.393     1.719     2.039     2.750
 748.000    199990         0    199983           0.248     0.677     0.929     1.248     1.407     1.729     2.198     6.943
 749.000    200023         0    200034           0.223     0.677     0.939     1.244     1.391     1.711     2.035     2.957
 750.000    200011         0    199998           0.222     0.669     0.929     1.234     1.371     1.653     2.008     3.492
 751.000    200006         0    200015           0.245     0.664     0.926     1.233     1.375     1.678     1.982     2.753
 752.000    200001         0    199993           0.257     0.651     0.889     1.208     1.347     1.653     1.987     2.421
 753.000    199994         0    200004           0.251     0.658     0.919     1.237     1.382     1.691     1.999     2.693
 754.000    199994         0    199979           0.225     0.666     0.907     1.217     1.362     1.704     2.228     4.053
 755.000    200018         0    200025           0.251     0.675     0.932     1.236     1.375     1.667     2.001     3.346
 756.000    199984         0    199990           0.235     0.671     0.930     1.243     1.399     1.709     2.034     2.757
 757.000    200007         0    199988           0.254     0.681     0.934     1.265     1.435     1.775     2.238     6.275
 758.000    199986         0    200005           0.249     0.659     0.902     1.218     1.366     1.678     2.043     4.049
 759.000    200010         0    200005           0.242     0.645     0.871     1.203     1.350     1.656     1.998     2.609
 760.000    200006         0    200007           0.229     0.667     0.918     1.229     1.369     1.657     1.945     2.488
 761.000    200017         0    200012           0.243     0.691     0.976     1.255     1.391     1.677     2.025     3.201
 762.001    199944         0    199956           0.230     0.695     0.986     1.278     1.435     1.765     2.193     3.449
 763.000    199996         0    199983           0.257     0.697     0.975     1.270     1.419     1.724     2.136     3.539
 764.000    200015         0    200027           0.255     0.679     0.954     1.254     1.405     1.736     2.281     4.960
 765.000    199985         0    199990           0.249     0.678     0.936     1.240     1.378     1.664     2.009     3.633
 766.000    200020         0    200018           0.251     0.677     0.954     1.260     1.412     1.721     2.065     2.628
 767.000    200007         0    200009           0.246     0.675     0.967     1.265     1.413     1.737     2.093     2.886
 768.000    199981         0    199981           0.250     0.669     0.928     1.247     1.403     1.721     2.086     2.607
 769.000    200036         0    200017           0.249     0.671     0.920     1.239     1.397     1.718     2.071     2.906
 770.000    199979         0    199988           0.254     0.671     0.911     1.220     1.366     1.678     2.046     3.377
 771.000    200023         0    199999           0.247     0.679     0.933     1.257     1.417     1.755     2.175     4.899
 772.000    199962         0    199983           0.249     0.667     0.899     1.213     1.358     1.661     1.999     2.671
 773.000    200006         0    200004           0.249     0.680     0.943     1.253     1.412     1.751     2.140     5.452
 774.000    200015         0    200018           0.257     0.677     0.937     1.245     1.396     1.712     2.169     5.464
 775.000    200002         0    200008           0.255     0.689     0.958     1.260     1.406     1.701     2.014     2.564
 776.000    200003         0    199990           0.243     0.694     1.000     1.300     1.469     1.784     2.118     2.699
 777.000    199960         0    199961           0.245     0.668     0.912     1.230     1.381     1.689     2.020     2.712
 778.000    200046         0    200053           0.252     0.659     0.896     1.211     1.353     1.645     1.982     3.439
 779.000    199981         0    199978           0.244     0.670     0.911     1.227     1.368     1.663     2.441    11.936
 780.000    200009         0    200008           0.240     0.690     0.966     1.258     1.400     1.695     2.029     2.980
 781.000    200012         0    200025           0.254     0.677     0.909     1.215     1.359     1.671     2.048     2.863
 782.000    199971         0    199977           0.257     0.671     0.911     1.220     1.358     1.650     1.970     2.554
 783.000    200009         0    199999           0.253     0.697     0.974     1.279     1.440     1.757     2.091     3.340
 784.000    199988         0    199998           0.265     0.695     0.978     1.262     1.405     1.710     2.130     3.711
 785.000    200011         0    199994           0.234     0.691     0.966     1.269     1.426     1.750     2.132     4.057
 786.000    199992         0    199989           0.262     0.686     0.962     1.258     1.406     1.701     2.063     2.636
 787.000    200030         0    200033           0.266     0.690     0.941     1.241     1.386     1.694     2.095     3.305
 788.000    199989         0    199989           0.251     0.684     0.941     1.238     1.380     1.676     2.051     3.832
 789.000    199988         0    200004           0.249     0.695     0.968     1.261     1.405     1.703     2.062     3.969
 790.000    200006         0    200003           0.252     0.705     1.000     1.298     1.460     1.786     2.187     4.067
 791.000    200016         0    200003           0.247     0.690     0.957     1.255     1.403     1.697     2.031     3.547
 792.000    199972         0    199973           0.250     0.668     0.907     1.222     1.372     1.682     2.013     2.533
 793.000    200003         0    200009           0.259     0.693     0.963     1.267     1.420     1.739     2.247     5.358
 794.000    199996         0    200002           0.256     0.686     0.938     1.237     1.377     1.672     2.016     2.597
 795.000    200029         0    200019           0.248     0.670     0.913     1.213     1.352     1.635     1.949     3.531
 796.000    199974         0    199972           0.233     0.683     0.938     1.244     1.391     1.686     2.070     3.662
 797.000    199998         0    200007           0.259     0.717     1.027     1.292     1.437     1.738     2.251     3.695
 798.000    200014         0    200006           0.248     0.684     0.934     1.240     1.389     1.705     2.083     4.174
 799.000    200005         0    200000           0.256     0.702     0.991     1.274     1.416     1.709     2.085     4.641
 800.000    199995         0    200011           0.246     0.693     0.974     1.253     1.385     1.659     1.973     2.572
 801.000    200000         0    199998           0.263     0.703     0.987     1.272     1.427     1.745     2.094     2.785
 802.000    199978         0    199971           0.255     0.712     1.002     1.284     1.432     1.737     2.132     3.750
 803.000    200039         0    200035           0.249     0.689     0.968     1.260     1.405     1.710     2.033     2.972
 804.000    199983         0    199982           0.245     0.711     0.992     1.278     1.425     1.744     2.331     7.983
 805.000    199991         0    199978           0.255     0.678     0.920     1.226     1.370     1.675     2.105     3.414
 806.000    200027         0    200042           0.254     0.708     1.002     1.273     1.413     1.711     2.161     3.516
 807.000    199945         0    199948           0.268     0.705     0.999     1.286     1.442     1.760     2.138     3.373
 808.000    200024         0    200035           0.258     0.666     0.900     1.227     1.381     1.698     2.063     3.748
 809.000    200000         0    199996           0.252     0.696     0.984     1.276     1.417     1.717     2.096     4.379
 810.000    200028         0    200004           0.246     0.709     1.002     1.304     1.466     1.782     2.167     5.534
 811.000    200013         0    200027           0.257     0.698     0.984     1.268     1.414     1.716     2.109     3.082
 812.000    199947         0    199952           0.231     0.665     0.899     1.211     1.342     1.626     1.944     2.353
 813.000    200017         0    200024           0.252     0.687     0.975     1.265     1.407     1.700     2.001     2.650
 814.000    200001         0    199997           0.218     0.685     0.961     1.265     1.417     1.723     2.052     2.638
 815.000    200002         0    199994           0.241     0.685     0.966     1.255     1.393     1.677     2.011     3.842
 816.000    199979         0    199996           0.260     0.676     0.931     1.235     1.376     1.650     2.002     3.588
 817.000    200016         0    200008           0.251     0.694     0.997     1.288     1.445     1.763     2.105     3.402
 818.000    200031         0    200009           0.246     0.670     0.911     1.219     1.361     1.668     1.996     2.544
 819.000    199988         0    200012           0.241     0.687     0.960     1.252     1.395     1.690     2.021     2.613
 820.000    199980         0    199964           0.245     0.689     0.973     1.258     1.397     1.677     2.020     4.139
 821.000    199982         0    199994           0.254     0.692     0.976     1.255     1.396     1.701     2.061     3.473
 822.000    200018         0    200005           0.241     0.673     0.932     1.241     1.389     1.686     1.997     2.679
 823.000    199954         0    199970           0.241     0.673     0.944     1.235     1.368     1.656     1.972     2.836
 824.000    200062         0    200044           0.247     0.685     0.949     1.243     1.380     1.683     2.046     3.207
 825.000    199982         0    199994           0.251     0.713     1.032     1.311     1.460     1.754     2.134     3.201
 826.000    200008         0    200000           0.253     0.704     0.985     1.263     1.398     1.676     2.026     2.927
 827.000    200000         0    199998           0.251     0.701     1.015     1.287     1.431     1.726     2.083     3.604
 828.000    199997         0    200008           0.249     0.675     0.975     1.265     1.409     1.693     2.003     2.607
 829.000    200011         0    200019           0.252     0.676     0.967     1.241     1.367     1.636     1.985     4.131
 830.000    199991         0    199986           0.249     0.674     0.957     1.245     1.374     1.647     1.979     2.761
 831.000    200017         0    200014           0.255     0.706     0.998     1.265     1.397     1.679     2.134     9.462
 832.000    199973         0    199962           0.247     0.697     0.997     1.257     1.389     1.662     2.062     3.860
 833.000    200008         0    200023           0.266     0.694     0.979     1.257     1.394     1.677     2.019     2.847
 834.000    200010         0    200006           0.242     0.689     0.957     1.242     1.376     1.659     2.140     5.837
 835.000    200000         0    199993           0.247     0.686     0.969     1.258     1.395     1.683     2.093     4.305
 836.000    200011         0    200013           0.258     0.693     0.969     1.257     1.395     1.689     2.025     2.728
 837.000    200021         0    200006           0.246     0.716     1.020     1.288     1.428     1.716     2.055     3.387
 838.000    199963         0    199979           0.234     0.692     0.974     1.269     1.411     1.721     2.691     5.624
 839.000    200007         0    200011           0.255     0.680     0.945     1.242     1.378     1.661     2.339     7.614
 840.000    199973         0    199979           0.259     0.689     0.977     1.262     1.400     1.691     2.035     2.642
 841.000    200010         0    199999           0.250     0.692     0.970     1.252     1.385     1.665     2.000     2.875
 842.000    200000         0    199986           0.238     0.712     1.026     1.290     1.437     1.739     2.126     3.936
 843.000    200019         0    200037           0.245     0.669     0.905     1.205     1.336     1.608     1.922     2.449
 844.001    200058         0    199973           0.253     0.688     0.953     1.238     1.371     1.654     2.053     3.645
 845.000    199970         0    200043           0.254     0.687     0.956     1.242     1.378     1.660     2.075     3.463
 846.000    199963         0    199972           0.248     0.674     0.902     1.198     1.331     1.598     1.926     2.632
 847.000    199968         0    199968           0.253     0.695     0.969     1.256     1.398     1.710     2.120     3.338
 848.000    200032         0    200036           0.265     0.698     0.970     1.264     1.415     1.726     2.083     2.691
 849.000    199998         0    199996           0.257     0.699     0.981     1.260     1.396     1.679     2.037     3.238
 850.000    199985         0    199988           0.253     0.723     1.018     1.288     1.432     1.732     2.204     4.198
 851.000    200026         0    200027           0.262     0.758     1.075     1.337     1.498     1.836     2.419     5.386
 852.000    199989         0    199982           0.257     0.700     0.974     1.253     1.392     1.675     2.036     3.144
 853.000    200006         0    199997           0.231     0.695     0.974     1.256     1.394     1.676     2.017     3.371
 854.000    200004         0    200001           0.252     0.698     0.984     1.261     1.392     1.670     2.018     3.717
 855.000    199971         0    199993           0.265     0.706     0.992     1.266     1.413     1.839     5.804    10.412
 856.000    200025         0    200016           0.269     0.699     0.971     1.247     1.379     1.658     2.013     2.710
 857.000    199977         0    199975           0.258     0.691     0.950     1.243     1.380     1.663     1.988     2.675
 858.000    200003         0    199989           0.259     0.696     0.975     1.265     1.410     1.713     2.088     2.720
 859.000    200012         0    200029           0.258     0.712     1.008     1.274     1.412     1.712     2.053     2.771
 860.000    199992         0    199981           0.242     0.727     1.024     1.285     1.426     1.711     2.058     3.523
 861.000    199998         0    200001           0.248     0.735     1.037     1.296     1.435     1.722     2.265     5.403
 862.000    200001         0    200009           0.246     0.713     0.990     1.268     1.409     1.710     2.163     4.231
 863.000    200020         0    200023           0.258     0.707     0.992     1.270     1.406     1.686     2.116     4.342
 864.000    199994         0    199993           0.245     0.687     0.944     1.238     1.378     1.675     2.099     6.066
 865.000    200002         0    199986           0.256     0.701     1.005     1.277     1.414     1.702     2.204     5.251
 866.000    199994         0    200008           0.253     0.682     0.934     1.242     1.385     1.661     1.950     2.580
 867.001    200013         0    200018           0.252     0.708     0.983     1.269     1.413     1.713     2.243     5.100
 868.000    200025         0    200003           0.247     0.683     0.955     1.238     1.365     1.631     1.998     3.267
 869.000    199974         0    199980           0.234     0.693     0.967     1.242     1.371     1.656     2.026     3.353
 870.000    200000         0    200014           0.253     0.669     0.911     1.214     1.349     1.619     1.957     2.716
 871.000    199968         0    199956           0.263     0.692     0.967     1.254     1.398     1.704     2.099     3.695
 872.000    200017         0    200029           0.238     0.682     0.928     1.228     1.364     1.638     2.033     2.865
 873.000    200000         0    199998           0.253     0.698     0.988     1.267     1.408     1.712     2.089     3.584
 874.000    200011         0    200006           0.241     0.678     0.928     1.222     1.353     1.599     1.920     2.726
 875.000    199979         0    199978           0.265     0.715     1.015     1.295     1.441     1.735     2.251     5.878
 876.000    200039         0    200036           0.260     0.689     0.964     1.245     1.381     1.652     2.008     3.504
 877.000    199984         0    199996           0.241     0.685     0.949     1.235     1.368     1.644     1.979     2.720
 878.000    199966         0    199959           0.252     0.699     0.986     1.258     1.393     1.688     2.024     2.562
 879.000    200025         0    200031           0.240     0.699     0.966     1.256     1.399     1.696     2.214     5.255
 880.000    199979         0    199977           0.251     0.664     0.897     1.205     1.342     1.609     1.921     2.734
 881.000    200020         0    200016           0.251     0.699     0.989     1.268     1.406     1.692     2.025     2.621
 882.000    200009         0    199997           0.243     0.700     0.974     1.257     1.400     1.688     2.060     4.149
 883.000    200001         0    200006           0.248     0.687     0.933     1.226     1.364     1.646     2.031     2.937
 884.000    199999         0    199998           0.254     0.684     0.952     1.238     1.375     1.663     2.028     3.219
 885.000    199982         0    199997           0.264     0.687     0.948     1.234     1.365     1.633     1.965     3.629
 886.000    200010         0    199998           0.239     0.697     0.979     1.269     1.413     1.718     2.263     5.575
 887.000    199992         0    200007           0.256     0.695     0.969     1.256     1.395     1.682     2.032     2.738
 888.000    199996         0    199970           0.260     0.682     0.936     1.236     1.376     1.655     2.036     3.336
 889.000    199983         0    200009           0.249     0.688     0.936     1.234     1.373     1.669     2.154     3.936
 890.000    200006         0    199982           0.249     0.695     0.972     1.266     1.410     1.720     2.191     4.522
 891.000    200027         0    200040           0.243     0.688     0.966     1.255     1.402     1.696     2.037     2.619
 892.000    199998         0    199997           0.258     0.702     0.983     1.267     1.405     1.688     2.052     2.781
 893.000    200014         0    200015           0.265     0.682     0.958     1.243     1.372     1.623     1.919     2.474
 894.000    199988         0    199964           0.262     0.705     0.987     1.267     1.402     1.678     2.096     3.215
 895.000    200022         0    200048           0.264     0.704     0.966     1.255     1.398     1.695     2.683     4.387
 896.000    200006         0    199994           0.269     0.689     0.941     1.237     1.375     1.641     1.997     3.348
 897.000    199981         0    199973           0.233     0.710     0.984     1.260     1.393     1.664     2.015     2.664
 898.001    199989         0    200009           0.261     0.702     0.978     1.263     1.403     1.711     2.101     2.922
 899.000    200018         0    200017           0.253     0.688     0.939     1.242     1.385     1.675     2.140     5.632
 900.000    199991         0    199982           0.256     0.710     0.990     1.267     1.409     1.702     2.086     3.457
 901.000    199983         0    200002           0.259     0.688     0.966     1.252     1.391     1.670     1.998     2.736
 902.000    199984         0    199975           0.256     0.688     0.973     1.253     1.390     1.670     1.995     2.654
 903.000    200030         0    200021           0.250     0.689     0.952     1.244     1.384     1.658     2.001     3.443
 904.000    199984         0    199989           0.266     0.701     0.992     1.277     1.415     1.702     2.109     3.516
 905.000    200005         0    200014           0.262     0.703     1.000     1.273     1.405     1.668     1.991     3.666
 906.000    200022         0    200009           0.246     0.687     0.964     1.245     1.374     1.629     1.949     2.939
 907.000    200021         0    199994           0.261     0.681     0.947     1.236     1.374     1.665     2.011     4.612
 908.000    199965         0    200004           0.250     0.664     0.891     1.196     1.331     1.599     1.942     3.074
 909.000    199979         0    199981           0.269     0.689     0.962     1.244     1.373     1.630     1.952     2.863
 910.000    200001         0    199995           0.251     0.685     0.936     1.229     1.364     1.636     2.064     4.198
 911.000    200011         0    200011           0.242     0.696     0.975     1.251     1.386     1.653     2.018     2.814
 912.000    200004         0    199990           0.260     0.675     0.928     1.233     1.366     1.629     1.947     2.771
 913.000    199990         0    199997           0.259     0.668     0.914     1.220     1.358     1.625     1.943     3.398
 914.000    200012         0    200013           0.253     0.709     1.014     1.280     1.413     1.691     2.058     4.821
 915.000    200002         0    200004           0.271     0.713     1.012     1.282     1.421     1.709     2.092     3.189
 916.000    199997         0    200002           0.248     0.668     0.909     1.220     1.356     1.627     1.965     3.713
 917.000    200037         0    200021           0.241     0.672     0.910     1.219     1.365     1.665     2.031     2.677
 918.000    199966         0    199983           0.252     0.689     0.955     1.234     1.361     1.618     1.940     3.119
 919.000    200003         0    200006           0.263     0.680     0.946     1.234     1.363     1.623     1.990     4.665
 920.000    200010         0    200004           0.259     0.675     0.927     1.225     1.357     1.635     1.965     2.630
 921.000    199994         0    199990           0.238     0.704     1.007     1.273     1.406     1.680     2.008     2.662
 922.000    199999         0    200002           0.250     0.671     0.913     1.222     1.360     1.648     1.994     2.769
 923.000    199996         0    200003           0.257     0.673     0.932     1.233     1.364     1.633     1.942     2.615
 924.000    200002         0    199997           0.232     0.688     0.958     1.241     1.369     1.626     1.961     2.941
 925.000    199985         0    199993           0.237     0.673     0.930     1.222     1.348     1.601     1.916     2.478
 926.000    200021         0    199991           0.246     0.662     0.904     1.207     1.336     1.593     1.913     2.669
 927.000    199987         0    200010           0.252     0.670     0.919     1.222     1.358     1.634     1.957     2.646
 928.000    200009         0    200002           0.260     0.674     0.922     1.218     1.350     1.622     2.128     5.714
 929.000    199981         0    199983           0.232     0.701     0.987     1.260     1.392     1.654     1.986     2.648
 930.000    200020         0    200011           0.249     0.675     0.912     1.207     1.340     1.593     1.938     3.553
 931.000    200012         0    200014           0.251     0.682     0.954     1.230     1.355     1.598     1.922     2.714
 932.000    199991         0    199994           0.226     0.669     0.910     1.217     1.350     1.621     1.957     2.619
 933.000    199986         0    199993           0.251     0.682     0.947     1.235     1.363     1.615     1.917     2.757
 934.000    200036         0    200020           0.249     0.683     0.942     1.233     1.364     1.629     2.003     3.422
 935.000    199967         0    199979           0.257     0.679     0.931     1.233     1.369     1.653     2.011     4.751
 936.000    199991         0    199991           0.264     0.674     0.917     1.218     1.349     1.607     1.916     2.413
 937.000    200004         0    200015           0.252     0.660     0.903     1.211     1.338     1.596     1.916     2.472
 938.000    200019         0    200010           0.255     0.661     0.911     1.206     1.332     1.580     1.896     2.470
 939.000    200005         0    199996           0.238     0.639     0.847     1.170     1.312     1.572     1.896     2.503
 940.000    199998         0    199997           0.250     0.658     0.900     1.205     1.333     1.586     1.910     2.718
 941.000    199975         0    199970           0.242     0.670     0.924     1.217     1.343     1.585     1.889     2.537
 942.000    200012         0    200021           0.248     0.687     0.979     1.246     1.370     1.616     1.948     3.105
 943.000    200002         0    200007           0.243     0.657     0.888     1.201     1.331     1.569     1.863     2.679
 944.000    199974         0    199975           0.251     0.682     0.966     1.235     1.359     1.612     1.920     2.974
 945.000    200025         0    200014           0.251     0.665     0.907     1.207     1.334     1.577     1.870     2.716
 946.000    200010         0    200021           0.262     0.649     0.859     1.177     1.316     1.574     1.905     2.486
 947.000    199995         0    199979           0.262     0.666     0.905     1.209     1.345     1.619     1.960     3.932
 948.000    200005         0    200018           0.248     0.703     0.967     1.250     1.392     1.689     2.347     4.755
 949.000    199986         0    199986           0.251     0.680     0.923     1.218     1.354     1.617     1.953     2.931
 950.000    200020         0    200022           0.233     0.690     0.953     1.236     1.364     1.623     1.958     2.562
 951.000    199969         0    199964           0.247     0.686     0.953     1.246     1.384     1.681     2.144     4.854
 952.000    200012         0    200001           0.249     0.679     0.911     1.203     1.337     1.590     1.893     3.244
 953.000    199981         0    199997           0.262     0.700     0.978     1.255     1.390     1.657     2.012     3.906
 954.000    200014         0    200011           0.248     0.682     0.938     1.237     1.375     1.654     2.000     3.357
 955.000    200029         0    200017           0.254     0.700     0.963     1.245     1.384     1.674     2.109     4.028
 956.000    199971         0    199981           0.263     0.711     1.002     1.278     1.416     1.717     2.157     4.870
 957.000    200020         0    200026           0.234     0.694     0.973     1.258     1.398     1.679     2.020     3.002
 958.000    199989         0    199977           0.252     0.679     0.926     1.229     1.366     1.652     2.378     5.841
 959.000    200024         0    200033           0.238     0.700     0.994     1.273     1.408     1.688     2.053     2.836
 960.000    199971         0    199975           0.265     0.680     0.914     1.218     1.362     1.664     2.041     2.939
 961.000    199975         0    199975           0.233     0.673     0.913     1.214     1.350     1.628     2.055     6.025
 962.000    199998         0    199991           0.253     0.684     0.915     1.209     1.345     1.606     1.953     2.804
 963.000    200019         0    200022           0.259     0.685     0.932     1.231     1.371     1.650     2.053     3.811
 964.000    199989         0    200000           0.250     0.697     0.973     1.257     1.390     1.655     1.997     2.845
 965.000    200029         0    200020           0.267     0.691     0.951     1.258     1.406     1.708     2.118     4.633
 966.000    199989         0    199986           0.261     0.698     0.977     1.244     1.365     1.602     1.934     3.234
 967.000    200007         0    199995           0.254     0.704     1.009     1.290     1.437     1.720     2.058     2.689
 968.000    200012         0    200013           0.259     0.686     0.932     1.229     1.370     1.651     2.017     3.680
 969.000    199993         0    200012           0.240     0.665     0.884     1.193     1.331     1.591     1.923     2.544
 970.000    200000         0    199981           0.255     0.681     0.942     1.236     1.369     1.633     1.948     2.433
 971.000    199994         0    200006           0.239     0.678     0.942     1.242     1.375     1.646     1.957     2.482
 972.000    200012         0    200009           0.241     0.667     0.878     1.181     1.324     1.596     1.948     2.963
 973.000    199970         0    199977           0.241     0.661     0.888     1.201     1.334     1.597     1.911     5.214
 974.000    200018         0    200007           0.252     0.689     0.943     1.243     1.385     1.683     2.167     5.476
 975.000    199989         0    199991           0.246     0.680     0.916     1.218     1.353     1.617     1.951     3.080
 976.000    200004         0    199986           0.244     0.656     0.863     1.166     1.310     1.578     1.894     2.836
 977.000    200028         0    200039           0.256     0.672     0.920     1.237     1.379     1.661     1.975     2.736
 978.000    199996         0    199994           0.264     0.659     0.881     1.192     1.331     1.608     1.926     2.490
 979.000    200005         0    199986           0.259     0.671     0.896     1.201     1.338     1.601     1.922     2.949
 980.000    199984         0    200002           0.242     0.686     0.924     1.229     1.376     1.675     2.075     3.492
 981.000    199977         0    199989           0.257     0.673     0.923     1.228     1.367     1.652     1.981     2.734
 982.000    200013         0    200010           0.243     0.675     0.925     1.223     1.355     1.612     1.938     2.746
 983.000    199996         0    200008           0.245     0.696     0.960     1.250     1.394     1.691     2.068     3.127
 984.000    199993         0    199983           0.260     0.675     0.908     1.219     1.358     1.621     1.963     2.542
 985.001    200023         0    200031           0.259     0.695     0.972     1.256     1.397     1.676     2.048     3.445
 986.000    200000         0    199995           0.250     0.671     0.924     1.220     1.350     1.614     1.919     2.484
 987.000    199991         0    199986           0.249     0.680     0.939     1.229     1.361     1.626     1.953     2.499
 988.000    200007         0    200007           0.240     0.687     0.967     1.256     1.399     1.689     2.025     2.781
 989.000    200006         0    200007           0.254     0.680     0.930     1.226     1.360     1.634     1.987     3.631
 990.001    199991         0    199988           0.262     0.698     0.976     1.261     1.400     1.704     2.351     5.140
 991.000    199978         0    199989           0.246     0.692     0.966     1.250     1.388     1.671     2.017     2.914
 992.000    199961         0    199956           0.257     0.697     0.990     1.250     1.377     1.641     1.974     2.632
 993.000    200035         0    200048           0.253     0.690     0.980     1.267     1.403     1.694     2.056     2.978
 994.000    200014         0    199977           0.250     0.687     0.971     1.250     1.380     1.649     2.006     3.342
 995.000    200011         0    200030           0.255     0.709     1.012     1.283     1.420     1.716     2.157     3.752
 996.000    200012         0    200010           0.239     0.687     0.973     1.253     1.386     1.666     2.025     3.613
 997.000    199998         0    199989           0.241     0.708     1.032     1.272     1.395     1.668     1.992     2.685
 998.000    200004         0    200020           0.253     0.687     0.975     1.252     1.382     1.670     2.034     3.006
 999.000    199947         0    199945           0.249     0.703     1.006     1.275     1.407     1.675     2.008     3.363
1000.000    199995         0    200005           0.240     0.756     1.090     1.325     1.461     1.750     2.150     3.834
1001.000    200010         0    200002           0.252     0.735     1.057     1.307     1.444     1.725     2.078     3.791
1002.000    200034         0    200021           0.256     0.713     1.013     1.271     1.401     1.680     2.011     4.051
1003.000    199994         0    200011           0.244     0.709     1.029     1.288     1.433     1.725     2.055     2.669
1004.000    200005         0    199996           0.253     0.722     1.049     1.288     1.416     1.697     2.054     2.812
1005.000    199976         0    199985           0.241     0.729     1.067     1.307     1.444     1.731     2.087     3.285
1006.000    200014         0    200022           0.257     0.706     1.022     1.287     1.422     1.698     2.024     2.562
1007.000    199984         0    199976           0.252     0.725     1.052     1.299     1.432     1.702     2.148     3.428
1008.000    200019         0    199996           0.258     0.759     1.095     1.332     1.475     1.777     2.200     3.465
1009.000    199967         0    199982           0.253     0.752     1.095     1.331     1.470     1.742     2.073     2.652
1010.000    200002         0    200012           0.263     0.733     1.064     1.300     1.435     1.723     2.095     2.898
1011.000    200013         0    200013           0.248     0.710     1.001     1.275     1.412     1.716     2.365     6.357
1012.000    200002         0    200006           0.265     0.719     1.040     1.290     1.420     1.687     2.019     2.607
1013.000    200005         0    199985           0.230     0.757     1.100     1.326     1.457     1.733     2.086     3.703
1014.000    200003         0    200024           0.249     0.737     1.077     1.312     1.445     1.723     2.095     2.804
1015.000    200005         0    199976           0.252     0.728     1.039     1.288     1.420     1.687     2.050     2.935
1016.000    199992         0    200018           0.258     0.752     1.089     1.323     1.457     1.732     2.095     3.490
1017.000    200000         0    199990           0.263     0.745     1.073     1.315     1.450     1.729     2.074     2.922
1018.000    199986         0    199983           0.245     0.745     1.080     1.320     1.458     1.744     2.146     3.781
1019.000    200034         0    200025           0.264     0.700     0.976     1.253     1.389     1.684     2.456     4.973
1020.000    199988         0    199989           0.261     0.695     0.952     1.238     1.376     1.664     2.093     6.271
1021.000    199973         0    199991           0.260     0.729     1.055     1.295     1.428     1.719     2.051     3.310
1022.000    200011         0    200009           0.248     0.730     1.050     1.305     1.448     1.767     2.447     9.937
1023.000    200017         0    200030           0.262     0.718     1.033     1.277     1.404     1.675     2.023     2.617
1024.000    200004         0    199996           0.231     0.707     0.992     1.271     1.410     1.704     2.088     4.616
1025.000    200010         0    199981           0.266     0.721     1.028     1.294     1.441     1.740     2.114     2.824
1026.000    199988         0    200006           0.273     0.724     1.017     1.288     1.436     1.720     2.080     2.828
1027.000    200007         0    200001           0.271     0.751     1.075     1.330     1.479     1.783     2.253     3.820
1028.000    199973         0    199981           0.255     0.712     1.014     1.288     1.435     1.733     2.070     2.896
1029.000    199981         0    199985           0.260     0.711     1.007     1.264     1.393     1.654     2.029     3.340
1030.000    200058         0    200051           0.258     0.741     1.069     1.313     1.450     1.742     2.159     3.731
1031.000    199969         0    199968           0.252     0.702     0.995     1.270     1.408     1.709     2.185     6.369
1032.000    200019         0    200026           0.253     0.701     0.994     1.261     1.393     1.675     2.012     3.023
1033.000    199978         0    199973           0.246     0.696     0.974     1.254     1.392     1.682     2.006     2.675
1034.000    200016         0    200026           0.242     0.698     1.001     1.270     1.405     1.693     2.032     2.804
1035.000    199997         0    199994           0.253     0.699     1.004     1.265     1.392     1.665     2.001     2.654
1036.000    200014         0    199996           0.245     0.693     0.980     1.252     1.382     1.650     1.959     3.129
1037.000    199956         0    199973           0.245     0.674     0.907     1.210     1.346     1.623     1.935     2.546
1038.000    200023         0    200011           0.266     0.706     0.996     1.267     1.399     1.660     2.004     2.804
1039.000    200016         0    200033           0.239     0.714     1.013     1.278     1.417     1.700     2.016     2.572
1040.000    199976         0    199972           0.247     0.718     1.020     1.288     1.430     1.717     2.046     2.796
1041.000    200044         0    200028           0.267     0.703     1.002     1.275     1.413     1.709     2.062     2.787
1042.000    199955         0    199971           0.247     0.682     0.950     1.237     1.369     1.615     1.944     3.226
1043.000    200025         0    200022           0.248     0.715     1.051     1.295     1.431     1.709     2.025     2.566
1044.000    199993         0    200000           0.239     0.659     0.889     1.197     1.331     1.602     1.911     2.955
1045.000    200002         0    200003           0.260     0.674     0.922     1.213     1.341     1.601     1.911     2.566
1046.000    199986         0    199981           0.254     0.728     1.046     1.302     1.435     1.710     2.126     4.399
1047.000    200018         0    200002           0.252     0.726     1.053     1.310     1.451     1.747     2.096     4.164
1048.000    199984         0    200003           0.259     0.688     0.954     1.235     1.366     1.632     1.952     3.799
1049.000    199999         0    199992           0.261     0.687     0.936     1.235     1.379     1.687     2.193     4.162
1050.000    200010         0    200017           0.246     0.714     1.036     1.283     1.409     1.680     2.010     3.000
1051.000    199997         0    199990           0.254     0.694     0.982     1.256     1.391     1.671     2.009     3.082
1052.000    200000         0    200003           0.246     0.701     1.012     1.274     1.407     1.686     1.997     2.636
1053.000    199995         0    199987           0.260     0.719     1.045     1.288     1.422     1.703     2.044     2.879
1054.000    200010         0    200016           0.265     0.715     1.009     1.276     1.412     1.692     2.118     3.658
1055.000    199990         0    199981           0.257     0.674     0.919     1.220     1.355     1.624     1.967     3.342
1056.000    200023         0    200027           0.262     0.684     0.958     1.239     1.367     1.636     1.970     2.830
1057.000    199990         0    199982           0.233     0.704     0.986     1.264     1.399     1.681     2.015     2.679
1058.000    199998         0    200011           0.265     0.697     0.967     1.260     1.407     1.718     2.443     5.636
1059.000    200007         0    200011           0.245     0.696     0.975     1.249     1.381     1.657     2.006     4.678
1060.000    199995         0    200000           0.261     0.703     0.999     1.265     1.399     1.681     2.030     2.800
1061.000    200004         0    199982           0.255     0.712     1.013     1.276     1.409     1.678     2.003     2.671
1062.000    200000         0    200015           0.265     0.725     1.047     1.306     1.451     1.748     2.103     2.636
1063.000    199984         0    199974           0.239     0.704     1.011     1.272     1.404     1.683     2.028     3.553
1064.000    200002         0    199999           0.247     0.701     0.982     1.258     1.397     1.688     2.090     3.494
1065.000    200003         0    200018           0.262     0.703     0.996     1.267     1.399     1.674     1.996     3.095
1066.000    199989         0    199981           0.243     0.684     0.944     1.242     1.384     1.690     2.253     4.588
1067.000    200030         0    200031           0.253     0.698     0.975     1.250     1.383     1.657     2.004     3.035
1068.000    199983         0    199989           0.242     0.704     1.009     1.275     1.410     1.713     2.245     7.340
1069.000    200001         0    199997           0.253     0.702     0.991     1.266     1.402     1.689     2.044     3.283
1070.000    199987         0    199995           0.247     0.703     0.998     1.267     1.403     1.680     2.026     3.232
1071.000    200008         0    200011           0.242     0.701     0.980     1.253     1.393     1.679     2.105     4.284
1072.000    200026         0    199990           0.259     0.706     0.977     1.265     1.413     1.738     2.257     4.375
1073.000    199963         0    199995           0.248     0.751     1.066     1.320     1.467     1.789     2.263     3.578
1074.000    200011         0    199975           0.233     0.750     1.057     1.322     1.473     1.795     2.296     4.882
1075.000    199993         0    200017           0.274     0.703     0.979     1.250     1.384     1.662     2.018     2.935
1076.000    200025         0    200039           0.265     0.707     1.020     1.267     1.391     1.647     1.965     2.929
1077.000    199975         0    199981           0.266     0.691     0.986     1.255     1.384     1.641     1.977     2.927
1078.000    200012         0    200000           0.241     0.714     1.023     1.276     1.405     1.688     2.073     3.451
1079.000    199951         0    199966           0.259     0.709     1.007     1.273     1.409     1.714     2.206     4.473
1080.000    200030         0    200028           0.253     0.739     1.059     1.302     1.437     1.724     2.091     2.812
1081.000    200024         0    200018           0.256     0.737     1.069     1.312     1.450     1.744     2.259     3.916
1082.000    200004         0    199992           0.252     0.723     1.052     1.309     1.448     1.743     2.142     3.097
1083.000    199968         0    199964           0.256     0.714     1.033     1.284     1.419     1.703     2.031     2.527
1084.000    200031         0    200011           0.245     0.721     1.019     1.288     1.432     1.722     2.253     4.997
1085.000    199977         0    200014           0.245     0.679     0.934     1.218     1.347     1.606     1.937     2.480
1086.000    200010         0    200008           0.259     0.700     1.016     1.271     1.403     1.669     1.972     2.490
1087.000    199989         0    199989           0.260     0.682     0.947     1.236     1.370     1.649     1.997     2.765
1088.000    200027         0    200017           0.248     0.693     0.983     1.250     1.375     1.638     1.928     2.812
1089.000    199989         0    199990           0.248     0.700     1.001     1.273     1.414     1.718     2.304     6.013
1090.000    200014         0    200007           0.244     0.699     0.992     1.267     1.403     1.681     2.017     3.541
1091.000    199982         0    199994           0.261     0.687     0.969     1.248     1.379     1.650     1.963     2.576
1092.000    200014         0    200001           0.257     0.714     1.019     1.284     1.421     1.711     2.078     3.351
1093.000    199974         0    199997           0.256     0.702     1.015     1.269     1.397     1.668     1.971     2.611
1094.000    200015         0    200011           0.248     0.735     1.061     1.320     1.462     1.747     2.120     3.725
1095.000    199949         0    199939           0.241     0.712     1.020     1.266     1.389     1.647     1.978     3.721
1096.000    200033         0    200045           0.235     0.698     0.973     1.253     1.388     1.681     2.202     7.934
1097.000    200015         0    199997           0.261     0.715     1.028     1.278     1.407     1.684     2.011     2.701
1098.000    200017         0    200029           0.241     0.734     1.061     1.309     1.450     1.748     2.101     2.908
1099.000    199975         0    199982           0.252     0.712     1.018     1.286     1.425     1.718     2.057     2.740
1100.000    199999         0    199990           0.239     0.755     1.085     1.336     1.483     1.767     2.146     3.113
1101.000    199989         0    199995           0.257     0.735     1.051     1.311     1.459     1.772     2.183     3.664
1102.000    200015         0    199997           0.251     0.740     1.065     1.323     1.474     1.785     2.181     3.660
1103.000    199984         0    199998           0.273     0.753     1.084     1.338     1.491     1.795     2.175     2.777
1104.000    200022         0    200031           0.273     0.760     1.093     1.341     1.496     1.823     2.316     4.358
1105.000    199988         0    199964           0.254     0.718     1.036     1.288     1.434     1.735     2.107     2.863
1106.000    200015         0    200026           0.245     0.729     1.056     1.305     1.447     1.758     2.208     3.324
1107.000    199982         0    199983           0.252     0.720     1.029     1.292     1.435     1.725     2.079     3.131
1108.000    200031         0    200030           0.264     0.720     1.018     1.278     1.414     1.694     2.072     4.620
1109.000    199974         0    199978           0.261     0.726     1.069     1.307     1.444     1.737     2.085     3.336
1110.000    200011         0    200004           0.247     0.748     1.084     1.325     1.474     1.775     2.150     3.383
1111.000    199957         0    199960           0.253     0.720     1.038     1.304     1.455     1.764     2.146     4.391
1112.000    200049         0    200035           0.235     0.744     1.062     1.318     1.469     1.788     2.198     3.262
1113.000    199989         0    199990           0.264     0.728     1.044     1.296     1.445     1.756     2.130     2.736
1114.000    199980         0    199996           0.265     0.711     0.992     1.266     1.409     1.720     2.144     3.623
1115.000    200014         0    200013           0.259     0.716     1.031     1.309     1.473     1.786     2.142     3.146
1116.000    199992         0    200002           0.251     0.705     0.998     1.270     1.407     1.701     2.093     3.756
1117.000    200044         0    200023           0.256     0.709     1.018     1.278     1.418     1.723     2.091     2.859
1118.000    199932         0    199941           0.265     0.766     1.096     1.324     1.455     1.735     2.091     3.207
1119.000    200039         0    200041           0.264     0.734     1.047     1.297     1.436     1.721     2.078     2.953
1120.000    199990         0    199999           0.274     0.774     1.098     1.341     1.493     1.814     2.255     3.535
1121.000    200006         0    199986           0.255     0.727     1.031     1.284     1.423     1.725     2.077     2.814
1122.000    199989         0    199999           0.272     0.752     1.063     1.317     1.459     1.752     2.116     2.796
1123.000    200027         0    200007           0.248     0.760     1.081     1.316     1.456     1.765     2.142     2.847
1124.000    200009         0    200014           0.262     0.742     1.059     1.331     1.493     1.832     2.271     4.129
1125.000    199962         0    199976           0.255     0.748     1.055     1.312     1.460     1.785     2.294     6.558
1126.000    200008         0    200018           0.251     0.741     1.058     1.318     1.469     1.788     2.193     3.891
1127.000    199978         0    199974           0.256     0.749     1.080     1.358     1.533     1.857     2.228     2.755
1128.000    200029         0    200008           0.272     0.776     1.106     1.362     1.523     1.834     2.210     3.215
1129.000    200012         0    200000           0.274     0.767     1.096     1.342     1.494     1.802     2.249     4.114
1130.000    200020         0    200031           0.251     0.728     1.040     1.313     1.469     1.783     2.204     3.131
1131.000    199966         0    199975           0.272     0.734     1.040     1.305     1.454     1.770     2.146     3.111
1132.000    199964         0    199982           0.268     0.754     1.070     1.322     1.471     1.787     2.200     3.404
1133.000    200015         0    200015           0.259     0.746     1.067     1.330     1.487     1.814     2.329     5.091
1134.000    200042         0    200018           0.243     0.764     1.094     1.349     1.514     1.983     7.574    11.338
1135.000    199987         0    200010           0.256     0.742     1.078     1.315     1.458     1.755     2.114     2.890
1136.000    199983         0    199966           0.242     0.756     1.099     1.349     1.516     1.843     2.298     6.767
1137.000    200002         0    200002           0.230     0.718     1.047     1.296     1.444     1.773     2.290     3.297
1138.000    200004         0    200024           0.266     0.725     1.034     1.294     1.441     1.759     2.138     3.385
1139.000    200013         0    200000           0.272     0.728     1.039     1.293     1.437     1.746     2.398     4.989
1140.000    199986         0    199982           0.256     0.746     1.077     1.313     1.454     1.791     4.334     7.975
1141.000    199980         0    199977           0.260     0.770     1.117     1.358     1.517     1.833     2.230     3.365
1142.000    200029         0    200038           0.268     0.729     1.050     1.308     1.451     1.742     2.105     2.689
1143.000    200018         0    200022           0.269     0.732     1.067     1.310     1.456     1.756     2.146     3.144
1144.000    199995         0    199996           0.255     0.704     1.000     1.274     1.417     1.711     2.045     2.802
1145.000    199929         0    199933           0.253     0.713     1.018     1.285     1.432     1.730     2.072     2.738
1146.000    200063         0    200035           0.266     0.748     1.070     1.322     1.469     1.772     2.181     3.844
1147.000    199990         0    200007           0.249     0.745     1.041     1.308     1.459     1.777     2.290     4.866
1148.000    199997         0    199987           0.248     0.712     1.023     1.276     1.410     1.696     2.026     2.787
1149.000    200004         0    200022           0.257     0.722     1.019     1.277     1.422     1.725     2.107     3.219
1150.000    199990         0    199990           0.249     0.726     1.036     1.303     1.455     1.779     2.271     4.850
1151.000    200016         0    199999           0.249     0.729     1.037     1.291     1.433     1.738     2.159     3.334
1152.000    200016         0    200026           0.244     0.724     1.025     1.290     1.434     1.740     2.159     5.378
1153.000    199971         0    199948           0.262     0.707     0.978     1.253     1.394     1.693     2.103     4.805
1154.000    200026         0    200049           0.265     0.702     0.982     1.254     1.394     1.695     2.118     3.006
1155.000    199984         0    199988           0.254     0.723     1.014     1.274     1.412     1.718     2.124     3.871
1156.000    199998         0    199993           0.263     0.693     0.952     1.236     1.369     1.655     2.030     2.810
1157.000    200007         0    200011           0.251     0.691     0.953     1.241     1.383     1.680     2.037     2.871
1158.000    199995         0    199988           0.262     0.699     0.951     1.239     1.382     1.676     2.067     3.117
1159.000    200022         0    200017           0.268     0.710     0.985     1.265     1.408     1.715     2.144     4.813
1160.000    199974         0    199979           0.257     0.713     1.013     1.280     1.422     1.713     2.036     4.168
1161.000    200020         0    200028           0.229     0.697     0.956     1.242     1.384     1.686     2.035     3.181
1162.000    199957         0    199958           0.265     0.714     0.993     1.281     1.435     1.743     2.140     3.000
1163.000    200016         0    200019           0.244     0.708     0.980     1.269     1.415     1.724     2.132     3.322
1164.000    200019         0    200007           0.256     0.674     0.893     1.200     1.348     1.644     2.010     2.775
1165.000    199979         0    199995           0.255     0.686     0.914     1.212     1.358     1.657     2.049     3.594
1166.000    200024         0    200012           0.256     0.699     0.951     1.232     1.369     1.656     2.142     7.479
1167.000    199993         0    200001           0.249     0.697     0.943     1.234     1.378     1.688     2.126     3.983
1168.000    200004         0    199997           0.257     0.685     0.930     1.225     1.367     1.666     2.093     5.210
1169.000    200025         0    200011           0.251     0.697     0.978     1.262     1.408     1.706     2.101     3.013
1170.000    199981         0    199979           0.262     0.702     0.974     1.249     1.393     1.713     3.668     7.832
1171.000    199996         0    200015           0.256     0.698     0.958     1.240     1.378     1.674     2.124     4.579
1172.000    199999         0    199999           0.237     0.703     0.984     1.261     1.404     1.704     2.136     3.895
1173.000    199990         0    199988           0.248     0.693     0.962     1.245     1.384     1.672     2.038     2.867
1174.000    199986         0    199977           0.263     0.719     0.996     1.266     1.404     1.687     2.090     3.088
1175.000    200000         0    199996           0.251     0.703     0.951     1.237     1.375     1.664     2.029     3.447
1176.000    200008         0    200026           0.257     0.693     0.946     1.229     1.367     1.667     2.038     5.816
1177.000    200006         0    200003           0.250     0.717     0.987     1.263     1.409     1.730     2.329     6.611
1178.000    200012         0    200004           0.241     0.742     1.065     1.327     1.482     1.779     2.142     2.728
1179.000    199990         0    199997           0.269     0.697     0.949     1.234     1.371     1.653     1.983     3.336
1180.000    200018         0    200017           0.266     0.693     0.946     1.236     1.373     1.644     1.957     2.501
1181.000    199999         0    199986           0.264     0.705     0.988     1.258     1.393     1.668     1.994     2.941
1182.000    199986         0    199989           0.267     0.723     1.014     1.287     1.439     1.761     2.165     2.927
1183.000    199985         0    199989           0.260     0.726     1.038     1.295     1.440     1.725     2.063     2.664
1184.000    200000         0    199992           0.251     0.715     1.003     1.287     1.440     1.756     2.177     3.375
1185.000    199986         0    200003           0.250     0.686     0.933     1.231     1.373     1.682     2.060     3.086
1186.000    200005         0    200005           0.255     0.697     0.983     1.269     1.416     1.719     2.060     2.695
1187.000    200027         0    200023           0.263     0.718     1.007     1.274     1.414     1.714     2.068     2.798
1188.000    200019         0    200025           0.241     0.706     1.002     1.298     1.454     1.762     2.165     4.825
1189.000    199972         0    199965           0.267     0.705     0.992     1.269     1.411     1.717     2.063     2.656
1190.000    199999         0    200000           0.263     0.711     1.012     1.273     1.411     1.704     2.212     3.426
1191.000    200004         0    199996           0.258     0.714     1.032     1.292     1.440     1.740     2.118     3.467
1192.000    199996         0    200007           0.258     0.720     1.029     1.296     1.446     1.761     2.146     2.882
1193.000    199989         0    199983           0.260     0.715     1.000     1.274     1.423     1.732     2.152     4.874
1194.000    200041         0    200027           0.258     0.712     0.988     1.269     1.414     1.716     2.103     3.951
1195.000    199967         0    199990           0.254     0.731     1.049     1.296     1.438     1.735     2.148     4.772
1196.000    200001         0    199989           0.261     0.720     1.007     1.277     1.422     1.741     2.396    10.322
1197.000    200005         0    200019           0.255     0.737     1.068     1.296     1.428     1.708     2.062     2.816
1198.000    200026         0    200013           0.266     0.721     1.041     1.304     1.458     1.760     2.114     2.808
1199.000    199978         0    199971           0.260     0.696     0.974     1.248     1.381     1.656     1.991     2.714
1200.000    199985         0    199992           0.244     0.718     1.020     1.280     1.418     1.722     2.744     5.841
1201.000    199997         0    200010           0.264     0.727     1.038     1.292     1.428     1.712     2.057     2.929
1202.000    200026         0    199998           0.268     0.753     1.071     1.333     1.491     1.837     2.378     4.502
1203.000    199986         0    199997           0.252     0.732     1.044     1.292     1.431     1.719     2.065     2.611
1204.000    200011         0    200015           0.246     0.709     1.020     1.288     1.434     1.739     2.126     3.047
1205.000    199978         0    199981           0.256     0.702     0.983     1.254     1.386     1.654     2.003     3.150
1206.001    200019         0    200019           0.255     0.692     0.968     1.247     1.386     1.679     2.016     2.939
1207.000    200015         0    200016           0.239     0.684     0.958     1.236     1.368     1.646     2.014     2.673
1208.000    199966         0    199971           0.242     0.733     1.054     1.294     1.432     1.727     2.105     3.709
1209.000    200014         0    199996           0.262     0.722     1.028     1.293     1.441     1.745     2.118     3.072
1210.000    200016         0    200024           0.239     0.720     1.028     1.288     1.432     1.732     2.088     3.095
1211.000    200000         0    200007           0.264     0.699     0.993     1.267     1.410     1.731     2.157     5.939
1212.000    199998         0    199979           0.252     0.714     1.020     1.281     1.423     1.731     2.087     2.912
1213.000    199981         0    199997           0.257     0.697     0.969     1.252     1.395     1.697     2.048     2.888
1214.000    200005         0    200002           0.242     0.700     0.989     1.266     1.402     1.712     2.070     2.796
1215.000    200000         0    200001           0.252     0.710     1.005     1.268     1.406     1.701     2.055     3.086
1216.000    199974         0    199981           0.268     0.729     1.026     1.292     1.439     1.745     2.230     4.596
1217.000    200013         0    200016           0.266     0.709     1.002     1.271     1.411     1.704     2.128     4.243
1218.000    200014         0    200017           0.262     0.710     1.010     1.262     1.397     1.675     1.993     2.390
1219.000    199973         0    199980           0.257     0.727     1.046     1.291     1.432     1.735     2.099     3.086
1220.000    200024         0    200011           0.251     0.722     1.032     1.287     1.425     1.712     2.081     3.549
1221.000    199980         0    199984           0.249     0.708     0.994     1.262     1.401     1.701     2.101     4.796
1222.000    200013         0    200012           0.255     0.687     0.948     1.244     1.394     1.701     2.046     2.634
1223.000    199994         0    200002           0.264     0.698     0.994     1.262     1.398     1.681     2.021     2.652
1224.000    200012         0    200004           0.257     0.701     1.002     1.274     1.420     1.731     2.114     2.863
1225.000    200025         0    200009           0.247     0.725     1.048     1.288     1.420     1.706     2.048     2.980
1226.000    199968         0    199977           0.263     0.702     0.987     1.264     1.402     1.691     2.097     5.636
1227.000    200038         0    200029           0.238     0.712     1.012     1.276     1.414     1.706     2.079     2.662
1228.000    199983         0    199981           0.250     0.696     0.993     1.263     1.398     1.679     2.002     2.695
1229.000    199972         0    199993           0.263     0.725     1.028     1.283     1.428     1.733     2.116     2.955
1230.000    199999         0    200004           0.261     0.715     1.033     1.290     1.432     1.739     2.089     2.738
1231.000    200024         0    200002           0.239     0.726     1.015     1.271     1.410     1.723     2.191     4.551
1232.000    199995         0    199994           0.251     0.727     1.030     1.286     1.424     1.717     2.063     2.810
1233.000    199984         0    199982           0.243     0.721     1.027     1.304     1.463     1.782     2.157     4.346
1234.000    200029         0    200043           0.269     0.732     1.069     1.321     1.475     1.784     2.157     3.545
1235.000    199991         0    199993           0.257     0.742     1.068     1.298     1.435     1.729     2.105     4.350
1236.000    199978         0    199985           0.245     0.717     1.030     1.289     1.436     1.743     2.114     3.672
1237.000    199990         0    199977           0.255     0.727     1.044     1.305     1.458     1.787     2.175     4.989
1238.000    200036         0    200032           0.245     0.690     0.951     1.236     1.372     1.667     2.033     2.912
1239.000    200012         0    200022           0.266     0.688     0.952     1.239     1.373     1.655     2.041     3.099
1240.000    199976         0    199970           0.263     0.701     0.996     1.276     1.418     1.706     2.034     2.898
1241.000    200007         0    200003           0.260     0.705     0.993     1.272     1.420     1.722     2.128     4.139
1242.000    199992         0    200004           0.244     0.684     0.931     1.218     1.353     1.622     1.968     2.886
1243.000    200014         0    199965           0.248     0.727     1.025     1.293     1.444     1.753     2.310     5.919
1244.000    199990         0    200026           0.259     0.721     1.029     1.297     1.448     1.759     2.152     3.037
1245.000    200000         0    200021           0.268     0.714     1.005     1.280     1.425     1.718     2.091     2.839
1246.000    200011         0    199989           0.259     0.697     0.967     1.256     1.401     1.695     2.043     2.726
1247.000    199963         0    199979           0.257     0.720     1.047     1.312     1.457     1.745     2.122     3.525
1248.000    200016         0    200015           0.262     0.694     0.972     1.255     1.405     1.725     2.103     4.915
1249.000    200000         0    199999           0.238     0.701     1.003     1.277     1.425     1.739     2.070     2.818
1250.000    200009         0    199997           0.253     0.717     1.015     1.288     1.434     1.750     2.132     5.149
1251.000    199989         0    200005           0.256     0.689     0.975     1.265     1.411     1.711     2.064     2.836
1252.000    200010         0    199996           0.261     0.700     0.989     1.254     1.389     1.675     2.002     2.656
1253.000    199995         0    199998           0.249     0.716     1.053     1.315     1.469     1.765     2.103     3.076
1254.000    199997         0    200012           0.251     0.701     1.002     1.280     1.434     1.748     2.116     2.771
1255.000    199993         0    199986           0.257     0.701     1.011     1.271     1.404     1.687     2.085     5.927
1256.000    200017         0    200011           0.258     0.696     0.990     1.265     1.401     1.682     2.016     2.920
1257.000    200023         0    200017           0.259     0.685     0.955     1.252     1.400     1.701     2.029     2.732
1258.001    199994         0    199992           0.272     0.714     1.027     1.292     1.440     1.751     2.118     3.850
1259.000    200000         0    200006           0.252     0.713     1.017     1.280     1.418     1.721     2.198     5.050
1260.000    200008         0    199997           0.252     0.707     1.007     1.275     1.415     1.727     2.988     6.463
1261.000    199974         0    199979           0.265     0.701     0.989     1.266     1.407     1.714     2.090     3.797
1262.000    199995         0    200009           0.246     0.703     0.966     1.246     1.389     1.696     2.084     3.578
1263.000    199995         0    199993           0.273     0.713     1.010     1.270     1.404     1.690     2.041     3.072
1264.000    200028         0    200001           0.253     0.695     0.967     1.264     1.420     1.739     2.154     3.222
1265.000    199972         0    199985           0.243     0.703     0.985     1.271     1.422     1.749     2.263     4.510
1266.000    200007         0    200018           0.268     0.711     1.007     1.274     1.414     1.716     2.066     3.185
1267.000    200039         0    200013           0.263     0.726     1.042     1.318     1.480     1.796     2.187     3.752
1268.000    199971         0    199988           0.271     0.706     0.993     1.277     1.422     1.713     2.042     3.250
1269.000    200008         0    200004           0.268     0.720     1.018     1.296     1.452     1.770     2.257     5.087
1270.000    199966         0    199980           0.255     0.718     0.997     1.269     1.410     1.708     2.096     2.978
1271.000    200007         0    200012           0.257     0.712     1.008     1.276     1.412     1.696     2.044     2.806
1272.000    200026         0    200024           0.268     0.718     1.037     1.293     1.440     1.746     2.134     3.434
1273.000    200007         0    199998           0.262     0.689     0.950     1.234     1.368     1.650     2.004     3.176
1274.000    199964         0    199964           0.253     0.729     1.047     1.307     1.464     1.784     2.169     3.138
1275.000    200034         0    200024           0.267     0.755     1.062     1.331     1.484     1.804     2.402     4.710
1276.000    199955         0    199973           0.260     0.734     1.046     1.309     1.456     1.760     2.200     3.723
1277.000    200018         0    200016           0.249     0.727     1.022     1.304     1.456     1.773     2.202     4.149
1278.000    199993         0    199992           0.250     0.720     1.018     1.283     1.425     1.722     2.090     3.031
1279.000    200029         0    200010           0.269     0.724     1.019     1.280     1.423     1.725     2.120     4.059
1280.000    199983         0    199991           0.262     0.742     1.050     1.311     1.460     1.778     2.200     2.992
1281.000    200023         0    200013           0.264     0.750     1.072     1.325     1.471     1.782     2.228     3.875
1282.000    199987         0    199997           0.238     0.709     1.010     1.275     1.415     1.714     2.054     2.626
1283.000    199982         0    199995           0.259     0.701     0.973     1.270     1.421     1.742     2.099     2.707
1284.000    200021         0    200000           0.257     0.714     1.028     1.287     1.425     1.713     2.122     3.129
1285.000    199994         0    200018           0.253     0.769     1.106     1.349     1.501     1.817     2.380     8.733
1286.000    200010         0    199993           0.255     0.709     1.013     1.280     1.421     1.727     2.118     4.284
1287.000    200012         0    200025           0.266     0.723     1.033     1.292     1.438     1.740     2.103     3.609
1288.000    199972         0    199962           0.254     0.718     1.019     1.283     1.425     1.722     2.094     3.183
1289.000    199979         0    199977           0.244     0.709     0.993     1.260     1.402     1.700     2.037     2.855
1290.000    200019         0    200017           0.265     0.703     0.996     1.265     1.409     1.726     2.261     4.588
1291.000    199982         0    200000           0.235     0.731     1.037     1.296     1.446     1.782     3.234     6.107
1292.000    200013         0    199998           0.262     0.731     1.031     1.288     1.431     1.729     2.165     4.325
1293.000    200008         0    200027           0.242     0.709     0.991     1.270     1.418     1.729     2.124     3.414
1294.000    200011         0    200001           0.236     0.700     0.996     1.270     1.408     1.699     2.042     2.646
1295.000    199999         0    199992           0.242     0.713     1.016     1.279     1.417     1.710     2.066     3.467
1296.000    200019         0    200012           0.269     0.717     1.027     1.288     1.436     1.735     2.095     2.750
1297.000    199992         0    200010           0.263     0.710     1.024     1.274     1.408     1.694     2.009     2.863
1298.000    199971         0    199971           0.254     0.722     1.030     1.299     1.450     1.759     2.099     2.789
1299.000    199998         0    199983           0.248     0.736     1.050     1.304     1.448     1.755     2.210     4.874
1300.000    200007         0    200010           0.260     0.725     1.024     1.289     1.434     1.722     2.092     3.031
1301.000    200002         0    200018           0.247     0.718     1.010     1.278     1.418     1.715     2.220     6.783
1302.000    199996         0    199984           0.256     0.724     1.037     1.305     1.453     1.754     2.124     2.701
1303.000    200020         0    200006           0.261     0.741     1.059     1.312     1.454     1.750     2.146     6.840
1304.000    199999         0    200016           0.265     0.753     1.083     1.323     1.466     1.770     2.230     3.643
1305.000    199974         0    199978           0.265     0.728     1.038     1.291     1.426     1.702     2.031     2.638
1306.000    200029         0    200022           0.273     0.715     1.002     1.257     1.392     1.665     2.052     3.156
1307.000    199964         0    199961           0.243     0.735     1.068     1.317     1.467     1.765     2.107     2.742
1308.000    199978         0    199992           0.266     0.777     1.116     1.346     1.493     1.786     2.191     3.824
1309.000    200019         0    200019           0.274     0.743     1.057     1.311     1.460     1.756     2.130     3.078
1310.000    200028         0    200023           0.264     0.729     1.048     1.311     1.463     1.769     2.132     2.664
1311.000    199967         0    199971           0.262     0.737     1.060     1.307     1.450     1.743     2.091     3.144
1312.000    200031         0    200028           0.267     0.790     1.129     1.365     1.521     1.826     2.218     4.227
1313.000    199980         0    199968           0.262     0.727     1.043     1.293     1.436     1.735     2.080     3.160
1314.000    200008         0    200014           0.267     0.728     1.027     1.280     1.414     1.703     2.105     4.522
1315.000    199993         0    199996           0.244     0.753     1.087     1.334     1.479     1.768     2.130     4.489
1316.000    200015         0    200013           0.269     0.727     1.032     1.289     1.433     1.743     2.152     4.172
1317.000    199990         0    199980           0.238     0.743     1.073     1.322     1.465     1.758     2.114     2.947
1318.000    200000         0    200007           0.246     0.735     1.058     1.308     1.452     1.748     2.150     3.641
1319.001    199987         0    200002           0.261     0.720     1.021     1.289     1.433     1.723     2.072     2.990
1320.000    200026         0    199995           0.268     0.751     1.077     1.325     1.479     1.782     2.130     2.705
1321.000    199993         0    200017           0.266     0.747     1.068     1.322     1.469     1.793     2.550     6.468
1322.000    200020         0    200007           0.247     0.722     1.032     1.303     1.448     1.747     2.136     3.389
1323.000    199976         0    199994           0.264     0.740     1.053     1.304     1.450     1.749     2.092     2.685
1324.000    200010         0    200010           0.249     0.726     1.039     1.282     1.423     1.720     2.076     2.705
1325.000    199979         0    199975           0.236     0.718     1.026     1.300     1.454     1.747     2.109     2.834
1326.000    200014         0    200010           0.260     0.749     1.076     1.331     1.489     1.797     2.195     3.095
1327.000    200016         0    200003           0.269     0.718     1.026     1.294     1.447     1.765     2.353     4.272
1328.000    200007         0    200002           0.262     0.747     1.064     1.314     1.460     1.760     2.224     4.841
1329.000    199982         0    200003           0.250     0.746     1.079     1.328     1.482     1.783     2.300     7.840
1330.000    200001         0    200002           0.274     0.740     1.060     1.306     1.447     1.741     2.116     2.925
1331.000    199979         0    199975           0.269     0.727     1.051     1.326     1.483     1.780     2.144     3.693
1332.000    200043         0    200039           0.267     0.719     1.010     1.286     1.440     1.742     2.099     2.941
1333.000    199978         0    199969           0.262     0.721     1.030     1.288     1.431     1.731     2.163     5.329
1334.000    199986         0    199999           0.243     0.725     1.034     1.300     1.445     1.746     2.130     3.701
1335.000    200010         0    200016           0.257     0.717     1.023     1.282     1.419     1.701     2.037     2.718
1336.000    199982         0    199969           0.255     0.707     0.990     1.280     1.436     1.753     2.118     3.230
1337.000    200002         0    199993           0.265     0.710     0.982     1.266     1.414     1.719     2.146     7.545
1338.000    199998         0    200015           0.259     0.727     1.026     1.294     1.443     1.757     2.122     2.830
1339.000    200032         0    200011           0.248     0.725     1.025     1.292     1.445     1.747     2.073     3.049
1340.000    199986         0    200008           0.252     0.718     1.019     1.295     1.451     1.753     2.144     2.957
1341.000    199983         0    199972           0.257     0.720     1.012     1.293     1.442     1.750     2.114     2.908
1342.000    200037         0    200036           0.252     0.722     1.023     1.314     1.479     1.792     2.142     2.867
1343.000    199997         0    200008           0.263     0.722     1.016     1.283     1.428     1.734     2.144     3.191
1344.000    199987         0    199980           0.258     0.741     1.050     1.311     1.462     1.773     2.161     3.750
1345.000    199982         0    199986           0.254     0.731     1.029     1.298     1.450     1.767     2.208     5.304
1346.000    200005         0    199998           0.263     0.729     1.023     1.288     1.435     1.740     2.134     3.451
1347.000    200029         0    200018           0.257     0.751     1.057     1.316     1.468     1.795     2.241     3.590
1348.000    199972         0    199989           0.263     0.735     1.052     1.304     1.447     1.739     2.126     3.680
1349.000    199988         0    199990           0.245     0.727     1.047     1.289     1.427     1.714     2.045     2.802
1350.000    200006         0    200003           0.269     0.726     1.031     1.286     1.424     1.713     2.097     3.316
1351.000    200006         0    200006           0.257     0.731     1.041     1.296     1.442     1.761     2.587     5.292
1352.000    200013         0    200005           0.255     0.708     1.010     1.288     1.442     1.747     2.124     2.767
1353.000    200006         0    200016           0.250     0.718     1.033     1.295     1.439     1.731     2.089     2.902
1354.000    200015         0    199995           0.273     0.731     1.021     1.297     1.451     1.766     2.175     3.465
1355.000    199966         0    199991           0.268     0.737     1.046     1.311     1.461     1.766     2.163     3.211
1356.000    200017         0    200009           0.253     0.708     0.983     1.265     1.409     1.709     2.088     3.123
1357.000    200002         0    199997           0.231     0.728     1.051     1.308     1.457     1.763     2.136     3.408
1358.000    199981         0    199999           0.256     0.721     1.000     1.273     1.413     1.700     2.163     3.414
1359.000    200017         0    200012           0.255     0.726     1.026     1.287     1.427     1.707     2.053     2.728
1360.000    199996         0    199986           0.248     0.707     0.985     1.280     1.435     1.750     2.132     3.009
1361.000    199993         0    199995           0.265     0.738     1.046     1.302     1.447     1.755     2.212     3.586
1362.000    200036         0    200000           0.271     0.724     1.018     1.285     1.425     1.716     2.114     2.927
1363.000    199963         0    200002           0.261     0.739     1.047     1.315     1.463     1.781     2.304     5.140
1364.000    200009         0    200004           0.228     0.705     0.965     1.245     1.389     1.687     2.067     3.088
1365.001    200018         0    200010           0.241     0.710     0.988     1.265     1.409     1.705     2.080     2.630
1366.000    199985         0    200005           0.259     0.725     1.020     1.287     1.436     1.743     2.163     4.633
1367.000    199999         0    199997           0.252     0.710     0.990     1.265     1.412     1.732     2.099     3.234
1368.000    200008         0    200000           0.224     0.720     1.007     1.283     1.431     1.731     2.111     3.054
1369.000    199984         0    199996           0.270     0.702     0.961     1.257     1.409     1.720     2.134     4.110
1370.000    199974         0    199958           0.258     0.739     1.051     1.326     1.488     1.810     2.365     8.684
1371.000    200014         0    200022           0.269     0.723     1.014     1.282     1.428     1.741     2.169     3.467
1372.000    199995         0    199998           0.255     0.752     1.074     1.337     1.495     1.810     2.238     5.628
1373.000    200008         0    199984           0.265     0.757     1.077     1.324     1.471     1.770     2.157     3.088
1374.000    199998         0    200019           0.258     0.718     0.990     1.275     1.427     1.735     2.120     2.826
1375.000    200008         0    200010           0.242     0.709     0.975     1.272     1.427     1.741     2.169     7.102
1376.000    199976         0    199962           0.253     0.736     1.026     1.295     1.445     1.760     2.171     3.310
1377.000    200015         0    200029           0.261     0.732     1.047     1.307     1.453     1.754     2.124     2.843
1378.000    200039         0    200030           0.258     0.723     1.041     1.327     1.498     1.823     2.210     3.488
1379.000    199988         0    199972           0.241     0.752     1.066     1.335     1.497     1.819     2.234     3.033
1380.001    199978         0    199981           0.269     0.722     1.008     1.297     1.462     1.787     2.214     3.471
1381.000    199976         0    200001           0.269     0.729     1.026     1.314     1.480     1.815     2.367     4.731
1382.000    200031         0    200021           0.258     0.748     1.067     1.326     1.483     1.802     2.200     3.480
1383.000    200025         0    200029           0.260     0.723     1.027     1.297     1.446     1.752     2.195     3.641
1384.000    199971         0    199955           0.255     0.722     1.034     1.325     1.488     1.789     2.177     3.277
1385.000    200032         0    200039           0.272     0.739     1.039     1.313     1.468     1.773     2.142     3.176
1386.000    200004         0    200000           0.226     0.732     1.039     1.309     1.457     1.748     2.120     2.648
1387.000    199969         0    199936           0.247     0.716     1.005     1.294     1.451     1.768     2.218     6.975
1388.000    200024         0    200048           0.262     0.714     1.004     1.287     1.440     1.732     2.107     2.939
1389.000    199967         0    200000           0.253     0.729     1.028     1.311     1.469     1.782     2.171     4.033
1390.000    200022         0    199983           0.251     0.720     1.036     1.314     1.473     1.773     2.128     2.826
1391.000    200003         0    200026           0.253     0.721     1.027     1.298     1.449     1.753     2.124     2.787
1392.000    200004         0    200000           0.250     0.700     0.985     1.275     1.427     1.731     2.062     2.789
1393.000    199997         0    199998           0.256     0.712     1.006     1.299     1.459     1.762     2.090     2.697
1394.000    199974         0    199979           0.265     0.705     0.998     1.283     1.432     1.733     2.061     3.342
1395.000    200012         0    200021           0.249     0.716     1.013     1.279     1.421     1.722     2.092     2.810
1396.000    200005         0    200000           0.262     0.701     0.976     1.278     1.434     1.738     2.140     3.676
1397.000    200002         0    200002           0.245     0.716     1.016     1.285     1.431     1.744     2.099     2.638
1398.000    200020         0    200007           0.260     0.708     0.990     1.280     1.439     1.752     2.130     3.101
1399.000    199959         0    199972           0.264     0.707     0.987     1.265     1.409     1.717     2.105     2.681
1400.000    200016         0    200012           0.267     0.748     1.065     1.333     1.488     1.801     2.621     9.708
1401.000    199976         0    199976           0.268     0.722     1.010     1.283     1.435     1.742     2.128     3.521
1402.000    200016         0    200017           0.253     0.740     1.048     1.302     1.450     1.757     2.165     3.918
1403.000    200000         0    199997           0.254     0.728     1.016     1.304     1.461     1.782     2.173     3.387
1404.000    199983         0    199988           0.255     0.731     1.036     1.322     1.486     1.812     2.234     4.067
1405.000    199991         0    199986           0.245     0.710     1.019     1.297     1.453     1.763     2.126     2.875
1406.000    200007         0    200014           0.255     0.710     0.981     1.289     1.455     1.769     2.136     2.726
1407.000    200056         0    200039           0.254     0.727     1.040     1.333     1.497     1.811     2.243     5.849
1408.000    199964         0    199983           0.248     0.694     0.957     1.261     1.413     1.718     2.041     3.088
1409.000    200007         0    199980           0.229     0.723     1.028     1.304     1.459     1.765     2.128     2.830
1410.000    200014         0    200027           0.253     0.741     1.053     1.320     1.476     1.791     2.357     5.804
1411.000    200008         0    199977           0.258     0.719     1.007     1.289     1.448     1.812     3.990     6.439
1412.000    199989         0    200017           0.282     0.762     1.105     1.384     1.558     1.879     2.378     5.100
1413.000    199960         0    199984           0.249     0.733     1.039     1.314     1.473     1.781     2.142     2.619
1414.000    200038         0    200017           0.259     0.708     0.986     1.278     1.431     1.721     2.087     3.230
1415.000    199987         0    199991           0.262     0.730     1.040     1.315     1.468     1.781     2.212     3.248
1416.000    200013         0    200018           0.246     0.691     0.936     1.228     1.371     1.666     2.045     2.904
1417.000    199990         0    199984           0.245     0.714     1.017     1.292     1.444     1.738     2.070     2.826
1418.000    200003         0    200012           0.261     0.711     0.991     1.279     1.434     1.729     2.101     3.095
1419.000    199996         0    200000           0.267     0.719     1.008     1.294     1.451     1.751     2.130     3.140
1420.000    199990         0    199992           0.251     0.741     1.044     1.310     1.459     1.760     2.204     5.001
1421.000    199982         0    199972           0.254     0.741     1.056     1.316     1.466     1.768     2.142     2.834
1422.000    200000         0    200004           0.271     0.739     1.037     1.293     1.434     1.732     2.116     3.322
1423.000    200045         0    200032           0.248     0.731     1.040     1.325     1.487     1.805     2.216     3.394
1424.000    199978         0    199983           0.241     0.715     0.995     1.272     1.412     1.693     2.096     2.742
1425.000    200013         0    200018           0.261     0.709     0.982     1.272     1.423     1.726     2.109     4.041
1426.000    199994         0    199981           0.254     0.741     1.058     1.313     1.457     1.751     2.138     5.370
1427.000    200023         0    200035           0.259     0.728     1.016     1.292     1.447     1.762     2.206     3.955
1428.000    199973         0    199976           0.236     0.737     1.039     1.311     1.473     1.806     2.232     3.598
1429.000    199991         0    199982           0.259     0.734     1.037     1.307     1.464     1.772     2.140     3.914
1430.001    200031         0    200026           0.258     0.739     1.042     1.315     1.468     1.779     2.191     2.974
1431.000    199974         0    199990           0.266     0.739     1.050     1.326     1.486     1.811     2.294     5.079
1432.000    199997         0    199991           0.248     0.723     1.038     1.312     1.463     1.765     2.122     3.660
1433.000    200017         0    200006           0.245     0.700     0.977     1.266     1.415     1.714     2.076     3.125
1434.000    199995         0    200012           0.255     0.722     1.023     1.280     1.422     1.705     2.073     3.029
1435.000    200000         0    199980           0.247     0.723     1.027     1.297     1.451     1.773     2.193     3.027
1436.001    200044         0    200024           0.247     0.703     0.975     1.261     1.411     1.730     2.077     2.834
1437.000    199949         0    199988           0.258     0.727     1.036     1.306     1.460     1.763     2.138     3.021
1438.000    199989         0    199994           0.237     0.733     1.048     1.309     1.460     1.762     2.138     3.992
1439.000    200018         0    200016           0.256     0.719     1.024     1.296     1.451     1.760     2.202     4.159
1440.000    199992         0    199988           0.250     0.702     0.980     1.263     1.408     1.706     2.056     2.857
1441.000    200035         0    200018           0.241     0.698     0.952     1.242     1.384     1.676     2.038     2.742
1442.000    199949         0    199966           0.255     0.689     0.940     1.241     1.398     1.735     3.258     6.443
1443.000    200004         0    199995           0.259     0.740     1.060     1.335     1.494     1.795     2.212     3.629
1444.000    200004         0    200017           0.271     0.728     1.024     1.298     1.450     1.752     2.138     2.871
1445.000    200012         0    200004           0.268     0.720     1.014     1.276     1.415     1.714     2.075     2.623
1446.000    199982         0    199990           0.256     0.711     1.015     1.277     1.416     1.707     2.105     3.813
1447.000    199969         0    199956           0.238     0.717     1.020     1.274     1.406     1.688     2.045     4.260
1448.000    200044         0    200058           0.266     0.706     0.997     1.274     1.416     1.708     2.067     2.929
1449.000    199999         0    199999           0.258     0.716     0.999     1.283     1.434     1.736     2.142     3.992
1450.000    199968         0    199965           0.258     0.708     0.970     1.251     1.392     1.672     2.089     3.502
1451.000    200056         0    200026           0.263     0.728     1.005     1.286     1.443     1.778     2.429     4.780
1452.000    199969         0    200000           0.251     0.698     0.966     1.250     1.395     1.690     2.052     2.959
1453.000    200003         0    199986           0.270     0.697     0.950     1.244     1.393     1.704     2.208     4.260
1454.000    200022         0    200025           0.256     0.727     1.034     1.286     1.422     1.709     2.073     3.162
1455.000    199975         0    199984           0.255     0.698     0.974     1.266     1.416     1.730     2.063     3.023
1456.000    200030         0    200023           0.263     0.700     0.972     1.265     1.415     1.720     2.070     3.592
1457.000    199990         0    199992           0.247     0.729     1.032     1.316     1.479     1.787     2.159     3.711
1458.000    200005         0    199996           0.251     0.696     0.965     1.263     1.417     1.726     2.094     4.895
1459.000    199982         0    199996           0.258     0.683     0.926     1.229     1.374     1.676     2.037     2.884
1460.000    200012         0    200004           0.270     0.711     0.980     1.272     1.424     1.736     2.122     3.125
1461.000    200013         0    200017           0.264     0.686     0.915     1.224     1.375     1.684     2.056     2.720
1462.000    199965         0    199973           0.259     0.691     0.950     1.249     1.396     1.691     2.128     3.789
1463.000    200032         0    200008           0.254     0.708     0.988     1.254     1.390     1.658     2.003     2.806
1464.000    199992         0    200012           0.251     0.691     0.946     1.239     1.386     1.681     2.052     3.015
1465.000    199994         0    199987           0.232     0.679     0.938     1.243     1.394     1.697     2.032     2.767
1466.000    200007         0    200002           0.254     0.668     0.913     1.214     1.355     1.633     1.953     2.638
1467.000    200003         0    200001           0.255     0.667     0.901     1.204     1.341     1.615     1.947     2.882
1468.000    200003         0    200012           0.258     0.687     0.932     1.238     1.386     1.690     2.039     3.246
1469.000    200012         0    200000           0.227     0.693     0.955     1.257     1.408     1.723     2.120     2.900
1470.000    199962         0    199981           0.248     0.692     0.931     1.225     1.372     1.673     2.061     2.955
1471.000    200014         0    200012           0.240     0.688     0.940     1.234     1.371     1.673     2.055     3.092
1472.000    200003         0    199987           0.250     0.682     0.929     1.228     1.369     1.658     2.114     3.738
1473.000    200022         0    200034           0.241     0.674     0.918     1.222     1.363     1.645     1.958     2.800
1474.000    199988         0    200002           0.260     0.679     0.924     1.232     1.378     1.678     2.040     3.039
1475.000    199998         0    199983           0.257     0.692     0.952     1.246     1.398     1.711     2.165     4.069
1476.000    199958         0    199952           0.255     0.713     1.004     1.279     1.430     1.742     2.138     3.830
1477.000    200036         0    200036           0.244     0.697     0.978     1.272     1.416     1.708     2.072     3.340
1478.000    199991         0    200006           0.260     0.703     0.984     1.266     1.411     1.720     2.122     2.892
1479.000    199985         0    199989           0.268     0.711     1.006     1.290     1.437     1.733     2.142     3.015
1480.000    200012         0    200001           0.243     0.698     0.983     1.268     1.407     1.687     2.043     2.933
1481.000    199992         0    200003           0.252     0.728     1.035     1.308     1.464     1.775     2.181     4.510
1482.000    200020         0    200016           0.264     0.748     1.068     1.320     1.465     1.773     2.228     5.804
1483.000    200004         0    199999           0.252     0.723     1.030     1.290     1.433     1.727     2.079     3.011
1484.000    199980         0    199982           0.255     0.736     1.059     1.316     1.468     1.773     2.148     3.236
1485.000    199997         0    199988           0.258     0.742     1.072     1.333     1.488     1.797     2.255     4.833
1486.000    200013         0    200003           0.247     0.724     1.037     1.322     1.486     1.810     2.271     7.164
1487.000    200000         0    199999           0.250     0.754     1.075     1.324     1.476     1.786     2.271     4.743
1488.000    199956         0    199982           0.255     0.728     1.063     1.319     1.462     1.746     2.060     2.640
1489.000    200038         0    200037           0.254     0.708     0.997     1.271     1.411     1.695     2.029     2.675
1490.000    200001         0    199990           0.264     0.734     1.053     1.310     1.451     1.742     2.159     3.652
1491.000    200021         0    200006           0.264     0.743     1.064     1.317     1.458     1.735     2.073     2.736
1492.000    200002         0    200000           0.251     0.741     1.074     1.337     1.495     1.789     2.134     2.755
1493.000    199999         0    200006           0.238     0.729     1.058     1.334     1.495     1.803     2.148     2.875
1494.000    200000         0    199994           0.252     0.728     1.049     1.311     1.457     1.745     2.089     2.906
1495.000    199955         0    199980           0.257     0.740     1.086     1.339     1.492     1.783     2.157     4.248
1496.000    200019         0    200020           0.243     0.703     1.004     1.265     1.399     1.690     2.024     3.957
1497.000    199982         0    199970           0.257     0.701     0.988     1.268     1.410     1.704     2.181     4.719
1498.000    200006         0    200000           0.247     0.718     1.041     1.304     1.452     1.754     2.084     3.019
1499.000    200025         0    200033           0.248     0.730     1.062     1.316     1.458     1.748     2.088     2.519
1500.000    200022         0    200015           0.253     0.734     1.078     1.320     1.465     1.754     2.056     2.804
1501.000    199983         0    199988           0.262     0.740     1.079     1.328     1.479     1.776     2.118     2.640
1502.000    199992         0    199986           0.263     0.772     1.120     1.390     1.560     1.912     3.455     6.279
1503.000    200006         0    200004           0.248     0.750     1.090     1.377     1.554     1.892     2.423     4.043
1504.000    199975         0    199986           0.257     0.710     1.022     1.295     1.443     1.742     2.077     2.654
1505.000    200015         0    200005           0.268     0.707     1.026     1.308     1.458     1.760     2.107     2.759
1506.000    200005         0    200007           0.255     0.708     1.003     1.297     1.455     1.779     2.249     6.468
1507.000    199926         0    199935           0.252     0.710     1.035     1.319     1.486     1.800     2.161     3.936
1508.000    200084         0    200057           0.251     0.718     1.054     1.319     1.463     1.752     2.059     2.824
1509.000    200016         0    200005           0.262     0.687     0.961     1.257     1.406     1.712     2.053     3.475
1510.000    199986         0    200017           0.253     0.721     1.052     1.320     1.471     1.773     2.103     2.664
1511.000    199985         0    199998           0.247     0.705     1.014     1.281     1.425     1.718     2.046     2.505
1512.000    200036         0    200004           0.265     0.715     1.032     1.299     1.448     1.758     2.105     3.537
1513.000    199970         0    199987           0.256     0.720     1.043     1.317     1.468     1.778     2.165     4.080
1514.000    199987         0    199996           0.262     0.736     1.053     1.310     1.451     1.747     2.183     4.114
1515.000    200012         0    199988           0.250     0.736     1.060     1.350     1.544     3.176    10.109    13.738
1516.000    199961         0    199977           0.254     0.721     1.038     1.309     1.457     1.769     2.146     3.381
1517.000    200009         0    200012           0.247     0.721     1.041     1.323     1.483     1.800     2.370     4.121
1518.000    200031         0    200036           0.247     0.675     0.933     1.243     1.391     1.680     2.011     2.785
1519.000    199958         0    199961           0.258     0.736     1.078     1.364     1.534     1.847     2.290     3.658
1520.000    200024         0    200025           0.240     0.718     1.030     1.308     1.462     1.772     2.187     5.181
1521.000    200027         0    200015           0.254     0.701     0.999     1.292     1.453     1.764     2.105     2.982
1522.000    199995         0    200001           0.269     0.717     1.047     1.332     1.494     1.790     2.159     3.484
1523.000    199988         0    199988           0.250     0.707     1.018     1.295     1.443     1.731     2.053     2.847
1524.000    200031         0    200032           0.252     0.712     1.032     1.300     1.455     1.765     2.124     3.432
1525.000    199974         0    199975           0.243     0.696     0.999     1.275     1.414     1.697     1.993     2.507
1526.000    199975         0    199985           0.245     0.702     1.019     1.304     1.453     1.737     2.074     2.773
1527.000    200006         0    200000           0.254     0.679     0.946     1.248     1.390     1.669     2.008     2.710
1528.000    200010         0    200003           0.263     0.704     1.020     1.299     1.448     1.746     2.081     4.162
1529.000    200017         0    200021           0.264     0.718     1.045     1.327     1.493     1.806     2.241     4.239
1530.000    200001         0    199998           0.233     0.713     1.059     1.334     1.497     1.795     2.111     2.955
1531.000    199959         0    199969           0.237     0.715     1.044     1.349     1.516     1.822     2.163     3.863
1532.000    199994         0    199995           0.254     0.707     1.009     1.302     1.457     1.751     2.152     4.477
1533.000    200056         0    200044           0.245     0.726     1.067     1.334     1.487     1.762     2.061     2.873
1534.000    199969         0    199964           0.254     0.694     1.013     1.298     1.457     1.768     2.111     3.318
1535.000    200023         0    200018           0.232     0.710     1.035     1.296     1.442     1.742     2.089     3.162
1536.000    199972         0    199987           0.243     0.703     1.017     1.282     1.425     1.730     2.049     3.064
1537.000    200030         0    200010           0.255     0.684     0.969     1.271     1.425     1.749     2.109     3.367
1538.000    199973         0    199995           0.259     0.689     0.980     1.277     1.428     1.729     2.076     2.980
1539.000    200028         0    200009           0.244     0.706     1.031     1.312     1.471     1.776     2.216     6.320
1540.000    199983         0    199988           0.258     0.690     0.996     1.277     1.422     1.721     2.084     4.768
1541.000    199993         0    200005           0.253     0.688     1.004     1.273     1.418     1.715     2.029     2.650
1542.000    200032         0    200027           0.247     0.701     1.025     1.293     1.440     1.750     2.072     2.605
1543.000    199989         0    199995           0.252     0.684     0.974     1.267     1.414     1.731     2.105     3.910
1544.000    200014         0    199997           0.258     0.672     0.928     1.247     1.401     1.713     2.038     2.861
1545.000    199983         0    200000           0.236     0.672     0.935     1.245     1.394     1.689     1.991     2.654
1546.000    199998         0    200002           0.257     0.695     1.018     1.284     1.419     1.698     1.982     2.540
1547.000    199999         0    199985           0.247     0.691     0.995     1.265     1.406     1.696     2.022     2.916
1548.000    200003         0    200015           0.259     0.712     1.030     1.303     1.456     1.754     2.087     3.297
1549.000    199993         0    199964           0.267     0.711     1.010     1.285     1.433     1.740     2.096     2.824
1550.000    200003         0    200019           0.236     0.690     0.970     1.273     1.430     1.741     2.103     3.019
1551.000    200000         0    199995           0.261     0.695     0.988     1.279     1.435     1.752     2.092     2.785
1552.000    199993         0    199999           0.275     0.701     0.986     1.292     1.461     1.792     2.157     3.314
1553.000    200008         0    200017           0.254     0.699     0.998     1.282     1.433     1.741     2.253     8.716
1554.000    199980         0    199991           0.264     0.688     0.974     1.263     1.407     1.697     2.004     2.836
1555.000    200035         0    200009           0.243     0.685     0.976     1.275     1.424     1.725     2.041     2.552
1556.000    199980         0    199999           0.251     0.698     0.993     1.273     1.418     1.701     2.037     2.593
1557.000    200011         0    199992           0.248     0.693     0.984     1.267     1.411     1.719     2.061     3.308
1558.000    199999         0    200008           0.250     0.693     0.963     1.265     1.410     1.707     2.065     3.242
1559.000    200015         0    200004           0.237     0.690     0.966     1.273     1.432     1.745     2.343     7.451
1560.000    199955         0    199973           0.263     0.689     0.992     1.283     1.441     1.747     2.067     2.703
1561.000    200038         0    200023           0.253     0.706     1.020     1.298     1.449     1.735     2.046     2.718
1562.000    200009         0    200009           0.252     0.696     1.009     1.303     1.459     1.764     2.140     2.988
1563.000    199946         0    199968           0.257     0.697     1.001     1.288     1.439     1.768     3.652     8.114
1564.000    200014         0    200010           0.257     0.708     1.025     1.331     1.497     1.796     2.140     4.796
1565.000    200015         0    200013           0.247     0.717     1.022     1.297     1.436     1.708     2.033     3.011
1566.000    200003         0    199999           0.249     0.724     1.038     1.331     1.499     1.807     2.195     3.895
1567.000    200011         0    200000           0.262     0.733     1.061     1.314     1.455     1.757     2.109     2.951
1568.000    199988         0    199984           0.242     0.723     1.052     1.306     1.449     1.744     2.072     3.295
1569.000    199992         0    200009           0.257     0.703     1.002     1.271     1.411     1.708     2.044     2.800
1570.000    199989         0    199979           0.252     0.723     1.042     1.313     1.467     1.755     2.062     2.603
1571.000    199992         0    199998           0.260     0.737     1.054     1.325     1.485     1.802     2.230     4.192
1572.000    200010         0    200014           0.259     0.722     1.030     1.313     1.471     1.774     2.132     2.998
1573.000    199989         0    199998           0.263     0.719     1.030     1.317     1.477     1.785     2.148     2.759
1574.000    200032         0    200019           0.256     0.727     1.042     1.333     1.497     1.810     2.208     3.418
1575.000    199965         0    199966           0.257     0.732     1.080     1.357     1.519     1.818     2.212     4.125
1576.000    200046         0    200048           0.260     0.726     1.050     1.324     1.483     1.798     2.204     3.504
1577.000    199966         0    199975           0.267     0.726     1.064     1.337     1.497     1.792     2.138     3.869
1578.000    200023         0    200010           0.234     0.686     0.969     1.270     1.422     1.722     2.047     2.583
1579.000    199997         0    200000           0.255     0.695     0.985     1.274     1.418     1.705     2.044     2.976
1580.000    199952         0    199958           0.252     0.723     1.023     1.309     1.467     1.779     2.198     3.566
1581.000    200023         0    200015           0.258     0.714     1.008     1.289     1.443     1.751     2.111     3.256
1582.000    200030         0    200024           0.241     0.688     0.964     1.256     1.400     1.694     2.097     3.398
1583.000    200019         0    200015           0.260     0.704     0.986     1.283     1.436     1.754     2.105     4.403
1584.000    199984         0    199998           0.230     0.728     1.053     1.331     1.495     1.805     2.193     3.336
1585.000    199988         0    199990           0.238     0.758     1.098     1.360     1.525     1.846     2.308     4.018
1586.000    200009         0    200001           0.258     0.739     1.069     1.342     1.505     1.835     2.361     5.218
1587.000    200013         0    200005           0.259     0.722     1.047     1.337     1.509     1.820     2.259     7.160
1588.000    199960         0    199979           0.250     0.686     0.946     1.245     1.388     1.693     2.073     3.549
1589.000    200019         0    200015           0.260     0.690     0.966     1.268     1.417     1.708     2.071     2.781
1590.000    199996         0    199975           0.244     0.727     1.060     1.353     1.518     1.815     2.185     2.882
1591.000    200006         0    199999           0.243     0.721     1.062     1.332     1.491     1.793     2.132     3.017
1592.000    200007         0    200017           0.271     0.720     1.051     1.337     1.505     1.812     2.169     2.986
1593.000    200018         0    200006           0.270     0.721     1.041     1.325     1.482     1.778     2.146     3.293
1594.000    199958         0    199976           0.259     0.723     1.044     1.323     1.483     1.802     2.181     3.244
1595.000    200004         0    200024           0.244     0.697     0.984     1.291     1.448     1.762     2.120     3.258
1596.000    199988         0    199978           0.258     0.692     0.981     1.282     1.438     1.737     2.073     2.677
1597.000    200005         0    200014           0.227     0.699     0.970     1.285     1.449     1.777     2.212     5.616
1598.000    199991         0    199986           0.239     0.705     1.001     1.299     1.454     1.763     2.130     3.090
1599.000    200004         0    199998           0.259     0.692     0.942     1.255     1.415     1.736     2.367     7.381
1600.000    200023         0    200024           0.243     0.702     0.992     1.287     1.440     1.751     2.085     2.785
1601.000    200005         0    200012           0.243     0.718     1.035     1.327     1.489     1.802     2.198     3.154
1602.000    199998         0    199989           0.248     0.723     1.056     1.337     1.503     1.826     2.267     4.579
1603.000    199974         0    199981           0.270     0.703     1.015     1.305     1.460     1.760     2.124     3.467
1604.000    200005         0    200000           0.239     0.720     1.038     1.314     1.459     1.760     2.116     2.900
1605.000    200015         0    200021           0.244     0.710     1.038     1.307     1.455     1.750     2.070     2.687
1606.000    200007         0    199994           0.263     0.714     1.025     1.311     1.460     1.753     2.132     3.502
1607.000    199994         0    200003           0.255     0.711     1.020     1.308     1.461     1.758     2.126     3.639
1608.000    200024         0    200009           0.243     0.692     1.010     1.329     1.508     1.814     2.169     2.896
1609.000    200000         0    200007           0.256     0.688     0.989     1.305     1.471     1.774     2.081     2.617
1610.000    199971         0    199971           0.257     0.685     0.958     1.254     1.391     1.681     2.008     2.671
1611.000    200001         0    200011           0.249     0.691     1.008     1.331     1.511     1.808     2.130     3.473
1612.000    200031         0    200019           0.260     0.688     0.971     1.270     1.414     1.730     2.105     3.471
1613.001    199980         0    199991           0.243     0.697     1.002     1.318     1.484     1.785     2.138     3.357
1614.000    199984         0    199982           0.257     0.690     0.980     1.268     1.414     1.738     2.082     3.178
1615.000    200018         0    199993           0.239     0.678     0.948     1.260     1.406     1.709     2.038     2.509
1616.000    199983         0    200004           0.234     0.714     1.037     1.331     1.499     1.812     2.169     3.621
1617.000    200037         0    200024           0.249     0.718     1.042     1.342     1.507     1.817     2.175     3.408
1618.000    199996         0    200004           0.239     0.695     0.986     1.280     1.431     1.739     2.083     3.054
1619.000    199953         0    199966           0.259     0.729     1.068     1.340     1.493     1.782     2.093     2.664
1620.000    200023         0    200009           0.250     0.685     0.971     1.288     1.446     1.758     2.122     3.367
1621.000    199986         0    199991           0.237     0.705     1.011     1.297     1.447     1.748     2.067     2.644
1622.000    200011         0    200008           0.253     0.695     1.006     1.299     1.456     1.767     2.114     3.977
1623.000    200006         0    200009           0.247     0.676     0.950     1.258     1.406     1.738     2.337     5.255
1624.000    199988         0    199990           0.258     0.705     1.029     1.305     1.453     1.755     2.101     2.677
1625.000    199997         0    199969           0.260     0.692     0.996     1.309     1.478     1.781     2.116     2.587
1626.000    199989         0    200002           0.238     0.692     1.008     1.291     1.445     1.754     2.105     2.830
1627.000    200028         0    200036           0.244     0.718     1.065     1.360     1.534     1.843     2.191     3.275
1628.000    199993         0    200009           0.261     0.685     0.993     1.288     1.442     1.754     2.071     2.681
1629.000    200017         0    200004           0.263     0.696     1.008     1.293     1.446     1.754     2.060     2.691
1630.000    199981         0    199985           0.251     0.709     1.036     1.300     1.448     1.752     2.081     2.804
1631.000    199998         0    200002           0.252     0.689     0.987     1.276     1.420     1.727     2.080     2.978
1632.000    199989         0    199992           0.247     0.700     1.002     1.291     1.438     1.739     2.061     2.791
1633.000    199993         0    199988           0.254     0.713     1.021     1.317     1.479     1.790     2.134     3.068
1634.000    200013         0    200017           0.237     0.696     0.969     1.265     1.411     1.709     2.078     3.783
1635.000    199981         0    199984           0.254     0.697     0.998     1.283     1.428     1.721     2.029     2.554
1636.000    200028         0    200018           0.250     0.677     0.946     1.256     1.406     1.724     2.146     8.360
1637.000    199983         0    199997           0.259     0.693     0.975     1.276     1.421     1.715     2.051     2.759
1638.000    200022         0    200009           0.247     0.703     1.009     1.298     1.454     1.764     2.068     2.648
1639.000    200009         0    200003           0.253     0.717     1.012     1.312     1.478     1.793     2.204     3.680
1640.000    199971         0    199983           0.261     0.698     0.985     1.274     1.418     1.717     2.105     3.246
1641.000    200031         0    200028           0.265     0.697     0.968     1.279     1.440     1.783     2.497     7.545
1642.000    200009         0    199995           0.261     0.708     0.978     1.266     1.410     1.711     2.187     4.190
1643.000    199970         0    199974           0.239     0.664     0.906     1.227     1.375     1.694     2.050     4.317
1644.001    200001         0    200006           0.249     0.696     0.971     1.255     1.397     1.697     2.118     7.655
1645.000    200003         0    200010           0.251     0.669     0.892     1.205     1.355     1.672     2.049     3.152
1646.000    200042         0    200020           0.251     0.679     0.954     1.261     1.405     1.699     2.029     2.701
1647.000    199993         0    200000           0.252     0.675     0.910     1.220     1.356     1.627     1.959     2.763
1648.000    199974         0    199990           0.254     0.671     0.921     1.236     1.379     1.696     2.003     2.617
1649.000    200015         0    200006           0.247     0.700     0.972     1.263     1.410     1.715     2.114     3.965
1650.000    199998         0    199987           0.245     0.671     0.902     1.218     1.368     1.673     2.017     2.525
1651.000    200004         0    200018           0.249     0.697     0.958     1.251     1.390     1.668     2.015     3.391
1652.000    199987         0    199982           0.247     0.671     0.909     1.229     1.375     1.683     2.011     3.199
1653.000    199998         0    200009           0.273     0.689     0.932     1.236     1.379     1.688     2.169     8.856
1654.000    199975         0    199963           0.239     0.665     0.875     1.181     1.330     1.612     1.965     3.541
1655.000    200032         0    200041           0.243     0.653     0.869     1.182     1.325     1.596     1.930     2.904
1656.000    200013         0    200010           0.253     0.675     0.908     1.228     1.372     1.659     2.006     2.834
1657.000    199996         0    199989           0.249     0.684     0.922     1.226     1.373     1.667     1.994     2.898
1658.000    200001         0    199989           0.248     0.672     0.911     1.223     1.373     1.678     2.032     5.751
1659.000    199996         0    200005           0.251     0.684     0.943     1.242     1.383     1.674     2.013     2.798
1660.000    199968         0    199981           0.257     0.714     1.017     1.298     1.449     1.762     2.132     3.844
1661.000    199998         0    200005           0.249     0.680     0.916     1.219     1.362     1.662     2.037     3.848
1662.000    200004         0    200003           0.247     0.675     0.916     1.217     1.349     1.608     1.927     3.197
1663.000    200010         0    200008           0.248     0.673     0.892     1.198     1.338     1.612     1.935     2.822
1664.000    200040         0    200005           0.259     0.680     0.898     1.206     1.353     1.631     2.028     3.764
1665.000    199949         0    199992           0.256     0.663     0.907     1.219     1.352     1.622     1.959     2.587
1666.000    200008         0    199991           0.244     0.662     0.899     1.208     1.339     1.594     1.907     2.486
1667.000    200005         0    200008           0.258     0.664     0.894     1.208     1.347     1.628     1.935     3.054
1668.000    200021         0    200011           0.233     0.671     0.924     1.226     1.363     1.645     1.962     2.906
1669.000    199991         0    200004           0.244     0.667     0.893     1.212     1.357     1.642     1.969     2.632
1670.000    200017         0    199987           0.239     0.676     0.936     1.245     1.385     1.672     2.022     2.970
1671.000    199996         0    200008           0.236     0.673     0.914     1.223     1.361     1.635     1.972     3.240
1672.000    199982         0    199996           0.254     0.666     0.914     1.226     1.359     1.623     1.925     2.529
1673.000    199993         0    199998           0.239     0.659     0.894     1.220     1.367     1.689     2.041     3.219
1674.000    200002         0    199994           0.236     0.682     0.928     1.237     1.380     1.680     2.080     4.121
1675.000    200016         0    200010           0.252     0.685     0.944     1.240     1.377     1.669     2.026     2.800
1676.000    199975         0    199986           0.260     0.686     0.943     1.253     1.403     1.694     2.040     3.062
1677.000    200015         0    199988           0.250     0.681     0.935     1.241     1.379     1.665     1.982     2.666
1678.000    199993         0    200022           0.260     0.683     0.923     1.226     1.366     1.659     2.062     3.695
1679.000    200027         0    200013           0.227     0.689     0.944     1.245     1.385     1.679     2.077     3.178
1680.000    199975         0    199987           0.253     0.686     0.950     1.243     1.378     1.657     2.030     2.980
1681.000    199988         0    199992           0.251     0.706     1.001     1.278     1.412     1.690     2.059     2.759
1682.000    200022         0    200024           0.242     0.692     0.956     1.250     1.386     1.675     2.072     4.248
1683.000    199968         0    199941           0.253     0.692     0.955     1.263     1.413     1.727     2.116     3.697
1684.000    200018         0    200031           0.250     0.708     1.026     1.305     1.457     1.768     2.134     3.031
1685.000    200001         0    200020           0.237     0.698     0.989     1.278     1.418     1.705     2.048     3.803
1686.000    199991         0    199982           0.245     0.683     0.936     1.232     1.368     1.635     1.944     2.710
1687.000    200015         0    200017           0.254     0.699     0.977     1.264     1.402     1.697     2.053     3.197
1688.000    199999         0    199982           0.253     0.704     0.980     1.277     1.423     1.717     2.080     3.004
1689.000    200003         0    200015           0.268     0.705     0.988     1.280     1.425     1.723     2.114     4.131
1690.000    199999         0    199992           0.254     0.706     0.978     1.268     1.406     1.691     2.044     2.728
1691.000    199984         0    199996           0.250     0.738     1.080     1.367     1.535     1.860     2.374     7.078
1692.000    200009         0    199991           0.235     0.703     1.008     1.286     1.428     1.716     2.044     2.636
1693.000    200000         0    200020           0.263     0.682     0.949     1.258     1.402     1.692     2.022     2.830
1694.000    200007         0    199998           0.261     0.697     0.994     1.278     1.418     1.708     2.058     2.746
1695.000    199992         0    200000           0.253     0.698     0.977     1.287     1.444     1.764     2.167     4.387
1696.000    200007         0    200004           0.254     0.685     0.941     1.241     1.376     1.642     1.966     2.857
1697.000    199996         0    200005           0.245     0.660     0.890     1.202     1.336     1.601     1.930     2.410
1698.000    199994         0    199986           0.228     0.681     0.922     1.231     1.372     1.663     2.053     3.643
1699.000    199994         0    199971           0.253     0.710     0.988     1.273     1.409     1.699     2.126     4.608
1700.001    199989         0    200005           0.259     0.705     0.992     1.275     1.408     1.683     2.057     3.246
1701.000    200011         0    200001           0.241     0.699     0.961     1.253     1.395     1.680     2.050     3.138
1702.000    200046         0    200062           0.243     0.692     0.956     1.249     1.392     1.681     2.044     2.834
1703.000    199940         0    199945           0.258     0.677     0.930     1.232     1.369     1.645     1.999     3.480
1704.000    200044         0    200016           0.252     0.704     0.990     1.280     1.418     1.713     2.071     2.861
1705.001    200002         0    200002           0.248     0.698     0.966     1.258     1.406     1.705     2.152    10.256
1706.000    199989         0    200001           0.246     0.726     1.023     1.300     1.445     1.756     2.253     5.423
1707.000    199992         0    200007           0.251     0.707     1.013     1.290     1.431     1.721     2.049     3.193
1708.000    199983         0    199995           0.264     0.705     1.001     1.286     1.435     1.737     2.094     3.529
1709.000    200015         0    199992           0.263     0.681     0.925     1.229     1.371     1.661     2.031     2.951
1710.000    199983         0    199988           0.255     0.691     0.963     1.260     1.397     1.690     2.034     2.564
1711.000    200024         0    200018           0.239     0.659     0.886     1.209     1.361     1.664     1.994     2.644
1712.000    199981         0    199995           0.249     0.697     0.979     1.279     1.427     1.739     2.105     3.951
1713.000    199995         0    199988           0.259     0.680     0.904     1.219     1.377     1.710     2.560     5.075
1714.000    200042         0    200029           0.239     0.725     1.033     1.314     1.462     1.777     2.281     4.559
1715.000    199991         0    200011           0.266     0.739     1.064     1.339     1.495     1.812     2.269     5.509
1716.000    200005         0    199993           0.260     0.711     1.000     1.290     1.442     1.754     2.179     4.020
1717.000    199945         0    199954           0.252     0.689     0.973     1.282     1.436     1.741     2.099     4.313
1718.000    200043         0    200005           0.231     0.681     0.947     1.255     1.398     1.697     2.021     2.775
1719.000    200010         0    200027           0.254     0.701     1.021     1.293     1.432     1.723     2.035     3.359
1720.000    199981         0    200010           0.252     0.686     0.971     1.285     1.435     1.748     2.202     4.432
1721.000    199995         0    199979           0.237     0.682     0.958     1.260     1.400     1.698     2.044     2.802
1722.000    200015         0    200007           0.253     0.678     0.940     1.246     1.379     1.653     1.987     4.678
1723.000    199995         0    200014           0.257     0.697     0.963     1.264     1.414     1.723     2.218     7.373
1724.000    200025         0    199997           0.262     0.716     1.016     1.296     1.442     1.739     2.140     4.637
1725.000    199954         0    199977           0.259     0.717     1.022     1.308     1.455     1.766     2.167     5.554
1726.000    200000         0    199997           0.261     0.689     0.952     1.255     1.400     1.692     2.045     2.947
1727.000    200020         0    200003           0.268     0.690     0.956     1.254     1.395     1.682     2.054     2.462
1728.000    200010         0    200032           0.254     0.691     0.960     1.251     1.390     1.665     2.073     3.418
1729.000    199991         0    199982           0.262     0.676     0.907     1.211     1.353     1.626     1.987     2.855
1730.000    199977         0    199979           0.252     0.702     0.985     1.275     1.408     1.682     1.996     2.744
1731.000    200021         0    200030           0.257     0.695     0.978     1.272     1.412     1.714     2.045     3.150
1732.000    199998         0    199991           0.254     0.700     0.989     1.275     1.417     1.712     2.118     3.346
1733.000    200023         0    200008           0.266     0.699     0.969     1.270     1.414     1.710     2.208     6.431
1734.000    199983         0    199993           0.232     0.684     0.933     1.238     1.379     1.660     2.031     3.267
1735.000    200003         0    200004           0.264     0.687     0.941     1.246     1.389     1.673     2.049     2.753
1736.000    199981         0    199970           0.252     0.706     0.986     1.284     1.436     1.743     2.142     3.670
1737.000    200016         0    200028           0.235     0.683     0.943     1.251     1.397     1.743     3.209     4.805
1738.000    200010         0    199987           0.264     0.670     0.933     1.246     1.390     1.689     2.024     2.824
1739.000    199963         0    199994           0.233     0.668     0.892     1.209     1.355     1.641     1.978     2.707
1740.000    200030         0    200026           0.239     0.698     0.965     1.262     1.406     1.700     2.107     4.809
1741.000    200010         0    200004           0.246     0.696     0.967     1.270     1.413     1.718     2.214     6.795
1742.000    199974         0    199977           0.236     0.678     0.939     1.245     1.383     1.665     1.999     2.558
1743.000    200010         0    200021           0.245     0.680     0.935     1.246     1.386     1.672     2.030     2.664
1744.000    199997         0    199997           0.257     0.703     0.993     1.285     1.431     1.763     3.459     6.214
1745.000    200001         0    199979           0.259     0.691     0.951     1.255     1.395     1.663     2.006     3.162
1746.000    199971         0    199985           0.250     0.685     0.959     1.262     1.401     1.687     2.007     2.759
1747.000    200017         0    199999           0.254     0.704     0.999     1.295     1.443     1.746     2.154     4.162
1748.001    200036         0    200042           0.254     0.673     0.908     1.225     1.370     1.651     2.018     2.922
1749.000    199987         0    200003           0.264     0.706     0.994     1.287     1.438     1.741     2.081     3.871
1750.000    199958         0    199957           0.245     0.702     0.985     1.268     1.406     1.701     2.074     3.267
1751.000    200042         0    200029           0.257     0.686     0.956     1.263     1.411     1.705     2.038     2.812
1752.000    200002         0    200011           0.258     0.703     0.998     1.288     1.433     1.738     2.083     3.041
1753.000    199965         0    199978           0.252     0.696     0.989     1.278     1.417     1.712     2.059     2.920
1754.000    200030         0    200016           0.255     0.687     0.971     1.261     1.398     1.679     2.018     3.033
1755.000    199979         0    199979           0.242     0.700     0.987     1.281     1.422     1.714     2.082     3.353
1756.000    200008         0    199993           0.247     0.680     0.930     1.234     1.369     1.638     1.963     2.677
1757.000    199989         0    199992           0.255     0.672     0.916     1.227     1.368     1.658     1.998     4.006
1758.000    199989         0    200007           0.257     0.666     0.887     1.205     1.349     1.635     1.971     2.660
1759.000    200033         0    200030           0.244     0.695     0.980     1.267     1.403     1.683     2.009     2.710
1760.000    199985         0    199973           0.256     0.713     1.021     1.294     1.434     1.724     2.089     2.861
1761.000    200022         0    200030           0.237     0.685     0.974     1.273     1.423     1.743     2.089     3.133
1762.000    199954         0    199963           0.251     0.694     0.989     1.289     1.439     1.738     2.071     2.628
1763.000    200055         0    200021           0.251     0.688     0.942     1.249     1.393     1.689     2.056     3.500
1764.000    199985         0    200004           0.243     0.667     0.906     1.213     1.353     1.644     1.979     2.953
1765.000    199998         0    200003           0.250     0.694     0.997     1.272     1.404     1.678     1.978     2.849
1766.000    199985         0    200002           0.259     0.663     0.904     1.218     1.354     1.623     1.929     2.361
1767.000    199992         0    199984           0.255     0.672     0.914     1.220     1.357     1.638     1.987     3.744
1768.000    200027         0    200005           0.249     0.674     0.931     1.243     1.390     1.681     1.996     2.679
1769.000    200010         0    200028           0.253     0.691     0.978     1.261     1.393     1.684     2.064     3.559
1770.000    200005         0    200007           0.254     0.691     0.947     1.252     1.396     1.689     2.037     3.330
1771.000    200006         0    199987           0.249     0.685     0.957     1.249     1.383     1.670     2.035     2.951
1772.000    199986         0    199984           0.249     0.689     0.942     1.239     1.378     1.661     2.049     3.551
1773.000    199961         0    199982           0.261     0.706     1.010     1.306     1.462     1.793     2.218     4.690
1774.000    200004         0    199998           0.258     0.684     0.948     1.251     1.395     1.699     2.086     2.728
1775.000    199990         0    200002           0.247     0.708     1.025     1.303     1.449     1.749     2.075     2.914
1776.000    200003         0    199993           0.255     0.681     0.934     1.236     1.371     1.659     2.038     2.808
1777.000    199999         0    200004           0.237     0.684     0.952     1.255     1.395     1.682     2.019     2.650
1778.000    200034         0    200036           0.259     0.702     0.985     1.266     1.399     1.686     2.079     5.145
1779.000    200003         0    199994           0.259     0.714     1.030     1.288     1.420     1.706     2.161     5.411
1780.000    199997         0    199983           0.236     0.692     0.982     1.270     1.404     1.696     2.039     3.041
1781.000    199995         0    200015           0.251     0.714     1.033     1.298     1.439     1.746     2.099     3.650
1782.000    199976         0    199980           0.232     0.677     0.947     1.238     1.366     1.631     1.956     2.699
1783.000    200004         0    200005           0.254     0.673     0.919     1.233     1.377     1.683     2.023     2.808
1784.000    200018         0    199996           0.252     0.684     0.967     1.261     1.397     1.687     2.029     2.898
1785.000    199981         0    199983           0.262     0.673     0.925     1.234     1.375     1.666     1.999     2.957
1786.000    200025         0    200037           0.242     0.688     0.989     1.280     1.421     1.722     2.045     3.394
1787.000    199992         0    199984           0.252     0.680     0.951     1.257     1.396     1.680     2.011     3.432
1788.000    200020         0    200014           0.249     0.686     0.958     1.255     1.396     1.702     2.076     3.938
1789.000    199958         0    199968           0.239     0.682     0.975     1.263     1.400     1.690     2.025     2.677
1790.000    200027         0    200028           0.246     0.683     0.953     1.252     1.389     1.679     2.036     2.630
1791.000    199984         0    199988           0.253     0.673     0.918     1.235     1.384     1.675     2.038     2.953
1792.000    200016         0    200014           0.254     0.699     1.013     1.290     1.430     1.720     2.039     2.638
1793.000    199976         0    199990           0.239     0.682     0.961     1.269     1.421     1.746     2.095     2.927
1794.000    200019         0    200006           0.236     0.711     0.995     1.276     1.420     1.723     2.103     3.006
1795.000    200016         0    200011           0.273     0.713     1.015     1.313     1.475     1.777     2.132     2.828
1796.000    199974         0    199996           0.264     0.708     1.009     1.292     1.436     1.736     2.088     3.273
1797.000    199999         0    199971           0.255     0.722     1.038     1.302     1.443     1.739     2.074     2.750
1798.000    200004         0    200018           0.241     0.685     0.956     1.250     1.389     1.672     1.981     2.728
1799.000    199990         0    199983           0.242     0.709     1.018     1.285     1.421     1.714     2.031     2.710
1800.000    199913         0    199942           0.261     0.717     1.025     1.302     1.443     1.748     2.118     3.740
1800.001        28         0     81377           0.669     1.367     1.528     1.705     1.994     2.175     2.175     2.175

SUMMARY STATS ══════════════════════════════════════════════════════════════════════════════════════════════════════════════
    Elapsed time       [s]   1800.005                                                                 
        CPU time       [s]  13453.586                                                                 
 CPU utilisation       [%]       20.8                                                                 
          Cycles      [op]  359999914                                                                 
          Errors      [op]          0                                                                 
              └─       [%]        0.0                                                                 
        Requests     [req]  359999914                                                                 
              └─  [req/op]        1.0                                                                 
         Retries     [ret]          0                                                                 
              └─ [ret/req]    0.00000                                                                 
            Rows     [row]  179972846                                                                 
              └─ [row/req]        0.5                                                                 
     Concurrency     [req]         18 ± 1                                                             
              └─       [%]         14                                                                 
      Throughput    [op/s]     199999 ± 14                                                            
              ├─   [req/s]     199999 ± 14                                                            
              └─   [row/s]      99985 ± 7                                                             
   Cycle latency      [ms]      0.784 ± 0.000                                                         
 Request latency      [ms]      0.723 ± 0.000                                                         

CYCLE LATENCY for standard1_insert [ms]  ═══════════════════════════════════════════════════════════════════════════════════
          Min                   0.229 ± 0.004                                                         
           25                   0.541 ± 0.000                                                         
           50                   0.669 ± 0.000                                                         
           75                   0.917 ± 0.001                                                         
           90                   1.241 ± 0.000                                                         
           95                   1.369 ± 0.000                                                         
           98                   1.513 ± 0.001                                                         
           99                   1.614 ± 0.001                                                         
           99.9                 1.956 ± 0.002                                                         
           99.99                2.734 ± 0.021                                                         
          Max                  13.705 ± 0.822                                                         

CYCLE LATENCY for standard1_select [ms]  ═══════════════════════════════════════════════════════════════════════════════════
          Min                   0.212 ± 0.010                                                         
           25                   0.556 ± 0.000                                                         
           50                   0.716 ± 0.000                                                         
           75                   1.002 ± 0.000                                                         
           90                   1.275 ± 0.001                                                         
           95                   1.434 ± 0.000                                                         
           98                   1.632 ± 0.000                                                         
           99                   1.757 ± 0.001                                                         
           99.9                 2.140 ± 0.003                                                         
           99.99                2.867 ± 0.022                                                         
          Max                  13.738 ± 0.607                                                         

