CONFIG ═════════════════════════════════════════════════════════════════════════════════════════════════════════════════════
            Date            Thu, 10 Jul 2025                                                          
            Time            04:42:01 +0000                                                            
         Cluster                                                                                      
      Datacenter                                                                                      
   Cass. version            3.0.8                                                                     
        Workload            uniform.rn                                                                
     Function(s)            standard1_insert:4, standard1_select:1                                            
     Consistency            LocalQuorum                                                               
            Tags                                                                                      
────────────────────────────────────────────────────────────────────────────────────────────────────────────────────────────
         Threads                    8                                                                 
     Connections                    1                                                                 
     Concurrency     [req]        128                                                                 
        Max rate    [op/s]     160000                                                                 
          Warmup       [s]         20                                                                 
              └─      [op]                                                                            
        Run time       [s]     1800.0                                                                 
              └─      [op]                                                                            
        Sampling       [s]        1.0                                                                 
              └─      [op]                                                                            
 Request timeout       [s]          5                                                                 
         Retries                                                                                      
  ┌──────┴number                   10                                                                 
  ├─min interval      [ms]        100                                                                 
  └─max interval      [ms]       5000                                                                 

LOG ════════════════════════════════════════════════════════════════════════════════════════════════════════════════════════
    Time    Cycles    Errors    Thrpt.     ────────────────────────────────── Latency [ms/op] ──────────────────────────────
     [s]      [op]      [op]    [op/s]             Min        50        75        90        95        99      99.9       Max
   1.001    160001         0    159893           0.238     0.568     0.705     0.911     1.109     1.415     2.023     3.654
   2.000    160024         0    159998           0.240     0.551     0.674     0.839     1.001     1.311     1.628     2.419
   3.000    159982         0    160008           0.251     0.553     0.679     0.849     1.018     1.326     1.626     2.357
   4.000    160003         0    160003           0.231     0.549     0.670     0.831     0.982     1.294     1.595     2.716
   5.000    159995         0    159993           0.256     0.556     0.685     0.870     1.076     1.360     1.696     3.285
   6.000    160001         0    160001           0.247     0.552     0.677     0.847     1.024     1.345     1.671     4.073
   7.000    159995         0    159995           0.236     0.558     0.690     0.877     1.082     1.371     1.676     2.382
   8.000    160018         0    160009           0.245     0.560     0.689     0.879     1.084     1.363     1.639     2.699
   9.000    159980         0    159992           0.245     0.556     0.679     0.842     0.993     1.302     1.606     2.570
  10.000    160003         0    159988           0.244     0.557     0.686     0.877     1.081     1.349     1.647     2.437
  11.000    159989         0    160000           0.234     0.562     0.696     0.895     1.103     1.375     1.703     2.447
  12.000    160035         0    160029           0.245     0.548     0.668     0.833     0.995     1.317     1.690     2.617
  13.000    159973         0    159979           0.244     0.553     0.678     0.854     1.034     1.325     1.590     2.296
  14.000    160007         0    160011           0.238     0.547     0.664     0.813     0.949     1.276     1.553     2.154
  15.000    160008         0    159997           0.246     0.560     0.686     0.857     1.028     1.325     1.610     2.367
  16.000    159995         0    159999           0.250     0.560     0.686     0.859     1.033     1.342     1.667     2.636
  17.000    160011         0    160002           0.242     0.555     0.679     0.845     1.009     1.319     1.628     3.295
  18.001    159980         0    159994           0.246     0.556     0.681     0.855     1.029     1.327     1.621     2.447
  19.000    160003         0    159994           0.253     0.563     0.694     0.884     1.074     1.353     1.687     2.804
  20.000    160014         0    160016           0.247     0.557     0.684     0.865     1.056     1.337     1.641     2.370
  21.000    160001         0    160002           0.241     0.556     0.677     0.843     0.993     1.305     1.621     2.976
  22.000    160004         0    159998           0.240     0.556     0.678     0.840     0.994     1.313     1.595     2.034
  23.000    159990         0    159999           0.252     0.551     0.668     0.825     0.976     1.296     1.572     2.136
  24.000    159990         0    159981           0.252     0.559     0.686     0.855     1.013     1.330     1.681     3.006
  25.000    160000         0    160007           0.244     0.571     0.705     0.898     1.081     1.381     1.768     3.441
  26.000    159996         0    160003           0.248     0.554     0.678     0.842     0.992     1.307     1.599     3.095
  27.000    160010         0    159997           0.245     0.559     0.684     0.852     1.011     1.311     1.626     2.791
  28.000    159991         0    159995           0.250     0.566     0.696     0.881     1.069     1.397     2.085     4.538
  29.000    160010         0    160017           0.258     0.558     0.682     0.853     1.022     1.330     1.669     4.506
  30.000    159998         0    159995           0.252     0.561     0.684     0.846     1.004     1.316     1.658     3.353
  31.000    160008         0    160008           0.237     0.554     0.677     0.839     0.987     1.300     1.581     2.230
  32.000    159990         0    159984           0.240     0.556     0.681     0.849     1.007     1.317     1.695     2.640
  33.000    160005         0    160013           0.258     0.558     0.681     0.849     1.008     1.313     1.617     2.224
  34.000    159993         0    159994           0.254     0.561     0.690     0.871     1.064     1.358     1.656     2.251
  35.000    160011         0    160011           0.232     0.558     0.688     0.877     1.070     1.353     1.662     2.572
  36.000    160002         0    159997           0.243     0.552     0.673     0.832     0.983     1.293     1.590     2.544
  37.000    160000         0    160004           0.245     0.556     0.683     0.862     1.048     1.335     1.610     2.202
  38.000    159985         0    159982           0.244     0.559     0.694     0.908     1.123     1.385     1.673     2.341
  39.000    159990         0    159990           0.252     0.575     0.755     1.125     1.263     1.493     1.789     2.947
  40.000    160011         0    160017           0.252     0.602     0.858     1.204     1.318     1.545     1.860     2.793
  41.000    159984         0    159977           0.250     0.609     0.850     1.201     1.319     1.568     2.292     4.028
  42.000    160018         0    160018           0.248     0.617     0.903     1.214     1.328     1.576     1.886     2.349
  43.000    159978         0    159978           0.245     0.604     0.869     1.207     1.318     1.530     1.824     3.045
  44.000    160017         0    160010           0.255     0.645     1.014     1.248     1.353     1.581     1.871     2.812
  45.001    159985         0    159999           0.261     0.594     0.815     1.177     1.289     1.503     1.801     2.859
  46.000    160010         0    160002           0.232     0.614     0.908     1.223     1.340     1.579     1.863     2.789
  47.000    160008         0    160007           0.253     0.616     0.951     1.228     1.336     1.569     1.841     2.550
  48.001    159967         0    159969           0.247     0.626     0.961     1.237     1.350     1.603     1.893     2.462
  49.000    160030         0    160024           0.252     0.642     1.015     1.257     1.370     1.608     1.947     3.506
  50.000    160005         0    160013           0.254     0.608     0.920     1.234     1.355     1.609     1.915     4.616
  51.000    159986         0    159967           0.244     0.611     0.930     1.229     1.345     1.602     1.916     3.076
  52.000    159985         0    160000           0.244     0.637     0.992     1.269     1.399     1.660     1.952     3.707
  53.000    160004         0    160018           0.244     0.618     0.913     1.222     1.339     1.590     1.954     4.624
  54.000    160026         0    159994           0.241     0.610     0.906     1.209     1.314     1.533     1.814     2.400
  55.001    160000         0    160016           0.244     0.602     0.834     1.188     1.304     1.519     1.815     2.583
  56.000    159957         0    159968           0.250     0.627     0.988     1.250     1.370     1.615     1.873     2.488
  57.000    160033         0    160033           0.255     0.652     1.050     1.270     1.388     1.639     1.959     2.953
  58.000    159997         0    159991           0.234     0.639     0.959     1.239     1.351     1.596     1.954     3.869
  59.000    159991         0    159992           0.249     0.633     0.978     1.249     1.364     1.603     1.922     2.898
  60.000    159999         0    159994           0.256     0.627     0.949     1.233     1.347     1.593     1.892     2.494
  61.000    160009         0    160014           0.252     0.623     0.911     1.221     1.331     1.567     1.895     2.662
  62.000    160018         0    160003           0.243     0.620     0.916     1.238     1.365     1.633     1.947     2.550
  63.000    159995         0    159998           0.256     0.645     1.017     1.267     1.388     1.639     1.945     2.890
  64.000    159987         0    159997           0.243     0.622     0.951     1.233     1.342     1.574     1.870     2.701
  65.001    159993         0    159986           0.251     0.615     0.899     1.221     1.339     1.585     1.889     2.798
  66.001    160019         0    160008           0.243     0.627     0.961     1.231     1.338     1.573     1.867     2.963
  67.001    159989         0    160004           0.240     0.618     0.945     1.232     1.341     1.570     1.863     2.781
  68.000    160003         0    160012           0.248     0.609     0.924     1.215     1.324     1.546     1.839     2.628
  69.000    159999         0    160003           0.255     0.611     0.882     1.208     1.321     1.559     1.863     3.389
  70.000    159981         0    159979           0.244     0.616     0.939     1.220     1.324     1.549     1.830     2.324
  71.000    160023         0    160014           0.246     0.617     0.905     1.217     1.327     1.543     1.836     2.836
  72.000    160007         0    159998           0.249     0.595     0.828     1.184     1.298     1.508     1.785     2.226
  73.000    159986         0    160004           0.234     0.607     0.860     1.202     1.319     1.560     1.855     3.183
  74.000    160002         0    160000           0.243     0.611     0.928     1.218     1.321     1.556     2.363     5.022
  75.000    160002         0    159997           0.245     0.621     0.960     1.232     1.338     1.576     1.955     4.112
  76.000    160013         0    160018           0.244     0.620     0.941     1.241     1.360     1.623     2.028     4.057
  77.000    159972         0    159970           0.257     0.614     0.903     1.210     1.320     1.558     1.910     2.896
  78.000    160022         0    160008           0.242     0.611     0.909     1.217     1.328     1.550     1.833     2.365
  79.000    159991         0    160002           0.255     0.622     0.934     1.231     1.341     1.578     1.867     2.425
  80.000    159992         0    159989           0.255     0.639     0.995     1.251     1.361     1.594     1.889     3.387
  81.000    160009         0    160018           0.249     0.654     1.040     1.269     1.386     1.637     1.964     2.777
  82.000    159999         0    159987           0.254     0.623     0.961     1.229     1.331     1.544     1.817     2.214
  83.000    160007         0    160018           0.240     0.633     0.979     1.239     1.345     1.560     1.824     2.499
  84.000    160002         0    160003           0.257     0.633     0.952     1.225     1.335     1.566     1.866     3.205
  85.000    159994         0    159994           0.245     0.636     0.980     1.241     1.349     1.576     1.875     3.475
  86.000    160002         0    159999           0.240     0.629     0.950     1.225     1.332     1.549     1.843     2.669
  87.000    159988         0    159989           0.251     0.608     0.892     1.215     1.329     1.546     1.824     2.331
  88.000    160015         0    159972           0.251     0.654     1.034     1.269     1.390     1.648     1.958     2.638
  89.000    159975         0    160022           0.242     0.621     0.947     1.236     1.350     1.592     1.947     3.232
  90.000    160020         0    160020           0.259     0.637     0.985     1.243     1.353     1.580     1.869     2.656
  91.000    160004         0    160003           0.254     0.623     0.918     1.227     1.338     1.558     1.848     2.787
  92.000    160000         0    159982           0.250     0.603     0.857     1.202     1.316     1.548     1.847     2.515
  93.000    160002         0    160010           0.243     0.649     1.038     1.257     1.369     1.612     1.883     2.300
  94.000    159991         0    159997           0.246     0.615     0.931     1.223     1.330     1.553     1.843     2.742
  95.000    159987         0    159988           0.260     0.623     1.002     1.248     1.362     1.597     1.864     3.308
  96.000    159992         0    159991           0.242     0.634     1.002     1.253     1.366     1.608     1.909     2.644
  97.000    160019         0    160018           0.238     0.631     0.966     1.243     1.356     1.595     1.892     2.677
  98.000    160021         0    160013           0.248     0.641     1.004     1.250     1.362     1.622     1.909     2.722
  99.000    159976         0    159989           0.237     0.622     0.944     1.235     1.347     1.582     1.877     2.306
 100.000    160000         0    159999           0.252     0.627     0.968     1.241     1.354     1.592     1.866     2.427
 101.000    160014         0    160017           0.251     0.630     0.963     1.239     1.348     1.576     1.852     2.388
 102.000    159991         0    159993           0.240     0.644     1.022     1.257     1.370     1.603     1.890     3.676
 103.000    159995         0    159987           0.235     0.638     0.973     1.239     1.350     1.591     1.913     2.933
 104.000    159987         0    159992           0.249     0.611     0.875     1.218     1.337     1.575     1.875     3.170
 105.000    160025         0    160018           0.252     0.614     0.883     1.223     1.343     1.590     2.052     4.497
 106.000    159974         0    159975           0.249     0.624     0.947     1.228     1.338     1.582     1.943     3.506
 107.000    159983         0    159981           0.258     0.616     0.899     1.230     1.350     1.593     1.907     3.279
 108.000    160048         0    160053           0.255     0.632     0.957     1.247     1.364     1.617     1.945     3.600
 109.000    159950         0    159947           0.250     0.634     0.995     1.245     1.355     1.590     1.864     2.437
 110.001    160038         0    160017           0.245     0.620     0.923     1.232     1.352     1.597     1.902     2.791
 111.000    160005         0    160029           0.258     0.638     0.996     1.255     1.373     1.633     1.942     3.856
 112.000    159992         0    159986           0.242     0.599     0.837     1.184     1.300     1.530     1.851     2.607
 113.000    160008         0    159998           0.237     0.604     0.839     1.190     1.307     1.540     1.841     2.435
 114.000    160001         0    160018           0.232     0.623     0.910     1.228     1.345     1.601     1.930     2.714
 115.000    160003         0    159994           0.249     0.612     0.907     1.217     1.332     1.569     1.902     2.562
 116.000    159988         0    159995           0.257     0.627     0.925     1.236     1.356     1.616     1.935     2.920
 117.000    160007         0    160002           0.239     0.615     0.904     1.226     1.345     1.592     1.896     4.002
 118.000    160010         0    160010           0.257     0.629     0.928     1.242     1.367     1.645     1.995     3.072
 119.000    159988         0    159996           0.243     0.608     0.858     1.200     1.315     1.549     1.875     2.339
 120.000    159995         0    159984           0.242     0.610     0.884     1.217     1.334     1.572     1.919     4.162
 121.000    160007         0    160009           0.236     0.652     1.040     1.262     1.373     1.617     1.921     2.888
 122.000    160002         0    160010           0.249     0.603     0.869     1.208     1.322     1.566     1.861     3.088
 123.000    159997         0    159989           0.249     0.598     0.850     1.201     1.319     1.574     1.864     2.333
 124.000    159990         0    160000           0.248     0.613     0.922     1.225     1.339     1.580     1.887     2.976
 125.000    160024         0    159999           0.246     0.603     0.866     1.213     1.336     1.584     1.912     3.295
 126.000    159989         0    160010           0.258     0.611     0.893     1.210     1.321     1.545     1.841     3.408
 127.000    160013         0    160013           0.246     0.595     0.816     1.192     1.319     1.559     1.846     2.329
 128.000    159987         0    159979           0.255     0.610     0.871     1.209     1.328     1.576     1.888     2.587
 129.000    159978         0    159984           0.250     0.610     0.891     1.221     1.339     1.597     1.912     2.826
 130.000    160011         0    160010           0.232     0.616     0.934     1.224     1.340     1.592     1.906     5.296
 131.000    159995         0    160000           0.239     0.641     1.006     1.257     1.370     1.634     2.005     3.914
 132.000    160004         0    160001           0.249     0.625     0.920     1.228     1.341     1.587     1.970     3.326
 133.000    160004         0    160004           0.247     0.611     0.889     1.218     1.332     1.561     1.853     2.503
 134.001    159997         0    159990           0.253     0.615     0.893     1.224     1.338     1.567     1.905     3.547
 135.000    160000         0    160007           0.242     0.627     0.946     1.246     1.366     1.620     2.051     4.202
 136.000    160007         0    160006           0.249     0.600     0.843     1.196     1.319     1.577     1.892     2.511
 137.000    160005         0    159997           0.249     0.614     0.890     1.222     1.333     1.562     1.897     2.939
 138.001    159999         0    160011           0.238     0.598     0.845     1.195     1.305     1.512     1.783     2.210
 139.000    160010         0    160001           0.239     0.607     0.880     1.206     1.315     1.534     1.834     3.037
 140.000    159977         0    159984           0.246     0.607     0.859     1.201     1.312     1.532     1.806     2.376
 141.000    160005         0    160003           0.253     0.608     0.864     1.204     1.318     1.555     1.862     2.886
 142.000    160001         0    159997           0.241     0.589     0.815     1.177     1.295     1.512     1.794     2.460
 143.000    160001         0    160007           0.248     0.623     0.919     1.230     1.347     1.578     1.863     2.396
 144.000    160010         0    159984           0.245     0.610     0.852     1.209     1.338     1.595     1.982     3.539
 145.000    159980         0    160006           0.234     0.613     0.893     1.218     1.335     1.575     1.869     2.599
 146.000    160000         0    159998           0.242     0.618     0.910     1.225     1.339     1.579     1.891     3.011
 147.000    160001         0    159995           0.246     0.600     0.849     1.196     1.311     1.536     1.819     4.743
 148.000    159994         0    159998           0.245     0.618     0.905     1.221     1.336     1.570     1.871     2.505
 149.000    160007         0    160004           0.253     0.605     0.855     1.201     1.316     1.537     1.833     2.683
 150.000    160008         0    160009           0.251     0.629     0.943     1.234     1.346     1.578     1.857     2.304
 151.000    160002         0    160001           0.243     0.614     0.909     1.217     1.330     1.572     1.866     2.654
 152.000    159998         0    159994           0.249     0.613     0.907     1.223     1.335     1.561     1.875     2.636
 153.000    160011         0    160016           0.242     0.595     0.817     1.180     1.299     1.525     1.825     2.419
 154.000    159962         0    159970           0.251     0.605     0.846     1.203     1.319     1.548     1.845     2.609
 155.000    160027         0    160011           0.240     0.643     1.001     1.272     1.403     1.671     1.990     3.092
 156.001    159995         0    160001           0.251     0.608     0.886     1.211     1.319     1.544     1.815     2.550
 157.000    159990         0    159996           0.234     0.623     0.921     1.226     1.337     1.558     1.870     2.521
 158.000    160018         0    160020           0.251     0.620     0.905     1.221     1.337     1.591     1.912     2.789
 159.000    160012         0    160008           0.240     0.613     0.889     1.220     1.343     1.593     1.915     3.377
 160.000    159987         0    159978           0.258     0.607     0.850     1.194     1.307     1.538     1.878     2.666
 161.000    160002         0    160015           0.234     0.601     0.840     1.190     1.303     1.530     1.851     3.021
 162.000    160012         0    160003           0.245     0.613     0.880     1.203     1.311     1.535     1.841     2.423
 163.000    160005         0    160004           0.234     0.604     0.852     1.195     1.309     1.528     1.821     2.460
 164.000    159991         0    159991           0.252     0.622     0.903     1.225     1.345     1.593     1.936     3.498
 165.000    159990         0    159996           0.248     0.625     0.921     1.245     1.368     1.622     1.996     3.582
 166.000    160002         0    160000           0.257     0.616     0.910     1.226     1.345     1.592     1.885     2.712
 167.000    159987         0    159987           0.251     0.647     1.026     1.263     1.378     1.624     1.933     3.021
 168.000    159985         0    159990           0.250     0.638     1.003     1.242     1.351     1.586     1.894     3.035
 169.000    160059         0    160041           0.250     0.636     0.993     1.250     1.366     1.612     1.925     2.421
 170.000    159958         0    159971           0.253     0.649     1.032     1.263     1.374     1.607     1.908     3.222
 171.000    160006         0    160008           0.252     0.666     1.066     1.290     1.407     1.655     1.968     3.623
 172.000    159987         0    159984           0.247     0.651     1.040     1.271     1.393     1.652     1.934     2.333
 173.000    159998         0    159995           0.248     0.649     1.006     1.257     1.369     1.615     1.915     2.681
 174.000    160004         0    160006           0.252     0.629     0.945     1.250     1.372     1.627     1.918     2.394
 175.000    160028         0    160030           0.250     0.630     0.984     1.292     1.440     1.710     2.016     2.793
 176.000    159975         0    159979           0.248     0.634     1.006     1.279     1.412     1.686     2.011     2.701
 177.000    160015         0    160011           0.260     0.635     0.993     1.251     1.365     1.611     1.914     2.832
 178.000    159994         0    159985           0.255     0.639     1.011     1.244     1.349     1.574     1.870     2.322
 179.000    160004         0    160004           0.247     0.662     1.064     1.276     1.391     1.647     1.957     3.346
 180.000    159990         0    159997           0.228     0.637     0.982     1.242     1.353     1.588     1.877     3.027
 181.000    160001         0    159997           0.251     0.642     0.979     1.254     1.377     1.634     1.923     3.168
 182.000    159990         0    159996           0.249     0.668     1.053     1.274     1.386     1.631     1.939     3.166
 183.000    159989         0    159992           0.247     0.657     1.056     1.291     1.416     1.687     2.020     3.090
 184.000    159999         0    160003           0.246     0.646     1.025     1.256     1.366     1.612     1.918     3.006
 185.000    160048         0    160034           0.235     0.664     1.057     1.280     1.402     1.661     1.975     2.374
 186.000    159960         0    159965           0.254     0.638     0.984     1.257     1.378     1.630     1.900     3.027
 187.000    160000         0    160006           0.258     0.677     1.079     1.293     1.410     1.658     1.960     2.359
 188.000    160008         0    159995           0.253     0.657     1.040     1.262     1.371     1.613     1.926     2.677
 189.000    159992         0    160001           0.260     0.645     1.013     1.252     1.360     1.592     1.887     2.482
 190.000    160034         0    160030           0.254     0.642     1.009     1.262     1.377     1.632     1.938     2.947
 191.000    159970         0    159978           0.245     0.639     0.992     1.246     1.355     1.603     1.891     2.335
 192.000    160017         0    160005           0.248     0.637     0.975     1.242     1.353     1.588     1.887     3.328
 193.000    159995         0    160005           0.259     0.675     1.061     1.274     1.389     1.638     1.959     3.420
 194.000    159981         0    159982           0.246     0.685     1.092     1.300     1.416     1.668     1.989     2.843
 195.000    160007         0    159997           0.262     0.668     1.068     1.277     1.395     1.665     2.177     4.108
 196.000    160025         0    160020           0.257     0.667     1.053     1.290     1.417     1.692     2.073     3.111
 197.000    159996         0    160007           0.239     0.659     1.041     1.263     1.371     1.615     2.019     3.797
 198.000    159994         0    159993           0.244     0.635     0.964     1.235     1.343     1.569     1.850     2.683
 199.000    159998         0    160001           0.243     0.638     0.986     1.245     1.355     1.598     1.895     2.644
 200.000    159970         0    159973           0.239     0.639     1.006     1.266     1.390     1.650     1.995     4.211
 201.000    160039         0    160036           0.253     0.634     0.972     1.246     1.360     1.601     1.896     2.402
 202.000    160007         0    160004           0.253     0.618     0.931     1.231     1.347     1.590     1.889     3.903
 203.000    159996         0    160003           0.246     0.614     0.888     1.213     1.331     1.571     1.860     2.466
 204.000    159978         0    159981           0.255     0.629     0.944     1.249     1.372     1.635     1.939     3.631
 205.000    159971         0    159967           0.248     0.648     1.012     1.256     1.372     1.624     1.938     3.439
 206.000    160052         0    160040           0.246     0.629     0.955     1.244     1.359     1.611     1.955     3.385
 207.000    159979         0    159992           0.246     0.628     0.930     1.227     1.338     1.576     1.918     3.033
 208.000    160009         0    160012           0.215     0.616     0.933     1.231     1.343     1.581     1.854     2.644
 209.000    159995         0    159986           0.245     0.624     0.945     1.241     1.354     1.587     1.866     2.474
 210.000    159995         0    160003           0.238     0.625     0.949     1.245     1.361     1.608     1.898     2.482
 211.000    159996         0    159988           0.243     0.629     0.967     1.241     1.353     1.597     1.900     3.019
 212.000    160015         0    160023           0.232     0.630     1.001     1.261     1.383     1.642     1.954     2.912
 213.000    160003         0    159992           0.239     0.642     1.000     1.253     1.371     1.629     1.954     2.623
 214.001    159996         0    159994           0.247     0.644     1.017     1.263     1.386     1.658     1.954     2.720
 215.000    160001         0    159997           0.251     0.631     0.948     1.262     1.397     1.675     2.063     3.389
 216.000    160017         0    160018           0.245     0.616     0.906     1.224     1.340     1.568     1.858     2.548
 217.000    159982         0    159987           0.240     0.635     0.995     1.247     1.357     1.596     1.898     2.472
 218.000    160007         0    160002           0.246     0.633     0.980     1.244     1.355     1.591     1.862     2.310
 219.000    159982         0    159993           0.246     0.644     1.007     1.264     1.385     1.638     1.955     2.576
 220.000    159993         0    159981           0.246     0.648     1.025     1.260     1.374     1.623     1.932     2.361
 221.000    160007         0    160022           0.241     0.639     1.009     1.247     1.354     1.585     1.852     2.478
 222.000    159996         0    159985           0.240     0.651     1.061     1.285     1.411     1.675     1.953     2.505
 223.000    160027         0    160032           0.236     0.617     0.932     1.226     1.334     1.551     1.843     2.679
 224.000    160000         0    159988           0.252     0.631     0.985     1.242     1.353     1.593     1.897     2.597
 225.000    159989         0    160008           0.249     0.645     1.016     1.257     1.372     1.625     2.288     4.706
 226.000    159977         0    159973           0.248     0.654     1.046     1.262     1.371     1.607     1.973     3.867
 227.000    159993         0    159998           0.255     0.661     1.057     1.269     1.381     1.623     1.991     3.572
 228.000    160023         0    160020           0.253     0.657     1.051     1.266     1.377     1.620     1.912     2.576
 229.001    160022         0    160010           0.244     0.668     1.061     1.269     1.378     1.622     1.935     2.769
 230.000    159977         0    159982           0.252     0.642     0.998     1.256     1.373     1.616     1.925     2.497
 231.000    159998         0    159994           0.246     0.648     1.027     1.271     1.392     1.645     1.913     2.300
 232.000    159996         0    160005           0.241     0.681     1.084     1.296     1.410     1.660     1.932     2.775
 233.000    160007         0    160002           0.245     0.683     1.093     1.299     1.419     1.684     1.999     2.869
 234.000    160019         0    160021           0.257     0.660     1.053     1.285     1.406     1.670     1.958     2.718
 235.000    160004         0    160007           0.250     0.639     1.003     1.246     1.354     1.587     1.871     2.628
 236.000    159997         0    159995           0.257     0.633     0.997     1.249     1.361     1.610     1.907     2.861
 237.000    159978         0    159980           0.256     0.668     1.072     1.266     1.372     1.607     1.898     2.611
 238.001    160030         0    159995           0.247     0.630     0.985     1.254     1.375     1.644     1.943     2.435
 239.000    159977         0    160016           0.246     0.673     1.073     1.284     1.396     1.642     1.936     2.646
 240.000    159974         0    159970           0.252     0.693     1.106     1.315     1.442     1.701     1.982     2.462
 241.000    160028         0    160031           0.244     0.654     1.055     1.266     1.374     1.609     1.872     2.509
 242.000    160007         0    160008           0.253     0.639     1.018     1.265     1.386     1.639     1.940     2.556
 243.000    159986         0    159984           0.243     0.646     1.025     1.253     1.364     1.609     1.895     2.306
 244.000    160002         0    159998           0.244     0.638     0.990     1.244     1.354     1.602     1.908     2.773
 245.000    159999         0    159988           0.227     0.666     1.076     1.290     1.408     1.659     1.957     2.568
 246.000    159982         0    159997           0.257     0.609     0.892     1.227     1.351     1.604     1.897     2.632
 247.000    160025         0    160012           0.230     0.639     1.001     1.243     1.351     1.584     1.843     2.234
 248.000    159988         0    160003           0.238     0.648     1.043     1.253     1.359     1.598     1.896     2.570
 249.000    160018         0    160011           0.256     0.629     0.977     1.239     1.348     1.574     1.855     2.423
 250.000    159999         0    160002           0.252     0.614     0.891     1.213     1.327     1.565     1.896     2.763
 251.000    159985         0    159988           0.257     0.625     0.952     1.228     1.333     1.553     1.829     2.746
 252.000    160023         0    160010           0.242     0.627     0.992     1.242     1.353     1.587     1.875     2.410
 253.000    159979         0    159993           0.242     0.639     1.004     1.245     1.358     1.599     1.898     2.302
 254.000    159988         0    159989           0.249     0.661     1.071     1.288     1.405     1.664     1.935     2.427
 255.000    160030         0    160012           0.247     0.649     1.040     1.284     1.414     1.688     1.962     2.617
 256.001    159997         0    160001           0.241     0.626     0.973     1.238     1.350     1.612     2.314     4.522
 257.000    159973         0    159971           0.245     0.635     0.990     1.253     1.363     1.594     1.934     3.926
 258.000    160006         0    160020           0.249     0.654     1.053     1.280     1.405     1.669     1.944     2.513
 259.000    160000         0    160005           0.233     0.642     0.996     1.254     1.377     1.628     1.909     2.994
 260.000    159980         0    159971           0.251     0.645     0.989     1.253     1.375     1.639     1.977     3.320
 261.000    160039         0    160037           0.252     0.635     0.978     1.251     1.370     1.632     1.948     2.789
 262.001    159999         0    159999           0.244     0.641     1.009     1.253     1.364     1.609     1.916     2.464
 263.000    159991         0    159998           0.248     0.620     0.980     1.249     1.372     1.642     1.911     2.308
 264.000    160002         0    160003           0.247     0.633     1.006     1.240     1.345     1.571     1.860     2.382
 265.000    160002         0    159992           0.253     0.617     0.934     1.218     1.325     1.546     1.819     2.392
 266.000    159986         0    159989           0.253     0.620     0.954     1.226     1.333     1.562     1.846     2.787
 267.000    159987         0    159989           0.254     0.648     1.041     1.261     1.371     1.610     1.893     2.390
 268.000    160001         0    160003           0.242     0.629     0.989     1.247     1.362     1.615     1.911     2.501
 269.000    160031         0    160019           0.241     0.665     1.068     1.294     1.421     1.700     2.023     2.998
 270.000    160005         0    160017           0.251     0.636     0.943     1.242     1.362     1.630     1.992     3.582
 271.000    160006         0    160006           0.247     0.660     1.052     1.282     1.408     1.663     1.946     2.441
 272.000    159980         0    159973           0.264     0.652     1.023     1.255     1.366     1.608     1.940     2.890
 273.000    159999         0    159998           0.249     0.641     0.987     1.255     1.373     1.626     1.966     2.927
 274.000    160004         0    160015           0.234     0.612     0.926     1.234     1.353     1.604     1.916     2.666
 275.000    159995         0    159981           0.255     0.632     0.983     1.233     1.338     1.560     1.858     4.178
 276.000    159985         0    159995           0.249     0.647     1.020     1.258     1.375     1.635     1.956     3.303
 277.000    160018         0    160006           0.243     0.669     1.056     1.276     1.393     1.642     1.932     2.529
 278.000    159988         0    160001           0.264     0.639     1.025     1.250     1.361     1.609     1.914     2.583
 279.000    159998         0    159993           0.240     0.627     0.952     1.236     1.348     1.578     1.853     2.619
 280.000    160012         0    160013           0.245     0.655     1.031     1.258     1.369     1.614     1.937     2.587
 281.000    160012         0    160012           0.250     0.641     0.976     1.243     1.358     1.605     1.951     4.231
 282.000    159984         0    159990           0.250     0.681     1.083     1.278     1.380     1.609     1.888     2.492
 283.000    159993         0    159995           0.241     0.632     1.016     1.262     1.385     1.641     1.944     2.650
 284.000    159991         0    159987           0.244     0.644     1.026     1.269     1.395     1.655     1.922     2.347
 285.000    160015         0    160008           0.253     0.631     0.978     1.241     1.354     1.605     1.896     2.646
 286.000    160011         0    160014           0.235     0.659     1.040     1.268     1.384     1.635     2.063     3.758
 287.000    159999         0    160009           0.253     0.667     1.068     1.291     1.420     1.695     1.993     2.435
 288.000    159989         0    159972           0.254     0.654     1.013     1.270     1.395     1.678     2.933     6.050
 289.000    160007         0    160014           0.244     0.643     0.993     1.253     1.369     1.618     1.937     3.029
 290.000    160017         0    160012           0.243     0.647     1.027     1.278     1.403     1.684     2.014     3.508
 291.000    159982         0    159983           0.246     0.636     1.019     1.257     1.374     1.651     1.951     3.318
 292.000    159987         0    159994           0.243     0.636     1.014     1.249     1.359     1.590     1.860     2.374
 293.000    160019         0    160021           0.262     0.647     0.999     1.263     1.384     1.663     2.046     2.679
 294.000    159978         0    159979           0.248     0.604     0.843     1.191     1.303     1.529     1.825     2.433
 295.000    160017         0    160009           0.247     0.629     0.955     1.235     1.348     1.584     1.885     2.746
 296.000    160007         0    160006           0.252     0.627     0.909     1.224     1.340     1.577     1.932     3.316
 297.000    160003         0    160010           0.239     0.612     0.870     1.198     1.311     1.537     1.852     2.591
 298.000    159999         0    159992           0.238     0.612     0.867     1.205     1.322     1.563     1.868     2.589
 299.000    159998         0    160006           0.252     0.611     0.884     1.211     1.325     1.570     1.872     2.492
 300.000    160009         0    160013           0.241     0.608     0.878     1.205     1.316     1.554     1.859     2.392
 301.000    160002         0    159992           0.250     0.609     0.893     1.222     1.342     1.598     1.915     3.830
 302.000    159997         0    159986           0.255     0.620     0.919     1.245     1.375     1.670     1.982     2.781
 303.000    159992         0    159998           0.242     0.609     0.877     1.217     1.332     1.573     1.870     2.308
 304.000    159993         0    160004           0.251     0.620     0.939     1.246     1.375     1.663     1.946     2.312
 305.000    160002         0    160005           0.250     0.614     0.914     1.232     1.352     1.620     1.962     2.994
 306.000    159997         0    159988           0.242     0.605     0.858     1.202     1.321     1.582     1.906     2.966
 307.000    159994         0    160001           0.244     0.603     0.865     1.199     1.307     1.538     1.824     2.556
 308.000    160026         0    160008           0.234     0.604     0.878     1.225     1.358     1.664     1.958     2.681
 309.000    159996         0    160016           0.237     0.608     0.887     1.212     1.322     1.549     1.859     2.327
 310.000    159967         0    159963           0.244     0.615     0.901     1.225     1.346     1.607     1.915     2.572
 311.000    160018         0    160006           0.245     0.633     0.956     1.244     1.363     1.634     1.963     2.679
 312.001    160019         0    160035           0.240     0.616     0.915     1.222     1.336     1.578     1.914     2.464
 313.000    160001         0    159999           0.238     0.608     0.872     1.196     1.305     1.529     1.821     2.386
 314.000    160001         0    159990           0.238     0.624     0.902     1.232     1.359     1.641     1.993     3.131
 315.000    159995         0    159993           0.248     0.617     0.918     1.222     1.332     1.584     1.896     2.744
 316.001    159955         0    159959           0.246     0.618     0.886     1.229     1.355     1.642     1.991     3.084
 317.000    160038         0    160040           0.244     0.639     1.005     1.249     1.361     1.622     1.931     2.796
 318.000    160001         0    159999           0.257     0.621     0.916     1.224     1.342     1.594     1.901     2.384
 319.000    160003         0    160010           0.253     0.599     0.831     1.184     1.302     1.535     1.860     3.267
 320.000    159989         0    159984           0.242     0.604     0.885     1.212     1.324     1.563     1.868     2.560
 321.000    160005         0    160009           0.246     0.614     0.889     1.209     1.320     1.561     1.857     2.462
 322.000    159979         0    159976           0.252     0.613     0.888     1.203     1.311     1.542     1.841     2.294
 323.000    160002         0    160008           0.239     0.634     0.969     1.246     1.361     1.625     1.929     3.455
 324.000    160015         0    160008           0.229     0.625     0.974     1.242     1.359     1.633     1.935     2.462
 325.001    159998         0    159998           0.231     0.616     0.934     1.237     1.364     1.661     1.982     2.519
 326.000    159997         0    159999           0.254     0.643     0.984     1.256     1.385     1.680     2.010     2.916
 327.000    160004         0    160007           0.252     0.602     0.858     1.223     1.370     1.704     1.988     2.544
 328.000    159978         0    159975           0.228     0.641     1.027     1.254     1.365     1.639     1.966     3.049
 329.000    160017         0    160023           0.232     0.639     1.013     1.262     1.381     1.651     1.940     2.468
 330.000    159965         0    159944           0.249     0.613     0.878     1.215     1.343     1.644     2.013     3.205
 331.000    160038         0    160048           0.237     0.643     1.009     1.252     1.367     1.635     1.936     3.043
 332.000    160016         0    160024           0.243     0.639     0.992     1.253     1.368     1.631     1.948     3.717
 333.000    160010         0    159986           0.247     0.643     0.983     1.252     1.371     1.635     1.976     3.451
 334.000    159961         0    159983           0.251     0.630     0.979     1.245     1.353     1.587     1.907     2.871
 335.000    160014         0    160016           0.250     0.615     0.881     1.213     1.333     1.581     1.906     3.303
 336.001    159999         0    159983           0.255     0.628     0.970     1.249     1.369     1.642     1.952     2.634
 337.000    159962         0    159978           0.238     0.626     0.932     1.239     1.363     1.646     1.931     2.345
 338.000    160031         0    160016           0.250     0.629     0.970     1.263     1.405     1.708     2.018     2.802
 339.001    160034         0    160037           0.244     0.631     0.977     1.250     1.365     1.636     1.980     2.474
 340.000    159977         0    159987           0.258     0.610     0.902     1.234     1.359     1.627     1.897     2.554
 341.000    159984         0    159982           0.249     0.615     0.919     1.218     1.326     1.560     1.854     2.290
 342.000    160012         0    160000           0.245     0.636     0.978     1.247     1.366     1.648     1.950     3.617
 343.000    159990         0    160004           0.253     0.613     0.871     1.206     1.324     1.579     1.948     3.269
 344.000    160004         0    160008           0.243     0.653     1.016     1.263     1.379     1.644     1.957     2.890
 345.000    159986         0    159984           0.253     0.661     1.050     1.287     1.419     1.716     2.019     3.224
 346.000    160036         0    160012           0.239     0.615     0.907     1.237     1.361     1.664     2.142     3.844
 347.000    159991         0    160004           0.244     0.608     0.885     1.218     1.339     1.604     1.931     5.730
 348.001    159989         0    159999           0.252     0.626     0.940     1.233     1.347     1.606     1.931     2.777
 349.000    160018         0    160005           0.242     0.594     0.814     1.174     1.291     1.523     1.830     2.494
 350.000    159994         0    160005           0.238     0.604     0.877     1.210     1.326     1.573     1.878     2.349
 351.000    159984         0    159987           0.253     0.614     0.924     1.227     1.338     1.598     1.904     2.445
 352.000    160025         0    160013           0.243     0.605     0.857     1.207     1.323     1.555     1.858     2.294
 353.000    159995         0    160000           0.249     0.601     0.855     1.199     1.311     1.541     1.843     2.365
 354.000    160018         0    160027           0.252     0.605     0.854     1.206     1.325     1.581     1.892     2.449
 355.000    159994         0    159965           0.240     0.609     0.884     1.219     1.347     1.670     2.607     5.071
 356.000    159981         0    159999           0.258     0.608     0.871     1.211     1.331     1.591     1.910     2.716
 357.000    160011         0    160003           0.238     0.602     0.849     1.197     1.309     1.534     1.834     2.779
 358.000    159986         0    159995           0.244     0.614     0.887     1.213     1.333     1.593     1.913     2.605
 359.000    160014         0    160022           0.243     0.607     0.871     1.212     1.331     1.587     1.894     3.011
 360.000    160022         0    160014           0.243     0.595     0.811     1.175     1.297     1.555     1.894     2.890
 361.000    159967         0    159966           0.243     0.609     0.876     1.220     1.346     1.628     1.917     2.441
 362.000    159990         0    159997           0.240     0.603     0.852     1.206     1.326     1.566     1.864     2.726
 363.000    160009         0    160004           0.247     0.612     0.877     1.208     1.325     1.574     1.897     2.716
 364.000    160017         0    160025           0.239     0.605     0.846     1.192     1.307     1.545     1.874     3.398
 365.000    159975         0    159966           0.249     0.613     0.904     1.229     1.350     1.639     1.937     2.587
 366.000    159991         0    159993           0.244     0.627     0.926     1.235     1.355     1.632     1.973     4.538
 367.000    160042         0    160036           0.251     0.605     0.831     1.194     1.324     1.601     1.927     2.849
 368.000    159977         0    159983           0.245     0.627     0.921     1.228     1.339     1.583     1.891     2.730
 369.000    159994         0    159999           0.247     0.621     0.925     1.230     1.345     1.602     1.919     2.492
 370.000    160004         0    160002           0.234     0.625     0.968     1.268     1.417     1.750     2.039     2.519
 371.000    159991         0    159990           0.251     0.623     0.940     1.242     1.361     1.632     1.957     3.127
 372.000    160014         0    160014           0.260     0.614     0.914     1.222     1.338     1.589     1.903     2.400
 373.000    159982         0    159977           0.247     0.620     0.924     1.238     1.360     1.636     1.946     2.644
 374.000    160011         0    160007           0.256     0.613     0.905     1.228     1.346     1.599     1.929     2.406
 375.000    159977         0    159984           0.258     0.633     0.960     1.247     1.373     1.667     2.003     2.617
 376.000    160030         0    160032           0.257     0.627     0.958     1.243     1.365     1.660     1.958     3.068
 377.000    159999         0    159995           0.261     0.670     1.064     1.282     1.402     1.693     2.029     3.109
 378.000    159995         0    160002           0.245     0.628     0.955     1.244     1.366     1.645     1.963     2.937
 379.000    160000         0    159993           0.250     0.625     0.948     1.250     1.381     1.687     1.967     2.454
 380.000    159985         0    159989           0.244     0.630     0.965     1.252     1.385     1.696     1.997     3.211
 381.000    160006         0    160005           0.249     0.616     0.920     1.239     1.366     1.654     1.949     2.501
 382.000    160008         0    160010           0.250     0.623     0.953     1.250     1.383     1.696     1.995     3.107
 383.000    160021         0    159993           0.238     0.631     0.974     1.243     1.356     1.619     1.926     2.609
 384.000    159999         0    160012           0.250     0.645     0.993     1.264     1.400     1.709     2.017     2.642
 385.001    159995         0    159998           0.253     0.624     0.910     1.224     1.347     1.618     1.943     2.804
 386.000    159975         0    159982           0.254     0.625     0.934     1.232     1.347     1.597     1.886     2.423
 387.000    159993         0    159990           0.238     0.645     1.008     1.263     1.388     1.691     2.105     3.854
 388.001    160015         0    160003           0.249     0.623     0.938     1.229     1.343     1.601     1.919     2.896
 389.001    160001         0    160020           0.246     0.633     0.973     1.262     1.399     1.696     1.991     2.562
 390.000    160014         0    160008           0.249     0.629     0.972     1.243     1.359     1.631     1.924     2.327
 391.001    159986         0    159992           0.240     0.635     0.955     1.248     1.368     1.653     1.999     2.716
 392.000    160000         0    159995           0.256     0.617     0.877     1.217     1.338     1.590     1.895     2.515
 393.000    160008         0    160006           0.247     0.621     0.922     1.243     1.379     1.704     2.003     2.769
 394.000    159974         0    159972           0.247     0.653     1.040     1.294     1.444     1.751     2.038     2.736
 395.000    159986         0    159992           0.244     0.660     1.055     1.289     1.422     1.736     2.038     2.660
 396.000    160026         0    160031           0.241     0.640     0.976     1.270     1.408     1.718     2.020     2.642
 397.000    160014         0    160010           0.237     0.614     0.901     1.237     1.370     1.663     1.954     2.417
 398.000    159995         0    159991           0.249     0.649     1.019     1.272     1.393     1.662     2.044     3.443
 399.000    160009         0    160011           0.240     0.613     0.880     1.224     1.352     1.648     1.948     2.429
 400.000    159978         0    159971           0.244     0.666     1.046     1.274     1.394     1.670     1.981     2.632
 401.000    159993         0    160009           0.257     0.686     1.097     1.320     1.468     1.761     2.045     2.732
 402.000    160002         0    160000           0.252     0.629     0.951     1.247     1.368     1.653     1.960     3.439
 403.000    160007         0    159993           0.252     0.668     1.069     1.296     1.432     1.722     1.995     2.619
 404.000    160021         0    160030           0.227     0.611     0.885     1.223     1.349     1.622     1.925     2.679
 405.000    159977         0    159978           0.249     0.635     0.963     1.244     1.363     1.640     1.955     2.763
 406.000    160003         0    159991           0.256     0.628     0.903     1.226     1.345     1.612     1.967     4.018
 407.000    160005         0    159997           0.249     0.636     0.968     1.258     1.394     1.698     2.042     2.959
 408.000    159987         0    160009           0.252     0.636     0.970     1.256     1.395     1.715     2.042     2.671
 409.000    160018         0    160012           0.248     0.625     0.942     1.242     1.364     1.644     1.963     3.002
 410.000    160023         0    160015           0.252     0.606     0.860     1.203     1.317     1.564     1.878     2.845
 411.000    159996         0    159985           0.238     0.614     0.894     1.232     1.360     1.660     1.987     2.628
 412.000    159979         0    159992           0.254     0.606     0.866     1.205     1.324     1.581     1.897     3.082
 413.000    159999         0    160002           0.232     0.602     0.891     1.224     1.354     1.666     1.970     2.982
 414.000    160004         0    160004           0.252     0.639     0.978     1.251     1.367     1.648     1.932     2.398
 415.000    159995         0    160003           0.252     0.621     0.921     1.243     1.369     1.665     1.976     3.064
 416.000    159991         0    159983           0.249     0.641     0.976     1.256     1.381     1.651     1.994     3.508
 417.000    160005         0    160014           0.261     0.628     0.911     1.235     1.360     1.631     1.958     2.767
 418.000    159995         0    159997           0.248     0.618     0.891     1.215     1.335     1.589     1.886     2.474
 419.000    159997         0    159995           0.246     0.652     1.027     1.274     1.405     1.702     2.014     2.710
 420.000    160014         0    160006           0.250     0.622     0.899     1.219     1.337     1.605     1.925     2.611
 421.000    159995         0    160002           0.254     0.626     0.949     1.245     1.364     1.645     1.974     2.812
 422.000    160008         0    159989           0.247     0.632     0.969     1.239     1.349     1.609     1.904     2.681
 423.000    159996         0    160013           0.250     0.626     0.937     1.239     1.362     1.650     2.010     3.959
 424.000    159995         0    159998           0.253     0.618     0.909     1.234     1.359     1.634     1.957     2.777
 425.000    160012         0    160010           0.253     0.614     0.911     1.225     1.346     1.616     1.928     2.347
 426.000    160004         0    160001           0.246     0.627     0.937     1.237     1.358     1.631     1.909     2.740
 427.000    159984         0    159964           0.250     0.620     0.917     1.236     1.358     1.641     1.932     2.408
 428.000    159980         0    160006           0.236     0.646     1.026     1.288     1.437     1.748     2.062     3.453
 429.000    160000         0    159999           0.248     0.612     0.881     1.219     1.349     1.653     1.975     2.761
 430.000    160020         0    160016           0.236     0.655     1.041     1.279     1.404     1.688     1.983     2.527
 431.000    160011         0    160015           0.247     0.616     0.913     1.231     1.349     1.612     1.905     2.421
 432.000    159996         0    160000           0.246     0.621     0.944     1.243     1.366     1.640     1.940     2.576
 433.000    160002         0    160001           0.252     0.643     0.998     1.264     1.386     1.675     1.979     2.605
 434.000    160002         0    159998           0.247     0.609     0.884     1.214     1.334     1.597     1.893     2.560
 435.000    159975         0    159979           0.255     0.637     0.997     1.261     1.386     1.659     1.947     2.515
 436.000    160044         0    160021           0.254     0.644     0.979     1.255     1.379     1.654     2.018     2.998
 437.001    159987         0    159997           0.254     0.617     0.891     1.224     1.351     1.631     2.015     3.619
 438.000    160027         0    160011           0.232     0.610     0.896     1.210     1.321     1.569     1.866     2.578
 439.001    159972         0    159992           0.240     0.600     0.859     1.203     1.320     1.581     1.892     2.796
 440.000    160009         0    160002           0.246     0.623     0.926     1.230     1.351     1.626     1.930     2.646
 441.000    159980         0    159997           0.250     0.622     0.959     1.243     1.364     1.642     1.934     2.451
 442.000    159999         0    159983           0.250     0.614     0.941     1.234     1.351     1.625     1.904     2.318
 443.000    159988         0    159998           0.243     0.628     0.940     1.248     1.371     1.640     1.951     2.550
 444.000    160025         0    160023           0.253     0.612     0.887     1.214     1.333     1.590     1.894     2.830
 445.001    160010         0    160008           0.258     0.608     0.892     1.214     1.332     1.587     1.901     2.507
 446.000    160000         0    160003           0.245     0.614     0.907     1.218     1.331     1.575     1.863     2.863
 447.000    159991         0    159987           0.249     0.618     0.921     1.238     1.366     1.660     1.955     2.525
 448.000    159994         0    159999           0.244     0.627     0.933     1.238     1.358     1.625     1.934     2.533
 449.000    159992         0    159988           0.255     0.629     0.934     1.242     1.370     1.652     1.962     2.767
 450.000    159990         0    159983           0.252     0.636     0.972     1.246     1.359     1.591     1.904     2.937
 451.000    160010         0    160010           0.256     0.614     0.861     1.211     1.343     1.615     1.934     2.740
 452.000    160009         0    160017           0.253     0.624     0.924     1.226     1.339     1.580     1.866     2.644
 453.000    160012         0    160012           0.246     0.610     0.869     1.206     1.320     1.568     1.867     3.250
 454.000    160004         0    159978           0.253     0.601     0.851     1.199     1.318     1.566     1.885     2.554
 455.000    159969         0    159996           0.239     0.611     0.911     1.225     1.342     1.599     1.887     2.345
 456.000    160019         0    160006           0.261     0.610     0.881     1.210     1.327     1.577     1.892     5.136
 457.000    160001         0    160006           0.228     0.622     0.965     1.239     1.353     1.606     1.903     2.683
 458.000    159999         0    160003           0.248     0.610     0.893     1.225     1.347     1.613     1.920     2.396
 459.000    159995         0    159999           0.241     0.616     0.907     1.227     1.341     1.594     1.900     2.359
 460.000    159998         0    160000           0.244     0.627     0.962     1.249     1.372     1.644     1.948     2.611
 461.000    159990         0    159989           0.254     0.605     0.874     1.226     1.358     1.626     1.901     2.359
 462.000    160004         0    160009           0.253     0.637     0.985     1.247     1.361     1.606     1.921     3.078
 463.000    160007         0    159994           0.249     0.637     0.984     1.246     1.356     1.598     1.892     2.572
 464.000    159995         0    159999           0.251     0.621     0.933     1.236     1.354     1.599     1.889     2.785
 465.000    159999         0    160002           0.248     0.642     0.991     1.250     1.364     1.613     1.905     2.404
 466.000    160009         0    160012           0.256     0.618     0.940     1.250     1.390     1.843     9.150    15.270
 467.000    160016         0    160002           0.252     0.602     0.855     1.206     1.332     1.591     1.908     2.884
 468.001    159991         0    159998           0.254     0.636     1.001     1.249     1.363     1.630     1.932     2.757
 469.000    159979         0    159987           0.248     0.610     0.893     1.225     1.353     1.640     1.933     2.566
 470.000    160010         0    160006           0.254     0.663     1.059     1.288     1.412     1.690     2.029     2.933
 471.000    160005         0    159988           0.259     0.622     0.946     1.239     1.361     1.628     1.930     2.523
 472.000    159990         0    160002           0.244     0.629     0.950     1.246     1.368     1.640     1.974     3.678
 473.000    160008         0    160013           0.262     0.638     0.991     1.255     1.381     1.656     1.973     3.326
 474.000    159991         0    159994           0.245     0.605     0.848     1.191     1.302     1.525     1.807     2.296
 475.000    160013         0    160003           0.245     0.614     0.892     1.230     1.356     1.631     1.937     4.018
 476.000    159994         0    160003           0.246     0.613     0.903     1.211     1.320     1.555     1.867     2.462
 477.000    159985         0    159978           0.243     0.622     0.931     1.244     1.369     1.636     1.936     2.916
 478.000    159992         0    159986           0.258     0.620     0.938     1.240     1.358     1.609     1.917     2.757
 479.000    160015         0    160028           0.245     0.620     0.942     1.231     1.341     1.579     1.887     3.258
 480.000    160010         0    160011           0.257     0.611     0.902     1.247     1.388     1.676     1.957     2.445
 481.000    160014         0    160004           0.247     0.617     0.934     1.228     1.345     1.602     1.895     2.427
 482.000    159978         0    159982           0.238     0.610     0.887     1.214     1.331     1.571     1.872     2.503
 483.000    160015         0    160014           0.252     0.621     0.921     1.229     1.346     1.592     1.874     2.537
 484.000    159992         0    159995           0.233     0.636     0.955     1.250     1.374     1.642     1.964     2.818
 485.000    159989         0    159984           0.246     0.608     0.899     1.209     1.319     1.543     1.846     2.505
 486.000    160008         0    160018           0.232     0.652     1.034     1.260     1.375     1.628     1.910     2.626
 487.000    159986         0    159987           0.245     0.618     0.934     1.223     1.337     1.588     1.882     3.246
 488.000    160019         0    160017           0.251     0.621     0.925     1.232     1.351     1.606     1.900     2.513
 489.000    159982         0    159973           0.253     0.603     0.866     1.207     1.325     1.576     1.871     2.970
 490.000    160010         0    160010           0.251     0.616     0.906     1.222     1.339     1.583     1.915     2.707
 491.000    159978         0    159981           0.244     0.620     0.926     1.234     1.351     1.606     1.894     2.357
 492.000    160033         0    160029           0.248     0.614     0.905     1.218     1.326     1.555     1.858     2.814
 493.001    159995         0    160000           0.257     0.598     0.822     1.187     1.307     1.541     1.852     2.927
 494.000    159994         0    160000           0.246     0.599     0.847     1.197     1.312     1.548     1.846     2.382
 495.000    160019         0    160012           0.248     0.620     0.916     1.231     1.350     1.609     1.912     2.892
 496.000    159972         0    159979           0.256     0.619     0.881     1.218     1.335     1.572     1.901     3.342
 497.000    160035         0    160023           0.252     0.601     0.813     1.172     1.296     1.536     1.855     3.092
 498.000    159955         0    159965           0.241     0.616     0.859     1.207     1.333     1.585     1.900     2.474
 499.000    160023         0    160012           0.255     0.616     0.927     1.220     1.329     1.556     1.850     2.316
 500.000    160019         0    160021           0.244     0.595     0.820     1.183     1.302     1.527     1.809     2.312
 501.000    159975         0    159978           0.258     0.610     0.865     1.205     1.320     1.565     1.880     2.841
 502.000    160025         0    160022           0.246     0.630     0.930     1.236     1.357     1.618     1.927     2.640
 503.000    159976         0    159971           0.246     0.608     0.838     1.186     1.303     1.535     1.863     3.578
 504.000    159991         0    159986           0.232     0.625     0.928     1.252     1.384     1.679     2.071     2.822
 505.000    160008         0    160024           0.237     0.607     0.847     1.201     1.326     1.595     1.922     2.621
 506.000    159999         0    159998           0.254     0.624     0.973     1.249     1.367     1.640     1.964     4.878
 507.000    160012         0    160010           0.243     0.603     0.869     1.208     1.321     1.552     1.863     3.465
 508.000    160000         0    160001           0.241     0.620     0.909     1.236     1.355     1.606     1.933     2.486
 509.000    160001         0    159996           0.244     0.613     0.871     1.207     1.324     1.573     1.884     2.646
 510.000    160015         0    160013           0.247     0.604     0.850     1.201     1.320     1.551     1.848     3.518
 511.000    159994         0    159996           0.242     0.615     0.889     1.223     1.345     1.603     1.911     2.822
 512.000    159951         0    159961           0.257     0.635     0.950     1.233     1.348     1.589     1.931     3.516
 513.000    160015         0    160018           0.249     0.630     0.945     1.249     1.366     1.618     1.946     2.955
 514.000    160006         0    160004           0.258     0.629     0.971     1.247     1.363     1.626     1.944     2.587
 515.000    160034         0    160022           0.245     0.623     0.940     1.239     1.357     1.619     1.953     2.734
 516.000    159994         0    159987           0.256     0.624     0.930     1.227     1.340     1.579     1.896     2.828
 517.000    159992         0    159999           0.237     0.603     0.847     1.198     1.313     1.537     1.810     2.607
 518.000    159993         0    159998           0.249     0.610     0.891     1.219     1.339     1.594     1.883     2.382
 519.000    159985         0    159987           0.254     0.612     0.883     1.219     1.340     1.598     1.927     2.830
 520.000    160016         0    160008           0.245     0.605     0.850     1.199     1.317     1.574     1.881     2.660
 521.000    160009         0    160011           0.244     0.619     0.913     1.228     1.342     1.587     1.904     2.703
 522.001    159997         0    159984           0.246     0.617     0.902     1.219     1.328     1.533     1.806     2.259
 523.000    160006         0    160026           0.251     0.602     0.831     1.196     1.313     1.540     1.827     2.515
 524.000    159981         0    159982           0.245     0.587     0.814     1.186     1.300     1.518     1.800     2.507
 525.000    160006         0    160009           0.240     0.600     0.840     1.194     1.309     1.534     1.819     2.583
 526.000    159983         0    159981           0.236     0.598     0.839     1.196     1.309     1.528     1.828     2.494
 527.000    160021         0    160020           0.247     0.607     0.867     1.208     1.326     1.565     2.150     5.493
 528.000    159996         0    159995           0.248     0.602     0.858     1.200     1.313     1.541     1.844     2.519
 529.000    160007         0    159983           0.245     0.614     0.915     1.225     1.340     1.586     1.897     2.703
 530.000    159988         0    159999           0.246     0.617     0.883     1.209     1.322     1.556     1.852     2.566
 531.000    160020         0    160031           0.246     0.614     0.925     1.244     1.378     1.668     2.000     2.699
 532.000    159968         0    159976           0.249     0.600     0.847     1.224     1.363     1.668     1.968     2.806
 533.000    160021         0    160016           0.242     0.622     0.914     1.233     1.350     1.601     1.881     2.425
 534.000    159988         0    159992           0.240     0.608     0.882     1.217     1.336     1.593     1.927     2.867
 535.000    159990         0    159990           0.251     0.622     0.957     1.250     1.378     1.657     1.948     2.879
 536.000    160008         0    160004           0.237     0.641     1.014     1.270     1.398     1.673     1.972     3.152
 537.000    160032         0    160028           0.244     0.623     0.966     1.240     1.356     1.620     1.933     2.546
 538.000    159982         0    159988           0.241     0.603     0.858     1.210     1.331     1.577     1.897     2.914
 539.000    160002         0    159995           0.245     0.621     0.955     1.232     1.342     1.576     1.866     2.503
 540.000    160003         0    160002           0.250     0.609     0.890     1.218     1.331     1.560     1.879     3.451
 541.000    159985         0    159991           0.245     0.616     0.935     1.229     1.339     1.576     1.885     3.025
 542.000    160007         0    160003           0.238     0.631     0.972     1.238     1.343     1.564     1.859     2.834
 543.000    160002         0    160002           0.250     0.615     0.910     1.240     1.367     1.648     1.945     2.646
 544.000    159997         0    159995           0.248     0.641     0.986     1.250     1.362     1.606     1.947     2.922
 545.000    160008         0    160014           0.241     0.604     0.882     1.211     1.330     1.587     1.868     2.339
 546.000    160003         0    159992           0.247     0.612     0.901     1.223     1.342     1.608     1.938     2.724
 547.000    159974         0    159980           0.257     0.622     0.953     1.253     1.378     1.659     1.976     3.041
 548.000    160028         0    160039           0.244     0.619     0.937     1.232     1.348     1.589     1.871     2.474
 549.000    159979         0    159970           0.250     0.627     0.965     1.246     1.372     1.650     1.952     3.256
 550.000    159993         0    160003           0.225     0.631     0.971     1.253     1.372     1.630     1.939     2.966
 551.000    160017         0    160008           0.254     0.633     0.977     1.249     1.364     1.609     1.911     2.755
 552.000    159966         0    159965           0.249     0.642     1.012     1.256     1.371     1.631     1.937     2.599
 553.000    160003         0    160003           0.243     0.634     1.004     1.258     1.375     1.630     1.927     2.439
 554.000    160023         0    160013           0.249     0.641     1.001     1.267     1.391     1.668     1.954     2.992
 555.000    160001         0    160016           0.250     0.652     1.042     1.278     1.398     1.649     1.940     2.437
 556.000    160011         0    159993           0.245     0.622     0.925     1.233     1.350     1.609     1.938     2.671
 557.000    159983         0    160005           0.255     0.623     0.926     1.228     1.348     1.606     1.922     2.888
 558.000    160002         0    159999           0.248     0.635     0.984     1.254     1.372     1.640     2.010     3.185
 559.000    159987         0    159989           0.252     0.620     0.923     1.246     1.370     1.659     2.101     3.832
 560.000    160025         0    160000           0.234     0.636     1.009     1.256     1.371     1.647     1.951     3.111
 561.001    159982         0    160003           0.251     0.658     1.048     1.278     1.397     1.659     2.003     2.804
 562.000    160030         0    160026           0.255     0.632     0.947     1.242     1.357     1.607     1.945     2.759
 563.000    159979         0    159988           0.242     0.630     1.006     1.265     1.393     1.662     1.944     2.523
 564.000    159999         0    159989           0.242     0.669     1.066     1.283     1.405     1.680     1.958     2.626
 565.000    159990         0    159997           0.246     0.639     0.987     1.247     1.358     1.597     1.906     3.183
 566.000    159994         0    159997           0.259     0.664     1.051     1.271     1.383     1.635     1.938     4.518
 567.000    160010         0    160008           0.248     0.613     0.902     1.221     1.334     1.573     1.855     2.537
 568.000    160024         0    160011           0.253     0.668     1.067     1.287     1.406     1.680     1.985     3.596
 569.000    159983         0    159995           0.245     0.640     0.961     1.255     1.376     1.639     1.993     4.284
 570.000    160005         0    160003           0.252     0.642     0.983     1.250     1.364     1.614     1.919     2.617
 571.000    160003         0    160004           0.252     0.643     1.030     1.288     1.423     1.709     1.997     2.767
 572.000    159991         0    159994           0.246     0.638     1.019     1.252     1.360     1.599     1.881     2.410
 573.000    160006         0    160000           0.245     0.649     1.038     1.270     1.394     1.665     1.961     2.564
 574.000    159974         0    159980           0.252     0.640     1.009     1.256     1.372     1.646     1.950     2.822
 575.000    160028         0    160023           0.249     0.631     0.978     1.253     1.373     1.637     1.915     2.451
 576.000    159985         0    159988           0.232     0.628     0.980     1.239     1.348     1.579     1.860     2.591
 577.000    160019         0    160011           0.240     0.625     0.965     1.243     1.356     1.606     1.900     2.966
 578.000    159982         0    159993           0.253     0.647     1.026     1.276     1.398     1.668     1.970     3.006
 579.000    160007         0    160007           0.252     0.614     0.910     1.227     1.345     1.603     1.907     2.464
 580.000    160022         0    160022           0.233     0.632     1.008     1.272     1.406     1.701     1.997     2.572
 581.000    159979         0    159972           0.244     0.637     1.005     1.255     1.370     1.622     1.906     3.090
 582.000    160006         0    160001           0.244     0.637     0.996     1.245     1.358     1.618     1.929     2.771
 583.000    160016         0    160018           0.247     0.642     1.006     1.269     1.396     1.674     1.978     2.851
 584.000    159992         0    159992           0.246     0.636     0.995     1.250     1.364     1.623     1.936     2.953
 585.000    159987         0    159988           0.237     0.628     0.970     1.231     1.338     1.572     1.877     2.556
 586.000    159994         0    159985           0.251     0.636     1.009     1.252     1.361     1.605     1.903     2.490
 587.001    160015         0    160011           0.251     0.624     0.974     1.262     1.396     1.679     1.951     2.568
 588.000    159991         0    160004           0.251     0.625     0.944     1.253     1.388     1.703     2.763     4.895
 589.000    160000         0    160014           0.239     0.617     0.908     1.228     1.347     1.615     1.910     3.209
 590.000    159985         0    159975           0.255     0.610     0.885     1.217     1.335     1.594     1.942     3.342
 591.000    160030         0    160016           0.251     0.624     0.951     1.248     1.364     1.615     1.911     3.064
 592.000    159990         0    160008           0.255     0.629     0.930     1.239     1.359     1.621     1.949     2.703
 593.000    159994         0    159994           0.251     0.655     1.041     1.288     1.419     1.709     2.013     2.515
 594.000    159994         0    159988           0.240     0.620     0.930     1.235     1.347     1.583     1.905     2.372
 595.000    160009         0    160019           0.249     0.614     0.935     1.237     1.354     1.605     1.914     2.359
 596.000    160009         0    160006           0.245     0.608     0.875     1.218     1.343     1.631     1.947     2.486
 597.000    159982         0    159977           0.246     0.613     0.905     1.225     1.340     1.576     1.878     2.482
 598.000    159993         0    159989           0.240     0.637     0.992     1.257     1.375     1.641     1.970     4.198
 599.000    160028         0    160017           0.245     0.620     0.921     1.239     1.361     1.628     2.016     3.715
 600.000    159979         0    159994           0.260     0.626     0.952     1.244     1.364     1.617     1.902     2.398
 601.000    159992         0    159990           0.226     0.634     1.007     1.256     1.366     1.608     1.906     3.301
 602.000    160029         0    160029           0.247     0.656     1.031     1.284     1.410     1.694     2.047     2.953
 603.000    159979         0    159989           0.245     0.628     0.965     1.249     1.367     1.625     1.912     2.562
 604.000    159996         0    159980           0.245     0.626     0.985     1.248     1.368     1.642     1.923     2.433
 605.000    160004         0    160019           0.233     0.663     1.059     1.271     1.380     1.622     1.906     2.503
 606.000    159994         0    159983           0.251     0.663     1.039     1.258     1.366     1.604     1.890     2.634
 607.000    160006         0    160012           0.252     0.648     1.028     1.264     1.379     1.635     1.947     3.119
 608.000    160002         0    159998           0.250     0.624     0.956     1.238     1.346     1.584     1.910     3.367
 609.000    160011         0    160013           0.241     0.637     0.992     1.248     1.360     1.610     1.921     2.595
 610.000    159985         0    159979           0.238     0.633     0.987     1.240     1.350     1.598     1.901     2.468
 611.000    160010         0    160005           0.252     0.644     1.005     1.255     1.366     1.619     1.951     2.728
 612.000    160002         0    160020           0.246     0.652     1.040     1.270     1.389     1.654     1.953     2.593
 613.000    160001         0    159986           0.257     0.661     1.047     1.262     1.369     1.604     1.897     2.673
 614.000    159982         0    159995           0.244     0.643     1.010     1.252     1.366     1.626     1.919     3.342
 615.000    160018         0    160008           0.235     0.638     0.990     1.253     1.371     1.635     1.930     2.359
 616.000    159999         0    160000           0.249     0.633     1.015     1.254     1.363     1.607     1.889     2.509
 617.000    159988         0    159991           0.252     0.639     1.027     1.262     1.379     1.644     1.925     2.384
 618.000    160000         0    159996           0.253     0.683     1.094     1.296     1.412     1.679     2.040    12.009
 619.000    160005         0    159989           0.250     0.655     1.058     1.278     1.396     1.658     1.959     3.518
 620.001    160013         0    160007           0.241     0.647     1.040     1.272     1.402     1.682     1.985     2.918
 621.000    159986         0    160019           0.248     0.666     1.075     1.276     1.394     1.660     1.946     3.512
 622.000    160014         0    160016           0.250     0.678     1.082     1.284     1.400     1.668     1.961     2.957
 623.000    159983         0    159979           0.259     0.664     1.075     1.266     1.369     1.604     1.896     3.557
 624.000    160004         0    160000           0.260     0.669     1.066     1.281     1.396     1.655     1.979     3.975
 625.000    159983         0    159989           0.240     0.670     1.068     1.278     1.393     1.654     1.957     2.836
 626.000    160029         0    160015           0.239     0.662     1.059     1.271     1.382     1.636     1.948     2.609
 627.000    159991         0    159991           0.244     0.638     1.007     1.255     1.369     1.634     1.938     3.371
 628.000    160009         0    160022           0.248     0.643     1.007     1.264     1.382     1.653     1.976     2.728
 629.000    159977         0    159963           0.241     0.647     1.027     1.263     1.379     1.652     1.977     2.634
 630.000    160014         0    160024           0.257     0.665     1.044     1.279     1.397     1.662     1.988     2.759
 631.000    159998         0    159998           0.243     0.622     0.940     1.239     1.360     1.646     1.964     3.170
 632.000    160011         0    159997           0.247     0.641     1.024     1.260     1.368     1.599     1.859     2.380
 633.000    159991         0    160005           0.244     0.646     1.014     1.250     1.354     1.584     1.872     2.406
 634.000    160006         0    160010           0.254     0.655     1.053     1.261     1.364     1.594     1.884     2.316
 635.000    159979         0    159977           0.248     0.613     0.898     1.215     1.329     1.567     1.893     5.407
 636.000    160021         0    160020           0.258     0.667     1.057     1.292     1.414     1.689     1.979     2.693
 637.000    159982         0    159967           0.256     0.637     0.974     1.247     1.361     1.596     1.906     2.558
 638.000    160011         0    160026           0.242     0.628     0.960     1.243     1.356     1.593     1.914     5.243
 639.000    159998         0    159996           0.249     0.644     1.023     1.261     1.377     1.642     1.954     3.570
 640.000    160005         0    160000           0.234     0.634     0.967     1.252     1.369     1.623     1.943     2.738
 641.000    159986         0    159995           0.244     0.626     0.962     1.261     1.396     1.677     1.983     2.554
 642.000    160022         0    160008           0.251     0.648     1.020     1.255     1.365     1.610     1.906     2.587
 643.000    159967         0    159986           0.252     0.633     0.961     1.263     1.394     1.671     1.974     3.674
 644.000    160043         0    160036           0.233     0.635     1.004     1.254     1.366     1.605     1.920     2.953
 645.000    159983         0    159976           0.236     0.653     1.029     1.280     1.406     1.679     2.009     3.230
 646.000    159983         0    159990           0.263     0.659     1.057     1.275     1.385     1.629     1.920     2.572
 647.000    160030         0    160014           0.246     0.634     0.970     1.248     1.367     1.632     1.937     2.523
 648.001    159990         0    159995           0.250     0.639     0.992     1.246     1.362     1.631     1.976     3.490
 649.000    160002         0    160007           0.245     0.632     0.960     1.237     1.349     1.581     1.863     2.671
 650.000    159990         0    159992           0.253     0.623     0.960     1.234     1.343     1.583     1.852     2.398
 651.000    159985         0    159984           0.249     0.657     1.047     1.268     1.381     1.635     1.940     4.020
 652.000    160019         0    160027           0.243     0.658     1.052     1.265     1.374     1.620     1.901     2.580
 653.000    159994         0    159989           0.253     0.621     0.931     1.235     1.346     1.575     1.876     2.638
 654.000    160014         0    160003           0.247     0.640     0.996     1.249     1.363     1.605     1.909     2.447
 655.001    159992         0    160006           0.252     0.605     0.889     1.224     1.356     1.638     1.936     2.357
 656.000    159999         0    159990           0.250     0.635     0.984     1.252     1.366     1.608     1.904     3.985
 657.000    159998         0    160007           0.250     0.623     0.959     1.237     1.348     1.586     1.885     2.423
 658.000    159990         0    159985           0.255     0.639     0.991     1.243     1.352     1.586     1.894     3.381
 659.000    160013         0    160013           0.248     0.653     1.033     1.265     1.379     1.629     1.926     4.198
 660.000    160012         0    160006           0.250     0.625     0.931     1.230     1.346     1.589     1.919     3.174
 661.000    159992         0    159998           0.254     0.623     0.964     1.235     1.341     1.567     1.843     2.343
 662.000    160007         0    160004           0.242     0.645     1.015     1.272     1.397     1.657     1.959     2.544
 663.001    159995         0    159989           0.246     0.612     0.892     1.218     1.330     1.563     1.865     3.097
 664.000    159977         0    159992           0.246     0.616     0.930     1.232     1.348     1.591     1.872     2.492
 665.000    160017         0    160018           0.242     0.630     0.964     1.247     1.359     1.598     1.892     2.410
 666.000    159984         0    159980           0.237     0.641     0.984     1.264     1.395     1.668     1.963     2.851
 667.000    160016         0    160013           0.241     0.631     0.962     1.246     1.363     1.615     1.924     2.705
 668.000    159993         0    159974           0.234     0.626     0.935     1.235     1.354     1.601     1.892     2.753
 669.000    160003         0    160016           0.243     0.656     1.014     1.272     1.395     1.665     2.071     3.406
 670.000    160005         0    160012           0.252     0.637     1.008     1.256     1.370     1.623     1.925     2.656
 671.000    159985         0    159989           0.247     0.657     1.057     1.270     1.381     1.627     1.920     2.400
 672.000    160006         0    160000           0.242     0.626     0.929     1.231     1.347     1.586     1.889     2.845
 673.000    160000         0    160004           0.252     0.662     1.039     1.297     1.430     1.707     2.083     5.050
 674.000    159982         0    159988           0.256     0.651     1.022     1.284     1.412     1.686     1.977     3.152
 675.000    160013         0    160008           0.250     0.660     1.048     1.272     1.391     1.647     1.960     2.552
 676.000    160006         0    160008           0.233     0.623     0.946     1.244     1.365     1.635     1.923     2.445
 677.000    160013         0    159997           0.257     0.651     1.008     1.269     1.391     1.654     1.987     2.931
 678.000    160006         0    160013           0.246     0.636     0.971     1.251     1.374     1.631     1.920     2.712
 679.000    159985         0    159994           0.242     0.641     1.009     1.262     1.383     1.648     1.953     3.211
 680.000    160009         0    159999           0.248     0.631     0.969     1.255     1.378     1.646     1.934     2.460
 681.000    160006         0    160018           0.252     0.618     0.893     1.228     1.352     1.596     1.883     2.400
 682.000    159993         0    159987           0.252     0.626     0.918     1.230     1.349     1.597     1.890     3.314
 683.000    159987         0    159990           0.254     0.648     1.019     1.282     1.413     1.695     2.044     3.056
 684.000    160009         0    159991           0.259     0.652     1.001     1.273     1.404     1.691     2.091     3.801
 685.000    160005         0    160024           0.249     0.635     0.939     1.251     1.374     1.632     1.965     3.308
 686.000    160005         0    159992           0.261     0.608     0.884     1.221     1.340     1.592     1.883     2.603
 687.001    160018         0    159996           0.242     0.611     0.882     1.219     1.342     1.592     1.922     2.427
 688.000    159982         0    160011           0.240     0.624     0.951     1.237     1.345     1.563     1.832     2.351
 689.000    159974         0    159979           0.230     0.620     0.918     1.239     1.360     1.615     1.978     5.247
 690.000    160006         0    159998           0.252     0.635     0.959     1.238     1.353     1.592     1.901     2.804
 691.000    160018         0    160016           0.249     0.613     0.873     1.209     1.325     1.553     1.868     2.615
 692.000    159984         0    159989           0.255     0.621     0.912     1.228     1.338     1.569     1.861     3.281
 693.000    159989         0    159990           0.239     0.612     0.897     1.218     1.331     1.574     1.854     2.695
 694.000    160003         0    160008           0.263     0.636     0.990     1.253     1.370     1.629     1.944     2.746
 695.000    160013         0    160012           0.256     0.615     0.883     1.222     1.345     1.598     1.911     2.812
 696.000    159999         0    159994           0.258     0.634     0.953     1.250     1.374     1.642     1.988     2.730
 697.000    159983         0    159983           0.252     0.624     0.929     1.226     1.342     1.592     1.919     3.398
 698.000    160032         0    160024           0.255     0.642     0.960     1.250     1.374     1.646     1.967     3.373
 699.000    160000         0    160008           0.234     0.616     0.894     1.215     1.331     1.574     1.872     2.722
 700.000    159959         0    159966           0.253     0.613     0.866     1.211     1.333     1.582     1.938     4.119
 701.000    160028         0    160018           0.258     0.649     0.994     1.253     1.375     1.654     1.971     6.889
 702.000    159986         0    159995           0.255     0.649     1.007     1.264     1.382     1.627     1.923     2.793
 703.000    160003         0    160000           0.254     0.614     0.859     1.208     1.332     1.587     1.920     3.088
 704.000    160003         0    160004           0.245     0.619     0.905     1.234     1.359     1.625     1.971     3.645
 705.000    159997         0    159994           0.245     0.653     1.021     1.270     1.386     1.651     1.958     2.906
 706.000    160025         0    160025           0.254     0.649     1.001     1.258     1.370     1.609     1.915     2.562
 707.000    159992         0    159993           0.242     0.629     0.952     1.231     1.341     1.573     1.885     3.062
 708.000    159998         0    160003           0.239     0.607     0.874     1.211     1.324     1.559     1.876     3.488
 709.000    160001         0    159997           0.251     0.618     0.935     1.234     1.354     1.610     2.008     3.715
 710.000    159977         0    159978           0.252     0.664     1.045     1.270     1.384     1.625     1.945     3.129
 711.000    160027         0    160029           0.246     0.628     0.973     1.239     1.349     1.589     1.876     2.855
 712.000    160008         0    159990           0.249     0.627     0.979     1.248     1.364     1.619     1.896     2.535
 713.000    160008         0    160007           0.239     0.610     0.881     1.218     1.336     1.574     1.880     2.808
 714.000    159970         0    159991           0.259     0.603     0.856     1.201     1.323     1.572     1.863     2.458
 715.000    160003         0    159992           0.242     0.634     0.976     1.248     1.364     1.624     1.916     2.537
 716.000    159981         0    159988           0.265     0.653     0.994     1.265     1.391     1.662     2.009     3.822
 717.000    160004         0    160008           0.257     0.632     0.956     1.252     1.377     1.637     1.950     2.558
 718.000    160001         0    159991           0.255     0.653     1.021     1.290     1.426     1.698     1.991     2.511
 719.000    160018         0    160018           0.240     0.627     0.953     1.239     1.356     1.618     1.960     3.631
 720.000    160018         0    160013           0.252     0.644     1.016     1.284     1.419     1.694     1.987     2.400
 721.000    159988         0    159996           0.250     0.617     0.909     1.237     1.362     1.632     1.950     2.417
 722.000    159978         0    159986           0.259     0.631     0.956     1.241     1.358     1.609     1.912     2.482
 723.000    160006         0    160003           0.257     0.649     0.990     1.274     1.406     1.684     2.034     2.773
 724.000    160005         0    159983           0.234     0.626     0.954     1.246     1.366     1.632     1.925     2.304
 725.000    159991         0    160012           0.254     0.637     0.965     1.241     1.356     1.591     1.890     3.049
 726.000    160020         0    160005           0.251     0.641     0.976     1.257     1.379     1.635     1.951     3.643
 727.000    159976         0    159994           0.248     0.654     1.002     1.254     1.369     1.610     1.920     3.625
 728.000    160035         0    160016           0.249     0.646     0.972     1.261     1.385     1.677     2.382     4.407
 729.001    159967         0    159981           0.256     0.645     0.964     1.247     1.368     1.629     1.930     2.730
 730.000    160017         0    160004           0.257     0.640     0.956     1.242     1.360     1.612     1.934     3.088
 731.000    160008         0    160018           0.242     0.674     1.069     1.339     1.492     1.785     2.163     3.523
 732.000    159986         0    159994           0.258     0.643     0.925     1.253     1.390     1.659     2.037     3.172
 733.000    159991         0    159978           0.248     0.623     0.889     1.227     1.351     1.612     1.928     3.025
 734.000    160004         0    160007           0.245     0.631     0.923     1.240     1.361     1.617     1.975     3.670
 735.000    160010         0    160017           0.255     0.642     0.972     1.254     1.374     1.639     1.962     3.127
 736.000    159987         0    159986           0.250     0.622     0.911     1.230     1.347     1.592     1.948     3.414
 737.000    160032         0    160034           0.247     0.611     0.881     1.222     1.345     1.609     1.921     3.396
 738.000    159990         0    159979           0.245     0.625     0.913     1.240     1.363     1.627     1.951     3.135
 739.000    159976         0    159989           0.261     0.622     0.902     1.224     1.343     1.594     1.935     2.777
 740.000    160009         0    160000           0.258     0.621     0.886     1.227     1.354     1.611     1.936     2.779
 741.000    160014         0    160020           0.240     0.625     0.891     1.224     1.346     1.604     2.183     4.248
 742.000    159996         0    159992           0.253     0.620     0.895     1.223     1.342     1.588     1.903     3.041
 743.000    160009         0    160017           0.256     0.609     0.863     1.205     1.324     1.560     1.869     2.478
 744.000    160005         0    160003           0.253     0.611     0.885     1.209     1.325     1.569     1.893     3.052
 745.000    159986         0    159980           0.228     0.600     0.820     1.180     1.304     1.543     1.886     2.796
 746.000    160007         0    160012           0.241     0.612     0.896     1.213     1.324     1.560     1.862     2.466
 747.000    159996         0    159987           0.247     0.612     0.874     1.220     1.346     1.602     1.915     2.851
 748.001    159990         0    159985           0.250     0.597     0.822     1.185     1.303     1.530     1.806     2.253
 749.000    160007         0    160018           0.229     0.617     0.955     1.238     1.357     1.610     1.893     2.542
 750.000    159993         0    159997           0.258     0.620     0.938     1.241     1.359     1.608     1.925     3.013
 751.000    160009         0    160007           0.240     0.598     0.839     1.192     1.307     1.538     1.858     3.092
 752.000    159988         0    159982           0.257     0.612     0.863     1.213     1.342     1.592     1.896     2.623
 753.000    159998         0    160000           0.250     0.618     0.921     1.238     1.359     1.618     1.913     2.408
 754.000    160021         0    160021           0.252     0.659     1.046     1.284     1.405     1.666     2.031     3.156
 755.000    159978         0    159976           0.248     0.634     0.952     1.245     1.369     1.646     1.934     2.664
 756.000    160018         0    160013           0.256     0.612     0.879     1.212     1.331     1.585     1.884     2.560
 757.000    160006         0    160008           0.228     0.612     0.918     1.238     1.362     1.639     1.951     2.656
 758.000    159997         0    160008           0.243     0.632     0.969     1.269     1.409     1.772     4.518     9.437
 759.000    160006         0    159986           0.253     0.636     0.962     1.257     1.386     1.657     1.971     2.515
 760.000    159970         0    159987           0.253     0.638     0.994     1.279     1.417     1.681     1.980     3.168
 761.000    159996         0    159981           0.250     0.642     0.983     1.256     1.378     1.645     1.958     2.681
 762.000    160001         0    160016           0.240     0.657     1.023     1.277     1.405     1.690     2.044     3.330
 763.000    160011         0    160008           0.253     0.643     1.001     1.260     1.380     1.638     1.969     3.066
 764.000    160015         0    159990           0.217     0.647     1.022     1.265     1.386     1.648     1.931     2.851
 765.000    160006         0    160025           0.252     0.647     1.013     1.281     1.411     1.688     2.018     3.668
 766.000    159973         0    159974           0.244     0.635     0.957     1.247     1.367     1.626     1.949     2.505
 767.000    160010         0    160018           0.252     0.634     0.974     1.251     1.368     1.618     1.896     2.394
 768.000    159996         0    159993           0.249     0.625     0.933     1.234     1.347     1.577     1.853     2.445
 769.000    159997         0    159980           0.243     0.624     0.933     1.250     1.385     1.669     2.078     3.437
 770.001    160004         0    160020           0.246     0.633     0.976     1.273     1.404     1.678     1.960     2.988
 771.000    160000         0    160006           0.235     0.610     0.865     1.211     1.331     1.561     1.845     2.499
 772.000    160018         0    160008           0.247     0.637     0.991     1.264     1.396     1.679     2.029     3.369
 773.000    159986         0    159993           0.254     0.625     0.964     1.242     1.357     1.599     1.906     4.788
 774.000    159997         0    159995           0.251     0.636     0.983     1.261     1.385     1.655     1.953     3.920
 775.000    159999         0    159993           0.256     0.626     0.927     1.241     1.363     1.620     1.910     3.142
 776.001    159997         0    160000           0.242     0.623     0.966     1.250     1.369     1.632     1.928     2.392
 777.000    159991         0    159992           0.250     0.672     1.073     1.306     1.435     1.694     1.992     2.613
 778.000    160017         0    160020           0.251     0.625     0.915     1.229     1.348     1.589     1.878     2.408
 779.000    160002         0    159999           0.248     0.638     0.996     1.255     1.375     1.629     1.912     2.429
 780.000    159995         0    159989           0.244     0.652     1.017     1.253     1.364     1.602     1.903     2.562
 781.001    160006         0    160000           0.250     0.626     0.928     1.230     1.348     1.594     1.922     3.074
 782.000    159984         0    159995           0.241     0.682     1.082     1.296     1.420     1.694     1.980     2.595
 783.000    160014         0    160019           0.252     0.648     1.019     1.284     1.410     1.671     1.999     3.297
 784.000    159976         0    159971           0.244     0.660     1.034     1.292     1.420     1.675     1.982     3.467
 785.000    159998         0    160004           0.257     0.633     0.969     1.271     1.406     1.689     1.990     2.583
 786.000    160011         0    160001           0.255     0.649     1.032     1.272     1.394     1.656     1.948     2.519
 787.000    160005         0    160006           0.248     0.618     0.898     1.224     1.349     1.597     1.887     2.392
 788.000    160003         0    160008           0.239     0.616     0.908     1.232     1.355     1.615     1.927     5.493
 789.000    160007         0    159998           0.261     0.625     0.944     1.248     1.373     1.634     1.924     3.463
 790.000    160007         0    160010           0.248     0.633     0.947     1.248     1.369     1.632     1.947     2.660
 791.001    159976         0    159972           0.253     0.643     0.997     1.256     1.375     1.622     1.926     2.488
 792.001    160011         0    160022           0.258     0.637     0.982     1.266     1.397     1.661     1.999     3.172
 793.000    160010         0    160011           0.248     0.624     0.928     1.235     1.356     1.614     1.916     2.458
 794.000    160006         0    160001           0.253     0.614     0.871     1.222     1.347     1.591     1.893     2.525
 795.000    159989         0    159993           0.250     0.624     0.900     1.227     1.348     1.597     1.925     3.004
 796.000    160014         0    160001           0.245     0.646     1.021     1.277     1.405     1.658     1.959     2.677
 797.000    159977         0    159989           0.254     0.620     0.927     1.248     1.380     1.650     1.953     2.519
 798.000    160014         0    160017           0.242     0.614     0.908     1.226     1.343     1.587     1.871     2.673
 799.000    159989         0    159990           0.240     0.603     0.844     1.197     1.317     1.568     1.881     2.689
 800.000    160016         0    160010           0.244     0.607     0.871     1.207     1.324     1.570     1.867     2.544
 801.001    159999         0    159975           0.248     0.624     0.937     1.246     1.375     1.657     2.578     5.317
 802.000    159986         0    160004           0.255     0.624     0.905     1.225     1.345     1.590     1.904     2.980
 803.000    160015         0    160021           0.245     0.620     0.893     1.230     1.361     1.636     1.964     3.101
 804.000    159976         0    159977           0.251     0.622     0.907     1.235     1.362     1.619     1.923     2.523
 805.000    160009         0    160008           0.241     0.611     0.868     1.217     1.347     1.613     1.940     2.400
 806.000    160012         0    160014           0.244     0.626     0.933     1.251     1.379     1.644     1.935     2.593
 807.000    159976         0    159980           0.254     0.624     0.934     1.247     1.370     1.618     1.921     2.601
 808.000    160014         0    160009           0.248     0.624     0.916     1.230     1.350     1.611     1.927     3.568
 809.000    159974         0    159981           0.251     0.625     0.938     1.258     1.393     1.658     1.975     3.492
 810.000    160039         0    160032           0.251     0.628     0.931     1.256     1.391     1.658     2.018     4.069
 811.000    159987         0    159975           0.257     0.631     0.986     1.262     1.384     1.636     1.934     2.556
 812.000    160002         0    160013           0.246     0.610     0.908     1.230     1.352     1.606     1.869     2.400
 813.000    160003         0    160012           0.254     0.622     0.984     1.282     1.416     1.675     1.929     2.359
 814.000    160006         0    159997           0.257     0.649     1.014     1.269     1.393     1.651     1.961     3.451
 815.000    160015         0    160004           0.233     0.617     0.887     1.217     1.338     1.585     1.904     2.525
 816.000    159978         0    159996           0.240     0.622     0.936     1.222     1.331     1.560     1.859     2.791
 817.000    159985         0    159984           0.248     0.615     0.891     1.222     1.343     1.598     1.928     3.846
 818.000    160012         0    160007           0.256     0.649     1.020     1.263     1.374     1.611     1.892     3.344
 819.000    160012         0    160005           0.246     0.632     0.953     1.249     1.378     1.650     1.964     2.791
 820.000    159978         0    159993           0.251     0.629     0.942     1.248     1.372     1.622     1.903     2.597
 821.000    160013         0    160007           0.257     0.622     0.912     1.225     1.337     1.559     1.859     2.664
 822.000    160008         0    160014           0.245     0.634     0.955     1.242     1.361     1.610     1.912     2.796
 823.000    159999         0    159994           0.257     0.616     0.894     1.221     1.338     1.574     1.873     2.503
 824.000    159971         0    159975           0.253     0.638     0.973     1.258     1.383     1.638     1.981     2.818
 825.000    160015         0    160007           0.259     0.645     1.025     1.279     1.410     1.691     2.025     3.146
 826.000    160001         0    160005           0.244     0.644     1.012     1.248     1.355     1.583     1.883     2.808
 827.000    160007         0    160009           0.253     0.618     0.903     1.215     1.326     1.546     1.859     3.181
 828.000    160000         0    160006           0.241     0.610     0.894     1.228     1.354     1.611     1.917     2.486
 829.000    159997         0    159975           0.257     0.612     0.906     1.232     1.357     1.630     2.527     5.046
 830.000    160009         0    160015           0.265     0.612     0.865     1.217     1.346     1.603     1.961     2.787
 831.000    159972         0    159985           0.247     0.609     0.885     1.224     1.346     1.597     1.902     2.804
 832.000    160019         0    160003           0.252     0.653     1.034     1.281     1.403     1.650     1.944     2.693
 833.000    160023         0    160033           0.240     0.608     0.862     1.202     1.316     1.532     1.822     2.613
 834.000    159976         0    159971           0.255     0.618     0.892     1.230     1.356     1.606     1.901     2.623
 835.000    160001         0    159989           0.243     0.619     0.922     1.237     1.355     1.599     1.908     2.642
 836.000    159985         0    160007           0.253     0.644     1.009     1.279     1.408     1.670     1.970     2.691
 837.000    160016         0    160007           0.251     0.603     0.844     1.193     1.310     1.537     1.862     2.644
 838.000    160003         0    159998           0.241     0.616     0.879     1.227     1.362     1.633     1.991     3.817
 839.000    160002         0    160000           0.240     0.624     0.956     1.249     1.374     1.633     1.914     2.306
 840.000    159997         0    160010           0.242     0.624     0.946     1.253     1.379     1.648     1.921     2.935
 841.000    160000         0    160001           0.231     0.610     0.891     1.217     1.328     1.550     1.873     5.382
 842.000    159995         0    159989           0.254     0.623     0.913     1.233     1.354     1.616     1.957     3.197
 843.000    160029         0    160001           0.233     0.660     1.049     1.281     1.397     1.646     1.966     3.074
 844.000    159956         0    159985           0.251     0.621     0.929     1.247     1.374     1.640     1.930     2.484
 845.000    160005         0    160010           0.260     0.651     1.009     1.267     1.389     1.637     1.929     2.626
 846.000    160021         0    160017           0.242     0.622     0.935     1.227     1.340     1.572     1.860     2.429
 847.000    159995         0    159994           0.250     0.612     0.895     1.227     1.347     1.581     1.868     2.306
 848.000    159995         0    160000           0.256     0.608     0.870     1.207     1.319     1.545     1.823     2.392
 849.000    159998         0    159998           0.255     0.639     0.989     1.258     1.382     1.642     1.967     2.806
 850.000    159994         0    159980           0.250     0.612     0.903     1.237     1.366     1.628     1.916     2.474
 851.000    159997         0    160016           0.251     0.659     1.058     1.298     1.422     1.673     1.976     2.544
 852.000    159998         0    159991           0.250     0.654     1.015     1.267     1.388     1.657     1.989     2.634
 853.000    160018         0    160017           0.247     0.624     0.898     1.226     1.349     1.593     1.885     2.314
 854.000    160031         0    160025           0.254     0.634     0.940     1.247     1.371     1.619     1.947     3.322
 855.000    159950         0    159967           0.242     0.623     0.899     1.226     1.348     1.602     1.964     3.465
 856.000    159998         0    159988           0.246     0.648     0.999     1.262     1.388     1.654     1.967     2.650
 857.000    160033         0    160034           0.260     0.632     0.945     1.250     1.378     1.634     1.948     2.863
 858.000    159993         0    159994           0.250     0.647     0.977     1.252     1.373     1.644     1.994     2.968
 859.000    159976         0    159976           0.256     0.618     0.902     1.229     1.350     1.588     1.870     2.474
 860.000    160004         0    160004           0.251     0.618     0.877     1.218     1.335     1.573     1.986     3.740
 861.000    160011         0    160001           0.254     0.653     1.034     1.275     1.398     1.666     2.023     2.951
 862.000    159994         0    160007           0.254     0.635     0.970     1.239     1.346     1.577     1.874     2.619
 863.000    160004         0    159999           0.251     0.621     0.930     1.234     1.350     1.579     1.871     2.673
 864.000    159998         0    160004           0.259     0.633     0.954     1.247     1.360     1.586     1.874     3.140
 865.000    160001         0    160005           0.241     0.632     0.926     1.223     1.336     1.559     1.857     2.527
 866.000    160007         0    160007           0.254     0.631     0.953     1.251     1.375     1.636     1.949     2.968
 867.000    159997         0    159991           0.257     0.620     0.924     1.229     1.337     1.555     1.859     3.260
 868.000    159976         0    159976           0.244     0.643     1.020     1.256     1.368     1.602     1.879     2.845
 869.000    160039         0    160023           0.236     0.617     0.911     1.225     1.337     1.556     1.817     2.216
 870.000    159994         0    160013           0.252     0.610     0.896     1.212     1.324     1.556     1.873     2.609
 871.000    159974         0    159970           0.245     0.618     0.911     1.224     1.340     1.579     1.877     2.847
 872.000    160002         0    160001           0.258     0.633     0.943     1.235     1.346     1.583     1.903     2.763
 873.000    160005         0    159996           0.240     0.616     0.910     1.233     1.350     1.588     1.876     2.796
 874.000    159995         0    160003           0.258     0.618     0.919     1.227     1.342     1.579     1.851     2.748
 875.000    160013         0    160006           0.241     0.641     0.992     1.266     1.390     1.650     1.949     2.755
 876.000    160025         0    160034           0.237     0.599     0.837     1.191     1.302     1.520     1.798     2.271
 877.000    159981         0    159969           0.252     0.614     0.856     1.207     1.336     1.580     1.898     2.918
 878.001    160002         0    160007           0.242     0.606     0.829     1.187     1.311     1.548     1.852     2.847
 879.000    159982         0    159992           0.234     0.610     0.864     1.212     1.339     1.595     1.890     2.451
 880.000    160007         0    159999           0.248     0.599     0.819     1.179     1.293     1.508     1.790     2.556
 881.000    160009         0    160011           0.248     0.614     0.876     1.210     1.336     1.576     1.888     3.123
 882.000    159980         0    159989           0.253     0.623     0.934     1.229     1.340     1.574     1.894     3.351
 883.000    160010         0    160005           0.250     0.609     0.871     1.200     1.316     1.551     1.852     2.374
 884.000    160022         0    160014           0.251     0.631     0.955     1.256     1.378     1.632     1.958     2.718
 885.000    159994         0    159997           0.246     0.608     0.851     1.202     1.325     1.580     1.923     4.033
 886.000    159993         0    159997           0.247     0.617     0.902     1.219     1.333     1.569     1.857     2.392
 887.000    159980         0    159967           0.251     0.622     0.902     1.228     1.354     1.619     1.985     3.242
 888.000    160023         0    160041           0.246     0.612     0.860     1.206     1.323     1.549     1.859     2.626
 889.000    160016         0    160000           0.252     0.626     0.922     1.226     1.342     1.585     1.929     2.775
 890.000    159985         0    159986           0.253     0.622     0.894     1.224     1.350     1.623     2.355     5.009
 891.000    159999         0    160015           0.250     0.611     0.851     1.207     1.333     1.568     1.865     2.652
 892.000    159997         0    159988           0.252     0.625     0.942     1.245     1.360     1.615     1.996     3.332
 893.000    159990         0    159990           0.248     0.616     0.912     1.217     1.325     1.559     1.884     4.616
 894.000    159993         0    159997           0.232     0.628     0.935     1.238     1.356     1.598     1.901     3.109
 895.000    160029         0    160019           0.246     0.620     0.902     1.224     1.342     1.593     1.920     2.802
 896.000    159978         0    159993           0.250     0.649     0.987     1.256     1.378     1.636     1.960     3.445
 897.000    159999         0    159997           0.249     0.604     0.860     1.214     1.342     1.597     1.900     2.482
 898.000    159990         0    159989           0.248     0.617     0.903     1.223     1.337     1.560     1.848     2.421
 899.000    160012         0    160006           0.246     0.604     0.874     1.219     1.340     1.594     1.892     2.906
 900.000    160016         0    160010           0.242     0.606     0.855     1.199     1.315     1.551     1.886     3.115
 901.000    159968         0    159973           0.251     0.631     0.955     1.252     1.371     1.622     1.953     2.853
 902.000    160042         0    160038           0.256     0.645     1.004     1.264     1.385     1.636     1.923     2.943
 903.000    159990         0    159992           0.244     0.596     0.823     1.186     1.304     1.525     1.803     2.497
 904.000    159993         0    159989           0.242     0.643     0.963     1.251     1.371     1.646     2.052     3.328
 905.000    160002         0    160010           0.253     0.619     0.900     1.229     1.349     1.591     1.871     2.654
 906.000    159998         0    159999           0.245     0.626     0.941     1.230     1.340     1.567     1.891     3.178
 907.001    159990         0    159986           0.254     0.594     0.823     1.189     1.307     1.529     1.844     3.277
 908.000    159991         0    160000           0.242     0.612     0.884     1.207     1.318     1.537     1.879     3.135
 909.000    160017         0    160002           0.241     0.607     0.868     1.213     1.333     1.559     1.834     2.703
 910.000    159995         0    159999           0.236     0.608     0.865     1.208     1.326     1.561     1.847     2.419
 911.000    160028         0    160031           0.239     0.611     0.872     1.205     1.315     1.529     1.805     2.433
 912.000    159965         0    159973           0.250     0.610     0.856     1.206     1.324     1.555     1.881     5.145
 913.000    159998         0    159995           0.245     0.604     0.869     1.218     1.343     1.593     1.875     2.552
 914.000    160020         0    160023           0.247     0.613     0.858     1.199     1.315     1.533     1.820     2.490
 915.000    159979         0    159979           0.253     0.650     1.004     1.261     1.379     1.639     1.982     3.222
 916.000    160029         0    160017           0.250     0.628     0.942     1.231     1.343     1.584     1.876     2.634
 917.000    159979         0    159985           0.252     0.608     0.899     1.217     1.326     1.541     1.814     3.090
 918.000    159984         0    159993           0.252     0.676     1.067     1.291     1.410     1.658     1.965     2.875
 919.000    160037         0    160016           0.243     0.634     0.985     1.241     1.354     1.588     1.894     2.697
 920.000    159967         0    159983           0.246     0.647     1.018     1.255     1.369     1.633     2.198     4.194
 921.000    159998         0    160001           0.243     0.624     0.958     1.240     1.360     1.616     1.898     2.544
 922.000    160011         0    160001           0.235     0.641     1.010     1.253     1.364     1.597     1.894     3.594
 923.000    160003         0    160012           0.249     0.625     0.980     1.244     1.359     1.602     1.900     2.746
 924.000    160000         0    159994           0.245     0.627     0.993     1.244     1.353     1.583     1.859     2.501
 925.000    159994         0    159983           0.247     0.612     0.900     1.230     1.352     1.607     1.901     2.501
 926.000    159988         0    160006           0.233     0.656     1.052     1.275     1.388     1.625     1.909     2.968
 927.000    160001         0    160003           0.249     0.636     0.983     1.234     1.340     1.567     1.845     2.703
 928.000    160018         0    160002           0.250     0.632     0.956     1.238     1.352     1.586     1.894     3.125
 929.000    160009         0    160016           0.246     0.633     0.990     1.254     1.376     1.623     1.909     2.476
 930.000    159979         0    159978           0.244     0.633     0.944     1.239     1.353     1.595     1.894     2.615
 931.000    159995         0    159998           0.252     0.637     0.981     1.243     1.355     1.597     1.892     2.470
 932.000    160011         0    160013           0.247     0.645     1.002     1.254     1.367     1.604     1.902     4.182
 933.000    159999         0    159997           0.254     0.629     0.919     1.233     1.351     1.595     1.940     2.914
 934.000    160018         0    160009           0.253     0.626     0.952     1.229     1.338     1.562     1.880     3.400
 935.000    159996         0    160005           0.254     0.636     0.983     1.245     1.356     1.580     1.866     2.990
 936.000    160004         0    160007           0.239     0.606     0.890     1.207     1.316     1.537     1.831     2.378
 937.000    159969         0    159965           0.257     0.645     1.011     1.258     1.371     1.606     1.907     2.900
 938.000    160025         0    160021           0.252     0.644     1.010     1.251     1.362     1.598     1.901     2.447
 939.000    159984         0    159994           0.253     0.641     0.996     1.252     1.365     1.608     1.895     3.013
 940.000    159996         0    159991           0.254     0.626     0.950     1.238     1.354     1.585     1.888     3.473
 941.000    160021         0    160012           0.246     0.634     0.972     1.254     1.370     1.614     1.905     2.388
 942.000    160003         0    160017           0.240     0.647     1.004     1.252     1.363     1.599     1.900     2.603
 943.000    159980         0    159975           0.259     0.634     0.942     1.244     1.366     1.612     1.947     3.027
 944.000    159993         0    159998           0.243     0.644     1.007     1.260     1.378     1.644     2.009     2.994
 945.000    160000         0    159995           0.246     0.655     1.037     1.269     1.382     1.632     1.934     2.474
 946.000    160019         0    160021           0.257     0.658     1.057     1.283     1.399     1.629     1.905     2.521
 947.000    159985         0    159973           0.245     0.630     0.951     1.239     1.356     1.601     1.873     2.765
 948.000    159988         0    160001           0.245     0.632     0.958     1.242     1.357     1.587     1.906     3.140
 949.000    160012         0    160014           0.253     0.638     0.956     1.251     1.377     1.640     1.974     2.578
 950.000    160017         0    160005           0.241     0.662     1.048     1.271     1.385     1.636     2.253     5.136
 951.000    160005         0    160007           0.252     0.653     1.028     1.260     1.369     1.615     1.977     3.678
 952.000    159999         0    159992           0.251     0.647     1.027     1.254     1.362     1.604     2.042     4.895
 953.000    159993         0    160009           0.255     0.640     0.983     1.250     1.367     1.608     1.933     2.785
 954.000    159994         0    159993           0.237     0.656     1.049     1.268     1.381     1.622     1.903     2.415
 955.000    160025         0    160015           0.257     0.617     0.929     1.243     1.367     1.620     1.909     7.786
 956.000    159976         0    159986           0.229     0.643     1.000     1.253     1.369     1.616     1.903     2.466
 957.000    159997         0    159978           0.252     0.646     1.017     1.254     1.367     1.614     1.928     2.834
 958.000    160014         0    160019           0.237     0.646     1.030     1.262     1.374     1.618     1.907     2.447
 959.000    159995         0    160002           0.237     0.632     0.958     1.258     1.393     1.667     2.022     3.494
 960.000    159986         0    159992           0.249     0.655     1.011     1.273     1.404     1.675     2.120     4.123
 961.000    159993         0    159994           0.250     0.653     1.009     1.264     1.384     1.642     1.973     3.439
 962.000    160024         0    160024           0.249     0.657     1.035     1.263     1.376     1.610     1.909     3.183
 963.000    159982         0    159975           0.243     0.672     1.068     1.279     1.386     1.617     1.894     2.503
 964.000    159998         0    159997           0.249     0.638     0.979     1.248     1.361     1.606     1.912     2.542
 965.000    160008         0    160016           0.263     0.675     1.054     1.292     1.417     1.677     2.058     4.833
 966.000    160000         0    159997           0.239     0.644     1.021     1.264     1.377     1.614     1.902     2.722
 967.000    160031         0    160015           0.246     0.635     0.951     1.236     1.352     1.592     1.891     2.988
 968.000    159964         0    159980           0.246     0.658     1.034     1.272     1.391     1.634     1.932     2.716
 969.000    159990         0    159994           0.256     0.657     1.041     1.278     1.395     1.645     1.954     2.486
 970.000    160020         0    160017           0.249     0.660     1.047     1.271     1.385     1.627     1.912     2.406
 971.000    160008         0    160007           0.254     0.622     0.880     1.212     1.330     1.575     1.861     2.630
 972.000    159999         0    159984           0.262     0.643     0.980     1.270     1.397     1.640     1.920     2.970
 973.001    160007         0    160021           0.264     0.648     0.976     1.255     1.374     1.619     1.935     3.312
 974.001    159992         0    159988           0.234     0.628     0.905     1.235     1.361     1.618     1.968     3.121
 975.000    159996         0    160002           0.248     0.643     0.975     1.256     1.384     1.645     1.967     2.802
 976.000    159998         0    160000           0.243     0.611     0.883     1.219     1.340     1.580     1.886     2.654
 977.000    160019         0    160020           0.254     0.623     0.939     1.225     1.333     1.563     1.870     3.361
 978.000    159977         0    159979           0.245     0.617     0.929     1.227     1.335     1.548     1.808     2.957
 979.000    160002         0    159998           0.249     0.640     1.008     1.258     1.374     1.614     1.874     2.460
 980.000    160012         0    160018           0.246     0.623     0.966     1.235     1.342     1.569     1.843     2.306
 981.000    160001         0    159993           0.259     0.643     0.976     1.255     1.378     1.632     1.980     2.986
 982.000    159998         0    159999           0.264     0.655     1.029     1.258     1.369     1.616     2.103     4.911
 983.000    160015         0    160012           0.252     0.627     0.962     1.248     1.364     1.599     1.898     2.951
 984.000    159972         0    159981           0.250     0.626     0.927     1.228     1.338     1.566     1.870     3.230
 985.000    160001         0    159978           0.252     0.670     1.070     1.275     1.384     1.613     1.900     2.335
 986.000    160006         0    160023           0.226     0.634     0.987     1.249     1.366     1.597     1.870     2.263
 987.000    160003         0    160002           0.256     0.647     1.030     1.256     1.364     1.591     1.882     2.517
 988.000    160018         0    160004           0.232     0.615     0.910     1.214     1.324     1.544     1.830     2.275
 989.000    159988         0    159998           0.249     0.638     0.996     1.251     1.365     1.599     1.870     2.550
 990.000    159987         0    159994           0.241     0.633     0.986     1.240     1.349     1.583     1.872     2.781
 991.000    159996         0    159997           0.247     0.646     1.014     1.249     1.354     1.572     1.864     2.800
 992.000    160007         0    160002           0.263     0.651     1.015     1.250     1.358     1.604     1.932     2.558
 993.000    160003         0    160002           0.254     0.667     1.056     1.268     1.380     1.617     1.900     2.927
 994.000    160012         0    160020           0.239     0.657     1.047     1.265     1.373     1.610     1.913     2.642
 995.000    159968         0    159971           0.234     0.662     1.051     1.267     1.375     1.598     1.900     2.644
 996.000    159997         0    159988           0.251     0.655     1.030     1.266     1.377     1.616     1.951     3.303
 997.000    160024         0    160028           0.248     0.649     1.018     1.269     1.386     1.624     1.917     2.591
 998.000    160003         0    159989           0.254     0.658     1.023     1.264     1.379     1.616     1.910     2.781
 999.001    159998         0    160004           0.258     0.645     1.018     1.256     1.368     1.607     1.884     2.400
1000.000    160000         0    159989           0.244     0.673     1.073     1.276     1.385     1.613     1.883     2.490
1001.000    160011         0    160020           0.252     0.662     1.057     1.265     1.369     1.586     1.858     2.867
1002.000    159975         0    159985           0.253     0.671     1.065     1.270     1.375     1.607     1.875     2.404
1003.000    159992         0    159989           0.263     0.694     1.096     1.309     1.432     1.680     1.960     2.722
1004.000    160029         0    160030           0.250     0.675     1.074     1.298     1.415     1.661     1.974     2.994
1005.000    159974         0    159978           0.252     0.672     1.063     1.272     1.379     1.616     1.892     2.771
1006.000    159989         0    159988           0.247     0.690     1.104     1.333     1.465     1.720     2.039     3.293
1007.000    160021         0    160023           0.255     0.676     1.071     1.286     1.400     1.641     1.945     2.599
1008.000    160000         0    159993           0.257     0.644     1.015     1.266     1.390     1.633     1.905     2.361
1009.000    160000         0    160003           0.248     0.669     1.070     1.295     1.417     1.661     1.965     2.497
1010.000    160001         0    160007           0.245     0.686     1.089     1.290     1.403     1.630     1.925     2.896
1011.000    159998         0    159987           0.256     0.685     1.077     1.294     1.412     1.688     2.888     6.279
1012.000    160015         0    160012           0.252     0.652     1.020     1.268     1.390     1.631     1.954     3.318
1013.000    160001         0    160009           0.250     0.661     1.044     1.283     1.413     1.678     2.017     3.105
1014.000    159981         0    159981           0.254     0.652     1.036     1.277     1.403     1.654     1.965     3.348
1015.000    159996         0    159989           0.253     0.664     1.051     1.269     1.383     1.638     1.998     3.926
1016.000    160015         0    160010           0.254     0.656     1.044     1.287     1.417     1.681     1.970     2.595
1017.000    159996         0    160011           0.246     0.663     1.053     1.293     1.416     1.667     1.959     3.109
1018.000    160008         0    160005           0.244     0.623     0.912     1.234     1.356     1.592     1.874     2.497
1019.000    159992         0    159996           0.253     0.663     1.054     1.293     1.421     1.688     2.037     3.836
1020.000    160003         0    160000           0.253     0.641     0.967     1.249     1.368     1.595     1.902     3.353
1021.000    160006         0    160002           0.253     0.627     0.899     1.220     1.340     1.591     1.885     2.640
1022.000    159983         0    159988           0.249     0.670     1.065     1.296     1.423     1.684     1.997     4.231
1023.000    159995         0    160001           0.245     0.652     1.010     1.277     1.406     1.659     1.964     3.873
1024.000    160015         0    159994           0.248     0.662     1.050     1.267     1.382     1.621     1.895     2.511
1025.000    160006         0    160024           0.250     0.644     0.987     1.254     1.372     1.630     1.980     3.498
1026.000    159977         0    159959           0.244     0.658     1.025     1.278     1.404     1.658     1.971     2.845
1027.000    160004         0    160026           0.260     0.643     1.001     1.282     1.419     1.692     1.996     2.486
1028.000    160014         0    160000           0.256     0.677     1.072     1.311     1.441     1.711     2.034     3.863
1029.000    159986         0    159990           0.248     0.669     1.045     1.275     1.395     1.655     1.973     2.769
1030.000    159999         0    159996           0.251     0.637     0.947     1.243     1.362     1.616     1.937     3.938
1031.000    160026         0    160040           0.244     0.676     1.074     1.302     1.426     1.691     2.049     4.309
1032.000    159992         0    159991           0.256     0.645     0.988     1.256     1.377     1.617     1.930     3.070
1033.000    159986         0    159983           0.258     0.645     0.994     1.256     1.372     1.626     1.972     3.090
1034.001    160027         0    160007           0.253     0.624     0.940     1.237     1.353     1.591     1.865     2.646
1035.000    159992         0    160006           0.237     0.633     0.957     1.235     1.346     1.572     1.859     2.873
1036.000    159993         0    159993           0.252     0.615     0.905     1.224     1.341     1.577     1.855     2.322
1037.000    159983         0    159989           0.251     0.641     0.992     1.264     1.392     1.651     1.951     2.628
1038.000    160012         0    160012           0.241     0.665     1.057     1.297     1.426     1.688     1.982     3.275
1039.000    160001         0    160000           0.245     0.618     0.905     1.240     1.369     1.625     1.939     3.004
1040.000    160010         0    160008           0.254     0.640     1.011     1.267     1.386     1.627     1.905     2.583
1041.000    159975         0    159981           0.257     0.633     0.978     1.260     1.390     1.663     3.129     6.042
1042.000    160022         0    160020           0.246     0.647     1.035     1.282     1.409     1.665     1.967     2.697
1043.000    159989         0    159985           0.248     0.652     1.019     1.269     1.390     1.642     2.118     3.625
1044.000    159988         0    159988           0.258     0.652     1.029     1.266     1.386     1.629     1.927     2.683
1045.000    160024         0    160018           0.245     0.651     0.992     1.264     1.389     1.646     1.994     3.242
1046.000    160009         0    160016           0.251     0.624     0.902     1.226     1.346     1.580     1.907     3.117
1047.000    159984         0    159986           0.247     0.629     0.924     1.235     1.352     1.597     1.921     3.017
1048.000    160014         0    160001           0.259     0.624     0.902     1.229     1.348     1.587     1.876     3.824
1049.000    159992         0    159996           0.254     0.633     0.942     1.245     1.364     1.610     1.914     2.451
1050.000    159976         0    159983           0.257     0.637     0.958     1.244     1.360     1.598     1.904     2.634
1051.000    160019         0    160024           0.247     0.634     0.927     1.236     1.356     1.590     1.870     2.304
1052.000    160011         0    160008           0.244     0.638     0.948     1.247     1.368     1.621     1.961     3.250
1053.000    159988         0    159983           0.257     0.667     1.054     1.287     1.408     1.654     1.946     2.718
1054.000    160007         0    160002           0.252     0.630     0.972     1.261     1.396     1.663     1.942     3.205
1055.000    160003         0    159986           0.247     0.630     0.958     1.244     1.358     1.592     1.902     2.386
1056.000    159954         0    159973           0.255     0.667     1.067     1.303     1.425     1.666     1.952     2.591
1057.000    160046         0    160049           0.234     0.638     0.973     1.245     1.357     1.594     1.881     3.488
1058.000    159992         0    159997           0.259     0.635     0.952     1.240     1.354     1.578     1.850     2.359
1059.000    160011         0    160007           0.252     0.629     0.927     1.228     1.347     1.577     1.859     2.540
1060.000    159987         0    159991           0.247     0.676     1.081     1.302     1.422     1.670     1.963     3.082
1061.000    159991         0    159983           0.250     0.649     0.987     1.250     1.364     1.616     1.936     2.615
1062.001    160009         0    160012           0.241     0.656     1.039     1.261     1.371     1.606     1.881     3.031
1063.000    159995         0    159991           0.239     0.638     1.023     1.271     1.395     1.639     1.911     2.378
1064.000    159998         0    159998           0.262     0.645     1.004     1.260     1.377     1.615     1.910     2.490
1065.000    159993         0    159993           0.246     0.664     1.044     1.279     1.404     1.666     1.988     3.635
1066.000    160037         0    160020           0.257     0.654     1.007     1.261     1.375     1.617     1.926     2.662
1067.000    159993         0    160010           0.242     0.616     0.866     1.202     1.317     1.548     1.878     3.242
1068.000    159996         0    159991           0.256     0.634     0.963     1.248     1.362     1.597     1.880     2.642
1069.000    159988         0    159997           0.246     0.622     0.893     1.225     1.345     1.586     1.970     3.858
1070.000    159974         0    159975           0.252     0.645     0.996     1.251     1.366     1.616     1.935     3.019
1071.000    160021         0    160008           0.245     0.662     1.032     1.293     1.423     1.696     2.068    10.387
1072.000    159993         0    160009           0.266     0.632     0.925     1.236     1.356     1.608     1.981     2.963
1073.000    160018         0    160012           0.236     0.636     0.970     1.239     1.350     1.581     1.906     3.158
1074.000    160005         0    159997           0.240     0.635     0.964     1.244     1.356     1.583     1.886     3.877
1075.000    159982         0    159998           0.265     0.639     0.959     1.241     1.354     1.585     1.926     3.355
1076.000    159990         0    159984           0.249     0.625     0.925     1.245     1.369     1.618     1.921     2.437
1077.000    160020         0    160025           0.249     0.609     0.867     1.207     1.322     1.547     1.817     2.468
1078.000    160018         0    160012           0.254     0.623     0.933     1.225     1.337     1.569     1.845     2.484
1079.000    159971         0    159976           0.240     0.605     0.846     1.198     1.320     1.562     1.845     2.656
1080.000    160022         0    160014           0.244     0.623     0.914     1.229     1.349     1.586     1.916     2.521
1081.000    159991         0    159991           0.247     0.614     0.900     1.211     1.323     1.541     1.811     2.206
1082.000    159983         0    159976           0.249     0.644     0.978     1.258     1.381     1.629     1.969     3.236
1083.000    160025         0    160032           0.258     0.624     0.936     1.242     1.363     1.601     1.927     3.271
1084.000    159984         0    159996           0.250     0.616     0.932     1.220     1.326     1.544     1.814     2.286
1085.000    159998         0    159996           0.240     0.653     1.045     1.256     1.361     1.575     1.867     2.613
1086.000    160011         0    159998           0.255     0.624     0.924     1.233     1.349     1.579     1.894     2.613
1087.000    159999         0    160014           0.252     0.619     0.890     1.209     1.319     1.534     1.823     2.656
1088.000    160001         0    159999           0.245     0.616     0.907     1.220     1.334     1.568     1.872     3.240
1089.000    160003         0    159995           0.249     0.617     0.911     1.221     1.334     1.568     1.874     3.045
1090.000    159989         0    159990           0.249     0.647     1.006     1.257     1.369     1.592     1.875     2.587
1091.000    160022         0    160024           0.247     0.618     0.885     1.209     1.318     1.538     1.841     2.828
1092.000    159963         0    159969           0.250     0.639     0.956     1.248     1.361     1.590     1.872     2.767
1093.000    160010         0    160003           0.253     0.624     0.919     1.222     1.332     1.551     1.829     2.492
1094.000    160023         0    160010           0.252     0.617     0.899     1.220     1.334     1.553     1.850     2.519
1095.000    159994         0    160004           0.256     0.633     0.942     1.234     1.347     1.587     1.892     4.547
1096.000    160001         0    160004           0.253     0.618     0.904     1.218     1.329     1.542     1.828     2.382
1097.000    159974         0    159982           0.250     0.624     0.905     1.212     1.320     1.539     1.837     2.656
1098.000    160007         0    159998           0.250     0.631     0.967     1.238     1.348     1.571     1.867     2.710
1099.000    159991         0    159996           0.252     0.652     0.998     1.254     1.368     1.618     1.908     2.507
1100.000    160009         0    160012           0.259     0.643     0.994     1.248     1.356     1.582     1.881     2.419
1101.000    160026         0    160010           0.245     0.625     0.933     1.231     1.343     1.569     1.875     3.027
1102.000    159993         0    160002           0.258     0.660     1.040     1.269     1.385     1.627     1.951     2.902
1103.000    159992         0    159998           0.256     0.639     0.978     1.248     1.362     1.597     1.898     3.361
1104.000    159990         0    159973           0.248     0.645     1.013     1.249     1.362     1.602     1.950     3.611
1105.000    159996         0    160013           0.243     0.650     1.016     1.254     1.361     1.588     1.892     3.668
1106.000    160010         0    159995           0.255     0.619     0.927     1.229     1.339     1.564     1.844     2.423
1107.000    160012         0    160020           0.254     0.620     0.925     1.229     1.340     1.565     1.845     2.677
1108.000    159997         0    160005           0.251     0.617     0.886     1.207     1.319     1.538     1.847     2.757
1109.000    159991         0    159985           0.249     0.639     0.963     1.241     1.348     1.556     1.836     3.158
1110.000    160011         0    160009           0.260     0.637     0.975     1.235     1.343     1.569     1.877     2.462
1111.000    160005         0    160004           0.233     0.633     0.962     1.241     1.354     1.581     1.884     2.945
1112.000    159990         0    160001           0.251     0.618     0.901     1.220     1.335     1.561     1.847     2.673
1113.000    160010         0    160006           0.244     0.643     0.994     1.247     1.356     1.575     1.845     2.597
1114.000    160013         0    160002           0.252     0.605     0.840     1.195     1.314     1.546     1.838     2.296
1115.000    159988         0    159987           0.225     0.628     0.948     1.233     1.343     1.570     1.873     2.984
1116.000    159994         0    160007           0.260     0.639     0.973     1.236     1.343     1.572     1.875     2.677
1117.000    159991         0    159988           0.246     0.637     0.945     1.233     1.348     1.576     1.871     2.384
1118.000    160006         0    159997           0.249     0.628     0.938     1.235     1.352     1.594     1.900     4.037
1119.000    159992         0    160003           0.242     0.654     0.985     1.256     1.374     1.624     2.000     4.188
1120.000    160009         0    160001           0.256     0.634     0.933     1.229     1.342     1.575     1.912     3.969
1121.000    160004         0    160004           0.263     0.644     0.954     1.251     1.373     1.622     1.969     3.262
1122.000    159986         0    159994           0.260     0.626     0.871     1.219     1.349     1.606     1.940     2.828
1123.000    159994         0    159987           0.253     0.621     0.887     1.217     1.338     1.578     1.913     2.744
1124.000    160002         0    160006           0.249     0.614     0.897     1.220     1.330     1.558     1.863     2.413
1125.000    160018         0    160021           0.256     0.617     0.874     1.219     1.340     1.569     1.859     2.613
1126.000    159977         0    159978           0.254     0.646     0.978     1.253     1.370     1.607     1.907     3.465
1127.000    160019         0    160014           0.254     0.611     0.833     1.191     1.317     1.562     1.942     3.824
1128.000    160003         0    160000           0.254     0.612     0.852     1.208     1.335     1.584     1.887     2.585
1129.000    159981         0    159982           0.265     0.628     0.908     1.223     1.340     1.589     1.889     2.953
1130.000    159990         0    159996           0.256     0.643     0.979     1.248     1.358     1.585     1.861     2.824
1131.000    160021         0    160015           0.256     0.626     0.914     1.227     1.342     1.570     1.865     2.427
1132.000    160009         0    160009           0.242     0.609     0.861     1.205     1.320     1.544     1.859     2.998
1133.000    159999         0    159997           0.252     0.615     0.883     1.208     1.322     1.554     1.854     2.560
1134.000    159990         0    160002           0.243     0.630     0.957     1.241     1.354     1.583     1.887     2.748
1135.000    159985         0    159988           0.243     0.621     0.899     1.220     1.336     1.568     1.888     2.615
1136.000    160045         0    160008           0.257     0.621     0.936     1.241     1.356     1.605     1.900     2.707
1137.000    159980         0    160001           0.254     0.630     0.924     1.235     1.351     1.581     1.890     2.699
1138.000    159978         0    159990           0.242     0.628     0.929     1.235     1.355     1.593     1.877     2.957
1139.000    160015         0    160009           0.267     0.652     1.004     1.275     1.399     1.648     1.969     3.414
1140.000    160011         0    160005           0.247     0.611     0.869     1.209     1.325     1.552     1.821     2.732
1141.000    159992         0    160006           0.246     0.630     0.959     1.243     1.360     1.595     1.866     2.572
1142.000    160019         0    159997           0.255     0.645     0.973     1.253     1.370     1.618     1.904     2.357
1143.001    159983         0    159993           0.254     0.645     1.007     1.268     1.384     1.616     1.947     2.793
1144.000    159992         0    159999           0.251     0.641     0.961     1.246     1.368     1.621     1.952     3.545
1145.000    159995         0    159998           0.252     0.643     0.993     1.258     1.372     1.608     1.942     2.966
1146.000    160016         0    160005           0.244     0.644     0.979     1.245     1.357     1.585     1.877     2.900
1147.000    159981         0    159987           0.245     0.648     0.975     1.246     1.362     1.601     1.879     2.349
1148.000    160013         0    159999           0.245     0.642     0.995     1.249     1.360     1.592     1.881     2.642
1149.000    159991         0    159995           0.242     0.657     1.025     1.272     1.386     1.620     1.913     2.777
1150.000    160009         0    160012           0.253     0.656     1.023     1.274     1.390     1.621     1.912     3.443
1151.000    160008         0    160015           0.258     0.629     0.908     1.217     1.331     1.556     1.859     2.660
1152.000    159968         0    159971           0.246     0.611     0.892     1.228     1.348     1.584     1.868     2.394
1153.000    160032         0    160028           0.246     0.622     0.915     1.223     1.336     1.574     1.858     2.343
1154.000    159964         0    159963           0.257     0.678     1.083     1.305     1.423     1.672     1.990     3.148
1155.000    160022         0    160028           0.246     0.645     0.977     1.252     1.367     1.606     1.910     3.269
1156.000    160002         0    159998           0.252     0.631     0.930     1.236     1.357     1.604     1.974     5.390
1157.000    159999         0    160001           0.243     0.626     0.944     1.230     1.339     1.555     1.833     2.492
1158.000    160022         0    160020           0.248     0.616     0.915     1.218     1.324     1.540     1.808     2.320
1159.000    159974         0    159973           0.250     0.642     0.989     1.265     1.389     1.630     1.914     2.777
1160.000    159998         0    159999           0.235     0.625     0.923     1.224     1.335     1.560     1.866     3.156
1161.000    159987         0    159988           0.249     0.643     1.004     1.253     1.362     1.573     1.844     2.531
1162.000    159997         0    159997           0.264     0.685     1.085     1.290     1.398     1.638     1.939     2.542
1163.000    160007         0    160013           0.245     0.669     1.043     1.280     1.399     1.645     1.961     2.763
1164.000    160010         0    160001           0.255     0.686     1.081     1.297     1.418     1.661     1.938     2.798
1165.000    159998         0    160001           0.263     0.641     0.989     1.257     1.373     1.606     1.888     2.550
1166.000    160018         0    160008           0.256     0.656     1.025     1.265     1.382     1.630     1.924     2.673
1167.000    159980         0    159990           0.244     0.626     0.935     1.245     1.375     1.642     1.931     2.370
1168.000    160007         0    160007           0.254     0.623     0.923     1.232     1.346     1.581     1.883     2.701
1169.000    159981         0    159977           0.255     0.637     0.986     1.249     1.363     1.601     1.892     2.484
1170.000    160031         0    160029           0.244     0.618     0.902     1.223     1.340     1.581     1.913     3.095
1171.000    159983         0    159994           0.259     0.651     1.015     1.265     1.378     1.613     1.921     2.978
1172.000    159997         0    159995           0.255     0.632     0.931     1.229     1.340     1.577     1.929     3.316
1173.000    160021         0    160007           0.248     0.631     0.967     1.260     1.398     2.304    13.033    17.072
1174.000    159984         0    159982           0.247     0.622     0.923     1.225     1.336     1.564     1.855     2.349
1175.000    160007         0    160019           0.242     0.615     0.877     1.215     1.330     1.546     1.807     2.392
1176.000    160001         0    160004           0.249     0.621     0.920     1.232     1.345     1.559     1.823     2.544
1177.000    160001         0    159997           0.251     0.617     0.897     1.215     1.325     1.551     1.922     3.729
1178.000    160008         0    160002           0.253     0.610     0.896     1.221     1.335     1.573     1.873     2.445
1179.000    159994         0    159998           0.250     0.612     0.865     1.203     1.315     1.548     1.866     2.800
1180.000    159988         0    159987           0.257     0.620     0.938     1.225     1.330     1.547     1.849     3.351
1181.000    160004         0    159995           0.255     0.617     0.922     1.225     1.333     1.543     1.807     2.681
1182.000    160003         0    160017           0.234     0.603     0.834     1.186     1.298     1.511     1.806     2.466
1183.000    160001         0    159999           0.247     0.604     0.858     1.204     1.320     1.533     1.807     2.484
1184.000    160012         0    160007           0.235     0.602     0.864     1.203     1.317     1.542     1.821     2.558
1185.000    159999         0    159989           0.241     0.609     0.891     1.219     1.333     1.560     1.862     2.298
1186.000    159995         0    160006           0.242     0.605     0.867     1.208     1.320     1.529     1.797     2.314
1187.000    160000         0    160007           0.248     0.642     1.012     1.256     1.369     1.607     1.890     2.753
1188.000    160002         0    159997           0.250     0.603     0.832     1.186     1.300     1.519     1.814     2.298
1189.001    159988         0    159988           0.239     0.614     0.915     1.218     1.328     1.545     1.810     2.324
1190.000    159997         0    159996           0.251     0.613     0.915     1.225     1.335     1.556     1.814     2.300
1191.000    160018         0    160020           0.258     0.607     0.850     1.200     1.315     1.535     1.810     2.275
1192.000    159976         0    159979           0.249     0.608     0.875     1.209     1.318     1.539     1.950     2.990
1193.000    160005         0    160004           0.247     0.615     0.884     1.212     1.324     1.542     1.843     2.896
1194.000    160001         0    160001           0.240     0.618     0.925     1.229     1.340     1.559     1.835     2.574
1195.000    160027         0    160017           0.249     0.633     0.947     1.235     1.345     1.575     1.861     2.738
1196.000    159967         0    159970           0.239     0.625     0.950     1.235     1.347     1.580     1.874     2.527
1197.000    160009         0    160012           0.250     0.602     0.866     1.203     1.314     1.535     1.823     2.296
1198.000    160015         0    160019           0.244     0.596     0.836     1.186     1.294     1.503     1.767     3.181
1199.000    160003         0    159993           0.253     0.606     0.889     1.221     1.334     1.546     1.807     2.243
1200.000    159965         0    159978           0.242     0.617     0.902     1.223     1.342     1.584     1.901     2.890
1201.000    160006         0    159999           0.254     0.631     0.983     1.255     1.371     1.603     1.871     2.920
1202.000    160025         0    160008           0.250     0.618     0.917     1.223     1.335     1.561     1.872     2.515
1203.000    160012         0    160030           0.238     0.620     0.935     1.235     1.347     1.574     1.865     2.454
1204.000    159981         0    159978           0.247     0.613     0.904     1.215     1.323     1.543     1.820     2.390
1205.000    159980         0    159985           0.246     0.623     0.940     1.232     1.340     1.555     1.831     2.447
1206.000    160026         0    160007           0.246     0.631     0.954     1.244     1.359     1.596     1.902     3.021
1207.000    159973         0    159990           0.251     0.649     1.026     1.270     1.383     1.616     1.894     2.677
1208.000    160017         0    159992           0.239     0.628     0.963     1.248     1.364     1.591     1.879     2.458
1209.000    160013         0    160030           0.253     0.622     0.923     1.235     1.353     1.598     1.921     2.966
1210.000    159998         0    160004           0.247     0.608     0.865     1.203     1.316     1.541     1.833     2.695
1211.001    159996         0    160001           0.239     0.622     0.901     1.226     1.342     1.556     1.819     2.304
1212.000    160004         0    159995           0.247     0.622     0.920     1.230     1.350     1.588     1.906     3.645
1213.000    160003         0    160007           0.242     0.634     0.959     1.244     1.360     1.594     1.947     4.465
1214.000    159984         0    159988           0.246     0.607     0.844     1.199     1.316     1.537     1.874     3.654
1215.000    160009         0    160010           0.244     0.611     0.871     1.213     1.332     1.570     1.926     4.153
1216.000    159991         0    159989           0.249     0.620     0.909     1.226     1.342     1.575     1.917     3.789
1217.000    159991         0    159990           0.248     0.655     1.042     1.284     1.406     1.639     1.892     2.705
1218.000    160031         0    160024           0.243     0.627     0.934     1.234     1.346     1.575     1.894     3.469
1219.000    159977         0    159986           0.251     0.635     0.979     1.236     1.339     1.554     1.881    14.967
1220.000    160010         0    160003           0.247     0.632     0.951     1.242     1.359     1.593     1.884     2.550
1221.000    159992         0    159992           0.248     0.606     0.859     1.201     1.311     1.529     1.808     2.441
1222.000    160015         0    160025           0.247     0.632     0.934     1.234     1.352     1.604     2.087     5.009
1223.000    159976         0    159964           0.250     0.617     0.938     1.225     1.333     1.547     1.845     3.138
1224.000    160019         0    160023           0.247     0.650     1.005     1.262     1.374     1.623     1.956     2.707
1225.001    159998         0    159994           0.249     0.658     1.023     1.278     1.401     1.651     1.993     3.211
1226.001    159976         0    159977           0.260     0.630     0.958     1.236     1.348     1.575     1.879     2.564
1227.000    160020         0    160021           0.242     0.639     0.959     1.235     1.343     1.577     1.874     2.994
1228.000    160002         0    160003           0.237     0.610     0.876     1.209     1.328     1.567     1.889     3.156
1229.000    159993         0    160003           0.250     0.636     0.990     1.252     1.366     1.597     1.868     2.472
1230.000    160005         0    160005           0.244     0.620     0.897     1.233     1.352     1.576     1.848     2.351
1231.000    160007         0    159988           0.238     0.611     0.900     1.217     1.330     1.546     1.806     2.445
1232.000    159970         0    159987           0.244     0.638     1.018     1.284     1.406     1.652     1.908     2.632
1233.000    160014         0    160017           0.252     0.638     0.980     1.272     1.401     1.655     1.980     2.984
1234.000    160008         0    160003           0.256     0.630     0.954     1.240     1.354     1.584     1.860     2.413
1235.000    159990         0    159995           0.254     0.651     1.019     1.258     1.367     1.586     1.886     2.630
1236.000    160023         0    160015           0.248     0.617     0.904     1.230     1.349     1.583     1.886     2.664
1237.000    160003         0    160001           0.244     0.629     0.965     1.242     1.356     1.596     1.870     2.355
1238.000    159993         0    159990           0.257     0.631     0.985     1.242     1.351     1.569     1.850     2.290
1239.000    160013         0    160015           0.246     0.607     0.860     1.204     1.319     1.547     1.831     2.449
1240.000    159964         0    159964           0.253     0.610     0.898     1.213     1.327     1.543     1.823     2.251
1241.000    160040         0    160040           0.256     0.619     0.902     1.209     1.319     1.536     1.820     2.499
1242.000    159960         0    159965           0.253     0.622     0.928     1.217     1.324     1.537     1.805     2.365
1243.000    160012         0    160008           0.259     0.622     0.908     1.227     1.342     1.572     1.851     2.365
1244.000    160000         0    160007           0.247     0.637     0.996     1.247     1.356     1.575     1.869     2.666
1245.000    160003         0    160004           0.258     0.628     0.955     1.235     1.347     1.571     1.861     2.853
1246.000    159992         0    159994           0.247     0.621     0.935     1.226     1.337     1.560     1.837     2.650
1247.000    160002         0    159991           0.246     0.625     0.955     1.241     1.353     1.578     1.863     2.513
1248.000    160001         0    159994           0.253     0.634     0.966     1.255     1.373     1.609     1.888     3.650
1249.000    159996         0    160016           0.257     0.634     0.936     1.233     1.345     1.569     1.905     3.787
1250.000    160010         0    160006           0.256     0.620     0.881     1.214     1.329     1.552     1.832     3.054
1251.000    159986         0    159982           0.252     0.646     0.999     1.265     1.386     1.638     1.963     3.391
1252.000    160007         0    160010           0.255     0.643     0.969     1.245     1.355     1.596     1.904     2.671
1253.000    160016         0    160012           0.264     0.640     0.995     1.249     1.366     1.616     2.059     3.887
1254.000    159988         0    159985           0.246     0.613     0.887     1.213     1.329     1.573     1.916     3.439
1255.000    159991         0    159994           0.243     0.637     0.988     1.236     1.342     1.581     1.870     2.421
1256.000    160020         0    160023           0.249     0.614     0.882     1.215     1.331     1.556     1.871     3.899
1257.000    159991         0    159995           0.256     0.599     0.802     1.170     1.298     1.523     1.855     2.736
1258.000    159979         0    159974           0.243     0.630     0.922     1.239     1.355     1.588     1.892     3.017
1259.000    160012         0    160013           0.259     0.632     0.932     1.235     1.350     1.577     1.904     3.596
1260.000    160030         0    160021           0.249     0.604     0.836     1.192     1.308     1.526     1.823     2.402
1261.000    159979         0    159989           0.242     0.588     0.796     1.161     1.276     1.488     1.757     2.437
1262.000    160003         0    160003           0.248     0.613     0.882     1.207     1.318     1.537     1.824     2.589
1263.000    159995         0    159990           0.252     0.607     0.876     1.203     1.309     1.520     1.796     2.449
1264.000    160005         0    160015           0.245     0.600     0.840     1.191     1.304     1.519     1.796     2.394
1265.000    159991         0    159988           0.252     0.610     0.897     1.229     1.354     1.619     1.908     2.720
1266.000    160000         0    160001           0.252     0.619     0.946     1.219     1.321     1.538     1.850     2.386
1267.000    159987         0    159979           0.245     0.607     0.862     1.199     1.311     1.536     1.848     3.523
1268.000    160028         0    160028           0.242     0.605     0.862     1.213     1.333     1.571     1.870     2.456
1269.000    159999         0    160001           0.244     0.616     0.886     1.203     1.310     1.532     1.824     2.503
1270.000    159994         0    160001           0.252     0.611     0.886     1.212     1.320     1.539     1.814     2.359
1271.000    159977         0    159978           0.233     0.615     0.894     1.223     1.345     1.593     1.891     2.707
1272.000    160015         0    160004           0.241     0.596     0.818     1.178     1.296     1.521     1.812     2.382
1273.000    159992         0    159999           0.252     0.606     0.841     1.196     1.311     1.545     1.859     2.415
1274.000    160008         0    160003           0.244     0.630     0.961     1.241     1.350     1.571     1.846     2.765
1275.000    160027         0    160026           0.249     0.606     0.843     1.199     1.321     1.564     1.859     2.617
1276.000    159990         0    159994           0.252     0.608     0.855     1.200     1.319     1.549     1.854     2.712
1277.000    159977         0    159977           0.248     0.603     0.855     1.208     1.331     1.573     1.865     2.288
1278.000    160015         0    160003           0.258     0.617     0.919     1.232     1.351     1.594     1.901     3.172
1279.000    159980         0    159994           0.252     0.620     0.903     1.224     1.341     1.590     1.920     2.554
1280.000    160025         0    160016           0.258     0.634     0.929     1.239     1.357     1.608     1.939     3.568
1281.000    159986         0    159999           0.236     0.617     0.909     1.229     1.347     1.584     1.853     2.941
1282.000    160012         0    159997           0.242     0.621     0.888     1.221     1.343     1.582     1.874     2.476
1283.000    160001         0    159996           0.250     0.620     0.892     1.220     1.337     1.570     1.878     2.857
1284.000    160000         0    160001           0.255     0.623     0.908     1.229     1.347     1.584     1.923     3.160
1285.000    159980         0    159994           0.236     0.639     0.985     1.245     1.355     1.584     1.905     3.080
1286.000    160021         0    160003           0.246     0.629     0.965     1.236     1.346     1.572     1.883     2.636
1287.000    159993         0    160010           0.249     0.609     0.871     1.208     1.322     1.549     1.848     2.638
1288.000    160018         0    160020           0.246     0.617     0.910     1.229     1.348     1.586     1.882     3.723
1289.000    159979         0    159968           0.240     0.635     0.944     1.242     1.361     1.610     1.962     4.215
1290.000    160027         0    160028           0.250     0.602     0.834     1.185     1.300     1.529     1.826     2.523
1291.000    159976         0    159987           0.248     0.605     0.828     1.182     1.300     1.520     1.822     2.304
1292.000    159982         0    159978           0.242     0.615     0.882     1.207     1.322     1.552     1.837     2.351
1293.000    160007         0    159986           0.248     0.629     0.943     1.238     1.351     1.587     1.888     2.341
1294.000    160006         0    160013           0.250     0.624     0.936     1.235     1.356     1.609     1.917     3.670
1295.000    159999         0    160010           0.253     0.639     0.978     1.256     1.373     1.615     1.905     2.781
1296.000    160004         0    160009           0.254     0.627     0.948     1.233     1.340     1.556     1.839     2.589
1297.000    159989         0    159990           0.256     0.605     0.855     1.200     1.316     1.551     1.897     3.254
1298.000    159994         0    159992           0.238     0.608     0.878     1.210     1.323     1.550     1.834     2.470
1299.000    160004         0    160002           0.242     0.619     0.926     1.234     1.349     1.602     1.921     3.084
1300.000    160015         0    160014           0.259     0.652     1.034     1.275     1.395     1.645     1.942     4.207
1301.000    159998         0    160003           0.258     0.653     1.038     1.268     1.386     1.634     1.919     2.449
1302.000    160005         0    159994           0.251     0.649     1.023     1.247     1.355     1.592     1.873     2.562
1303.000    159991         0    159999           0.242     0.660     1.056     1.268     1.379     1.618     1.888     2.410
1304.000    160006         0    160013           0.249     0.622     0.917     1.234     1.350     1.587     1.861     2.333
1305.000    159965         0    159959           0.254     0.662     1.054     1.280     1.398     1.650     1.952     3.463
1306.001    160031         0    160024           0.252     0.663     1.050     1.272     1.384     1.640     1.962     3.189
1307.000    160015         0    160026           0.262     0.618     0.915     1.223     1.338     1.581     1.916     4.059
1308.000    159962         0    159963           0.249     0.657     1.047     1.268     1.384     1.637     1.973     3.095
1309.000    160026         0    160025           0.241     0.652     1.035     1.269     1.383     1.630     1.958     3.727
1310.000    160009         0    160004           0.257     0.632     0.962     1.253     1.375     1.625     1.896     2.537
1311.000    160015         0    159991           0.253     0.623     0.937     1.238     1.351     1.581     1.854     2.302
1312.000    159975         0    159989           0.246     0.650     1.042     1.260     1.366     1.595     1.875     2.497
1313.000    160018         0    160017           0.249     0.620     0.907     1.235     1.363     1.641     2.236     4.735
1314.001    159978         0    159995           0.251     0.646     1.004     1.253     1.363     1.592     1.877     2.388
1315.000    160006         0    160005           0.246     0.634     0.989     1.243     1.354     1.589     1.898     3.168
1316.000    159992         0    159985           0.250     0.633     0.946     1.241     1.357     1.593     1.928     3.701
1317.000    160018         0    160016           0.257     0.637     0.989     1.262     1.389     1.638     1.960     2.468
1318.000    159990         0    159992           0.251     0.623     0.932     1.237     1.354     1.586     1.862     2.353
1319.000    160008         0    160006           0.246     0.614     0.892     1.234     1.361     1.628     1.905     3.564
1320.000    159977         0    159988           0.250     0.619     0.923     1.224     1.341     1.587     1.885     2.327
1321.000    159981         0    159978           0.252     0.641     1.003     1.260     1.378     1.626     1.918     2.560
1322.000    160019         0    160015           0.257     0.658     1.034     1.268     1.381     1.617     1.934     3.092
1323.000    160016         0    160018           0.247     0.674     1.061     1.292     1.412     1.650     1.920     2.410
1324.000    159995         0    159993           0.257     0.638     0.993     1.249     1.363     1.603     1.883     2.306
1325.000    160013         0    160004           0.253     0.663     1.041     1.271     1.385     1.623     1.960     3.191
1326.000    159984         0    160000           0.241     0.621     0.896     1.219     1.336     1.569     1.872     3.183
1327.000    160003         0    159995           0.242     0.639     0.936     1.240     1.357     1.587     1.911     4.452
1328.000    159996         0    159999           0.239     0.650     0.989     1.253     1.368     1.612     1.987     3.011
1329.000    160001         0    160003           0.247     0.679     1.090     1.313     1.435     1.688     2.004     3.133
1330.000    160012         0    160007           0.255     0.613     0.898     1.223     1.347     1.599     1.888     2.746
1331.000    159988         0    159992           0.233     0.638     1.002     1.266     1.390     1.653     1.975     2.558
1332.000    160006         0    160008           0.248     0.626     0.946     1.240     1.353     1.588     1.971     3.996
1333.000    159987         0    159983           0.246     0.644     0.991     1.248     1.358     1.580     1.861     2.580
1334.000    160008         0    160005           0.249     0.636     0.950     1.243     1.362     1.605     1.887     2.597
1335.000    160008         0    160010           0.261     0.672     1.048     1.295     1.418     1.673     1.997     2.871
1336.000    159993         0    159996           0.247     0.636     0.966     1.249     1.368     1.616     1.902     2.341
1337.000    159972         0    159975           0.253     0.640     0.964     1.258     1.384     1.644     1.942     3.211
1338.000    160042         0    160033           0.262     0.647     1.008     1.263     1.386     1.666     2.509     5.005
1339.000    159983         0    159990           0.264     0.674     1.041     1.287     1.413     1.680     2.063     3.195
1340.000    160002         0    159986           0.260     0.672     1.037     1.282     1.404     1.667     1.993     2.527
1341.000    159997         0    160006           0.250     0.653     1.006     1.273     1.400     1.668     1.978     2.980
1342.000    160039         0    160028           0.254     0.648     0.989     1.251     1.367     1.621     1.925     2.484
1343.000    159963         0    159981           0.252     0.646     1.014     1.273     1.400     1.661     2.107     4.731
1344.000    159997         0    159989           0.244     0.646     1.010     1.261     1.377     1.627     1.914     2.755
1345.000    160008         0    160016           0.250     0.614     0.891     1.218     1.333     1.565     1.861     2.441
1346.000    159983         0    159964           0.252     0.658     1.025     1.266     1.385     1.640     2.003     4.020
1347.000    160007         0    160023           0.250     0.664     1.052     1.277     1.393     1.635     1.933     2.691
1348.000    159996         0    159995           0.251     0.623     0.914     1.224     1.333     1.552     1.839     2.507
1349.000    160001         0    160004           0.254     0.665     1.051     1.265     1.373     1.611     1.887     2.580
1350.000    160004         0    159998           0.241     0.643     1.023     1.258     1.369     1.608     1.880     2.687
1351.000    160012         0    160019           0.249     0.630     0.953     1.243     1.356     1.586     1.863     3.084
1352.000    159998         0    159997           0.247     0.612     0.892     1.211     1.318     1.538     1.814     2.800
1353.000    159978         0    159979           0.258     0.634     0.990     1.249     1.358     1.590     1.891     3.748
1354.000    160028         0    160023           0.240     0.627     0.954     1.231     1.337     1.558     1.837     2.497
1355.000    159991         0    159999           0.248     0.635     0.957     1.247     1.363     1.606     1.914     3.428
1356.000    160006         0    160006           0.247     0.636     0.978     1.247     1.357     1.597     1.902     3.211
1357.000    159995         0    159978           0.251     0.635     0.973     1.247     1.362     1.609     1.983     3.178
1358.000    159994         0    160007           0.251     0.649     1.002     1.260     1.376     1.621     1.934     4.825
1359.000    160004         0    159998           0.247     0.615     0.877     1.226     1.352     1.605     1.906     3.621
1360.000    159996         0    160003           0.250     0.633     0.972     1.233     1.341     1.561     1.845     2.501
1361.000    160014         0    160012           0.246     0.627     0.934     1.232     1.345     1.564     1.862     2.882
1362.000    160010         0    160010           0.249     0.639     0.985     1.263     1.384     1.626     1.919     3.365
1363.000    159992         0    159985           0.246     0.612     0.851     1.201     1.322     1.564     1.866     3.320
1364.000    159987         0    159994           0.250     0.649     1.030     1.268     1.382     1.624     1.932     2.800
1365.000    159995         0    159991           0.238     0.633     0.951     1.247     1.366     1.616     1.913     3.346
1366.001    160007         0    160012           0.253     0.641     1.008     1.279     1.412     1.670     1.946     2.988
1367.000    159998         0    159998           0.249     0.687     1.102     1.316     1.440     1.681     1.952     2.470
1368.000    159991         0    159987           0.254     0.637     0.997     1.252     1.365     1.599     1.875     2.195
1369.000    160017         0    160018           0.251     0.638     1.015     1.272     1.400     1.656     1.923     2.617
1370.000    160012         0    160006           0.237     0.628     0.970     1.237     1.345     1.574     1.862     2.490
1371.000    159969         0    159979           0.252     0.613     0.910     1.224     1.347     1.583     1.862     2.392
1372.000    160003         0    160004           0.251     0.642     0.992     1.244     1.353     1.577     1.860     2.253
1373.000    160000         0    160002           0.253     0.661     1.054     1.288     1.408     1.666     1.978     2.748
1374.000    160004         0    159995           0.244     0.642     1.016     1.272     1.396     1.647     1.956     5.693
1375.000    159990         0    159997           0.248     0.646     0.998     1.252     1.367     1.611     1.960     3.998
1376.000    160014         0    160010           0.252     0.627     0.914     1.228     1.348     1.586     1.888     2.966
1377.000    160007         0    160008           0.256     0.664     1.063     1.285     1.402     1.642     1.911     2.361
1378.000    160002         0    159997           0.258     0.653     1.018     1.252     1.359     1.571     1.842     2.476
1379.000    159998         0    159993           0.247     0.642     1.005     1.253     1.366     1.603     1.890     2.386
1380.000    159994         0    160006           0.256     0.652     1.022     1.263     1.375     1.614     1.942     3.762
1381.000    159966         0    159964           0.252     0.653     1.035     1.277     1.398     1.641     1.926     2.460
1382.000    160024         0    160027           0.243     0.686     1.091     1.293     1.409     1.659     1.940     2.507
1383.000    160023         0    160004           0.252     0.647     1.013     1.257     1.369     1.605     1.889     2.435
1384.001    159986         0    159990           0.257     0.652     1.018     1.263     1.377     1.616     1.917     3.400
1385.000    159991         0    160008           0.248     0.681     1.094     1.327     1.461     1.721     2.009     2.478
1386.000    160014         0    160015           0.254     0.655     1.060     1.302     1.434     1.699     1.982     2.742
1387.000    159989         0    159985           0.264     0.666     1.078     1.309     1.432     1.678     1.958     2.402
1388.000    159991         0    159997           0.260     0.721     1.123     1.323     1.442     1.697     2.007     3.967
1389.000    160006         0    159995           0.259     0.665     1.047     1.289     1.409     1.656     1.952     2.365
1390.000    160003         0    160017           0.248     0.675     1.078     1.296     1.410     1.657     1.962     2.593
1391.000    159993         0    159986           0.253     0.671     1.074     1.313     1.447     1.718     2.014     3.389
1392.000    160013         0    160002           0.261     0.660     1.052     1.324     1.462     1.722     2.057     3.226
1393.000    160000         0    160008           0.241     0.679     1.064     1.303     1.428     1.695     2.067     3.316
1394.000    160005         0    160003           0.256     0.683     1.087     1.314     1.443     1.689     1.958     3.140
1395.001    159979         0    159987           0.256     0.666     1.065     1.290     1.411     1.663     1.980     3.045
1396.000    159995         0    159987           0.246     0.664     1.047     1.271     1.392     1.641     1.940     2.677
1397.000    160023         0    160030           0.243     0.623     0.948     1.238     1.352     1.588     1.887     2.892
1398.000    160006         0    159995           0.245     0.629     0.985     1.246     1.358     1.587     1.865     2.906
1399.000    159983         0    159989           0.242     0.637     1.015     1.247     1.356     1.586     1.849     2.318
1400.000    160001         0    160002           0.256     0.634     1.008     1.268     1.396     1.650     1.943     2.857
1401.000    159994         0    160000           0.246     0.642     1.017     1.249     1.352     1.570     1.840     2.290
1402.000    159993         0    159989           0.256     0.678     1.073     1.297     1.419     1.672     1.976     2.724
1403.000    160016         0    160016           0.255     0.662     1.044     1.288     1.415     1.680     2.011     2.673
1404.000    159996         0    159999           0.247     0.686     1.084     1.293     1.409     1.656     1.947     2.761
1405.000    160004         0    160000           0.244     0.630     0.958     1.246     1.365     1.610     1.919     2.449
1406.000    160016         0    160020           0.245     0.657     1.061     1.320     1.464     1.746     2.043     2.892
1407.000    159995         0    159992           0.252     0.637     0.966     1.251     1.369     1.611     1.908     2.869
1408.000    159995         0    159980           0.240     0.650     1.012     1.261     1.383     1.632     1.924     2.390
1409.000    160000         0    160008           0.258     0.634     0.974     1.258     1.385     1.641     1.942     4.305
1410.000    159997         0    159989           0.246     0.641     0.996     1.250     1.360     1.602     1.917     3.125
1411.000    160021         0    160022           0.253     0.656     1.024     1.276     1.406     1.683     1.970     2.468
1412.000    159985         0    159991           0.247     0.657     1.039     1.284     1.413     1.692     1.991     2.396
1413.000    159995         0    160008           0.247     0.623     0.928     1.234     1.347     1.570     1.840     2.316
1414.000    160021         0    160009           0.256     0.622     0.917     1.228     1.349     1.596     1.904     2.568
1415.000    159977         0    159984           0.249     0.655     0.998     1.273     1.396     1.658     1.999     3.113
1416.000    159981         0    159981           0.233     0.668     1.077     1.304     1.433     1.692     1.982     3.138
1417.000    160018         0    160015           0.266     0.677     1.075     1.308     1.442     1.711     2.030     3.572
1418.000    160002         0    160000           0.253     0.638     0.945     1.256     1.393     1.679     2.008     4.215
1419.000    159994         0    160000           0.243     0.637     0.961     1.257     1.392     1.664     1.965     2.634
1420.000    160018         0    160012           0.260     0.662     1.017     1.263     1.376     1.621     1.942     2.679
1421.000    159987         0    159986           0.258     0.657     1.009     1.264     1.380     1.632     1.931     2.542
1422.000    159984         0    159985           0.248     0.660     1.038     1.271     1.392     1.650     1.991     3.684
1423.000    159999         0    160003           0.241     0.650     0.993     1.256     1.371     1.611     1.910     2.564
1424.000    159982         0    159973           0.253     0.664     1.044     1.270     1.388     1.644     1.957     2.566
1425.000    160042         0    160052           0.265     0.651     1.012     1.264     1.381     1.642     1.988     3.576
1426.000    160019         0    159998           0.253     0.645     1.025     1.270     1.388     1.638     1.944     2.703
1427.000    159964         0    159988           0.260     0.637     0.956     1.244     1.360     1.616     2.003     3.815
1428.000    160005         0    160002           0.246     0.631     0.916     1.232     1.350     1.595     1.883     2.400
1429.000    160011         0    160017           0.254     0.632     0.928     1.233     1.352     1.589     1.891     3.717
1430.000    159990         0    159987           0.240     0.625     0.900     1.226     1.346     1.599     1.922     2.750
1431.000    160007         0    160000           0.249     0.637     0.969     1.247     1.366     1.615     1.897     2.468
1432.000    159996         0    160005           0.254     0.616     0.910     1.224     1.341     1.591     1.901     2.591
1433.000    160002         0    159993           0.253     0.629     0.954     1.244     1.368     1.633     1.919     2.427
1434.000    159953         0    159959           0.256     0.655     1.025     1.275     1.401     1.684     2.179     4.049
1435.000    160048         0    160042           0.265     0.649     0.972     1.260     1.386     1.658     1.973     2.847
1436.000    159999         0    159999           0.249     0.646     0.997     1.266     1.390     1.657     1.975     3.129
1437.000    160009         0    160018           0.257     0.647     1.002     1.276     1.409     1.684     1.988     2.984
1438.000    160000         0    159997           0.250     0.624     0.903     1.224     1.347     1.598     1.906     2.966
1439.000    159994         0    159991           0.254     0.654     0.999     1.266     1.389     1.642     1.975     2.806
1440.000    160003         0    159985           0.256     0.662     1.048     1.281     1.399     1.655     1.954     3.238
1441.000    159999         0    160014           0.262     0.646     0.977     1.254     1.375     1.632     1.951     2.982
1442.000    159992         0    159994           0.247     0.652     0.994     1.267     1.392     1.666     1.990     2.847
1443.000    160002         0    159997           0.248     0.632     1.004     1.263     1.390     1.661     1.940     2.466
1444.000    160017         0    160021           0.248     0.644     1.006     1.258     1.376     1.637     1.950     2.968
1445.000    160000         0    160002           0.233     0.638     0.992     1.261     1.386     1.656     1.943     2.494
1446.000    159989         0    159992           0.257     0.667     1.048     1.281     1.401     1.656     1.958     2.501
1447.000    160001         0    159995           0.252     0.632     0.923     1.247     1.375     1.649     1.951     2.494
1448.000    160000         0    160006           0.258     0.657     1.033     1.282     1.414     1.696     1.992     2.632
1449.000    159990         0    159987           0.252     0.646     1.004     1.264     1.389     1.661     1.963     3.004
1450.000    160007         0    160001           0.241     0.642     1.001     1.251     1.364     1.612     1.883     2.427
1451.000    160008         0    160015           0.253     0.642     0.994     1.256     1.371     1.625     1.906     2.361
1452.000    159999         0    159990           0.241     0.629     0.978     1.253     1.378     1.650     1.928     2.466
1453.000    160001         0    160008           0.236     0.648     1.005     1.265     1.390     1.652     1.940     2.425
1454.000    159997         0    159997           0.260     0.631     0.932     1.232     1.347     1.590     1.882     2.421
1455.000    159993         0    159980           0.260     0.658     1.044     1.280     1.404     1.670     1.982     3.305
1456.000    159988         0    160009           0.248     0.624     0.938     1.243     1.361     1.609     1.894     2.425
1457.000    160004         0    160000           0.252     0.669     1.064     1.296     1.424     1.690     1.994     2.957
1458.000    160000         0    160002           0.249     0.659     1.032     1.269     1.391     1.637     1.938     2.933
1459.000    160018         0    160014           0.253     0.633     0.923     1.235     1.357     1.618     1.924     2.376
1460.000    159997         0    160002           0.260     0.636     0.961     1.243     1.362     1.628     1.924     2.472
1461.000    159999         0    159997           0.232     0.622     0.909     1.222     1.338     1.580     1.878     2.394
1462.000    159985         0    159988           0.251     0.637     0.965     1.254     1.381     1.652     1.976     2.871
1463.000    160005         0    160002           0.252     0.623     0.917     1.230     1.346     1.594     1.890     2.318
1464.000    159995         0    159984           0.253     0.652     1.013     1.266     1.393     1.670     2.525     5.833
1465.000    160006         0    160009           0.253     0.640     0.987     1.248     1.362     1.611     1.944     2.888
1466.000    160006         0    160014           0.247     0.630     0.956     1.236     1.352     1.609     2.355     5.300
1467.000    160009         0    160004           0.248     0.628     0.950     1.240     1.357     1.609     1.905     2.517
1468.000    160011         0    160005           0.236     0.636     0.935     1.237     1.355     1.615     1.936     3.150
1469.000    159978         0    159990           0.250     0.652     0.996     1.258     1.381     1.654     1.990     2.791
1470.000    160000         0    159996           0.253     0.652     1.018     1.258     1.372     1.620     1.928     3.203
1471.000    159998         0    160002           0.255     0.643     0.943     1.235     1.349     1.591     1.895     2.853
1472.000    159997         0    159998           0.260     0.644     0.975     1.249     1.364     1.611     1.912     3.363
1473.000    160001         0    159990           0.253     0.630     0.942     1.250     1.375     1.654     1.969     2.617
1474.000    160022         0    160020           0.244     0.618     0.913     1.235     1.364     1.647     1.944     2.593
1475.000    159998         0    160008           0.260     0.642     0.957     1.244     1.363     1.613     1.970     3.879
1476.000    159988         0    159976           0.252     0.625     0.911     1.238     1.362     1.629     1.937     2.607
1477.000    160001         0    160009           0.249     0.623     0.923     1.232     1.350     1.611     1.904     3.189
1478.000    160026         0    160002           0.256     0.611     0.880     1.209     1.321     1.569     1.877     2.875
1479.000    159966         0    159995           0.248     0.615     0.888     1.222     1.350     1.610     1.920     2.828
1480.000    160005         0    160000           0.248     0.628     0.939     1.251     1.383     1.654     1.945     2.343
1481.000    159995         0    159994           0.249     0.635     0.978     1.242     1.355     1.613     1.902     2.458
1482.001    159998         0    159987           0.248     0.632     0.944     1.248     1.380     1.672     2.000     3.076
1483.000    160007         0    160019           0.260     0.643     0.996     1.260     1.382     1.648     1.945     2.806
1484.000    160001         0    160006           0.239     0.646     1.011     1.260     1.380     1.652     1.944     2.410
1485.000    159999         0    159980           0.240     0.624     0.897     1.231     1.362     1.642     1.947     2.843
1486.000    159995         0    160011           0.241     0.648     0.983     1.271     1.412     1.706     1.998     2.599
1487.000    159993         0    159993           0.260     0.649     1.026     1.255     1.366     1.613     1.909     2.382
1488.000    160037         0    160030           0.249     0.629     0.940     1.233     1.342     1.575     1.893     3.238
1489.000    159952         0    159964           0.246     0.627     0.932     1.229     1.340     1.601     1.916     4.049
1490.000    160028         0    160020           0.235     0.662     1.053     1.289     1.408     1.669     1.965     3.410
1491.000    159985         0    159986           0.244     0.623     0.915     1.238     1.361     1.620     1.908     2.533
1492.000    160024         0    160022           0.239     0.617     0.869     1.207     1.328     1.573     1.877     3.342
1493.000    159961         0    159965           0.245     0.611     0.884     1.213     1.330     1.579     1.908     3.303
1494.000    160003         0    160003           0.251     0.653     1.036     1.265     1.379     1.648     2.101     3.740
1495.000    160000         0    159999           0.254     0.643     0.987     1.249     1.362     1.618     1.934     2.673
1496.000    160010         0    160013           0.250     0.643     0.999     1.264     1.386     1.648     1.958     3.113
1497.000    160035         0    160021           0.250     0.605     0.851     1.194     1.308     1.536     1.836     2.609
1498.000    159975         0    159974           0.252     0.646     0.968     1.250     1.369     1.632     1.981     3.609
1499.000    160016         0    160026           0.238     0.621     0.889     1.225     1.349     1.597     1.897     2.413
1500.000    159995         0    159994           0.255     0.627     0.935     1.235     1.353     1.592     1.862     2.331
1501.000    159981         0    159987           0.246     0.645     1.020     1.260     1.374     1.614     1.900     2.488
1502.000    160008         0    160008           0.247     0.631     0.934     1.239     1.359     1.614     1.940     2.570
1503.000    160003         0    159996           0.255     0.616     0.877     1.217     1.338     1.567     1.885     3.344
1504.000    160002         0    160002           0.265     0.630     0.930     1.233     1.350     1.602     1.925     2.871
1505.000    160001         0    160005           0.250     0.626     0.908     1.230     1.351     1.598     1.920     3.371
1506.000    159993         0    159991           0.238     0.621     0.911     1.234     1.355     1.603     1.948     3.099
1507.000    160000         0    160004           0.254     0.623     0.939     1.250     1.382     1.651     1.957     2.716
1508.000    159995         0    159987           0.244     0.626     0.918     1.240     1.361     1.612     1.940     3.226
1509.000    159990         0    159995           0.255     0.615     0.897     1.215     1.332     1.577     1.923     5.669
1510.000    160020         0    160023           0.255     0.607     0.843     1.202     1.325     1.574     1.971     3.930
1511.000    159999         0    159985           0.248     0.623     0.937     1.230     1.345     1.588     1.868     2.462
1512.000    160009         0    160018           0.246     0.611     0.856     1.204     1.322     1.554     1.842     2.415
1513.000    159994         0    159993           0.248     0.615     0.875     1.211     1.327     1.558     1.854     2.505
1514.000    160006         0    160008           0.238     0.624     0.927     1.231     1.345     1.581     1.876     2.896
1515.000    159987         0    159990           0.253     0.611     0.851     1.193     1.308     1.542     1.840     2.839
1516.000    159990         0    159992           0.249     0.618     0.892     1.220     1.339     1.582     1.870     2.589
1517.000    160014         0    160006           0.256     0.623     0.918     1.227     1.342     1.575     1.854     2.462
1518.000    159977         0    159987           0.234     0.617     0.908     1.219     1.329     1.570     1.881     3.154
1519.000    160034         0    160030           0.244     0.611     0.884     1.210     1.321     1.547     1.835     2.765
1520.000    159997         0    159985           0.249     0.653     1.019     1.283     1.410     1.676     1.994     3.283
1521.000    160011         0    160021           0.240     0.609     0.855     1.206     1.326     1.560     1.882     5.022
1522.000    159987         0    159993           0.249     0.621     0.895     1.213     1.327     1.565     1.866     2.546
1523.000    160004         0    159981           0.241     0.602     0.857     1.197     1.312     1.545     1.843     2.394
1524.000    159992         0    160012           0.244     0.624     0.950     1.237     1.348     1.570     1.869     3.514
1525.000    159955         0    159957           0.247     0.641     1.014     1.267     1.392     1.660     2.071     4.428
1526.000    160045         0    160044           0.240     0.637     0.985     1.252     1.372     1.622     1.925     2.898
1527.000    159995         0    159992           0.249     0.625     0.926     1.235     1.350     1.591     1.909     2.982
1528.000    159998         0    159998           0.250     0.627     0.951     1.239     1.355     1.596     1.904     2.408
1529.000    160001         0    160005           0.254     0.639     0.985     1.247     1.361     1.599     1.923     2.824
1530.000    160012         0    159994           0.257     0.645     1.000     1.256     1.369     1.608     1.906     2.626
1531.000    160018         0    160025           0.251     0.647     1.007     1.254     1.367     1.601     1.908     3.105
1532.000    159943         0    159950           0.255     0.642     0.969     1.242     1.357     1.607     1.940     3.584
1533.000    160029         0    160022           0.250     0.633     0.958     1.242     1.356     1.594     1.875     2.746
1534.000    160003         0    160013           0.253     0.630     0.968     1.241     1.355     1.590     1.892     2.576
1535.000    160010         0    160011           0.253     0.645     0.996     1.261     1.378     1.639     2.037     4.563
1536.000    159980         0    159968           0.242     0.621     0.910     1.219     1.332     1.558     1.861     2.810
1537.000    160006         0    160012           0.242     0.660     1.040     1.272     1.391     1.637     1.905     2.871
1538.000    159990         0    159987           0.255     0.637     0.985     1.252     1.369     1.614     1.896     2.550
1539.000    160000         0    160008           0.254     0.650     1.035     1.298     1.439     1.720     2.012     2.750
1540.000    160005         0    159991           0.247     0.635     0.991     1.246     1.359     1.606     1.919     4.037
1541.000    160010         0    160009           0.261     0.668     1.039     1.298     1.428     1.706     2.075     3.453
1542.000    160018         0    160034           0.257     0.638     0.972     1.246     1.362     1.612     1.904     2.523
1543.000    159963         0    159955           0.244     0.629     0.925     1.231     1.346     1.575     1.866     2.621
1544.000    160049         0    160019           0.238     0.652     1.010     1.264     1.381     1.624     1.923     3.113
1545.000    159948         0    159989           0.245     0.634     0.947     1.243     1.361     1.618     1.932     2.828
1546.000    160038         0    160018           0.261     0.663     1.051     1.277     1.390     1.639     1.927     2.529
1547.000    159996         0    159998           0.255     0.626     0.926     1.229     1.347     1.583     1.861     3.150
1548.000    159988         0    160001           0.253     0.637     0.950     1.254     1.390     1.664     1.944     2.564
1549.000    159992         0    159994           0.257     0.663     1.054     1.288     1.413     1.681     1.983     2.548
1550.000    160009         0    159993           0.249     0.653     1.012     1.285     1.420     1.702     2.026     2.931
1551.000    160000         0    160004           0.246     0.624     0.934     1.239     1.358     1.609     1.924     4.506
1552.000    159994         0    159998           0.235     0.616     0.922     1.231     1.348     1.592     1.888     2.632
1553.000    159997         0    160005           0.247     0.634     0.949     1.243     1.364     1.619     1.922     3.156
1554.000    160032         0    160031           0.253     0.623     0.943     1.227     1.339     1.569     1.869     2.470
1555.000    159969         0    159961           0.243     0.627     0.944     1.249     1.373     1.635     1.926     2.376
1556.000    160016         0    160017           0.253     0.622     0.909     1.231     1.349     1.601     2.010     4.151
1557.000    160004         0    159992           0.241     0.621     0.896     1.231     1.356     1.615     1.961     3.009
1558.001    159972         0    159995           0.260     0.626     0.945     1.243     1.363     1.617     1.936     6.246
1559.000    160010         0    160003           0.250     0.650     0.994     1.262     1.386     1.649     1.950     3.281
1560.000    159998         0    160002           0.251     0.621     0.873     1.213     1.339     1.595     1.908     2.554
1561.000    160010         0    159999           0.214     0.622     0.917     1.229     1.340     1.561     1.829     3.107
1562.000    160000         0    160007           0.237     0.638     0.955     1.245     1.361     1.601     1.935     3.224
1563.000    159988         0    159985           0.249     0.616     0.857     1.206     1.326     1.564     1.868     2.914
1564.000    159992         0    159992           0.257     0.633     0.942     1.242     1.360     1.601     1.898     2.882
1565.000    160016         0    160018           0.247     0.653     0.989     1.255     1.374     1.640     2.005     3.011
1566.000    159986         0    159988           0.255     0.647     0.983     1.264     1.389     1.660     1.960     2.583
1567.000    160021         0    160023           0.257     0.615     0.891     1.217     1.341     1.603     1.918     3.443
1568.000    159995         0    159990           0.252     0.617     0.886     1.210     1.323     1.568     1.868     3.271
1569.000    160012         0    160007           0.257     0.621     0.897     1.231     1.355     1.597     1.896     2.875
1570.000    159983         0    159984           0.245     0.624     0.922     1.233     1.347     1.589     1.892     2.720
1571.000    159998         0    159994           0.247     0.645     0.977     1.250     1.365     1.616     1.933     2.857
1572.000    160002         0    159994           0.254     0.623     0.919     1.227     1.342     1.570     1.854     2.662
1573.000    159995         0    160016           0.254     0.617     0.884     1.210     1.326     1.554     1.840     2.648
1574.000    160015         0    160016           0.253     0.624     0.926     1.224     1.334     1.555     1.842     2.355
1575.000    160021         0    160004           0.244     0.610     0.882     1.215     1.331     1.559     1.848     2.716
1576.000    159977         0    159991           0.250     0.604     0.859     1.199     1.309     1.527     1.821     2.372
1577.000    159996         0    159989           0.247     0.622     0.927     1.221     1.329     1.542     1.801     2.353
1578.000    159982         0    159986           0.249     0.601     0.824     1.180     1.298     1.541     1.866     2.673
1579.000    160009         0    160015           0.259     0.613     0.889     1.219     1.336     1.565     1.871     3.154
1580.000    159996         0    159988           0.261     0.624     0.888     1.220     1.345     1.591     1.904     3.318
1581.000    160015         0    160020           0.250     0.627     0.928     1.229     1.347     1.573     1.868     2.886
1582.000    159991         0    159979           0.251     0.611     0.866     1.214     1.338     1.574     1.887     3.133
1583.000    159992         0    160008           0.258     0.633     0.933     1.230     1.345     1.591     1.902     2.449
1584.000    160021         0    159977           0.262     0.610     0.884     1.218     1.335     1.567     1.858     2.771
1585.000    159996         0    160032           0.258     0.648     1.006     1.262     1.374     1.613     2.010     3.910
1586.000    160003         0    160006           0.249     0.611     0.883     1.225     1.351     1.605     1.987     4.094
1587.000    159984         0    159982           0.248     0.624     0.926     1.231     1.348     1.584     1.906     3.144
1588.000    160018         0    160018           0.258     0.626     0.944     1.237     1.349     1.576     1.863     2.773
1589.000    159973         0    159969           0.237     0.625     0.901     1.219     1.334     1.567     1.904     2.970
1590.000    160028         0    160025           0.250     0.643     1.012     1.254     1.365     1.603     1.895     3.338
1591.000    160003         0    159997           0.245     0.646     1.012     1.255     1.366     1.601     1.901     2.378
1592.000    159994         0    159999           0.250     0.613     0.867     1.202     1.315     1.541     1.845     2.769
1593.000    159974         0    159984           0.240     0.659     1.041     1.284     1.406     1.680     2.007     3.994
1594.000    160027         0    160024           0.253     0.628     0.956     1.230     1.336     1.550     1.840     2.437
1595.000    159970         0    159971           0.252     0.608     0.890     1.215     1.328     1.552     1.845     2.331
1596.000    160033         0    160025           0.242     0.623     0.971     1.237     1.347     1.581     1.854     2.535
1597.000    159977         0    159992           0.244     0.633     1.001     1.246     1.360     1.599     1.890     2.492
1598.000    160005         0    160002           0.258     0.639     0.994     1.270     1.394     1.648     1.921     2.662
1599.000    160004         0    160008           0.248     0.609     0.877     1.206     1.317     1.539     1.816     2.695
1600.000    160003         0    159985           0.253     0.614     0.909     1.236     1.362     1.631     1.923     2.509
1601.000    159996         0    160009           0.253     0.622     0.909     1.222     1.334     1.571     1.869     2.441
1602.000    159988         0    159979           0.235     0.615     0.886     1.220     1.341     1.589     1.885     2.648
1603.000    160019         0    160029           0.242     0.627     0.914     1.222     1.337     1.567     1.871     3.713
1604.000    159984         0    159984           0.246     0.650     1.034     1.274     1.394     1.646     1.943     2.568
1605.000    160022         0    160025           0.260     0.648     0.981     1.250     1.365     1.604     1.907     2.562
1606.000    159986         0    159984           0.242     0.632     0.922     1.231     1.348     1.587     1.937     4.198
1607.000    159989         0    159992           0.261     0.656     0.987     1.256     1.371     1.610     1.935     3.385
1608.000    159998         0    159985           0.251     0.635     0.977     1.242     1.353     1.589     1.903     2.679
1609.000    159978         0    159990           0.252     0.673     1.064     1.285     1.404     1.662     1.948     2.558
1610.000    160040         0    160036           0.247     0.627     0.906     1.221     1.333     1.568     1.888     2.988
1611.000    159995         0    159997           0.252     0.623     0.920     1.227     1.342     1.577     1.858     3.133
1612.000    160003         0    160003           0.253     0.633     0.961     1.243     1.357     1.597     1.891     2.494
1613.000    159989         0    159989           0.258     0.647     0.992     1.255     1.371     1.619     1.948     3.072
1614.000    160016         0    160018           0.255     0.636     0.929     1.233     1.350     1.601     1.921     3.308
1615.000    159984         0    159982           0.242     0.666     1.047     1.283     1.402     1.684     2.306     4.268
1616.000    160013         0    160015           0.243     0.635     0.978     1.243     1.354     1.596     1.895     2.552
1617.000    159993         0    159985           0.260     0.645     0.981     1.258     1.377     1.647     2.081     5.677
1618.000    160016         0    160018           0.247     0.636     0.968     1.248     1.366     1.612     1.884     2.484
1619.000    159982         0    159986           0.250     0.608     0.862     1.206     1.326     1.564     1.866     2.753
1620.000    160004         0    160003           0.260     0.643     0.984     1.250     1.370     1.636     1.970     4.411
1621.000    159995         0    159997           0.251     0.622     0.945     1.227     1.338     1.554     1.845     2.404
1622.000    160007         0    160009           0.258     0.625     0.950     1.249     1.376     1.646     1.933     3.047
1623.000    159999         0    159995           0.249     0.620     0.914     1.221     1.333     1.556     1.840     2.302
1624.000    159997         0    159990           0.256     0.640     1.008     1.255     1.366     1.608     1.891     2.308
1625.000    159998         0    160005           0.233     0.620     0.917     1.228     1.340     1.567     1.848     2.413
1626.000    160005         0    160006           0.236     0.619     0.945     1.240     1.352     1.587     1.873     2.621
1627.000    159994         0    159988           0.238     0.606     0.861     1.213     1.338     1.597     1.890     2.578
1628.000    159995         0    159999           0.255     0.638     0.995     1.246     1.356     1.599     1.935     3.314
1629.000    159979         0    159977           0.235     0.625     0.919     1.226     1.338     1.577     1.871     2.435
1630.000    160043         0    160043           0.247     0.625     0.965     1.231     1.338     1.567     1.843     2.501
1631.000    159995         0    160000           0.255     0.626     0.918     1.223     1.333     1.553     1.839     2.480
1632.000    159996         0    159990           0.234     0.601     0.847     1.194     1.307     1.528     1.794     2.263
1633.000    160018         0    160025           0.257     0.624     0.948     1.229     1.341     1.589     1.890     2.394
1634.000    159999         0    159991           0.253     0.618     0.918     1.222     1.330     1.555     1.858     2.554
1635.000    159971         0    159971           0.245     0.618     0.890     1.222     1.343     1.596     1.960     3.043
1636.000    160004         0    160005           0.239     0.629     0.951     1.234     1.347     1.581     1.867     2.386
1637.000    160006         0    159996           0.255     0.625     0.912     1.225     1.338     1.569     1.838     2.996
1638.000    160007         0    160014           0.257     0.622     0.900     1.221     1.338     1.586     1.887     2.603
1639.000    160014         0    160013           0.257     0.637     0.924     1.238     1.364     1.639     2.087     3.893
1640.000    159972         0    159978           0.253     0.628     0.890     1.224     1.352     1.615     1.997     3.893
1641.000    160026         0    160026           0.246     0.615     0.874     1.209     1.325     1.567     1.914     3.361
1642.000    159971         0    159968           0.263     0.621     0.884     1.211     1.331     1.579     1.908     3.305
1643.000    160020         0    160024           0.251     0.636     0.965     1.238     1.345     1.567     1.849     3.238
1644.000    160019         0    160017           0.247     0.617     0.882     1.212     1.330     1.565     1.859     2.486
1645.000    159991         0    159978           0.241     0.625     0.925     1.228     1.347     1.602     2.082     4.280
1646.000    159990         0    160010           0.243     0.616     0.887     1.217     1.332     1.555     1.881     2.662
1647.000    160004         0    159998           0.252     0.601     0.828     1.182     1.293     1.507     1.844     3.328
1648.000    159965         0    159967           0.239     0.606     0.884     1.204     1.312     1.528     1.825     2.398
1649.000    160027         0    160028           0.251     0.603     0.858     1.202     1.314     1.536     1.830     2.443
1650.000    160001         0    159989           0.243     0.613     0.889     1.219     1.334     1.556     1.822     2.314
1651.000    160010         0    160016           0.252     0.607     0.855     1.199     1.313     1.553     1.880     3.160
1652.000    159983         0    159986           0.239     0.600     0.828     1.189     1.306     1.532     1.812     2.796
1653.000    159996         0    159990           0.255     0.626     0.945     1.227     1.332     1.554     1.825     3.609
1654.000    160011         0    160023           0.225     0.611     0.894     1.217     1.329     1.566     1.881     3.314
1655.000    160001         0    159984           0.252     0.601     0.816     1.179     1.302     1.539     1.871     2.980
1656.000    160003         0    160011           0.250     0.609     0.873     1.210     1.323     1.552     1.901     4.395
1657.000    160000         0    159999           0.259     0.600     0.834     1.184     1.297     1.506     1.798     2.818
1658.000    160008         0    160001           0.242     0.605     0.832     1.193     1.314     1.553     1.860     2.499
1659.000    159972         0    159981           0.250     0.601     0.823     1.188     1.308     1.536     1.826     2.372
1660.000    160023         0    160029           0.245     0.627     0.909     1.221     1.333     1.570     1.867     2.787
1661.000    159997         0    159996           0.252     0.617     0.877     1.208     1.323     1.559     1.857     2.775
1662.000    160007         0    160004           0.258     0.614     0.889     1.218     1.334     1.578     1.875     2.484
1663.000    160009         0    160009           0.234     0.626     0.932     1.228     1.340     1.581     1.868     2.734
1664.000    159984         0    159989           0.252     0.604     0.866     1.209     1.329     1.568     1.864     2.443
1665.000    159988         0    159979           0.246     0.617     0.873     1.215     1.339     1.589     1.893     2.988
1666.000    160005         0    160007           0.249     0.651     0.994     1.254     1.373     1.646     2.236     6.218
1667.000    159992         0    159999           0.246     0.639     0.990     1.246     1.356     1.591     1.884     2.728
1668.000    160005         0    160001           0.246     0.609     0.858     1.205     1.324     1.563     1.864     2.361
1669.000    159999         0    159986           0.250     0.610     0.846     1.198     1.316     1.546     1.862     2.494
1670.000    159999         0    160015           0.250     0.624     0.910     1.223     1.337     1.574     1.902     2.730
1671.000    160005         0    159998           0.251     0.627     0.962     1.239     1.350     1.592     1.891     2.793
1672.000    160003         0    159990           0.247     0.623     0.959     1.235     1.349     1.590     1.869     2.421
1673.000    159968         0    159990           0.253     0.645     1.025     1.272     1.390     1.644     1.953     2.634
1674.000    160039         0    160027           0.254     0.607     0.868     1.211     1.330     1.572     1.869     2.308
1675.000    159985         0    159993           0.254     0.617     0.908     1.237     1.362     1.625     1.951     2.828
1676.000    160016         0    160005           0.256     0.610     0.878     1.209     1.324     1.556     1.874     2.818
1677.000    159984         0    159986           0.255     0.627     0.946     1.243     1.359     1.607     1.905     2.675
1678.000    159966         0    159980           0.257     0.625     0.897     1.217     1.330     1.552     1.848     2.515
1679.000    160040         0    160030           0.246     0.659     1.009     1.270     1.392     1.649     1.980     2.822
1680.000    159994         0    159996           0.259     0.639     0.956     1.249     1.367     1.624     1.979     2.906
1681.000    159988         0    159991           0.252     0.643     0.967     1.256     1.377     1.635     1.943     2.763
1682.000    160016         0    160010           0.237     0.625     0.929     1.241     1.365     1.630     1.991     3.170
1683.000    159997         0    160003           0.263     0.656     1.028     1.272     1.395     1.641     1.930     3.258
1684.000    159999         0    159999           0.256     0.678     1.074     1.282     1.397     1.638     1.939     3.404
1685.000    159993         0    159979           0.259     0.638     0.984     1.260     1.382     1.646     1.934     2.392
1686.000    159992         0    159996           0.251     0.662     1.037     1.290     1.417     1.697     1.999     2.597
1687.000    160023         0    160026           0.248     0.644     0.988     1.257     1.374     1.620     1.914     2.626
1688.000    160003         0    160004           0.245     0.638     0.991     1.249     1.363     1.613     1.912     2.533
1689.000    160002         0    159995           0.257     0.642     0.966     1.257     1.380     1.633     1.927     2.818
1690.000    159993         0    159997           0.243     0.655     1.012     1.269     1.392     1.650     2.006     2.980
1691.000    160018         0    160016           0.250     0.647     1.001     1.252     1.366     1.619     1.944     2.945
1692.000    159964         0    159968           0.250     0.665     1.052     1.284     1.404     1.657     1.977     2.816
1693.000    160009         0    160011           0.248     0.645     0.972     1.260     1.384     1.658     1.981     3.170
1694.000    159990         0    159995           0.251     0.658     1.022     1.281     1.407     1.672     2.014     3.951
1695.000    160005         0    160007           0.247     0.694     1.097     1.305     1.421     1.681     2.012     3.799
1696.000    160011         0    160012           0.246     0.645     0.985     1.250     1.362     1.593     1.912     3.217
1697.000    160000         0    160000           0.252     0.626     0.910     1.221     1.333     1.562     1.889     3.609
1698.000    159984         0    159987           0.247     0.651     1.020     1.260     1.370     1.612     1.922     2.669
1699.000    160033         0    160022           0.253     0.643     0.967     1.246     1.361     1.597     1.898     2.554
1700.000    159973         0    159979           0.249     0.648     1.029     1.256     1.362     1.585     1.889     3.572
1701.000    160003         0    160005           0.237     0.628     0.946     1.233     1.347     1.581     1.874     2.490
1702.000    160010         0    160004           0.247     0.636     0.984     1.241     1.352     1.577     1.866     2.564
1703.000    160005         0    159997           0.257     0.663     1.057     1.278     1.392     1.623     1.897     2.656
1704.000    159987         0    159998           0.251     0.659     1.028     1.274     1.393     1.637     1.985     4.280
1705.000    160003         0    159995           0.249     0.646     0.967     1.245     1.358     1.582     1.881     3.344
1706.000    159981         0    159979           0.253     0.667     1.047     1.279     1.394     1.642     2.034     3.035
1707.000    160016         0    160020           0.257     0.627     0.943     1.233     1.347     1.589     2.114     4.350
1708.000    160023         0    160001           0.248     0.643     0.978     1.254     1.378     1.641     1.950     2.650
1709.000    159991         0    160007           0.241     0.662     1.030     1.264     1.376     1.619     1.976     3.318
1710.000    160004         0    160010           0.261     0.655     1.013     1.255     1.366     1.622     1.921     3.998
1711.000    159989         0    159996           0.246     0.643     1.004     1.297     1.440     1.709     1.975     2.705
1712.000    159993         0    159983           0.253     0.631     0.974     1.245     1.362     1.621     1.903     2.460
1713.000    159992         0    159999           0.248     0.646     0.972     1.254     1.372     1.625     2.012     3.830
1714.000    159992         0    159989           0.246     0.634     0.978     1.237     1.345     1.566     1.837     2.392
1715.000    160025         0    160028           0.252     0.652     1.035     1.271     1.390     1.631     1.908     2.572
1716.000    160006         0    159994           0.239     0.627     0.919     1.223     1.335     1.567     1.865     2.599
1717.000    160001         0    160003           0.249     0.644     0.978     1.255     1.378     1.649     1.967     3.615
1718.000    160007         0    160001           0.254     0.623     0.893     1.218     1.332     1.570     1.880     3.504
1719.000    159992         0    160010           0.251     0.632     0.949     1.246     1.366     1.618     1.932     2.476
1720.000    160011         0    160001           0.256     0.634     0.953     1.244     1.363     1.630     1.954     3.213
1721.000    159974         0    159977           0.243     0.630     0.938     1.230     1.341     1.568     1.862     3.258
1722.000    159975         0    159979           0.246     0.657     1.041     1.267     1.383     1.639     1.939     2.785
1723.000    160022         0    160016           0.257     0.651     1.014     1.252     1.361     1.598     1.887     2.419
1724.000    160008         0    160013           0.232     0.632     0.963     1.235     1.346     1.584     1.866     2.437
1725.000    160005         0    160001           0.254     0.611     0.870     1.199     1.311     1.531     1.809     2.429
1726.000    159988         0    159996           0.254     0.631     0.954     1.234     1.351     1.601     1.903     2.390
1727.000    160022         0    160018           0.253     0.631     0.932     1.229     1.342     1.582     1.893     3.514
1728.000    159984         0    159983           0.255     0.639     1.011     1.267     1.394     1.659     1.946     2.423
1729.000    160000         0    159996           0.260     0.655     1.029     1.261     1.371     1.617     1.920     2.585
1730.000    159984         0    159996           0.245     0.663     1.061     1.283     1.402     1.658     1.918     2.572
1731.000    160003         0    160004           0.247     0.648     1.013     1.266     1.386     1.646     1.929     2.521
1732.000    160036         0    160021           0.248     0.643     0.995     1.245     1.355     1.597     1.904     2.607
1733.000    159981         0    159988           0.244     0.650     0.999     1.271     1.398     1.658     1.966     2.372
1734.000    159996         0    159996           0.238     0.637     0.962     1.239     1.351     1.579     1.865     2.464
1735.000    160003         0    159996           0.247     0.658     1.034     1.276     1.398     1.670     1.981     2.787
1736.000    159979         0    159978           0.260     0.644     0.971     1.245     1.356     1.591     1.886     2.675
1737.000    160014         0    160022           0.253     0.678     1.065     1.293     1.413     1.671     1.973     2.884
1738.000    159984         0    159988           0.254     0.641     0.982     1.254     1.373     1.639     1.955     2.990
1739.000    160020         0    160020           0.247     0.636     0.987     1.255     1.376     1.629     1.926     2.769
1740.000    160003         0    160002           0.249     0.623     0.927     1.241     1.359     1.597     1.900     2.699
1741.000    160006         0    159984           0.240     0.618     0.890     1.214     1.328     1.558     1.843     2.361
1742.000    159997         0    159998           0.255     0.629     0.943     1.247     1.366     1.624     1.935     2.431
1743.000    159993         0    160012           0.244     0.638     0.969     1.242     1.358     1.615     1.921     2.697
1744.000    160011         0    160003           0.262     0.660     1.048     1.282     1.407     1.665     1.962     3.418
1745.000    159970         0    159985           0.248     0.635     0.937     1.234     1.348     1.588     1.889     3.586
1746.000    160014         0    160002           0.255     0.641     0.978     1.246     1.360     1.597     1.900     2.714
1747.000    159996         0    160000           0.252     0.636     0.988     1.241     1.353     1.604     1.917     3.129
1748.000    159997         0    159998           0.255     0.643     0.995     1.249     1.363     1.604     1.893     2.361
1749.000    160031         0    160020           0.250     0.655     1.022     1.262     1.373     1.629     1.968     2.945
1750.001    159973         0    159980           0.249     0.651     1.005     1.263     1.383     1.640     2.000     3.662
1751.000    160002         0    160000           0.251     0.641     1.001     1.261     1.384     1.647     1.939     2.951
1752.000    160016         0    160024           0.248     0.643     1.010     1.257     1.374     1.633     1.938     2.546
1753.000    159990         0    159985           0.247     0.638     0.974     1.246     1.362     1.605     1.926     2.845
1754.000    159987         0    159991           0.242     0.629     0.922     1.229     1.346     1.589     1.906     3.049
1755.000    160024         0    160020           0.256     0.637     0.985     1.242     1.354     1.593     1.895     2.580
1756.000    159984         0    159980           0.249     0.644     1.006     1.242     1.350     1.586     1.876     2.320
1757.000    159998         0    160009           0.258     0.643     1.011     1.258     1.376     1.632     1.922     2.836
1758.000    159996         0    159990           0.256     0.628     0.936     1.223     1.337     1.582     1.886     2.525
1759.000    160032         0    160022           0.249     0.644     1.010     1.262     1.383     1.640     1.953     2.796
1760.000    159977         0    159988           0.247     0.666     1.059     1.276     1.393     1.650     1.931     2.769
1761.000    160012         0    160009           0.257     0.644     1.003     1.261     1.384     1.656     1.953     2.564
1762.000    159974         0    159960           0.248     0.687     1.082     1.290     1.405     1.654     1.948     2.603
1763.000    160012         0    160023           0.246     0.664     1.052     1.276     1.394     1.645     1.926     2.748
1764.000    159999         0    160005           0.255     0.673     1.069     1.284     1.404     1.657     1.968     2.720
1765.000    159996         0    159994           0.257     0.709     1.106     1.311     1.436     1.693     2.011     2.892
1766.000    160009         0    160019           0.249     0.690     1.087     1.320     1.451     1.741     2.204     3.711
1767.000    160018         0    160006           0.257     0.651     1.018     1.269     1.396     1.664     1.967     2.470
1768.000    159990         0    159995           0.241     0.671     1.072     1.296     1.424     1.698     2.087     3.697
1769.000    159991         0    159991           0.259     0.684     1.072     1.291     1.408     1.666     1.969     2.865
1770.000    160001         0    160003           0.249     0.652     1.033     1.280     1.403     1.673     1.968     3.201
1771.000    159992         0    159988           0.252     0.680     1.075     1.288     1.409     1.677     2.007     3.009
1772.000    159995         0    159997           0.260     0.658     1.031     1.268     1.388     1.636     1.976     4.760
1773.000    159994         0    159991           0.247     0.660     1.047     1.267     1.378     1.615     1.897     2.570
1774.000    160029         0    160023           0.251     0.672     1.077     1.302     1.430     1.706     2.006     3.906
1775.001    160001         0    160007           0.258     0.675     1.070     1.278     1.388     1.624     1.919     2.695
1776.000    159980         0    159976           0.254     0.653     1.027     1.263     1.380     1.637     1.963     2.529
1777.000    160022         0    160034           0.265     0.681     1.079     1.303     1.426     1.683     1.992     2.787
1778.000    159979         0    159969           0.250     0.675     1.072     1.276     1.385     1.619     1.915     2.867
1779.000    159995         0    160000           0.254     0.662     1.050     1.285     1.407     1.679     2.011     3.144
1780.000    160030         0    160023           0.244     0.659     1.016     1.268     1.384     1.638     1.965     2.984
1781.000    160010         0    159990           0.266     0.678     1.062     1.283     1.400     1.660     1.969     2.820
1782.000    159986         0    160020           0.250     0.693     1.092     1.319     1.454     1.730     2.024     3.074
1783.000    159991         0    159990           0.246     0.654     1.007     1.265     1.389     1.650     1.948     2.509
1784.000    159999         0    159994           0.249     0.674     1.054     1.286     1.411     1.688     2.043     5.009
1785.000    159978         0    159975           0.244     0.678     1.069     1.277     1.386     1.630     1.936     2.763
1786.000    160012         0    160020           0.256     0.672     1.057     1.270     1.383     1.632     1.942     2.519
1787.000    160027         0    160012           0.257     0.670     1.064     1.288     1.409     1.666     1.960     3.123
1788.000    159960         0    159968           0.247     0.658     1.043     1.266     1.377     1.629     1.944     3.523
1789.000    160017         0    160026           0.248     0.635     0.965     1.246     1.367     1.635     1.964     3.070
1790.000    160005         0    159999           0.240     0.648     1.019     1.267     1.388     1.638     1.908     2.339
1791.001    160015         0    159998           0.255     0.648     1.007     1.261     1.378     1.645     1.942     2.767
1792.000    159966         0    159982           0.244     0.650     1.007     1.277     1.415     2.146    10.379    17.400
1793.000    160030         0    159995           0.257     0.662     1.050     1.270     1.384     1.633     1.917     2.521
1794.000    159984         0    160020           0.253     0.653     1.026     1.280     1.402     1.667     1.970     3.254
1795.000    159986         0    159986           0.248     0.638     0.999     1.257     1.376     1.631     1.958     2.988
1796.000    160031         0    160038           0.253     0.637     1.008     1.252     1.370     1.639     2.057     4.530
1797.000    160001         0    159996           0.239     0.618     0.912     1.238     1.365     1.632     1.924     2.607
1798.000    160008         0    159997           0.248     0.616     0.939     1.221     1.333     1.570     1.918     2.816
1799.001    159986         0    159992           0.244     0.613     0.896     1.212     1.321     1.551     1.843     2.382
1800.000    159918         0    159948           0.240     0.664     1.071     1.300     1.428     1.696     1.983     3.187
1800.001        25         0     37730           0.537     1.087     1.192     1.338     1.473     1.481     1.481     1.481

SUMMARY STATS ══════════════════════════════════════════════════════════════════════════════════════════════════════════════
    Elapsed time       [s]   1800.005                                                                 
        CPU time       [s]  13262.599                                                                 
 CPU utilisation       [%]       20.5                                                                 
          Cycles      [op]  287999940                                                                 
          Errors      [op]          0                                                                 
              └─       [%]        0.0                                                                 
        Requests     [req]  287999940                                                                 
              └─  [req/op]        1.0                                                                 
         Retries     [ret]          0                                                                 
              └─ [ret/req]    0.00000                                                                 
            Rows     [row]   57596219                                                                 
              └─ [row/req]        0.2                                                                 
     Concurrency     [req]         13 ± 0                                                             
              └─       [%]         10                                                                 
      Throughput    [op/s]     160000 ± 10                                                            
              ├─   [req/s]     160000 ± 10                                                            
              └─   [row/s]      31998 ± 2                                                             
   Cycle latency      [ms]      0.743 ± 0.000                                                         
 Request latency      [ms]      0.672 ± 0.000                                                         

CYCLE LATENCY for standard1_insert [ms]  ═══════════════════════════════════════════════════════════════════════════════════
          Min                   0.214 ± 0.018                                                         
           25                   0.497 ± 0.000                                                         
           50                   0.616 ± 0.000                                                         
           75                   0.918 ± 0.000                                                         
           90                   1.234 ± 0.001                                                         
           95                   1.346 ± 0.002                                                         
           98                   1.473 ± 0.000                                                         
           99                   1.564 ± 0.000                                                         
           99.9                 1.861 ± 0.002                                                         
           99.99                2.304 ± 0.008                                                         
          Max                  17.400 ± 0.516                                                         

CYCLE LATENCY for standard1_select [ms]  ═══════════════════════════════════════════════════════════════════════════════════
          Min                   0.215 ± 0.015                                                         
           25                   0.524 ± 0.000                                                         
           50                   0.694 ± 0.000                                                         
           75                   1.016 ± 0.001                                                         
           90                   1.272 ± 0.000                                                         
           95                   1.430 ± 0.001                                                         
           98                   1.629 ± 0.001                                                         
           99                   1.742 ± 0.000                                                         
           99.9                 2.049 ± 0.002                                                         
           99.99                2.478 ± 0.018                                                         
          Max                  17.072 ± 0.983                                                         

