CONFIG ═════════════════════════════════════════════════════════════════════════════════════════════════════════════════════
            Date            Wed, 09 Jul 2025                                                          
            Time            23:31:40 +0000                                                            
         Cluster                                                                                      
      Datacenter                                                                                      
   Cass. version            3.0.8                                                                     
        Workload            uniform.rn                                                                
     Function(s)            standard1_insert:1, standard1_select:1                                            
     Consistency            LocalQuorum                                                               
            Tags                                                                                      
────────────────────────────────────────────────────────────────────────────────────────────────────────────────────────────
         Threads                    8                                                                 
     Connections                    1                                                                 
     Concurrency     [req]        128                                                                 
        Max rate    [op/s]     120000                                                                 
          Warmup       [s]         20                                                                 
              └─      [op]                                                                            
        Run time       [s]     1800.0                                                                 
              └─      [op]                                                                            
        Sampling       [s]        1.0                                                                 
              └─      [op]                                                                            
 Request timeout       [s]          5                                                                 
         Retries                                                                                      
  ┌──────┴number                   10                                                                 
  ├─min interval      [ms]        100                                                                 
  └─max interval      [ms]       5000                                                                 

LOG ════════════════════════════════════════════════════════════════════════════════════════════════════════════════════════
    Time    Cycles    Errors    Thrpt.     ────────────────────────────────── Latency [ms/op] ──────────────────────────────
     [s]      [op]      [op]    [op/s]             Min        50        75        90        95        99      99.9       Max
   1.001    119991         0    119932           0.220     0.498     0.596     0.711     0.797     1.067     1.929     3.035
   2.001    120006         0    120004           0.231     0.512     0.617     0.748     0.851     1.205     1.482     2.343
   3.001    120006         0    120005           0.222     0.503     0.603     0.722     0.809     1.090     1.383     1.905
   4.001    119994         0    119996           0.226     0.482     0.575     0.684     0.772     1.044     1.353     1.968
   5.001    120005         0    119993           0.217     0.497     0.595     0.710     0.795     1.040     1.340     1.882
   6.001    119996         0    120011           0.227     0.507     0.608     0.727     0.813     1.084     1.400     1.828
   7.001    120010         0    120011           0.237     0.503     0.604     0.723     0.813     1.107     1.410     1.903
   8.001    119995         0    119990           0.230     0.494     0.591     0.705     0.789     1.034     1.356     1.775
   9.001    120002         0    120004           0.228     0.498     0.597     0.715     0.807     1.111     1.375     1.927
  10.001    119992         0    119994           0.237     0.497     0.596     0.721     0.827     1.176     1.414     1.823
  11.001    120011         0    120003           0.234     0.493     0.590     0.703     0.788     1.052     1.382     1.765
  12.001    119997         0    120000           0.230     0.497     0.597     0.714     0.800     1.070     1.373     1.912
  13.001    120010         0    120004           0.228     0.503     0.603     0.723     0.813     1.133     1.593     2.988
  14.001    120002         0    120010           0.221     0.500     0.600     0.717     0.804     1.083     1.371     1.817
  15.001    119996         0    120002           0.233     0.493     0.593     0.711     0.803     1.112     1.403     1.752
  16.001    120000         0    119990           0.232     0.495     0.591     0.705     0.787     1.016     1.341     1.825
  17.001    120003         0    120002           0.229     0.492     0.589     0.708     0.801     1.130     1.402     2.044
  18.001    120002         0    120003           0.224     0.502     0.600     0.722     0.814     1.121     1.399     1.808
  19.001    119998         0    120005           0.216     0.499     0.600     0.716     0.800     1.051     1.356     1.692
  20.001    120001         0    120001           0.223     0.500     0.600     0.721     0.814     1.135     1.392     1.698
  21.001    120002         0    120000           0.228     0.502     0.601     0.713     0.795     1.064     1.390     1.909
  22.001    120008         0    119994           0.225     0.484     0.580     0.692     0.776     1.084     1.377     1.735
  23.001    119993         0    120007           0.218     0.493     0.592     0.713     0.809     1.158     1.399     1.836
  24.001    119998         0    119991           0.236     0.495     0.593     0.711     0.800     1.121     1.394     1.740
  25.001    120021         0    120021           0.227     0.482     0.577     0.681     0.767     1.017     1.332     1.592
  26.001    119979         0    119990           0.236     0.489     0.587     0.700     0.786     1.068     1.372     1.616
  27.001    120019         0    120013           0.223     0.497     0.595     0.712     0.799     1.078     1.374     1.733
  28.001    119979         0    119979           0.218     0.495     0.593     0.713     0.808     1.136     1.417     1.814
  29.001    120010         0    120012           0.232     0.499     0.601     0.723     0.821     1.148     1.400     1.953
  30.001    120006         0    120001           0.214     0.491     0.588     0.699     0.781     1.028     1.346     1.786
  31.001    120016         0    120013           0.234     0.493     0.593     0.710     0.797     1.075     1.819     4.375
  32.001    119985         0    119994           0.224     0.491     0.589     0.700     0.784     1.050     1.380     1.819
  33.001    120002         0    119997           0.231     0.497     0.598     0.720     0.814     1.141     1.393     1.904
  34.001    119997         0    119997           0.223     0.494     0.591     0.704     0.790     1.039     1.355     1.774
  35.001    120004         0    120004           0.224     0.501     0.601     0.717     0.803     1.051     1.375     1.915
  36.001    120000         0    119992           0.232     0.495     0.592     0.709     0.796     1.066     1.378     1.888
  37.001    119994         0    120006           0.224     0.495     0.593     0.710     0.795     1.053     1.365     1.743
  38.001    120005         0    120004           0.231     0.499     0.600     0.724     0.825     1.170     1.421     1.905
  39.001    120001         0    120004           0.227     0.489     0.587     0.699     0.784     1.054     1.349     1.933
  40.001    120013         0    120007           0.215     0.488     0.584     0.692     0.774     1.000     1.321     1.704
  41.001    119986         0    119989           0.224     0.494     0.591     0.703     0.787     1.025     1.375     2.224
  42.001    120017         0    120011           0.235     0.486     0.580     0.691     0.772     1.006     1.350     1.840
  43.001    119998         0    119992           0.226     0.497     0.593     0.706     0.789     1.045     1.349     1.752
  44.001    119987         0    119990           0.236     0.496     0.593     0.706     0.790     1.052     1.346     1.693
  45.001    120015         0    120016           0.227     0.503     0.602     0.720     0.806     1.104     1.410     1.920
  46.001    119991         0    120000           0.222     0.501     0.602     0.725     0.818     1.137     1.379     1.859
  47.001    120005         0    120002           0.229     0.490     0.588     0.701     0.786     1.022     1.346     1.711
  48.001    120008         0    120003           0.233     0.500     0.599     0.715     0.801     1.079     1.390     1.998
  49.001    119996         0    120002           0.233     0.500     0.598     0.711     0.795     1.061     1.373     2.148
  50.001    120006         0    119992           0.226     0.490     0.586     0.700     0.786     1.073     1.363     1.799
  51.001    119990         0    119999           0.230     0.497     0.596     0.715     0.801     1.107     1.396     1.913
  52.001    120002         0    120008           0.212     0.489     0.588     0.700     0.784     1.019     1.338     1.778
  53.001    119999         0    119998           0.220     0.487     0.584     0.694     0.780     1.050     1.372     1.712
  54.001    120015         0    120003           0.219     0.501     0.600     0.716     0.798     1.044     1.346     1.667
  55.001    119998         0    120010           0.233     0.493     0.589     0.703     0.790     1.068     1.354     1.860
  56.001    119994         0    119995           0.221     0.500     0.602     0.730     0.848     1.215     1.454     1.870
  57.001    120014         0    120008           0.232     0.489     0.586     0.707     0.809     1.167     1.427     1.935
  58.001    119989         0    119996           0.226     0.497     0.599     0.729     0.848     1.202     1.446     1.830
  59.001    120012         0    120009           0.221     0.493     0.592     0.711     0.802     1.105     1.401     1.622
  60.001    119991         0    119990           0.216     0.498     0.601     0.728     0.837     1.205     1.490     2.004
  61.001    120003         0    120005           0.229     0.499     0.602     0.732     0.845     1.218     1.459     1.903
  62.001    120004         0    120004           0.229     0.507     0.612     0.748     0.866     1.221     1.461     1.797
  63.001    120003         0    119996           0.233     0.503     0.603     0.728     0.830     1.177     1.455     2.070
  64.001    120005         0    120010           0.232     0.496     0.595     0.720     0.818     1.150     1.436     2.732
  65.001    119997         0    119995           0.236     0.507     0.609     0.737     0.842     1.175     1.431     1.870
  66.001    120013         0    120014           0.237     0.507     0.612     0.746     0.868     1.239     1.532     3.099
  67.001    119986         0    119990           0.239     0.497     0.600     0.726     0.828     1.175     1.417     2.111
  68.001    120006         0    120000           0.227     0.504     0.609     0.736     0.843     1.189     1.421     1.852
  69.001    119995         0    119995           0.234     0.502     0.606     0.744     0.877     1.238     1.492     2.150
  70.001    120007         0    120009           0.228     0.489     0.586     0.701     0.787     1.067     1.394     1.791
  71.001    120001         0    120001           0.227     0.500     0.602     0.731     0.843     1.192     1.447     1.848
  72.001    120006         0    120004           0.226     0.505     0.610     0.749     0.884     1.258     1.486     1.756
  73.001    120002         0    120002           0.228     0.495     0.594     0.715     0.813     1.155     1.402     1.733
  74.001    119991         0    119984           0.230     0.497     0.596     0.714     0.805     1.110     1.396     1.703
  75.001    119994         0    120008           0.236     0.498     0.599     0.718     0.809     1.128     1.400     1.827
  76.001    119984         0    119983           0.222     0.494     0.593     0.719     0.831     1.194     1.451     2.146
  77.001    120026         0    120017           0.227     0.505     0.608     0.744     0.870     1.223     1.455     1.952
  78.001    119997         0    120004           0.227     0.502     0.602     0.725     0.819     1.161     1.413     1.815
  79.001    120004         0    120005           0.227     0.501     0.602     0.725     0.821     1.147     1.395     1.870
  80.001    119994         0    119992           0.228     0.491     0.589     0.703     0.793     1.089     1.371     2.078
  81.001    120008         0    120012           0.230     0.500     0.602     0.726     0.825     1.175     1.435     1.819
  82.001    119994         0    119989           0.236     0.496     0.596     0.722     0.828     1.189     1.427     2.012
  83.001    120009         0    120007           0.224     0.497     0.597     0.721     0.818     1.157     1.430     1.781
  84.001    120007         0    120007           0.227     0.503     0.606     0.742     0.868     1.241     1.467     1.886
  85.001    119995         0    119993           0.227     0.499     0.599     0.723     0.823     1.169     1.416     1.907
  86.001    120014         0    120013           0.235     0.497     0.600     0.726     0.829     1.178     1.424     2.370
  87.001    119997         0    119990           0.226     0.488     0.588     0.714     0.824     1.182     1.405     1.768
  88.001    119990         0    119997           0.221     0.491     0.589     0.709     0.806     1.144     1.402     1.764
  89.001    120000         0    119998           0.219     0.495     0.594     0.720     0.826     1.178     1.415     1.780
  90.001    120007         0    120007           0.232     0.491     0.588     0.705     0.793     1.085     1.385     1.671
  91.001    119991         0    119996           0.223     0.489     0.587     0.702     0.791     1.093     1.376     1.908
  92.001    120014         0    120007           0.222     0.492     0.592     0.716     0.819     1.167     1.406     1.760
  93.001    119994         0    119996           0.237     0.494     0.594     0.717     0.820     1.163     1.404     1.887
  94.001    120008         0    120016           0.234     0.497     0.594     0.709     0.796     1.094     1.385     1.884
  95.001    119997         0    119997           0.216     0.502     0.606     0.741     0.872     1.241     1.476     1.910
  96.001    120003         0    120001           0.225     0.500     0.599     0.717     0.808     1.121     1.399     1.696
  97.001    119993         0    119993           0.226     0.497     0.596     0.718     0.811     1.142     1.428     1.839
  98.001    120021         0    120012           0.225     0.490     0.589     0.703     0.788     1.099     1.417     1.995
  99.001    119995         0    119998           0.226     0.484     0.583     0.706     0.809     1.201     1.526     1.974
 100.001    119995         0    120002           0.234     0.489     0.585     0.699     0.787     1.064     1.352     1.776
 101.001    119996         0    119996           0.226     0.500     0.605     0.746     0.897     1.241     1.502     1.945
 102.001    120017         0    120016           0.234     0.494     0.591     0.705     0.788     1.054     1.335     1.612
 103.001    119986         0    119990           0.227     0.488     0.586     0.706     0.807     1.158     1.419     1.807
 104.001    120002         0    120001           0.226     0.497     0.596     0.719     0.813     1.135     1.423     1.893
 105.001    120005         0    119999           0.233     0.500     0.602     0.728     0.836     1.196     1.459     2.169
 106.001    120000         0    119999           0.231     0.494     0.593     0.706     0.792     1.060     1.378     2.220
 107.001    120000         0    120007           0.230     0.486     0.582     0.696     0.789     1.109     1.372     1.734
 108.001    120005         0    119999           0.224     0.489     0.586     0.703     0.796     1.117     1.370     1.757
 109.001    119996         0    119997           0.233     0.495     0.593     0.708     0.794     1.083     1.396     1.721
 110.001    120012         0    120004           0.212     0.495     0.593     0.716     0.818     1.172     1.413     2.037
 111.001    119990         0    119999           0.217     0.494     0.594     0.718     0.823     1.193     1.450     1.816
 112.001    120004         0    120006           0.234     0.488     0.588     0.708     0.810     1.170     1.410     1.963
 113.001    120004         0    120003           0.226     0.492     0.589     0.705     0.797     1.112     1.408     1.806
 114.001    120003         0    120001           0.236     0.489     0.586     0.701     0.788     1.081     1.363     1.724
 115.001    120002         0    120002           0.220     0.488     0.584     0.699     0.792     1.112     1.461     2.605
 116.001    120001         0    120001           0.230     0.485     0.580     0.690     0.772     1.029     1.341     2.014
 117.001    120005         0    120004           0.227     0.491     0.588     0.705     0.795     1.114     1.391     1.828
 118.001    120010         0    120004           0.216     0.490     0.590     0.712     0.816     1.190     1.447     1.912
 119.001    119987         0    119998           0.233     0.490     0.589     0.708     0.804     1.147     1.406     1.746
 120.001    120011         0    120006           0.222     0.497     0.597     0.714     0.804     1.113     1.398     1.928
 121.001    120002         0    120002           0.229     0.490     0.590     0.717     0.827     1.175     1.404     1.932
 122.001    119988         0    119991           0.234     0.489     0.585     0.698     0.784     1.067     1.364     1.807
 123.001    120012         0    120007           0.209     0.504     0.607     0.731     0.831     1.181     1.422     1.875
 124.001    119994         0    120001           0.226     0.501     0.605     0.745     0.879     1.245     1.510     2.016
 125.001    120006         0    119987           0.233     0.491     0.599     0.761     0.968     1.274     1.502     1.823
 126.001    119990         0    120007           0.222     0.496     0.604     0.757     0.950     1.307     1.573     2.061
 127.001    120013         0    120017           0.230     0.503     0.620     0.812     1.062     1.314     1.540     1.979
 128.001    119998         0    119993           0.225     0.498     0.613     0.808     1.067     1.319     1.573     2.161
 129.001    120010         0    120003           0.223     0.506     0.621     0.797     1.043     1.325     1.590     2.039
 130.001    119994         0    119994           0.233     0.502     0.610     0.767     0.966     1.280     1.499     1.875
 131.001    119989         0    119998           0.222     0.510     0.632     0.844     1.099     1.339     1.591     2.001
 132.001    120011         0    119998           0.222     0.509     0.625     0.808     1.058     1.322     1.552     1.975
 133.001    119995         0    120010           0.218     0.495     0.602     0.750     0.922     1.285     1.514     1.888
 134.001    120014         0    120009           0.231     0.518     0.647     0.881     1.125     1.348     1.544     1.872
 135.001    119984         0    119987           0.224     0.502     0.610     0.769     0.972     1.286     1.545     2.136
 136.001    120004         0    120003           0.235     0.506     0.619     0.790     1.023     1.310     1.532     2.105
 137.001    119996         0    119995           0.227     0.511     0.634     0.846     1.099     1.331     1.568     2.012
 138.001    120006         0    120012           0.215     0.511     0.625     0.789     0.996     1.284     1.512     1.906
 139.001    120001         0    119997           0.226     0.506     0.618     0.795     1.037     1.320     1.565     1.979
 140.001    119994         0    119994           0.229     0.510     0.627     0.804     1.043     1.334     1.602     2.046
 141.001    120001         0    119999           0.226     0.502     0.615     0.784     1.011     1.309     1.540     1.942
 142.001    120016         0    120019           0.229     0.503     0.614     0.778     0.993     1.303     1.539     1.997
 143.001    120003         0    119996           0.225     0.499     0.614     0.812     1.069     1.315     1.537     2.089
 144.001    119988         0    119995           0.235     0.509     0.627     0.809     1.049     1.312     1.533     2.415
 145.001    120007         0    120008           0.230     0.509     0.622     0.795     1.018     1.293     1.518     1.908
 146.001    120023         0    120004           0.229     0.504     0.620     0.804     1.062     1.328     1.549     1.923
 147.001    119977         0    119990           0.223     0.498     0.610     0.786     1.036     1.308     1.580     2.045
 148.001    120002         0    120000           0.220     0.502     0.611     0.784     1.019     1.291     1.486     1.778
 149.001    120005         0    120008           0.231     0.510     0.628     0.808     1.050     1.325     1.593     2.267
 150.001    119998         0    119995           0.235     0.500     0.610     0.779     1.012     1.305     1.542     1.993
 151.001    119992         0    119993           0.220     0.503     0.613     0.782     1.002     1.292     1.506     1.866
 152.001    120009         0    120015           0.240     0.511     0.632     0.856     1.104     1.339     1.547     1.898
 153.001    120006         0    120003           0.232     0.496     0.607     0.780     1.018     1.294     1.565     2.041
 154.001    119991         0    119992           0.228     0.493     0.602     0.774     1.007     1.275     1.530     2.039
 155.001    120012         0    120014           0.238     0.503     0.622     0.835     1.104     1.342     1.589     2.030
 156.001    120009         0    120002           0.214     0.501     0.614     0.794     1.046     1.304     1.500     2.004
 157.001    119977         0    119981           0.227     0.503     0.614     0.780     0.999     1.271     1.484     1.843
 158.001    120013         0    120015           0.227     0.502     0.611     0.790     1.035     1.317     1.539     2.004
 159.001    119999         0    119996           0.231     0.500     0.611     0.785     1.024     1.310     1.549     1.987
 160.001    120002         0    120006           0.217     0.516     0.640     0.854     1.104     1.341     1.574     2.063
 161.001    120007         0    120007           0.229     0.501     0.612     0.777     1.001     1.306     1.554     1.927
 162.001    119996         0    119988           0.215     0.499     0.615     0.806     1.063     1.311     1.527     2.124
 163.001    119999         0    120006           0.214     0.511     0.628     0.806     1.056     1.320     1.573     1.953
 164.001    120016         0    120015           0.214     0.513     0.633     0.824     1.079     1.341     1.639     2.107
 165.001    119994         0    119991           0.229     0.501     0.616     0.817     1.079     1.324     1.601     2.243
 166.001    120004         0    120009           0.227     0.508     0.625     0.807     1.062     1.334     1.578     2.007
 167.001    119999         0    120001           0.229     0.503     0.612     0.764     0.948     1.276     1.489     1.821
 168.001    119998         0    119996           0.217     0.513     0.637     0.842     1.093     1.331     1.609     2.048
 169.001    120008         0    120007           0.225     0.510     0.626     0.802     1.035     1.323     1.578     2.154
 170.001    119988         0    119988           0.218     0.503     0.615     0.783     0.995     1.275     1.470     1.928
 171.001    119998         0    119997           0.230     0.511     0.634     0.837     1.093     1.340     1.579     2.055
 172.001    120013         0    120018           0.228     0.507     0.622     0.801     1.036     1.309     1.528     2.605
 173.001    119991         0    119987           0.233     0.503     0.621     0.810     1.066     1.322     1.530     1.964
 174.001    120000         0    120002           0.236     0.513     0.635     0.838     1.087     1.328     1.544     1.918
 175.001    120009         0    120013           0.230     0.504     0.618     0.793     1.021     1.305     1.520     2.114
 176.001    120002         0    119996           0.223     0.499     0.609     0.775     0.994     1.292     1.526     2.054
 177.001    120011         0    120013           0.232     0.509     0.630     0.834     1.090     1.349     1.659     2.701
 178.001    120003         0    119997           0.225     0.508     0.625     0.801     1.039     1.327     1.647     2.744
 179.001    120000         0    120001           0.231     0.510     0.627     0.808     1.050     1.320     1.638     2.007
 180.001    120002         0    120002           0.234     0.501     0.618     0.808     1.059     1.323     1.555     2.183
 181.001    119982         0    119987           0.230     0.506     0.621     0.795     1.019     1.312     1.544     1.976
 182.001    120009         0    120006           0.217     0.515     0.637     0.828     1.077     1.349     1.681     2.124
 183.001    120008         0    120005           0.221     0.516     0.639     0.838     1.083     1.328     1.561     2.111
 184.001    120001         0    120001           0.227     0.509     0.628     0.820     1.066     1.314     1.530     1.912
 185.001    119992         0    119996           0.232     0.517     0.646     0.870     1.124     1.363     1.674     2.109
 186.001    120009         0    120004           0.239     0.499     0.613     0.795     1.033     1.296     1.519     1.880
 187.001    119992         0    120000           0.219     0.502     0.614     0.782     1.004     1.291     1.521     2.189
 188.001    120007         0    120006           0.237     0.509     0.629     0.818     1.069     1.331     1.623     2.116
 189.001    120002         0    119992           0.234     0.516     0.643     0.851     1.099     1.339     1.609     2.365
 190.001    119999         0    120009           0.231     0.510     0.632     0.839     1.089     1.329     1.565     2.008
 191.001    119998         0    119996           0.201     0.513     0.633     0.833     1.077     1.318     1.518     2.060
 192.001    119978         0    119976           0.235     0.510     0.632     0.843     1.097     1.334     1.564     1.993
 193.001    120009         0    120016           0.234     0.518     0.645     0.847     1.096     1.353     1.656     2.032
 194.001    120015         0    120008           0.241     0.513     0.628     0.796     1.001     1.300     1.512     1.916
 195.001    119986         0    119989           0.230     0.513     0.640     0.869     1.119     1.358     1.627     2.037
 196.001    120019         0    120014           0.231     0.513     0.637     0.842     1.101     1.348     1.647     2.247
 197.001    119993         0    119995           0.232     0.506     0.624     0.809     1.058     1.318     1.519     2.021
 198.001    120026         0    120018           0.231     0.513     0.638     0.849     1.100     1.334     1.542     2.010
 199.001    119991         0    119997           0.235     0.505     0.633     0.897     1.136     1.356     1.657     2.090
 200.001    119993         0    119997           0.214     0.516     0.647     0.906     1.144     1.376     1.648     1.977
 201.001    119995         0    119995           0.236     0.517     0.647     0.883     1.122     1.345     1.576     2.064
 202.001    120020         0    120017           0.234     0.526     0.673     1.010     1.191     1.404     1.631     2.009
 203.001    119986         0    119987           0.227     0.531     0.690     1.052     1.208     1.425     1.731     2.363
 204.001    120009         0    120006           0.233     0.524     0.663     0.974     1.171     1.392     1.601     2.083
 205.001    119996         0    119997           0.219     0.530     0.696     1.072     1.217     1.428     1.720     2.140
 206.001    119995         0    119992           0.228     0.522     0.682     1.078     1.243     1.505     1.808     2.076
 207.001    120000         0    120004           0.229     0.529     0.699     1.078     1.219     1.438     1.735     2.018
 208.001    120015         0    120019           0.236     0.532     0.727     1.114     1.236     1.426     1.724     3.000
 209.001    119999         0    119989           0.228     0.536     0.733     1.125     1.250     1.457     1.758     3.293
 210.001    119987         0    119989           0.233     0.540     0.741     1.130     1.257     1.478     1.758     2.092
 211.001    120007         0    120010           0.231     0.528     0.695     1.068     1.215     1.436     1.713     2.357
 212.001    120012         0    120019           0.229     0.532     0.701     1.076     1.220     1.424     1.658     2.236
 213.001    119986         0    119979           0.232     0.545     0.757     1.141     1.268     1.496     1.792     3.111
 214.001    120003         0    120007           0.239     0.522     0.675     1.037     1.197     1.416     1.725     2.122
 215.001    119999         0    119999           0.229     0.538     0.730     1.115     1.241     1.445     1.737     2.107
 216.001    120018         0    120005           0.229     0.543     0.728     1.103     1.232     1.428     1.701     2.365
 217.001    119986         0    119991           0.239     0.528     0.695     1.069     1.210     1.419     1.710     2.095
 218.001    120003         0    120002           0.242     0.534     0.717     1.097     1.222     1.415     1.695     2.088
 219.001    120002         0    120015           0.235     0.537     0.710     1.081     1.220     1.418     1.669     2.241
 220.001    119991         0    119986           0.227     0.513     0.665     1.038     1.191     1.396     1.649     2.236
 221.001    120017         0    120022           0.226     0.540     0.749     1.127     1.242     1.441     1.733     2.370
 222.001    119992         0    119987           0.229     0.534     0.712     1.085     1.208     1.397     1.650     2.116
 223.001    120003         0    120002           0.226     0.511     0.657     1.014     1.188     1.403     1.680     2.072
 224.001    120020         0    120008           0.225     0.528     0.703     1.081     1.213     1.413     1.691     2.065
 225.001    119980         0    119998           0.228     0.525     0.673     1.010     1.183     1.388     1.618     2.019
 226.001    120003         0    119996           0.227     0.523     0.674     1.032     1.195     1.400     1.673     2.114
 227.001    120003         0    120003           0.230     0.534     0.717     1.103     1.231     1.419     1.676     2.046
 228.001    119998         0    120001           0.209     0.531     0.702     1.077     1.207     1.394     1.644     2.165
 229.001    120005         0    120009           0.228     0.530     0.687     1.051     1.208     1.421     1.733     2.367
 230.001    120007         0    120002           0.226     0.524     0.685     1.063     1.206     1.433     1.786     2.345
 231.001    119993         0    119997           0.226     0.531     0.690     1.050     1.201     1.407     1.702     2.365
 232.001    120010         0    120007           0.225     0.534     0.694     1.056     1.205     1.410     1.633     2.128
 233.001    120006         0    119993           0.221     0.537     0.735     1.122     1.244     1.441     1.719     2.169
 234.001    119993         0    120004           0.220     0.528     0.686     1.052     1.214     1.441     1.730     2.018
 235.001    119998         0    119995           0.227     0.528     0.695     1.068     1.210     1.409     1.696     2.548
 236.001    120001         0    119995           0.235     0.523     0.669     0.997     1.172     1.369     1.603     2.105
 237.001    120017         0    120024           0.233     0.527     0.697     1.075     1.214     1.430     1.732     2.130
 238.001    119995         0    119994           0.223     0.512     0.650     0.965     1.163     1.388     1.754     2.767
 239.001    119995         0    119996           0.235     0.529     0.689     1.056     1.209     1.437     1.719     2.247
 240.001    119995         0    120000           0.232     0.526     0.681     1.052     1.215     1.455     1.761     2.200
 241.001    120009         0    120005           0.240     0.535     0.701     1.071     1.220     1.438     1.723     2.171
 242.001    119992         0    119994           0.223     0.534     0.691     1.036     1.199     1.405     1.688     2.841
 243.001    120004         0    120007           0.226     0.538     0.707     1.071     1.212     1.430     1.742     3.416
 244.001    119990         0    119988           0.231     0.541     0.721     1.100     1.238     1.463     1.750     2.173
 245.001    120007         0    120009           0.241     0.528     0.693     1.065     1.214     1.447     1.744     2.261
 246.001    120006         0    120003           0.211     0.534     0.707     1.078     1.219     1.418     1.721     2.234
 247.001    120003         0    119997           0.221     0.526     0.675     1.018     1.189     1.412     1.745     2.118
 248.001    120012         0    120019           0.220     0.515     0.656     0.986     1.162     1.360     1.608     2.198
 249.001    119996         0    119992           0.208     0.514     0.665     1.038     1.209     1.450     1.751     2.189
 250.001    119999         0    120001           0.226     0.521     0.688     1.073     1.212     1.425     1.742     2.097
 251.001    119996         0    119991           0.230     0.517     0.666     1.023     1.185     1.395     1.660     2.116
 252.001    120009         0    120014           0.225     0.516     0.666     1.028     1.186     1.407     1.879     4.139
 253.001    120006         0    120004           0.233     0.521     0.671     1.027     1.193     1.408     1.697     2.241
 254.001    119992         0    119996           0.224     0.507     0.635     0.884     1.133     1.367     1.629     2.043
 255.001    119991         0    119987           0.211     0.511     0.643     0.919     1.144     1.369     1.668     2.019
 256.001    120013         0    120020           0.235     0.524     0.670     1.014     1.194     1.420     1.672     2.394
 257.001    119999         0    119996           0.224     0.518     0.653     0.933     1.159     1.391     1.689     2.148
 258.001    119998         0    120004           0.227     0.522     0.672     1.034     1.198     1.434     1.757     2.161
 259.001    120016         0    120010           0.228     0.518     0.665     1.009     1.184     1.411     1.714     2.384
 260.001    119982         0    119975           0.231     0.507     0.634     0.898     1.129     1.348     1.624     2.118
 261.001    120006         0    120017           0.231     0.519     0.661     0.981     1.170     1.375     1.610     2.009
 262.001    120003         0    120001           0.214     0.514     0.642     0.868     1.117     1.351     1.595     2.037
 263.001    120009         0    119998           0.226     0.513     0.646     0.930     1.153     1.379     1.615     2.169
 264.001    119997         0    120010           0.218     0.521     0.669     1.011     1.186     1.394     1.650     2.021
 265.001    119999         0    119997           0.226     0.516     0.653     0.964     1.170     1.391     1.700     2.294
 266.001    120017         0    120009           0.227     0.526     0.671     1.002     1.179     1.379     1.573     2.415
 267.001    119989         0    119992           0.225     0.511     0.642     0.927     1.154     1.398     1.716     2.088
 268.001    120009         0    120007           0.232     0.507     0.650     0.998     1.167     1.372     1.634     2.341
 269.001    120006         0    120005           0.233     0.505     0.624     0.829     1.094     1.342     1.618     2.146
 270.001    119990         0    119998           0.235     0.513     0.647     0.936     1.155     1.363     1.583     2.050
 271.001    119995         0    119994           0.226     0.512     0.643     0.904     1.141     1.361     1.608     2.169
 272.001    120009         0    120008           0.229     0.517     0.642     0.865     1.117     1.361     1.699     2.433
 273.001    120004         0    119999           0.226     0.506     0.625     0.828     1.093     1.342     1.581     2.059
 274.001    120002         0    120008           0.228     0.515     0.654     0.978     1.170     1.391     1.694     2.404
 275.001    120000         0    120002           0.232     0.500     0.615     0.796     1.055     1.334     1.560     1.974
 276.001    120008         0    120008           0.224     0.512     0.646     0.926     1.156     1.386     1.734     2.462
 277.001    119995         0    119993           0.224     0.515     0.651     0.950     1.166     1.405     1.658     2.159
 278.001    119991         0    119990           0.227     0.505     0.623     0.822     1.081     1.338     1.595     2.267
 279.001    120001         0    120005           0.234     0.513     0.640     0.861     1.116     1.349     1.594     1.993
 280.001    119999         0    120001           0.233     0.515     0.638     0.857     1.113     1.358     1.624     2.034
 281.001    120022         0    120015           0.228     0.524     0.663     0.959     1.166     1.393     1.632     2.007
 282.001    119985         0    119992           0.238     0.513     0.635     0.843     1.107     1.348     1.635     2.116
 283.001    120013         0    120009           0.227     0.517     0.650     0.912     1.145     1.390     1.695     2.193
 284.001    119977         0    119982           0.231     0.510     0.631     0.837     1.092     1.333     1.645     2.099
 285.001    120021         0    120016           0.230     0.516     0.647     0.901     1.137     1.352     1.610     1.995
 286.001    119991         0    119988           0.230     0.511     0.631     0.834     1.086     1.335     1.624     2.058
 287.001    120004         0    119989           0.223     0.516     0.651     0.940     1.175     1.411     1.670     2.075
 288.001    120005         0    120025           0.230     0.506     0.622     0.810     1.070     1.331     1.596     2.033
 289.001    120007         0    120005           0.229     0.508     0.634     0.867     1.127     1.368     1.598     2.105
 290.001    119984         0    119990           0.229     0.505     0.617     0.793     1.037     1.322     1.566     2.394
 291.001    120011         0    120006           0.232     0.509     0.632     0.848     1.093     1.325     1.533     1.935
 292.001    119993         0    119995           0.232     0.518     0.648     0.887     1.134     1.373     1.662     2.269
 293.001    120016         0    120011           0.223     0.509     0.634     0.862     1.119     1.349     1.574     2.028
 294.001    120011         0    120011           0.237     0.495     0.604     0.764     0.989     1.303     1.511     1.815
 295.001    119983         0    119982           0.223     0.497     0.607     0.781     1.033     1.328     1.565     1.938
 296.001    120008         0    120017           0.237     0.503     0.618     0.790     1.025     1.308     1.552     2.148
 297.001    119990         0    119991           0.219     0.506     0.618     0.789     1.008     1.309     1.548     2.014
 298.001    120010         0    120001           0.223     0.512     0.632     0.822     1.074     1.349     1.674     2.644
 299.001    120010         0    120007           0.223     0.506     0.621     0.805     1.064     1.338     1.584     1.975
 300.001    120002         0    120007           0.223     0.507     0.622     0.803     1.053     1.330     1.570     1.938
 301.001    119999         0    120000           0.223     0.505     0.621     0.800     1.052     1.326     1.548     1.892
 302.001    119999         0    119993           0.226     0.509     0.621     0.782     0.984     1.286     1.504     1.914
 303.001    119997         0    120000           0.232     0.514     0.637     0.840     1.101     1.346     1.655     2.103
 304.001    119997         0    120000           0.232     0.512     0.631     0.817     1.070     1.341     1.603     2.187
 305.001    119999         0    120000           0.225     0.495     0.602     0.759     0.970     1.289     1.521     1.892
 306.001    120006         0    120003           0.222     0.506     0.619     0.796     1.035     1.314     1.558     2.031
 307.001    120001         0    120000           0.235     0.498     0.606     0.762     0.962     1.302     1.545     1.912
 308.001    120004         0    120007           0.236     0.509     0.628     0.823     1.077     1.318     1.529     2.177
 309.001    120000         0    120005           0.216     0.506     0.624     0.815     1.063     1.319     1.537     1.887
 310.001    120010         0    120003           0.225     0.502     0.611     0.772     0.979     1.304     1.547     2.036
 311.001    119996         0    119997           0.233     0.505     0.615     0.771     0.956     1.290     1.531     2.009
 312.001    119985         0    119990           0.238     0.517     0.641     0.846     1.111     1.374     1.656     2.193
 313.001    120001         0    120004           0.222     0.513     0.638     0.856     1.114     1.352     1.578     1.940
 314.001    120014         0    120003           0.234     0.500     0.612     0.790     1.036     1.303     1.512     1.880
 315.001    120000         0    120004           0.229     0.507     0.622     0.805     1.054     1.338     1.629     1.980
 316.001    120000         0    120004           0.227     0.503     0.616     0.787     1.018     1.286     1.505     1.919
 317.001    120003         0    120005           0.229     0.506     0.623     0.815     1.072     1.330     1.580     2.020
 318.001    119988         0    119986           0.233     0.495     0.602     0.752     0.934     1.256     1.456     1.794
 319.001    120008         0    119998           0.216     0.518     0.643     0.846     1.097     1.342     1.578     2.210
 320.001    120016         0    120021           0.222     0.504     0.617     0.800     1.050     1.322     1.547     1.948
 321.001    119993         0    119994           0.224     0.501     0.615     0.802     1.058     1.313     1.594     2.304
 322.001    120007         0    120006           0.234     0.506     0.623     0.817     1.077     1.323     1.535     1.903
 323.001    120001         0    120002           0.232     0.496     0.601     0.757     0.961     1.290     1.510     2.015
 324.001    119992         0    119998           0.227     0.504     0.621     0.810     1.063     1.329     1.530     1.920
 325.001    120010         0    120003           0.231     0.505     0.615     0.783     0.994     1.286     1.493     1.917
 326.001    119996         0    119999           0.229     0.499     0.616     0.824     1.086     1.337     1.710     3.543
 327.001    120005         0    120003           0.231     0.496     0.602     0.753     0.937     1.288     1.561     1.948
 328.001    119994         0    119999           0.229     0.503     0.614     0.775     0.987     1.289     1.529     2.089
 329.001    120007         0    120003           0.229     0.497     0.609     0.779     1.017     1.321     1.601     1.959
 330.001    120012         0    120013           0.211     0.504     0.615     0.788     1.030     1.315     1.608     2.318
 331.001    120008         0    120003           0.224     0.498     0.608     0.779     1.010     1.285     1.502     1.916
 332.001    119982         0    119982           0.237     0.502     0.616     0.798     1.051     1.315     1.553     1.921
 333.001    120004         0    120012           0.236     0.509     0.622     0.794     1.033     1.320     1.545     1.923
 334.001    119996         0    119994           0.225     0.498     0.608     0.767     0.971     1.285     1.504     1.956
 335.001    120007         0    120008           0.229     0.506     0.626     0.819     1.071     1.319     1.543     1.960
 336.001    120005         0    120007           0.228     0.496     0.603     0.755     0.942     1.287     1.556     2.067
 337.001    119995         0    119977           0.222     0.508     0.622     0.801     1.045     1.324     1.573     1.945
 338.001    119991         0    120004           0.225     0.502     0.612     0.779     1.001     1.278     1.513     1.883
 339.001    120030         0    120027           0.229     0.501     0.613     0.792     1.042     1.315     1.530     1.795
 340.001    119976         0    119979           0.231     0.494     0.604     0.767     0.985     1.294     1.521     2.014
 341.001    120006         0    120007           0.215     0.507     0.625     0.817     1.090     1.362     1.622     2.167
 342.001    119997         0    120000           0.229     0.502     0.615     0.798     1.046     1.309     1.535     1.943
 343.001    120023         0    120010           0.232     0.508     0.626     0.814     1.068     1.319     1.537     1.886
 344.001    119985         0    119996           0.230     0.499     0.609     0.781     1.016     1.314     1.541     1.906
 345.001    120003         0    120001           0.230     0.506     0.622     0.799     1.034     1.313     1.543     2.067
 346.001    119996         0    119998           0.221     0.512     0.631     0.819     1.071     1.336     1.599     2.107
 347.001    119986         0    119992           0.226     0.510     0.622     0.784     0.975     1.282     1.497     1.966
 348.001    120020         0    120013           0.229     0.505     0.624     0.826     1.081     1.311     1.514     2.025
 349.001    120000         0    119999           0.222     0.510     0.632     0.832     1.094     1.361     1.645     2.026
 350.001    119999         0    119995           0.224     0.505     0.622     0.819     1.069     1.314     1.523     2.003
 351.001    120018         0    120004           0.243     0.515     0.634     0.810     1.048     1.345     1.634     2.015
 352.001    119993         0    120012           0.233     0.517     0.655     0.964     1.164     1.389     1.682     2.257
 353.001    119999         0    120004           0.223     0.494     0.604     0.770     1.002     1.321     1.631     2.187
 354.001    120010         0    119999           0.215     0.493     0.606     0.796     1.053     1.290     1.478     1.944
 355.001    119991         0    119996           0.236     0.510     0.634     0.841     1.107     1.365     1.666     2.099
 356.001    120010         0    119997           0.232     0.506     0.622     0.802     1.058     1.346     1.582     2.288
 357.001    119995         0    120012           0.228     0.493     0.608     0.823     1.092     1.325     1.573     1.972
 358.001    119988         0    119989           0.229     0.498     0.615     0.838     1.105     1.331     1.576     1.999
 359.001    120011         0    120003           0.232     0.497     0.614     0.840     1.106     1.345     1.612     2.329
 360.001    120004         0    120004           0.236     0.516     0.643     0.862     1.119     1.364     1.626     1.996
 361.001    119976         0    119978           0.221     0.512     0.634     0.822     1.073     1.349     1.650     2.750
 362.001    120022         0    120018           0.233     0.502     0.612     0.776     0.990     1.298     1.566     1.996
 363.001    120000         0    120009           0.230     0.516     0.647     0.886     1.127     1.353     1.649     2.204
 364.001    120006         0    120002           0.237     0.511     0.626     0.796     1.017     1.304     1.539     2.015
 365.001    119992         0    119997           0.228     0.509     0.639     0.903     1.133     1.356     1.630     2.228
 366.001    120004         0    120000           0.237     0.514     0.632     0.824     1.074     1.334     1.597     2.028
 367.001    120004         0    120004           0.229     0.517     0.656     0.964     1.165     1.396     1.697     2.138
 368.001    119997         0    120000           0.232     0.510     0.636     0.868     1.121     1.345     1.554     1.993
 369.001    120022         0    120006           0.234     0.518     0.654     0.923     1.141     1.353     1.608     1.910
 370.001    119994         0    120000           0.231     0.513     0.633     0.816     1.061     1.326     1.561     2.055
 371.001    119988         0    119984           0.233     0.525     0.653     0.872     1.118     1.360     1.691     2.111
 372.001    119988         0    119985           0.233     0.511     0.645     0.916     1.156     1.397     1.691     2.386
 373.001    120015         0    120021           0.225     0.524     0.659     0.933     1.167     1.404     1.691     1.956
 374.001    119989         0    120003           0.231     0.515     0.652     0.953     1.159     1.368     1.582     1.935
 375.001    120023         0    120011           0.214     0.537     0.707     1.078     1.222     1.441     1.734     2.226
 376.001    119990         0    119993           0.229     0.525     0.682     1.050     1.198     1.410     1.708     2.238
 377.001    120005         0    120009           0.232     0.518     0.666     1.014     1.189     1.423     1.703     2.154
 378.001    120002         0    120005           0.234     0.538     0.689     1.033     1.190     1.389     1.615     2.054
 379.001    119989         0    119985           0.225     0.526     0.685     1.058     1.206     1.402     1.638     2.275
 380.001    120002         0    120003           0.221     0.516     0.663     1.006     1.176     1.369     1.588     1.957
 381.001    120015         0    120016           0.229     0.522     0.678     1.044     1.198     1.398     1.639     1.994
 382.001    119994         0    119979           0.227     0.528     0.697     1.075     1.211     1.410     1.653     2.159
 383.001    120005         0    120019           0.223     0.513     0.650     0.952     1.158     1.357     1.566     1.999
 384.001    119998         0    119995           0.237     0.523     0.678     1.050     1.199     1.395     1.631     1.988
 385.001    120011         0    120014           0.226     0.522     0.665     0.979     1.176     1.390     1.625     2.071
 386.001    119987         0    119992           0.237     0.520     0.667     1.000     1.179     1.391     1.665     2.144
 387.001    120001         0    120002           0.229     0.516     0.664     1.027     1.196     1.415     1.713     2.097
 388.001    120014         0    120008           0.228     0.507     0.651     1.000     1.176     1.377     1.627     2.071
 389.001    119997         0    119996           0.235     0.515     0.655     0.987     1.178     1.398     1.700     3.058
 390.001    119992         0    119996           0.227     0.527     0.681     1.047     1.200     1.413     1.694     2.400
 391.001    120023         0    120018           0.220     0.516     0.674     1.065     1.214     1.448     1.746     2.140
 392.001    119977         0    119975           0.229     0.523     0.669     0.996     1.171     1.388     1.664     2.372
 393.001    120004         0    120002           0.223     0.517     0.651     0.913     1.148     1.388     1.667     2.345
 394.001    120006         0    120015           0.235     0.528     0.708     1.099     1.232     1.436     1.690     2.136
 395.001    120010         0    120008           0.226     0.511     0.646     0.922     1.155     1.389     1.656     2.078
 396.001    119989         0    119987           0.224     0.528     0.701     1.083     1.219     1.427     1.711     2.179
 397.001    120009         0    120008           0.219     0.519     0.665     1.008     1.186     1.393     1.644     2.034
 398.001    120006         0    120003           0.232     0.530     0.690     1.067     1.217     1.423     1.689     2.165
 399.001    119992         0    119994           0.240     0.534     0.696     1.058     1.210     1.427     1.682     2.090
 400.001    120003         0    120009           0.224     0.533     0.693     1.061     1.218     1.439     1.736     2.267
 401.001    120002         0    119997           0.219     0.532     0.696     1.069     1.222     1.473     2.107     3.777
 402.001    119995         0    119998           0.223     0.509     0.637     0.878     1.126     1.357     1.617     2.300
 403.001    119997         0    119996           0.215     0.524     0.680     1.044     1.200     1.410     1.666     2.096
 404.001    120010         0    120013           0.226     0.527     0.678     1.007     1.187     1.406     1.691     2.067
 405.001    120001         0    120000           0.223     0.518     0.669     1.036     1.202     1.436     1.735     2.159
 406.001    119997         0    119998           0.220     0.527     0.677     1.030     1.201     1.438     1.757     2.374
 407.001    120002         0    119997           0.230     0.522     0.666     0.995     1.193     1.433     1.723     2.195
 408.001    119983         0    119984           0.221     0.543     0.730     1.108     1.239     1.452     1.760     2.300
 409.001    120026         0    120025           0.220     0.507     0.639     0.911     1.143     1.356     1.597     2.006
 410.001    120017         0    120006           0.226     0.527     0.700     1.086     1.227     1.461     1.766     2.806
 411.001    119972         0    119984           0.226     0.511     0.639     0.877     1.132     1.362     1.584     2.056
 412.001    120028         0    120022           0.223     0.523     0.668     0.998     1.189     1.426     1.743     2.466
 413.001    119967         0    119970           0.231     0.538     0.711     1.091     1.235     1.456     1.779     2.204
 414.001    120020         0    120026           0.228     0.518     0.656     0.953     1.165     1.406     1.741     2.218
 415.001    120008         0    120008           0.229     0.532     0.696     1.070     1.225     1.443     1.731     2.152
 416.001    120001         0    119995           0.228     0.512     0.642     0.894     1.140     1.381     1.678     2.118
 417.001    120006         0    120007           0.229     0.527     0.694     1.069     1.212     1.435     1.742     2.202
 418.001    119996         0    119995           0.231     0.514     0.643     0.881     1.127     1.356     1.604     2.128
 419.001    120007         0    120010           0.224     0.516     0.653     0.935     1.155     1.377     1.677     2.136
 420.001    119987         0    119985           0.220     0.528     0.692     1.062     1.207     1.418     1.703     2.202
 421.001    120005         0    120011           0.235     0.520     0.651     0.888     1.136     1.385     1.787     2.748
 422.001    119992         0    119986           0.234     0.531     0.690     1.037     1.200     1.413     1.731     2.466
 423.001    119999         0    120000           0.229     0.522     0.650     0.870     1.118     1.348     1.577     2.079
 424.001    120010         0    120011           0.228     0.526     0.680     1.043     1.208     1.458     1.781     2.689
 425.001    120005         0    120004           0.232     0.519     0.664     1.007     1.178     1.393     1.684     1.993
 426.001    119990         0    119988           0.225     0.519     0.664     0.997     1.176     1.386     1.677     2.021
 427.001    119998         0    120002           0.218     0.503     0.638     0.968     1.166     1.389     1.678     2.222
 428.001    120019         0    120018           0.223     0.508     0.637     0.899     1.148     1.393     1.646     2.140
 429.001    119993         0    119989           0.227     0.542     0.728     1.123     1.269     1.533     1.826     2.236
 430.001    120008         0    120005           0.230     0.513     0.640     0.866     1.121     1.358     1.587     2.204
 431.001    119997         0    120003           0.231     0.517     0.669     1.047     1.211     1.439     1.734     2.175
 432.001    119996         0    120000           0.214     0.503     0.629     0.874     1.128     1.352     1.587     2.144
 433.001    120007         0    119999           0.237     0.526     0.674     1.024     1.202     1.453     1.772     2.343
 434.001    119976         0    119980           0.230     0.522     0.663     0.966     1.172     1.426     1.998     3.717
 435.001    120031         0    120023           0.228     0.528     0.680     1.023     1.195     1.434     1.749     2.114
 436.001    119997         0    120008           0.231     0.520     0.673     1.025     1.189     1.411     1.713     2.173
 437.001    119994         0    119992           0.230     0.503     0.618     0.819     1.084     1.328     1.545     1.922
 438.001    120008         0    120004           0.226     0.518     0.667     1.038     1.206     1.454     1.777     2.144
 439.001    119989         0    119994           0.233     0.523     0.661     0.962     1.159     1.365     1.582     2.187
 440.001    120018         0    120002           0.230     0.518     0.658     0.989     1.192     1.455     1.782     2.111
 441.001    119981         0    119986           0.231     0.518     0.657     0.957     1.157     1.368     1.602     2.165
 442.001    120012         0    120024           0.220     0.523     0.673     1.036     1.209     1.493     1.839     2.251
 443.001    119996         0    119991           0.233     0.527     0.676     1.005     1.183     1.409     1.739     2.030
 444.001    120014         0    120020           0.226     0.521     0.655     0.926     1.141     1.352     1.535     1.897
 445.001    119996         0    119994           0.232     0.529     0.692     1.069     1.228     1.482     1.809     2.292
 446.001    120004         0    120004           0.232     0.515     0.636     0.824     1.072     1.327     1.588     2.316
 447.001    120009         0    120009           0.212     0.543     0.723     1.109     1.246     1.478     1.787     2.327
 448.001    119989         0    119992           0.220     0.516     0.652     0.934     1.152     1.373     1.644     2.021
 449.001    120011         0    120000           0.220     0.513     0.653     0.975     1.178     1.398     1.709     2.279
 450.001    119981         0    119993           0.229     0.515     0.664     1.025     1.186     1.400     1.717     2.045
 451.001    120013         0    120012           0.229     0.510     0.634     0.860     1.106     1.329     1.531     2.012
 452.001    119997         0    119994           0.219     0.526     0.688     1.063     1.206     1.419     1.747     2.193
 453.001    120006         0    120000           0.231     0.510     0.630     0.826     1.091     1.349     1.642     2.157
 454.001    120006         0    120009           0.238     0.529     0.698     1.082     1.221     1.434     1.745     2.275
 455.001    120003         0    119995           0.230     0.498     0.607     0.775     1.010     1.298     1.516     2.138
 456.001    120002         0    120013           0.230     0.522     0.670     1.025     1.202     1.456     1.777     2.316
 457.001    119988         0    119982           0.230     0.520     0.657     0.945     1.164     1.390     1.677     2.226
 458.001    120002         0    120008           0.233     0.515     0.642     0.878     1.132     1.369     1.672     2.101
 459.001    120005         0    120007           0.220     0.520     0.663     0.992     1.167     1.364     1.639     2.094
 460.001    119988         0    119985           0.234     0.518     0.644     0.867     1.126     1.367     1.597     2.316
 461.001    120007         0    120006           0.230     0.522     0.673     1.025     1.185     1.386     1.669     2.257
 462.001    120016         0    120021           0.228     0.507     0.619     0.783     1.001     1.311     1.524     2.103
 463.001    119993         0    119995           0.228     0.528     0.689     1.060     1.208     1.415     1.722     2.241
 464.001    120002         0    120002           0.225     0.507     0.626     0.810     1.063     1.320     1.519     1.851
 465.001    120016         0    120001           0.243     0.517     0.653     0.953     1.157     1.374     1.693     2.173
 466.001    119979         0    119994           0.219     0.515     0.644     0.870     1.122     1.345     1.589     1.943
 467.001    120010         0    120010           0.218     0.524     0.662     0.947     1.170     1.401     1.699     1.991
 468.001    120001         0    120000           0.222     0.517     0.650     0.923     1.144     1.364     1.649     2.263
 469.001    120001         0    119999           0.235     0.516     0.637     0.832     1.082     1.327     1.524     1.969
 470.001    119985         0    119987           0.238     0.531     0.673     0.984     1.170     1.390     1.699     2.109
 471.001    120021         0    120014           0.230     0.514     0.631     0.808     1.053     1.331     1.632     2.269
 472.001    120005         0    120010           0.234     0.527     0.676     1.017     1.185     1.385     1.634     2.447
 473.001    119991         0    119988           0.225     0.514     0.631     0.800     1.016     1.315     1.516     1.857
 474.001    120016         0    120016           0.234     0.523     0.665     0.974     1.172     1.393     1.660     2.232
 475.001    119989         0    119991           0.222     0.517     0.649     0.892     1.134     1.360     1.623     1.947
 476.001    119996         0    119993           0.220     0.519     0.654     0.913     1.151     1.392     1.735     2.249
 477.001    119995         0    119994           0.227     0.508     0.632     0.845     1.096     1.320     1.551     1.887
 478.001    120020         0    120022           0.230     0.508     0.633     0.861     1.113     1.342     1.614     2.061
 479.001    119999         0    120004           0.230     0.514     0.638     0.844     1.101     1.334     1.556     1.946
 480.001    119987         0    119983           0.224     0.500     0.613     0.783     1.014     1.302     1.518     1.848
 481.001    120016         0    120017           0.223     0.518     0.653     0.933     1.158     1.380     1.633     1.999
 482.001    120000         0    120000           0.227     0.506     0.618     0.786     1.025     1.322     1.546     2.085
 483.001    120010         0    119998           0.225     0.521     0.652     0.883     1.114     1.324     1.549     2.152
 484.001    119986         0    120003           0.229     0.528     0.656     0.855     1.097     1.342     1.533     2.044
 485.001    120012         0    120005           0.221     0.518     0.656     0.944     1.146     1.347     1.565     2.116
 486.001    120001         0    119999           0.228     0.496     0.602     0.749     0.918     1.280     1.496     2.249
 487.001    119995         0    120002           0.228     0.507     0.635     0.905     1.133     1.347     1.579     1.922
 488.001    119991         0    119987           0.221     0.515     0.638     0.835     1.079     1.339     1.607     2.086
 489.001    120016         0    120015           0.217     0.514     0.649     0.943     1.151     1.374     1.665     2.187
 490.001    120000         0    120003           0.235     0.508     0.627     0.816     1.064     1.323     1.594     2.078
 491.001    119995         0    119999           0.225     0.521     0.659     0.963     1.174     1.403     1.730     2.118
 492.001    120011         0    120007           0.221     0.505     0.625     0.836     1.097     1.330     1.556     1.918
 493.001    119992         0    119985           0.225     0.512     0.633     0.850     1.109     1.345     1.586     2.111
 494.001    119989         0    119996           0.228     0.515     0.643     0.889     1.123     1.345     1.642     2.081
 495.001    120019         0    120012           0.236     0.514     0.641     0.877     1.126     1.350     1.606     2.150
 496.001    119992         0    119997           0.228     0.522     0.656     0.913     1.138     1.368     1.632     2.175
 497.001    120000         0    120006           0.233     0.508     0.621     0.789     1.019     1.310     1.516     1.972
 498.001    120010         0    119998           0.226     0.510     0.648     0.972     1.162     1.375     1.672     2.049
 499.001    119993         0    120001           0.214     0.507     0.624     0.807     1.056     1.321     1.527     1.953
 500.001    120011         0    120012           0.237     0.515     0.655     0.971     1.166     1.378     1.601     2.021
 501.001    119987         0    119981           0.232     0.513     0.635     0.838     1.091     1.328     1.531     1.929
 502.001    120012         0    120020           0.237     0.525     0.662     0.935     1.152     1.372     1.574     1.980
 503.001    119995         0    119991           0.230     0.503     0.619     0.808     1.065     1.325     1.538     1.890
 504.001    120008         0    120006           0.228     0.526     0.673     1.013     1.190     1.398     1.669     2.161
 505.001    119983         0    119990           0.222     0.512     0.638     0.869     1.118     1.343     1.583     2.083
 506.001    120014         0    120011           0.235     0.519     0.653     0.907     1.143     1.358     1.556     2.099
 507.001    120000         0    119992           0.226     0.513     0.645     0.897     1.138     1.365     1.606     1.969
 508.001    120018         0    120016           0.240     0.522     0.654     0.891     1.137     1.366     1.642     2.175
 509.001    119979         0    119990           0.224     0.515     0.639     0.840     1.085     1.334     1.599     2.109
 510.001    120016         0    120014           0.232     0.504     0.621     0.831     1.084     1.311     1.528     1.983
 511.001    119995         0    119992           0.235     0.521     0.664     0.993     1.166     1.370     1.635     2.045
 512.001    120007         0    120006           0.219     0.512     0.633     0.833     1.090     1.332     1.527     2.099
 513.001    119991         0    119987           0.218     0.515     0.652     0.955     1.163     1.385     1.701     2.048
 514.001    120019         0    120023           0.216     0.514     0.636     0.831     1.078     1.325     1.529     2.026
 515.001    119989         0    119993           0.232     0.519     0.655     0.932     1.153     1.377     1.633     2.003
 516.001    120016         0    120015           0.231     0.506     0.625     0.825     1.083     1.341     1.556     2.109
 517.001    119997         0    119989           0.227     0.508     0.636     0.911     1.138     1.339     1.545     2.269
 518.001    119993         0    120001           0.227     0.514     0.638     0.854     1.117     1.346     1.547     1.953
 519.001    120012         0    120018           0.237     0.504     0.635     0.947     1.146     1.345     1.545     1.978
 520.001    119994         0    119989           0.219     0.511     0.630     0.840     1.104     1.349     1.548     1.954
 521.001    120001         0    119996           0.220     0.505     0.630     0.869     1.127     1.360     1.597     1.992
 522.001    120010         0    120016           0.231     0.503     0.625     0.848     1.116     1.356     1.602     1.956
 523.001    119998         0    119984           0.224     0.512     0.642     0.897     1.138     1.357     1.596     2.002
 524.001    119991         0    120004           0.232     0.513     0.638     0.860     1.112     1.339     1.551     1.959
 525.001    119993         0    119991           0.231     0.510     0.635     0.873     1.113     1.321     1.509     1.970
 526.001    120006         0    120008           0.228     0.521     0.652     0.881     1.125     1.352     1.582     1.926
 527.001    120007         0    120006           0.231     0.515     0.643     0.872     1.135     1.379     1.596     1.985
 528.001    120009         0    120000           0.234     0.515     0.647     0.905     1.137     1.343     1.562     1.945
 529.001    119992         0    120000           0.218     0.511     0.639     0.885     1.120     1.329     1.543     2.039
 530.001    119988         0    119993           0.239     0.511     0.641     0.902     1.142     1.376     1.649     1.961
 531.001    120004         0    120004           0.230     0.515     0.653     0.967     1.172     1.395     1.652     2.257
 532.001    120014         0    120004           0.233     0.518     0.662     0.996     1.172     1.380     1.627     2.175
 533.001    119988         0    119996           0.218     0.515     0.643     0.873     1.124     1.348     1.588     2.142
 534.001    120005         0    120000           0.227     0.516     0.663     1.002     1.176     1.373     1.580     1.997
 535.001    120007         0    120006           0.233     0.507     0.628     0.830     1.095     1.370     1.617     2.097
 536.001    119997         0    120000           0.228     0.529     0.696     1.068     1.211     1.431     1.705     2.460
 537.001    119999         0    120004           0.203     0.516     0.635     0.818     1.064     1.317     1.556     2.073
 538.001    119993         0    119992           0.235     0.506     0.631     0.868     1.128     1.372     1.638     2.032
 539.001    120019         0    120003           0.229     0.495     0.616     0.863     1.117     1.332     1.573     2.035
 540.001    119998         0    120015           0.228     0.509     0.641     0.930     1.145     1.374     1.660     2.324
 541.001    120001         0    119994           0.228     0.513     0.635     0.824     1.074     1.337     1.573     1.942
 542.001    119989         0    119991           0.229     0.534     0.696     1.057     1.211     1.435     1.707     2.298
 543.001    120009         0    120011           0.239     0.519     0.650     0.891     1.135     1.357     1.551     1.979
 544.001    120000         0    120003           0.228     0.519     0.660     0.992     1.177     1.393     1.616     2.072
 545.001    120008         0    120000           0.232     0.513     0.636     0.840     1.104     1.355     1.608     1.927
 546.001    119992         0    119993           0.228     0.519     0.659     0.967     1.168     1.389     1.640     2.044
 547.001    120004         0    120010           0.229     0.518     0.649     0.899     1.137     1.358     1.582     2.055
 548.001    120007         0    120004           0.230     0.524     0.671     1.004     1.171     1.369     1.577     1.993
 549.001    119998         0    120001           0.222     0.520     0.653     0.904     1.132     1.350     1.604     2.061
 550.001    120006         0    120005           0.231     0.534     0.688     1.028     1.184     1.375     1.575     1.898
 551.001    119998         0    119997           0.224     0.514     0.639     0.861     1.112     1.358     1.608     2.010
 552.001    120002         0    120003           0.229     0.530     0.676     0.998     1.166     1.370     1.636     2.118
 553.001    120000         0    119993           0.227     0.525     0.665     0.949     1.161     1.386     1.634     2.245
 554.001    119993         0    119992           0.221     0.521     0.657     0.934     1.152     1.363     1.607     1.974
 555.001    120000         0    120007           0.229     0.509     0.638     0.919     1.147     1.380     1.642     2.056
 556.001    120024         0    120009           0.233     0.508     0.632     0.856     1.116     1.370     1.661     2.527
 557.001    119981         0    119993           0.221     0.522     0.660     0.947     1.157     1.379     1.639     2.060
 558.001    120013         0    120019           0.234     0.512     0.632     0.822     1.063     1.315     1.561     1.961
 559.001    119996         0    119991           0.232     0.520     0.664     1.003     1.178     1.384     1.607     2.154
 560.001    119983         0    119984           0.235     0.507     0.620     0.787     1.010     1.303     1.540     1.923
 561.001    120025         0    120024           0.234     0.528     0.688     1.061     1.210     1.427     1.733     2.138
 562.001    119990         0    119993           0.221     0.508     0.625     0.804     1.054     1.329     1.580     2.047
 563.001    120021         0    120019           0.224     0.534     0.709     1.097     1.238     1.451     1.718     2.259
 564.001    119984         0    119972           0.237     0.510     0.630     0.826     1.067     1.313     1.550     2.011
 565.001    120006         0    120017           0.232     0.527     0.673     1.007     1.178     1.379     1.617     2.040
 566.001    119997         0    119998           0.217     0.523     0.653     0.870     1.109     1.345     1.629     2.335
 567.001    120004         0    120005           0.227     0.519     0.659     0.972     1.165     1.380     1.634     1.931
 568.001    120004         0    119994           0.230     0.502     0.616     0.801     1.055     1.309     1.552     1.971
 569.001    120002         0    120005           0.237     0.529     0.674     0.976     1.165     1.371     1.569     2.200
 570.001    119986         0    119992           0.233     0.524     0.654     0.860     1.099     1.333     1.546     1.980
 571.001    120009         0    120006           0.230     0.527     0.675     1.018     1.195     1.406     1.664     2.066
 572.001    120002         0    120000           0.239     0.525     0.657     0.879     1.114     1.349     1.608     2.808
 573.001    120000         0    120003           0.226     0.523     0.669     0.995     1.179     1.402     1.652     2.144
 574.001    120008         0    120001           0.220     0.518     0.649     0.896     1.134     1.368     1.586     1.999
 575.001    120009         0    120017           0.234     0.517     0.645     0.871     1.124     1.350     1.535     1.871
 576.001    119994         0    119985           0.234     0.527     0.677     1.035     1.197     1.399     1.644     2.052
 577.001    120006         0    120018           0.233     0.510     0.647     0.949     1.161     1.366     1.583     2.012
 578.001    119990         0    119987           0.230     0.515     0.644     0.878     1.122     1.340     1.581     2.026
 579.001    120016         0    120014           0.231     0.519     0.655     0.928     1.151     1.370     1.590     1.989
 580.001    119971         0    119969           0.229     0.523     0.666     1.007     1.186     1.399     1.644     2.074
 581.001    120029         0    120032           0.236     0.517     0.647     0.891     1.121     1.332     1.551     1.916
 582.001    119999         0    119990           0.236     0.520     0.667     1.011     1.186     1.405     1.717     3.533
 583.001    120000         0    120015           0.231     0.505     0.620     0.802     1.061     1.311     1.506     1.910
 584.001    119996         0    119981           0.228     0.514     0.654     0.958     1.160     1.368     1.629     2.173
 585.001    120009         0    120018           0.226     0.495     0.608     0.792     1.047     1.311     1.546     1.987
 586.001    119988         0    119987           0.232     0.519     0.664     1.002     1.177     1.404     1.696     2.333
 587.001    119993         0    119998           0.226     0.514     0.638     0.855     1.102     1.335     1.567     1.980
 588.001    120012         0    120013           0.234     0.521     0.658     0.946     1.149     1.353     1.572     1.937
 589.001    119991         0    119987           0.238     0.521     0.648     0.861     1.113     1.355     1.582     1.921
 590.001    120019         0    120011           0.226     0.530     0.670     0.955     1.166     1.390     1.645     2.195
 591.001    119998         0    119993           0.227     0.521     0.652     0.884     1.127     1.355     1.589     2.096
 592.001    120007         0    120021           0.215     0.508     0.647     0.962     1.167     1.388     1.632     2.019
 593.001    119983         0    119977           0.217     0.516     0.645     0.870     1.123     1.365     1.656     2.014
 594.001    120023         0    120023           0.233     0.505     0.627     0.843     1.116     1.365     1.608     1.979
 595.001    119998         0    120000           0.218     0.509     0.642     0.932     1.159     1.384     1.658     1.999
 596.001    120006         0    120005           0.225     0.505     0.617     0.788     1.025     1.307     1.532     2.047
 597.001    119993         0    119995           0.230     0.521     0.662     0.969     1.160     1.369     1.596     2.088
 598.001    120004         0    119996           0.233     0.507     0.624     0.809     1.061     1.315     1.519     1.824
 599.001    119997         0    120005           0.234     0.528     0.689     1.058     1.201     1.406     1.700     2.148
 600.001    119986         0    119988           0.236     0.516     0.635     0.810     1.048     1.339     1.614     2.396
 601.001    120023         0    120021           0.225     0.521     0.659     0.949     1.159     1.372     1.605     1.940
 602.001    119982         0    119980           0.235     0.497     0.609     0.785     1.040     1.304     1.549     2.175
 603.001    120018         0    120019           0.239     0.510     0.638     0.885     1.134     1.350     1.569     1.987
 604.001    119994         0    120000           0.237     0.511     0.637     0.860     1.119     1.348     1.589     1.975
 605.001    119998         0    119988           0.233     0.510     0.631     0.819     1.079     1.329     1.538     1.913
 606.001    119991         0    119999           0.227     0.516     0.639     0.837     1.086     1.338     1.618     2.031
 607.001    120017         0    120016           0.226     0.507     0.621     0.787     1.008     1.302     1.521     2.033
 608.001    120002         0    119998           0.228     0.521     0.659     0.948     1.147     1.367     1.661     2.050
 609.001    120008         0    120013           0.237     0.508     0.624     0.791     1.020     1.308     1.518     1.889
 610.001    119985         0    119984           0.230     0.523     0.667     0.992     1.167     1.373     1.647     1.997
 611.001    120023         0    120014           0.233     0.514     0.637     0.852     1.108     1.340     1.598     2.611
 612.001    119982         0    119990           0.224     0.517     0.652     0.934     1.143     1.360     1.583     2.052
 613.001    119999         0    119996           0.237     0.513     0.637     0.849     1.104     1.348     1.657     2.041
 614.001    120015         0    120010           0.232     0.513     0.654     0.982     1.170     1.385     1.659     2.185
 615.001    119992         0    120002           0.226     0.504     0.624     0.835     1.095     1.339     1.611     2.245
 616.001    120016         0    120016           0.232     0.514     0.643     0.888     1.132     1.360     1.594     2.051
 617.001    119996         0    119994           0.218     0.502     0.625     0.865     1.123     1.377     1.705     2.236
 618.001    119990         0    119994           0.231     0.512     0.643     0.905     1.139     1.357     1.567     2.292
 619.001    119997         0    119995           0.229     0.516     0.643     0.862     1.102     1.331     1.632     2.041
 620.001    120006         0    119997           0.219     0.519     0.650     0.893     1.129     1.357     1.625     2.218
 621.001    119991         0    119995           0.227     0.519     0.653     0.919     1.147     1.373     1.625     2.066
 622.001    120018         0    120020           0.224     0.513     0.639     0.864     1.122     1.349     1.575     2.009
 623.001    120000         0    119994           0.235     0.507     0.629     0.838     1.094     1.327     1.591     2.017
 624.001    119997         0    120002           0.221     0.511     0.637     0.877     1.132     1.363     1.614     2.058
 625.001    120005         0    120005           0.223     0.512     0.643     0.916     1.137     1.348     1.549     1.897
 626.001    120006         0    120011           0.221     0.509     0.633     0.858     1.114     1.367     1.714     2.513
 627.001    119994         0    119990           0.234     0.509     0.636     0.860     1.115     1.341     1.549     1.903
 628.001    120010         0    120005           0.220     0.507     0.623     0.811     1.069     1.319     1.543     2.042
 629.001    120005         0    120007           0.230     0.514     0.645     0.901     1.135     1.362     1.633     1.989
 630.001    119993         0    119990           0.230     0.517     0.645     0.872     1.126     1.354     1.572     2.132
 631.001    119989         0    119993           0.225     0.517     0.649     0.918     1.148     1.378     1.666     1.936
 632.001    120004         0    120004           0.232     0.501     0.615     0.803     1.057     1.312     1.562     2.255
 633.001    119999         0    119997           0.236     0.521     0.665     0.994     1.181     1.404     1.688     2.212
 634.001    120016         0    120020           0.228     0.501     0.620     0.821     1.084     1.328     1.545     1.920
 635.001    119996         0    119996           0.224     0.516     0.645     0.874     1.120     1.338     1.538     1.897
 636.001    119998         0    120000           0.236     0.509     0.639     0.902     1.134     1.352     1.621     2.202
 637.001    120002         0    120004           0.233     0.513     0.631     0.813     1.060     1.326     1.637     2.154
 638.001    119997         0    119992           0.233     0.512     0.645     0.935     1.151     1.371     1.658     2.070
 639.001    119995         0    119999           0.220     0.507     0.622     0.795     1.030     1.314     1.594     2.130
 640.001    120023         0    120010           0.219     0.519     0.661     0.989     1.177     1.406     1.714     2.179
 641.001    119987         0    119996           0.226     0.512     0.636     0.851     1.113     1.346     1.562     1.915
 642.001    120004         0    120003           0.228     0.507     0.631     0.846     1.110     1.340     1.564     2.006
 643.001    120002         0    119995           0.232     0.514     0.646     0.901     1.130     1.345     1.555     2.047
 644.001    120006         0    120016           0.227     0.518     0.648     0.901     1.138     1.369     1.662     2.257
 645.001    119982         0    119984           0.218     0.517     0.651     0.921     1.144     1.360     1.648     2.004
 646.001    120027         0    120023           0.237     0.517     0.643     0.857     1.110     1.369     1.659     2.200
 647.001    119998         0    119993           0.232     0.511     0.647     0.937     1.163     1.388     1.673     2.144
 648.001    119994         0    120002           0.236     0.515     0.645     0.889     1.132     1.350     1.580     2.036
 649.001    120008         0    120003           0.222     0.525     0.672     1.001     1.188     1.422     1.741     2.261
 650.001    119996         0    120005           0.218     0.521     0.649     0.869     1.125     1.367     1.604     1.922
 651.001    120001         0    119995           0.236     0.525     0.670     0.993     1.198     1.444     1.764     2.308
 652.001    120002         0    120003           0.231     0.517     0.645     0.873     1.125     1.357     1.596     2.175
 653.001    120001         0    119997           0.231     0.522     0.659     0.949     1.152     1.369     1.647     2.034
 654.001    119986         0    119990           0.215     0.521     0.665     0.995     1.179     1.392     1.657     2.054
 655.001    120005         0    120006           0.224     0.515     0.638     0.833     1.075     1.315     1.560     1.927
 656.001    120009         0    119997           0.225     0.522     0.664     0.968     1.170     1.394     1.687     2.251
 657.001    120008         0    120023           0.232     0.518     0.648     0.891     1.123     1.342     1.575     1.889
 658.001    119999         0    119995           0.221     0.520     0.676     1.049     1.194     1.406     1.733     2.175
 659.001    119992         0    119996           0.226     0.519     0.649     0.884     1.140     1.382     1.702     2.157
 660.001    120009         0    120002           0.213     0.514     0.651     0.943     1.153     1.357     1.568     1.981
 661.001    119997         0    119992           0.222     0.504     0.619     0.801     1.045     1.313     1.540     1.964
 662.001    119995         0    120004           0.235     0.540     0.700     1.047     1.205     1.413     1.697     2.118
 663.001    120009         0    120007           0.225     0.524     0.664     0.954     1.158     1.376     1.638     1.965
 664.001    119994         0    119997           0.244     0.521     0.657     0.946     1.154     1.393     1.709     2.092
 665.001    120010         0    120000           0.238     0.514     0.636     0.848     1.109     1.369     1.705     2.218
 666.001    119998         0    120005           0.233     0.523     0.662     0.962     1.168     1.403     1.761     2.927
 667.001    119990         0    119990           0.236     0.518     0.650     0.902     1.129     1.347     1.609     1.957
 668.001    120009         0    120010           0.225     0.519     0.649     0.876     1.123     1.354     1.598     2.138
 669.001    120012         0    120011           0.233     0.521     0.662     0.977     1.165     1.378     1.641     2.087
 670.001    119999         0    119998           0.228     0.509     0.634     0.851     1.109     1.359     1.690     2.072
 671.001    119993         0    119997           0.230     0.524     0.669     1.014     1.183     1.409     1.743     2.286
 672.001    120005         0    120005           0.221     0.505     0.620     0.800     1.051     1.328     1.588     1.994
 673.001    119994         0    119994           0.229     0.520     0.673     1.054     1.209     1.434     1.759     2.163
 674.001    120007         0    120004           0.233     0.509     0.633     0.864     1.123     1.354     1.583     1.956
 675.001    120001         0    120005           0.226     0.494     0.611     0.833     1.100     1.323     1.534     1.866
 676.001    120008         0    120000           0.228     0.506     0.637     0.924     1.148     1.382     1.698     2.072
 677.001    119988         0    119992           0.228     0.507     0.625     0.820     1.087     1.330     1.596     2.048
 678.001    120012         0    120014           0.228     0.517     0.657     0.984     1.188     1.428     1.755     2.232
 679.001    119994         0    119991           0.234     0.509     0.642     0.923     1.140     1.360     1.605     2.101
 680.001    119986         0    119987           0.232     0.524     0.667     0.983     1.171     1.386     1.706     2.032
 681.001    120016         0    120012           0.231     0.508     0.634     0.862     1.126     1.389     1.701     2.075
 682.001    120018         0    120014           0.232     0.519     0.671     1.051     1.229     1.516     1.827     2.114
 683.001    119966         0    119971           0.239     0.510     0.632     0.837     1.102     1.377     1.677     2.275
 684.001    120023         0    120028           0.220     0.516     0.656     0.984     1.193     1.447     1.757     2.079
 685.001    120002         0    119997           0.231     0.529     0.668     0.964     1.179     1.417     1.708     2.185
 686.001    120009         0    120011           0.231     0.521     0.646     0.840     1.085     1.356     1.663     2.404
 687.001    119997         0    119992           0.238     0.524     0.665     0.982     1.189     1.447     1.744     2.105
 688.001    119991         0    119995           0.225     0.520     0.662     0.966     1.176     1.406     1.695     2.191
 689.001    120004         0    120006           0.221     0.517     0.655     0.958     1.170     1.411     1.721     2.120
 690.001    120014         0    120008           0.226     0.527     0.667     0.959     1.161     1.380     1.666     2.045
 691.001    119972         0    119975           0.227     0.523     0.662     0.956     1.159     1.365     1.646     2.869
 692.001    120016         0    120018           0.227     0.521     0.666     1.004     1.181     1.395     1.686     2.472
 693.001    119995         0    119994           0.219     0.527     0.696     1.079     1.223     1.451     1.739     2.494
 694.001    120005         0    120009           0.233     0.521     0.661     0.968     1.168     1.390     1.644     2.010
 695.001    120002         0    119998           0.236     0.527     0.678     1.016     1.192     1.412     1.701     2.218
 696.001    119999         0    120001           0.220     0.516     0.645     0.891     1.150     1.396     1.652     2.298
 697.001    120015         0    120015           0.213     0.515     0.646     0.891     1.134     1.359     1.622     2.193
 698.001    119993         0    119990           0.228     0.523     0.661     0.946     1.172     1.403     1.662     2.120
 699.001    120001         0    119989           0.227     0.518     0.655     0.965     1.166     1.393     1.755     2.243
 700.001    120010         0    120021           0.232     0.522     0.658     0.937     1.149     1.354     1.558     2.099
 701.001    119986         0    119989           0.239     0.529     0.684     1.038     1.204     1.426     1.727     2.623
 702.001    119994         0    119996           0.226     0.524     0.659     0.920     1.146     1.371     1.647     2.193
 703.001    120016         0    120017           0.243     0.517     0.645     0.854     1.102     1.335     1.542     1.986
 704.001    120003         0    119995           0.224     0.520     0.676     1.061     1.215     1.435     1.718     2.273
 705.001    119999         0    120002           0.229     0.517     0.654     0.968     1.176     1.413     1.711     2.161
 706.001    120002         0    120001           0.233     0.524     0.669     1.013     1.201     1.447     1.739     2.122
 707.001    119998         0    119990           0.220     0.510     0.639     0.886     1.146     1.403     1.682     2.021
 708.001    120013         0    120016           0.226     0.513     0.652     0.981     1.161     1.361     1.580     2.008
 709.001    119994         0    120002           0.221     0.523     0.670     1.024     1.196     1.423     1.697     2.068
 710.001    120006         0    120004           0.226     0.522     0.667     1.009     1.187     1.388     1.616     2.077
 711.001    119995         0    119993           0.229     0.512     0.631     0.824     1.070     1.320     1.568     2.128
 712.001    119999         0    120003           0.232     0.527     0.664     0.945     1.168     1.394     1.703     2.343
 713.001    120011         0    120005           0.238     0.520     0.659     0.978     1.182     1.422     1.736     2.105
 714.001    119991         0    119992           0.213     0.523     0.673     1.010     1.187     1.402     1.688     2.064
 715.001    119997         0    120000           0.221     0.525     0.663     0.947     1.167     1.414     1.755     2.263
 716.001    120003         0    119993           0.235     0.518     0.652     0.924     1.153     1.379     1.635     2.105
 717.001    120004         0    120008           0.231     0.514     0.641     0.866     1.123     1.380     1.698     2.009
 718.001    120011         0    120019           0.228     0.520     0.659     0.955     1.165     1.379     1.623     2.224
 719.001    120000         0    120001           0.223     0.529     0.684     1.035     1.195     1.414     1.808     3.301
 720.001    120001         0    119999           0.230     0.509     0.633     0.859     1.117     1.352     1.631     2.057
 721.001    120000         0    120001           0.234     0.518     0.667     1.026     1.188     1.400     1.670     2.146
 722.001    120009         0    120001           0.228     0.508     0.625     0.808     1.062     1.323     1.547     1.936
 723.001    119996         0    120001           0.228     0.530     0.692     1.068     1.222     1.433     1.725     2.118
 724.001    119981         0    119982           0.226     0.521     0.652     0.886     1.134     1.374     1.632     2.000
 725.001    120017         0    120017           0.216     0.524     0.679     1.048     1.202     1.407     1.669     2.068
 726.001    120002         0    119997           0.236     0.508     0.636     0.903     1.134     1.346     1.580     1.915
 727.001    120003         0    120005           0.230     0.509     0.637     0.905     1.150     1.378     1.649     2.193
 728.001    119998         0    120003           0.221     0.505     0.635     0.916     1.140     1.355     1.561     1.918
 729.001    119999         0    119999           0.230     0.507     0.635     0.894     1.148     1.382     1.639     2.000
 730.001    120001         0    119997           0.230     0.528     0.675     1.019     1.190     1.397     1.642     1.989
 731.001    120024         0    120014           0.235     0.511     0.644     0.925     1.149     1.367     1.619     2.018
 732.001    119979         0    119977           0.230     0.523     0.668     1.004     1.184     1.393     1.648     2.300
 733.001    120013         0    120022           0.236     0.519     0.641     0.833     1.079     1.335     1.601     2.200
 734.001    119996         0    119987           0.232     0.527     0.677     1.028     1.208     1.443     1.758     2.122
 735.001    119993         0    120003           0.222     0.510     0.633     0.842     1.108     1.347     1.568     1.994
 736.001    120003         0    120009           0.236     0.524     0.676     1.028     1.197     1.415     1.701     2.292
 737.001    120001         0    120003           0.234     0.517     0.659     0.987     1.170     1.380     1.654     1.993
 738.001    120014         0    120003           0.227     0.519     0.658     0.967     1.166     1.376     1.632     2.099
 739.001    119990         0    119993           0.222     0.502     0.619     0.817     1.077     1.328     1.581     2.089
 740.001    120002         0    120007           0.237     0.517     0.646     0.876     1.135     1.370     1.644     2.195
 741.001    119997         0    119997           0.228     0.523     0.655     0.885     1.126     1.363     1.626     1.981
 742.001    119996         0    119998           0.224     0.520     0.658     0.949     1.165     1.394     1.691     2.347
 743.001    120010         0    120009           0.225     0.527     0.663     0.921     1.142     1.359     1.578     2.000
 744.001    120000         0    120003           0.224     0.513     0.633     0.828     1.084     1.363     1.693     2.460
 745.001    120011         0    119994           0.229     0.519     0.652     0.903     1.134     1.353     1.583     2.111
 746.001    119988         0    119995           0.227     0.516     0.643     0.857     1.117     1.368     1.636     2.154
 747.001    120000         0    120002           0.229     0.501     0.624     0.863     1.122     1.340     1.573     2.013
 748.001    120010         0    120009           0.217     0.510     0.635     0.851     1.109     1.358     1.627     2.068
 749.001    120004         0    120009           0.225     0.517     0.654     0.946     1.175     1.415     1.709     2.193
 750.001    119995         0    119998           0.241     0.505     0.618     0.788     1.011     1.296     1.521     1.891
 751.001    120011         0    120009           0.233     0.516     0.648     0.904     1.153     1.399     1.716     2.163
 752.001    119998         0    119993           0.241     0.510     0.626     0.803     1.035     1.305     1.518     1.916
 753.001    119997         0    120001           0.232     0.517     0.648     0.900     1.149     1.412     1.697     2.072
 754.001    119990         0    119994           0.225     0.499     0.613     0.793     1.039     1.318     1.544     1.820
 755.001    120006         0    120001           0.230     0.519     0.647     0.879     1.128     1.362     1.577     1.935
 756.001    120016         0    120005           0.224     0.506     0.630     0.856     1.119     1.365     1.645     2.245
 757.001    119990         0    119999           0.227     0.505     0.626     0.846     1.120     1.363     1.615     2.310
 758.001    120001         0    120006           0.222     0.502     0.619     0.817     1.076     1.333     1.562     1.998
 759.001    119997         0    119998           0.234     0.517     0.644     0.859     1.121     1.370     1.592     2.016
 760.001    120003         0    120001           0.229     0.516     0.632     0.797     0.998     1.283     1.496     1.854
 761.001    120003         0    119999           0.226     0.518     0.644     0.862     1.115     1.349     1.563     2.128
 762.001    120002         0    120005           0.226     0.506     0.619     0.787     1.007     1.305     1.536     1.928
 763.001    119999         0    120001           0.238     0.513     0.634     0.829     1.079     1.341     1.609     2.018
 764.001    120013         0    120003           0.222     0.504     0.615     0.788     1.016     1.304     1.527     1.974
 765.001    119992         0    119998           0.230     0.506     0.622     0.801     1.041     1.336     1.662     1.983
 766.001    120011         0    120007           0.230     0.513     0.630     0.807     1.043     1.339     1.622     2.099
 767.001    119990         0    119998           0.224     0.515     0.636     0.827     1.080     1.327     1.543     1.961
 768.001    120001         0    119998           0.231     0.503     0.619     0.807     1.057     1.321     1.558     2.140
 769.001    120007         0    120005           0.227     0.507     0.630     0.835     1.089     1.322     1.543     1.922
 770.001    120011         0    120012           0.218     0.502     0.615     0.796     1.040     1.308     1.554     2.092
 771.001    119991         0    119992           0.227     0.507     0.617     0.778     0.983     1.289     1.507     1.908
 772.001    120001         0    119998           0.228     0.519     0.645     0.862     1.112     1.337     1.586     2.154
 773.001    119998         0    120004           0.233     0.498     0.607     0.771     1.000     1.308     1.525     1.964
 774.001    120001         0    119996           0.230     0.510     0.630     0.823     1.075     1.341     1.608     2.050
 775.001    120000         0    120001           0.233     0.514     0.631     0.805     1.042     1.321     1.537     1.886
 776.001    120009         0    120007           0.232     0.524     0.654     0.862     1.110     1.356     1.585     2.296
 777.001    119992         0    119989           0.227     0.503     0.613     0.781     0.994     1.291     1.511     1.875
 778.001    120005         0    120012           0.221     0.511     0.632     0.840     1.100     1.341     1.570     2.167
 779.001    119995         0    119989           0.228     0.505     0.616     0.781     0.983     1.285     1.528     2.187
 780.001    120016         0    120011           0.232     0.512     0.629     0.806     1.054     1.333     1.621     2.107
 781.001    119989         0    119997           0.225     0.515     0.638     0.845     1.101     1.355     1.610     1.982
 782.001    120008         0    120009           0.221     0.513     0.631     0.816     1.060     1.325     1.568     2.053
 783.001    120000         0    120002           0.229     0.514     0.634     0.833     1.079     1.335     1.652     2.035
 784.001    120008         0    120001           0.226     0.508     0.616     0.769     0.943     1.273     1.492     1.959
 785.001    119987         0    119995           0.232     0.517     0.650     0.933     1.153     1.369     1.608     2.157
 786.001    120009         0    119999           0.213     0.505     0.616     0.782     0.990     1.292     1.516     2.033
 787.001    120004         0    120012           0.236     0.515     0.642     0.866     1.117     1.365     1.637     2.148
 788.001    120008         0    120004           0.223     0.500     0.611     0.773     0.989     1.318     1.572     1.918
 789.001    120006         0    120006           0.235     0.503     0.623     0.820     1.087     1.330     1.545     2.204
 790.001    119981         0    119984           0.231     0.503     0.613     0.779     0.996     1.308     1.535     1.881
 791.001    120013         0    120017           0.232     0.506     0.629     0.863     1.118     1.338     1.571     1.980
 792.001    119995         0    119990           0.221     0.511     0.628     0.816     1.061     1.315     1.513     1.777
 793.001    119996         0    119989           0.231     0.503     0.622     0.840     1.108     1.371     1.732     2.968
 794.001    119988         0    119995           0.224     0.516     0.639     0.838     1.095     1.355     1.601     2.124
 795.001    120023         0    120024           0.229     0.512     0.632     0.815     1.062     1.326     1.573     2.003
 796.001    119997         0    119991           0.233     0.503     0.623     0.829     1.090     1.323     1.532     2.116
 797.001    120002         0    120004           0.233     0.506     0.613     0.768     0.950     1.267     1.484     1.934
 798.001    119997         0    119999           0.227     0.516     0.637     0.829     1.080     1.342     1.592     2.019
 799.001    120005         0    120005           0.233     0.494     0.599     0.742     0.899     1.261     1.490     2.030
 800.001    119994         0    119994           0.229     0.509     0.630     0.827     1.085     1.330     1.532     1.827
 801.001    120011         0    120009           0.230     0.501     0.611     0.763     0.946     1.279     1.480     1.928
 802.001    119984         0    119988           0.226     0.511     0.642     0.899     1.136     1.360     1.612     1.969
 803.001    120010         0    120009           0.235     0.508     0.623     0.795     1.027     1.308     1.541     2.298
 804.001    120012         0    120003           0.231     0.517     0.651     0.937     1.166     1.396     1.652     1.998
 805.001    120002         0    120007           0.236     0.500     0.607     0.755     0.925     1.273     1.520     1.986
 806.001    120004         0    120008           0.223     0.502     0.620     0.845     1.107     1.338     1.560     2.288
 807.001    119995         0    119996           0.229     0.511     0.629     0.819     1.062     1.320     1.555     2.009
 808.001    120009         0    120004           0.232     0.510     0.637     0.881     1.123     1.342     1.581     2.076
 809.001    119982         0    119985           0.236     0.523     0.659     0.935     1.160     1.404     1.702     2.208
 810.001    120008         0    120007           0.226     0.515     0.643     0.863     1.122     1.373     1.634     2.097
 811.001    120003         0    120007           0.230     0.516     0.648     0.900     1.132     1.361     1.641     2.107
 812.001    120012         0    120009           0.234     0.504     0.621     0.811     1.065     1.309     1.517     1.998
 813.001    119978         0    119979           0.232     0.521     0.650     0.868     1.114     1.352     1.601     1.992
 814.001    120024         0    120024           0.220     0.492     0.604     0.786     1.046     1.324     1.568     1.974
 815.001    119996         0    119988           0.224     0.518     0.648     0.881     1.120     1.340     1.563     1.947
 816.001    120003         0    120005           0.236     0.509     0.626     0.803     1.049     1.320     1.536     2.134
 817.001    119995         0    119996           0.237     0.519     0.653     0.922     1.160     1.388     1.646     1.992
 818.001    120009         0    119999           0.236     0.504     0.624     0.835     1.091     1.331     1.569     2.028
 819.001    119987         0    120004           0.220     0.506     0.630     0.868     1.127     1.359     1.571     1.890
 820.001    120002         0    120001           0.221     0.512     0.632     0.832     1.078     1.324     1.590     2.236
 821.001    120011         0    120008           0.225     0.513     0.637     0.865     1.115     1.343     1.553     1.980
 822.001    119985         0    119984           0.226     0.508     0.628     0.827     1.075     1.321     1.548     2.041
 823.001    120018         0    120016           0.235     0.522     0.664     0.985     1.171     1.371     1.568     2.023
 824.001    119984         0    119994           0.231     0.494     0.604     0.780     1.026     1.297     1.494     1.996
 825.001    120009         0    120001           0.230     0.506     0.633     0.869     1.119     1.333     1.558     1.924
 826.001    120017         0    120010           0.239     0.519     0.659     0.965     1.175     1.408     1.691     2.175
 827.001    119994         0    119998           0.223     0.504     0.624     0.839     1.099     1.328     1.533     1.934
 828.001    119995         0    119998           0.218     0.520     0.669     1.026     1.196     1.419     1.666     2.031
 829.001    119993         0    119994           0.239     0.521     0.660     0.970     1.156     1.386     1.693     2.075
 830.001    119992         0    119993           0.241     0.530     0.690     1.041     1.191     1.391     1.638     2.056
 831.001    120017         0    120016           0.224     0.507     0.626     0.823     1.081     1.332     1.576     1.928
 832.001    119999         0    119999           0.234     0.515     0.651     0.944     1.148     1.349     1.560     2.189
 833.001    119993         0    119994           0.231     0.510     0.632     0.847     1.107     1.335     1.546     1.867
 834.001    120005         0    120003           0.222     0.519     0.663     1.001     1.176     1.368     1.589     1.904
 835.001    120019         0    120021           0.216     0.508     0.641     0.917     1.140     1.369     1.629     2.023
 836.001    120002         0    120003           0.229     0.520     0.663     0.996     1.181     1.389     1.657     2.279
 837.001    119993         0    119991           0.227     0.499     0.616     0.830     1.091     1.319     1.538     2.216
 838.001    120000         0    119998           0.244     0.513     0.648     0.942     1.141     1.335     1.532     3.269
 839.001    119988         0    119991           0.220     0.524     0.676     1.034     1.190     1.397     1.662     1.992
 840.001    120022         0    120023           0.227     0.515     0.645     0.887     1.127     1.342     1.586     1.919
 841.001    119985         0    119988           0.227     0.528     0.692     1.087     1.254     1.522     1.808     2.509
 842.001    120011         0    120003           0.207     0.510     0.631     0.835     1.081     1.318     1.527     2.621
 843.001    119998         0    120009           0.221     0.530     0.705     1.078     1.208     1.413     1.686     2.028
 844.001    119987         0    119985           0.237     0.505     0.615     0.781     0.990     1.286     1.523     1.954
 845.001    120023         0    120021           0.230     0.541     0.732     1.106     1.221     1.411     1.672     2.333
 846.001    119987         0    119985           0.231     0.513     0.641     0.906     1.136     1.361     1.583     1.992
 847.001    120000         0    120000           0.218     0.535     0.703     1.083     1.220     1.426     1.690     2.076
 848.001    119998         0    119999           0.223     0.521     0.654     0.915     1.132     1.346     1.584     1.993
 849.001    120020         0    120019           0.233     0.520     0.658     0.970     1.154     1.364     1.602     1.929
 850.001    119990         0    119990           0.222     0.517     0.653     0.942     1.148     1.359     1.559     2.210
 851.001    120002         0    119998           0.223     0.511     0.638     0.866     1.117     1.351     1.628     2.022
 852.001    120006         0    120003           0.225     0.526     0.670     0.995     1.171     1.375     1.589     2.074
 853.001    119998         0    120007           0.228     0.507     0.622     0.806     1.056     1.316     1.528     1.994
 854.001    120010         0    120006           0.224     0.525     0.690     1.064     1.204     1.392     1.612     2.020
 855.001    119995         0    120001           0.234     0.518     0.650     0.903     1.139     1.362     1.615     1.992
 856.001    119992         0    119985           0.230     0.532     0.691     1.048     1.204     1.405     1.612     2.111
 857.001    120010         0    120015           0.229     0.517     0.656     0.952     1.153     1.361     1.631     2.079
 858.001    119984         0    119986           0.233     0.525     0.693     1.078     1.209     1.407     1.674     2.370
 859.001    120012         0    120003           0.233     0.514     0.646     0.930     1.138     1.342     1.577     2.265
 860.001    120021         0    120019           0.231     0.526     0.675     1.026     1.189     1.392     1.635     2.191
 861.001    119984         0    119989           0.228     0.518     0.666     1.019     1.179     1.393     1.698     2.082
 862.001    120012         0    120012           0.230     0.521     0.662     0.989     1.165     1.370     1.619     2.039
 863.001    119996         0    119996           0.228     0.525     0.672     1.012     1.182     1.388     1.593     2.061
 864.001    119999         0    120003           0.236     0.526     0.667     0.990     1.166     1.375     1.641     2.214
 865.001    119989         0    119989           0.234     0.522     0.686     1.067     1.197     1.392     1.650     2.241
 866.001    120003         0    119998           0.222     0.511     0.649     0.968     1.153     1.353     1.616     2.202
 867.001    120023         0    120019           0.230     0.532     0.720     1.105     1.225     1.432     1.967     3.568
 868.001    119995         0    119998           0.208     0.513     0.639     0.873     1.113     1.328     1.521     1.887
 869.001    119991         0    119989           0.241     0.526     0.684     1.044     1.191     1.390     1.657     2.365
 870.001    120008         0    120006           0.231     0.519     0.652     0.933     1.142     1.349     1.591     2.003
 871.001    120000         0    120007           0.232     0.533     0.702     1.072     1.210     1.417     1.697     2.048
 872.001    119980         0    119979           0.221     0.526     0.671     1.003     1.177     1.385     1.761     2.875
 873.001    120019         0    120020           0.217     0.528     0.700     1.080     1.211     1.436     1.787     2.075
 874.001    119989         0    119984           0.224     0.523     0.676     1.041     1.197     1.419     1.721     2.008
 875.001    120030         0    120027           0.236     0.531     0.693     1.062     1.207     1.444     1.743     2.304
 876.001    119995         0    120004           0.218     0.521     0.673     1.044     1.207     1.456     1.741     2.234
 877.001    119994         0    119993           0.219     0.524     0.675     1.027     1.181     1.384     1.674     2.386
 878.001    119974         0    119976           0.228     0.531     0.708     1.086     1.211     1.412     1.691     2.101
 879.001    120024         0    120022           0.220     0.528     0.679     1.028     1.180     1.388     1.658     2.245
 880.001    119998         0    119997           0.237     0.533     0.700     1.080     1.225     1.506     1.808     2.183
 881.001    120013         0    120003           0.243     0.525     0.678     1.040     1.198     1.425     1.714     2.067
 882.001    119982         0    119995           0.228     0.540     0.718     1.101     1.231     1.446     1.744     2.045
 883.001    120014         0    120011           0.231     0.525     0.668     0.998     1.177     1.383     1.646     2.540
 884.001    119995         0    119996           0.235     0.531     0.686     1.039     1.193     1.431     1.756     2.142
 885.001    120001         0    120002           0.228     0.522     0.655     0.935     1.176     1.476     1.810     2.609
 886.001    120007         0    120006           0.231     0.526     0.665     0.947     1.155     1.371     1.620     2.126
 887.001    119995         0    119993           0.232     0.529     0.687     1.068     1.236     1.522     1.797     2.265
 888.001    120010         0    120003           0.234     0.515     0.657     0.980     1.164     1.366     1.605     2.157
 889.001    119992         0    119998           0.236     0.528     0.682     1.031     1.190     1.405     1.683     2.017
 890.001    119998         0    120002           0.235     0.529     0.674     1.005     1.169     1.372     1.610     1.914
 891.001    120023         0    120012           0.233     0.524     0.678     1.033     1.180     1.393     1.726     2.032
 892.001    119990         0    120002           0.232     0.520     0.662     0.987     1.172     1.390     1.657     2.035
 893.001    120001         0    119998           0.223     0.516     0.647     0.904     1.150     1.409     1.727     2.273
 894.001    120009         0    120009           0.229     0.517     0.658     0.982     1.144     1.333     1.554     1.988
 895.001    119999         0    120000           0.226     0.515     0.655     0.969     1.145     1.341     1.545     2.134
 896.001    120007         0    119999           0.239     0.515     0.649     0.948     1.165     1.409     1.709     2.095
 897.001    120004         0    120011           0.233     0.516     0.649     0.941     1.148     1.393     1.715     1.989
 898.001    119989         0    119978           0.206     0.516     0.659     1.001     1.182     1.397     1.701     2.057
 899.001    120002         0    120015           0.230     0.517     0.660     0.998     1.165     1.362     1.595     2.072
 900.001    119990         0    119987           0.237     0.514     0.646     0.927     1.150     1.377     1.642     2.165
 901.001    119999         0    120002           0.220     0.516     0.649     0.926     1.138     1.365     1.729     2.157
 902.001    120008         0    119997           0.235     0.522     0.662     0.982     1.176     1.402     1.704     2.198
 903.001    120001         0    120012           0.232     0.519     0.675     1.042     1.187     1.409     1.691     2.290
 904.001    120010         0    120007           0.238     0.516     0.648     0.906     1.136     1.372     1.705     2.066
 905.001    119999         0    120002           0.221     0.521     0.663     0.984     1.174     1.411     1.697     2.138
 906.001    119992         0    119981           0.237     0.505     0.625     0.854     1.106     1.334     1.587     1.906
 907.001    119999         0    120007           0.230     0.515     0.647     0.924     1.142     1.352     1.630     2.468
 908.001    120025         0    120020           0.231     0.515     0.647     0.904     1.132     1.358     1.687     2.097
 909.001    119989         0    119995           0.228     0.506     0.631     0.877     1.115     1.333     1.599     2.049
 910.001    119988         0    119993           0.224     0.516     0.654     0.961     1.148     1.349     1.562     1.937
 911.001    120006         0    120006           0.232     0.514     0.646     0.924     1.155     1.388     1.665     2.055
 912.001    120006         0    120008           0.228     0.521     0.664     0.971     1.148     1.351     1.633     1.976
 913.001    120001         0    119992           0.225     0.500     0.618     0.834     1.097     1.350     1.639     1.955
 914.001    120021         0    120010           0.220     0.511     0.643     0.942     1.157     1.399     1.702     2.036
 915.001    119983         0    119999           0.238     0.515     0.629     0.795     1.010     1.281     1.543     2.056
 916.001    120009         0    120007           0.232     0.513     0.648     0.950     1.150     1.357     1.596     2.077
 917.001    119987         0    119987           0.227     0.505     0.620     0.794     1.032     1.322     1.626     1.969
 918.001    120010         0    120010           0.236     0.513     0.641     0.874     1.122     1.347     1.640     2.083
 919.001    119999         0    120000           0.215     0.511     0.637     0.866     1.112     1.329     1.555     1.939
 920.001    120003         0    120002           0.220     0.499     0.613     0.800     1.055     1.299     1.520     2.059
 921.001    120003         0    120004           0.219     0.501     0.620     0.831     1.087     1.309     1.531     1.932
 922.001    119989         0    119992           0.233     0.505     0.626     0.857     1.113     1.336     1.569     1.908
 923.001    120014         0    120011           0.232     0.513     0.644     0.905     1.127     1.338     1.586     2.000
 924.001    120005         0    119993           0.236     0.510     0.625     0.807     1.056     1.304     1.534     1.975
 925.001    120000         0    120011           0.230     0.507     0.627     0.849     1.111     1.340     1.649     2.028
 926.001    120001         0    120000           0.226     0.501     0.616     0.818     1.083     1.321     1.580     2.111
 927.001    119995         0    119995           0.227     0.517     0.642     0.865     1.107     1.338     1.606     2.103
 928.001    120003         0    120002           0.229     0.504     0.617     0.790     1.035     1.296     1.496     1.848
 929.001    119999         0    120001           0.232     0.504     0.616     0.782     1.012     1.293     1.579     2.034
 930.001    120012         0    120008           0.232     0.494     0.604     0.789     1.044     1.279     1.470     1.823
 931.001    119994         0    120001           0.218     0.493     0.600     0.754     0.957     1.269     1.510     2.077
 932.001    120008         0    119999           0.225     0.500     0.611     0.784     1.018     1.271     1.478     1.963
 933.001    119998         0    120000           0.226     0.499     0.610     0.774     0.997     1.289     1.636     3.088
 934.001    119990         0    119996           0.230     0.513     0.634     0.831     1.077     1.325     1.577     2.085
 935.001    120003         0    120001           0.228     0.500     0.611     0.781     1.011     1.271     1.482     1.779
 936.001    119999         0    120002           0.234     0.500     0.613     0.798     1.060     1.322     1.609     2.126
 937.001    120013         0    119999           0.228     0.509     0.627     0.809     1.051     1.303     1.514     1.971
 938.001    119998         0    120007           0.223     0.502     0.615     0.802     1.056     1.300     1.510     1.902
 939.001    119993         0    119994           0.220     0.511     0.622     0.784     0.985     1.281     1.513     1.881
 940.001    120008         0    120005           0.228     0.513     0.633     0.834     1.080     1.315     1.568     1.933
 941.001    119995         0    120002           0.227     0.504     0.619     0.797     1.036     1.292     1.521     2.028
 942.001    120015         0    120010           0.239     0.505     0.628     0.856     1.112     1.351     1.706     2.198
 943.001    119982         0    119984           0.228     0.503     0.618     0.809     1.065     1.313     1.606     2.053
 944.001    120016         0    120016           0.221     0.499     0.606     0.760     0.957     1.268     1.473     1.848
 945.001    119987         0    119985           0.217     0.510     0.627     0.825     1.083     1.322     1.588     1.972
 946.001    120007         0    120008           0.230     0.506     0.616     0.772     0.952     1.273     1.489     1.851
 947.001    120013         0    120001           0.224     0.506     0.627     0.841     1.099     1.325     1.551     1.926
 948.001    119985         0    120000           0.223     0.509     0.620     0.769     0.930     1.244     1.474     1.909
 949.001    120010         0    120010           0.233     0.512     0.633     0.836     1.086     1.331     1.604     2.000
 950.001    120005         0    119996           0.230     0.509     0.620     0.776     0.961     1.269     1.498     1.873
 951.001    119997         0    120004           0.215     0.512     0.628     0.815     1.067     1.331     1.633     2.148
 952.001    119994         0    119993           0.230     0.513     0.628     0.800     1.023     1.296     1.527     2.601
 953.001    120003         0    120005           0.232     0.521     0.648     0.866     1.118     1.354     1.642     2.681
 954.001    119995         0    119995           0.242     0.506     0.617     0.786     1.007     1.278     1.476     1.978
 955.001    120011         0    120008           0.231     0.503     0.615     0.786     1.020     1.271     1.547     2.097
 956.001    120008         0    120015           0.215     0.508     0.627     0.831     1.087     1.328     1.547     2.076
 957.001    119998         0    119990           0.225     0.506     0.613     0.770     0.952     1.264     1.477     2.022
 958.001    119995         0    119988           0.230     0.510     0.630     0.829     1.089     1.331     1.605     2.034
 959.001    120010         0    120006           0.228     0.500     0.610     0.780     1.006     1.255     1.455     2.161
 960.001    120009         0    120018           0.231     0.506     0.626     0.836     1.100     1.334     1.552     1.909
 961.001    119984         0    119992           0.229     0.496     0.600     0.743     0.909     1.248     1.468     1.767
 962.001    120019         0    120005           0.228     0.513     0.633     0.836     1.084     1.332     1.588     2.109
 963.001    119993         0    120002           0.234     0.516     0.630     0.790     0.977     1.285     1.506     1.916
 964.001    119991         0    119993           0.231     0.515     0.638     0.836     1.086     1.328     1.589     1.920
 965.001    119995         0    119996           0.236     0.513     0.631     0.809     1.049     1.299     1.510     2.093
 966.001    120013         0    120016           0.238     0.506     0.616     0.790     1.020     1.290     1.544     2.116
 967.001    120002         0    120003           0.240     0.504     0.620     0.806     1.057     1.319     1.565     1.892
 968.001    119994         0    119992           0.226     0.506     0.622     0.798     1.036     1.302     1.538     1.951
 969.001    120005         0    120002           0.229     0.516     0.641     0.841     1.091     1.330     1.595     2.167
 970.001    120007         0    120003           0.227     0.497     0.602     0.753     0.932     1.254     1.479     1.985
 971.001    119992         0    119998           0.235     0.509     0.629     0.843     1.104     1.331     1.575     2.025
 972.001    119997         0    119992           0.210     0.502     0.607     0.754     0.925     1.252     1.476     1.824
 973.001    120025         0    120027           0.224     0.508     0.631     0.848     1.105     1.334     1.584     1.967
 974.001    119986         0    119986           0.236     0.499     0.606     0.756     0.938     1.257     1.469     1.931
 975.001    119990         0    119993           0.222     0.506     0.623     0.810     1.067     1.334     1.605     2.029
 976.001    120014         0    120015           0.229     0.508     0.623     0.800     1.038     1.299     1.528     2.013
 977.001    120009         0    120005           0.231     0.511     0.633     0.841     1.090     1.319     1.563     1.968
 978.001    119987         0    119992           0.221     0.511     0.633     0.839     1.092     1.315     1.523     1.934
 979.001    120008         0    120006           0.229     0.505     0.617     0.794     1.038     1.313     1.599     2.075
 980.001    120008         0    120003           0.236     0.514     0.633     0.822     1.072     1.327     1.598     2.226
 981.001    119993         0    119997           0.230     0.502     0.615     0.793     1.049     1.325     1.613     1.994
 982.001    120004         0    120006           0.233     0.500     0.611     0.778     0.996     1.277     1.489     1.868
 983.001    119997         0    119996           0.229     0.497     0.605     0.765     0.973     1.284     1.513     1.975
 984.001    120008         0    120010           0.227     0.518     0.643     0.851     1.102     1.338     1.549     1.995
 985.001    119992         0    119989           0.236     0.499     0.607     0.761     0.956     1.265     1.481     2.292
 986.001    119994         0    119996           0.245     0.510     0.632     0.859     1.113     1.335     1.568     1.968
 987.001    120007         0    120004           0.230     0.504     0.616     0.786     1.009     1.279     1.494     1.986
 988.001    120014         0    120014           0.215     0.509     0.632     0.847     1.098     1.320     1.520     1.840
 989.001    119991         0    119985           0.224     0.525     0.648     0.827     1.049     1.317     1.521     2.004
 990.001    120003         0    120011           0.234     0.521     0.646     0.857     1.109     1.336     1.539     1.894
 991.001    119995         0    119996           0.233     0.516     0.635     0.817     1.057     1.313     1.531     1.923
 992.001    120004         0    119998           0.234     0.509     0.631     0.837     1.093     1.336     1.570     2.023
 993.001    119998         0    120006           0.237     0.518     0.651     0.907     1.144     1.376     1.658     2.402
 994.001    120014         0    120013           0.231     0.506     0.620     0.799     1.037     1.324     1.573     2.200
 995.001    119993         0    119990           0.226     0.510     0.641     0.888     1.140     1.379     1.615     2.045
 996.001    119990         0    119988           0.234     0.512     0.630     0.800     1.020     1.321     1.564     2.259
 997.001    120017         0    120013           0.225     0.520     0.650     0.881     1.125     1.348     1.550     1.885
 998.001    120006         0    120013           0.231     0.504     0.610     0.752     0.900     1.263     1.478     1.819
 999.001    119995         0    119988           0.228     0.511     0.638     0.868     1.114     1.332     1.535     1.969
1000.001    120000         0    119999           0.226     0.518     0.639     0.835     1.071     1.309     1.524     1.958
1001.001    120001         0    120010           0.234     0.519     0.661     0.983     1.179     1.388     1.598     2.064
1002.001    119985         0    119986           0.227     0.507     0.617     0.773     0.949     1.287     1.505     1.950
1003.001    120023         0    120014           0.233     0.518     0.655     0.927     1.145     1.368     1.631     2.210
1004.001    119996         0    119995           0.239     0.514     0.640     0.855     1.112     1.359     1.613     2.000
1005.001    120013         0    120018           0.233     0.501     0.616     0.812     1.075     1.325     1.626     2.019
1006.001    119991         0    119986           0.232     0.517     0.648     0.907     1.150     1.391     1.663     2.134
1007.001    119994         0    120005           0.215     0.507     0.618     0.779     0.979     1.300     1.646     2.035
1008.001    120016         0    120006           0.238     0.515     0.658     1.005     1.183     1.389     1.662     2.195
1009.001    119998         0    120006           0.222     0.495     0.603     0.770     1.004     1.285     1.541     1.924
1010.001    119986         0    119981           0.237     0.521     0.661     0.960     1.168     1.384     1.658     2.171
1011.001    120007         0    120009           0.229     0.518     0.642     0.849     1.100     1.330     1.540     1.991
1012.001    120009         0    120003           0.226     0.508     0.637     0.887     1.141     1.374     1.651     2.204
1013.001    119991         0    119986           0.215     0.504     0.626     0.865     1.119     1.335     1.529     1.839
1014.001    120010         0    120014           0.216     0.521     0.673     1.035     1.191     1.406     1.721     2.400
1015.001    119995         0    120004           0.223     0.520     0.655     0.912     1.144     1.363     1.564     2.146
1016.001    119998         0    119999           0.225     0.526     0.675     1.017     1.190     1.410     1.710     2.173
1017.001    120003         0    119996           0.231     0.521     0.662     0.983     1.183     1.411     1.716     2.101
1018.001    120009         0    120012           0.220     0.512     0.635     0.841     1.099     1.340     1.563     1.953
1019.001    119995         0    119994           0.225     0.524     0.681     1.051     1.200     1.410     1.702     2.088
1020.001    120002         0    119997           0.229     0.521     0.662     0.968     1.161     1.365     1.592     2.063
1021.001    120010         0    120019           0.235     0.535     0.690     1.035     1.197     1.400     1.661     2.339
1022.001    120001         0    119998           0.236     0.512     0.634     0.835     1.086     1.343     1.740     3.316
1023.001    119994         0    119997           0.223     0.522     0.673     1.035     1.202     1.426     1.756     2.628
1024.001    120000         0    119999           0.235     0.513     0.642     0.889     1.135     1.395     1.763     2.091
1025.001    119989         0    119991           0.241     0.530     0.686     1.050     1.210     1.437     1.746     2.059
1026.001    120018         0    120009           0.217     0.523     0.665     0.974     1.168     1.407     1.800     2.378
1027.001    120003         0    120008           0.229     0.530     0.688     1.055     1.211     1.430     1.712     2.146
1028.001    119983         0    119990           0.230     0.524     0.665     0.973     1.169     1.395     1.693     2.263
1029.001    120023         0    120010           0.228     0.525     0.681     1.066     1.238     1.497     1.793     2.128
1030.001    119998         0    120004           0.223     0.523     0.668     0.998     1.185     1.397     1.675     2.118
1031.001    119996         0    120000           0.235     0.526     0.685     1.063     1.212     1.441     1.773     2.132
1032.001    120006         0    120001           0.231     0.524     0.663     0.963     1.177     1.402     1.697     2.146
1033.001    120004         0    119999           0.227     0.531     0.692     1.064     1.210     1.425     1.724     2.253
1034.001    119988         0    119996           0.212     0.523     0.668     1.001     1.196     1.414     1.680     2.167
1035.001    120006         0    120008           0.236     0.536     0.703     1.069     1.214     1.448     1.790     2.253
1036.001    119996         0    119997           0.231     0.525     0.678     1.029     1.200     1.416     1.717     2.128
1037.001    120002         0    120003           0.227     0.535     0.703     1.071     1.219     1.459     1.766     2.179
1038.001    120003         0    119993           0.216     0.527     0.696     1.068     1.211     1.432     1.725     2.070
1039.001    120014         0    120013           0.234     0.515     0.650     0.925     1.160     1.431     1.789     2.189
1040.001    119981         0    119989           0.238     0.524     0.670     1.018     1.185     1.393     1.686     2.111
1041.001    120016         0    120002           0.221     0.522     0.670     1.009     1.200     1.459     1.791     2.212
1042.001    119981         0    119991           0.221     0.541     0.728     1.107     1.240     1.449     1.727     2.144
1043.001    120025         0    120027           0.220     0.526     0.673     1.001     1.199     1.456     1.746     2.187
1044.001    119981         0    119979           0.225     0.520     0.669     1.016     1.190     1.433     1.780     2.343
1045.001    120004         0    120002           0.231     0.517     0.656     0.966     1.176     1.406     1.733     2.018
1046.001    120002         0    120001           0.229     0.529     0.684     1.050     1.209     1.446     1.764     2.204
1047.001    120010         0    120017           0.211     0.524     0.668     1.001     1.190     1.417     1.730     2.037
1048.001    120007         0    120010           0.229     0.527     0.679     1.037     1.198     1.409     1.705     2.103
1049.001    120001         0    119999           0.231     0.522     0.671     1.017     1.190     1.393     1.618     2.277
1050.001    119996         0    119989           0.216     0.522     0.681     1.060     1.205     1.422     1.782     2.198
1051.001    120005         0    120004           0.233     0.527     0.686     1.065     1.214     1.427     1.693     2.041
1052.001    119998         0    120007           0.231     0.514     0.654     1.011     1.203     1.452     1.717     2.308
1053.001    119994         0    119993           0.219     0.523     0.670     1.018     1.189     1.406     1.714     2.116
1054.001    120010         0    120004           0.218     0.515     0.655     0.978     1.183     1.448     1.790     2.259
1055.001    119991         0    119987           0.226     0.531     0.683     1.031     1.196     1.415     1.700     2.200
1056.001    119986         0    119993           0.227     0.520     0.672     1.034     1.205     1.448     1.759     2.294
1057.001    120008         0    120009           0.232     0.531     0.689     1.050     1.208     1.435     1.743     2.423
1058.001    120026         0    120020           0.235     0.515     0.653     0.943     1.156     1.382     1.687     2.090
1059.001    119984         0    119992           0.235     0.541     0.731     1.107     1.226     1.428     1.745     2.404
1060.001    120004         0    119993           0.213     0.521     0.657     0.937     1.159     1.380     1.671     2.226
1061.001    120015         0    120012           0.233     0.525     0.675     1.026     1.188     1.389     1.629     2.001
1062.001    119999         0    120008           0.232     0.520     0.660     0.958     1.164     1.373     1.630     2.008
1063.001    120000         0    120002           0.227     0.527     0.684     1.036     1.194     1.393     1.636     2.220
1064.001    119996         0    119990           0.231     0.522     0.665     0.991     1.178     1.389     1.673     2.202
1065.001    120001         0    120000           0.234     0.532     0.685     1.039     1.206     1.443     1.767     2.357
1066.001    120000         0    119999           0.217     0.533     0.692     1.051     1.212     1.423     1.698     2.015
1067.001    120000         0    120005           0.230     0.538     0.726     1.111     1.247     1.469     1.753     2.300
1068.001    119999         0    119998           0.234     0.531     0.682     1.028     1.182     1.382     1.596     2.537
1069.001    120013         0    120017           0.223     0.532     0.703     1.077     1.222     1.435     1.719     2.138
1070.001    119985         0    119986           0.225     0.510     0.643     0.930     1.155     1.372     1.642     2.212
1071.001    120003         0    119996           0.227     0.523     0.669     1.002     1.185     1.389     1.599     2.300
1072.001    120006         0    120013           0.225     0.542     0.714     1.081     1.223     1.421     1.674     2.234
1073.001    120004         0    119993           0.226     0.526     0.666     0.966     1.172     1.389     1.652     2.421
1074.001    119997         0    120007           0.228     0.526     0.671     1.006     1.184     1.417     1.720     2.089
1075.001    119998         0    120001           0.222     0.521     0.660     0.963     1.166     1.401     1.742     2.063
1076.001    120018         0    120013           0.235     0.514     0.646     0.921     1.145     1.371     1.657     2.292
1077.001    119985         0    119990           0.236     0.519     0.660     0.993     1.180     1.420     1.763     2.193
1078.001    120001         0    119995           0.234     0.519     0.656     0.928     1.146     1.383     1.712     2.181
1079.001    120009         0    120000           0.226     0.527     0.665     0.952     1.180     1.438     1.804     2.261
1080.001    119987         0    119994           0.228     0.520     0.657     0.952     1.172     1.402     1.718     2.193
1081.001    120013         0    120020           0.233     0.527     0.678     1.035     1.205     1.454     1.765     2.122
1082.001    119991         0    119985           0.219     0.514     0.647     0.913     1.151     1.375     1.694     2.298
1083.001    120012         0    120015           0.226     0.526     0.677     1.043     1.209     1.451     1.739     2.253
1084.001    120005         0    120008           0.220     0.516     0.648     0.908     1.143     1.388     1.783     3.287
1085.001    120018         0    120012           0.232     0.511     0.645     0.934     1.165     1.421     1.742     2.464
1086.001    119990         0    119989           0.228     0.511     0.638     0.884     1.134     1.377     1.670     2.154
1087.001    119993         0    120001           0.233     0.514     0.645     0.903     1.143     1.383     1.644     2.310
1088.001    120004         0    120002           0.227     0.508     0.635     0.867     1.120     1.357     1.651     2.185
1089.001    119990         0    119982           0.224     0.524     0.673     1.020     1.188     1.424     1.754     2.064
1090.001    120011         0    120016           0.225     0.510     0.647     0.946     1.167     1.441     1.787     2.353
1091.001    119994         0    119995           0.228     0.514     0.648     0.948     1.159     1.373     1.580     1.868
1092.001    120007         0    120006           0.236     0.509     0.639     0.893     1.142     1.385     1.648     2.300
1093.001    120001         0    120003           0.231     0.523     0.657     0.917     1.154     1.395     1.693     2.022
1094.001    120004         0    120005           0.233     0.506     0.630     0.864     1.180     1.533     1.852     2.585
1095.001    119986         0    119990           0.227     0.519     0.652     0.908     1.146     1.382     1.731     3.756
1096.001    120019         0    120016           0.217     0.516     0.645     0.874     1.135     1.377     1.628     2.183
1097.001    119991         0    119991           0.225     0.519     0.650     0.892     1.135     1.361     1.587     1.963
1098.001    120012         0    120012           0.226     0.500     0.613     0.806     1.074     1.342     1.649     2.986
1099.001    120005         0    120001           0.232     0.521     0.658     0.943     1.168     1.421     1.755     2.082
1100.001    119994         0    119995           0.232     0.514     0.635     0.836     1.095     1.367     1.661     2.140
1101.001    120001         0    120008           0.220     0.520     0.654     0.919     1.147     1.392     1.701     2.006
1102.001    119993         0    119988           0.227     0.510     0.629     0.816     1.066     1.334     1.615     1.991
1103.001    120001         0    120005           0.218     0.534     0.690     1.039     1.208     1.437     1.723     2.374
1104.001    120006         0    120001           0.218     0.516     0.643     0.860     1.113     1.345     1.604     2.124
1105.001    120010         0    120009           0.233     0.511     0.636     0.860     1.116     1.363     1.642     2.159
1106.001    120002         0    120001           0.223     0.514     0.632     0.818     1.063     1.333     1.595     2.249
1107.001    119999         0    120002           0.230     0.521     0.659     0.943     1.169     1.409     1.680     2.096
1108.001    119999         0    119994           0.238     0.521     0.647     0.857     1.111     1.350     1.573     2.173
1109.001    119999         0    120004           0.224     0.510     0.633     0.847     1.112     1.357     1.638     1.989
1110.001    119995         0    119996           0.225     0.502     0.620     0.814     1.072     1.322     1.543     1.972
1111.001    120015         0    120017           0.229     0.504     0.614     0.773     0.965     1.303     1.559     1.976
1112.001    119987         0    119985           0.231     0.508     0.628     0.827     1.077     1.319     1.521     2.118
1113.001    120021         0    120008           0.229     0.499     0.612     0.793     1.044     1.306     1.527     2.109
1114.001    119988         0    119996           0.220     0.515     0.642     0.860     1.114     1.351     1.602     2.222
1115.001    119991         0    119991           0.235     0.504     0.626     0.849     1.109     1.350     1.648     2.138
1116.001    120013         0    120011           0.231     0.505     0.625     0.834     1.096     1.328     1.573     2.279
1117.001    119993         0    119995           0.228     0.509     0.635     0.871     1.127     1.341     1.544     1.894
1118.001    120008         0    120012           0.223     0.498     0.609     0.781     1.011     1.282     1.486     1.873
1119.001    120001         0    120004           0.231     0.501     0.616     0.816     1.081     1.345     1.678     2.351
1120.001    120010         0    119986           0.233     0.510     0.631     0.841     1.109     1.351     1.569     1.957
1121.001    120007         0    120022           0.217     0.504     0.628     0.864     1.116     1.336     1.539     1.896
1122.001    119988         0    119994           0.224     0.497     0.607     0.770     0.974     1.276     1.498     1.879
1123.001    120004         0    120001           0.230     0.509     0.632     0.840     1.096     1.326     1.535     1.952
1124.001    120004         0    120001           0.232     0.498     0.621     0.867     1.126     1.353     1.621     2.132
1125.001    120008         0    120015           0.238     0.501     0.614     0.797     1.042     1.309     1.539     1.917
1126.001    119993         0    119987           0.214     0.503     0.615     0.799     1.050     1.311     1.594     2.092
1127.001    119993         0    119996           0.231     0.507     0.623     0.806     1.058     1.324     1.547     1.925
1128.001    120007         0    120008           0.237     0.514     0.641     0.854     1.111     1.368     1.646     2.063
1129.001    119994         0    119997           0.233     0.511     0.636     0.851     1.110     1.355     1.624     2.033
1130.001    120005         0    119998           0.234     0.511     0.635     0.854     1.108     1.338     1.566     2.198
1131.001    120012         0    120008           0.229     0.518     0.650     0.887     1.133     1.360     1.561     2.429
1132.001    119997         0    119993           0.224     0.516     0.644     0.866     1.117     1.337     1.551     2.073
1133.001    119989         0    120000           0.228     0.506     0.621     0.799     1.044     1.332     1.564     2.222
1134.001    120002         0    120001           0.229     0.514     0.644     0.892     1.139     1.364     1.591     2.075
1135.001    120007         0    120009           0.232     0.502     0.617     0.816     1.078     1.323     1.563     2.056
1136.001    120002         0    120004           0.240     0.514     0.642     0.867     1.119     1.355     1.622     2.169
1137.001    120005         0    120004           0.236     0.505     0.620     0.801     1.057     1.325     1.594     2.019
1138.001    120000         0    119992           0.234     0.506     0.620     0.799     1.045     1.321     1.574     2.075
1139.001    119997         0    120005           0.226     0.506     0.620     0.800     1.046     1.316     1.564     1.942
1140.001    120014         0    120016           0.229     0.498     0.606     0.762     0.977     1.292     1.517     1.871
1141.001    119988         0    119985           0.222     0.504     0.628     0.865     1.119     1.347     1.627     2.061
1142.001    120005         0    120004           0.235     0.502     0.614     0.784     1.015     1.313     1.556     1.920
1143.001    120001         0    119990           0.223     0.500     0.615     0.822     1.080     1.314     1.596     2.111
1144.001    120024         0    120020           0.215     0.500     0.606     0.759     0.936     1.273     1.483     1.913
1145.001    119974         0    119990           0.224     0.515     0.641     0.855     1.108     1.340     1.588     2.009
1146.001    120003         0    120003           0.222     0.504     0.617     0.791     1.029     1.338     1.658     2.163
1147.001    120011         0    120011           0.228     0.509     0.624     0.794     1.018     1.308     1.545     1.972
1148.001    120001         0    119991           0.231     0.504     0.617     0.790     1.034     1.341     1.654     2.014
1149.001    119993         0    120009           0.220     0.515     0.636     0.825     1.074     1.343     1.553     2.273
1150.001    119992         0    119982           0.224     0.515     0.633     0.809     1.044     1.314     1.536     2.114
1151.001    120004         0    120012           0.237     0.508     0.626     0.816     1.076     1.331     1.558     1.971
1152.001    120010         0    119999           0.236     0.518     0.646     0.877     1.133     1.399     1.731     2.105
1153.001    120003         0    120017           0.225     0.496     0.606     0.779     1.012     1.288     1.516     1.916
1154.001    120002         0    119999           0.225     0.516     0.649     0.910     1.135     1.342     1.609     2.059
1155.001    120001         0    119984           0.232     0.513     0.641     0.865     1.116     1.342     1.623     1.982
1156.001    119990         0    120000           0.233     0.509     0.624     0.796     1.026     1.322     1.576     2.466
1157.001    120002         0    120005           0.221     0.516     0.642     0.855     1.112     1.360     1.622     2.026
1158.001    120010         0    120009           0.226     0.505     0.618     0.804     1.070     1.389     1.721     2.126
1159.001    119988         0    119995           0.228     0.513     0.636     0.842     1.100     1.367     1.635     2.061
1160.001    120022         0    120010           0.223     0.508     0.631     0.846     1.105     1.359     1.747     2.404
1161.001    119996         0    120007           0.227     0.500     0.617     0.830     1.100     1.349     1.705     2.820
1162.001    119989         0    119988           0.223     0.509     0.631     0.839     1.094     1.331     1.575     2.169
1163.001    120026         0    120015           0.231     0.502     0.621     0.840     1.122     1.404     1.739     2.165
1164.001    119986         0    119992           0.235     0.501     0.622     0.848     1.119     1.376     1.653     1.964
1165.001    120006         0    120006           0.220     0.514     0.635     0.835     1.085     1.331     1.573     2.053
1166.001    119994         0    120000           0.219     0.525     0.652     0.871     1.124     1.372     1.637     1.997
1167.001    120002         0    119999           0.237     0.510     0.635     0.859     1.113     1.334     1.559     1.942
1168.001    120003         0    120002           0.227     0.506     0.631     0.849     1.105     1.338     1.656     3.199
1169.001    119995         0    119992           0.226     0.519     0.654     0.925     1.166     1.426     1.741     2.157
1170.001    120000         0    120002           0.234     0.514     0.640     0.861     1.110     1.332     1.550     1.932
1171.001    120008         0    120008           0.225     0.521     0.655     0.914     1.146     1.370     1.621     2.443
1172.001    119996         0    119998           0.227     0.513     0.638     0.862     1.116     1.340     1.620     3.607
1173.001    120007         0    120003           0.231     0.504     0.626     0.852     1.126     1.385     1.705     2.111
1174.001    120003         0    120004           0.232     0.509     0.640     0.914     1.159     1.406     1.674     1.993
1175.001    120006         0    119998           0.234     0.521     0.670     1.020     1.202     1.444     1.766     2.296
1176.001    119993         0    120007           0.227     0.519     0.651     0.905     1.145     1.407     1.755     2.286
1177.001    120005         0    120003           0.223     0.509     0.642     0.934     1.164     1.410     1.730     2.236
1178.001    119987         0    119986           0.230     0.516     0.641     0.853     1.111     1.356     1.611     2.343
1179.001    120021         0    120012           0.227     0.520     0.649     0.879     1.121     1.346     1.582     1.953
1180.001    119977         0    119984           0.220     0.509     0.635     0.884     1.145     1.414     1.737     2.099
1181.001    120016         0    120022           0.224     0.516     0.648     0.919     1.156     1.426     1.747     2.101
1182.001    119987         0    119983           0.220     0.515     0.651     0.945     1.158     1.382     1.648     2.339
1183.001    120033         0    120014           0.225     0.515     0.638     0.839     1.082     1.333     1.564     1.881
1184.001    119985         0    120006           0.238     0.520     0.669     1.017     1.183     1.385     1.623     2.157
1185.001    119994         0    119989           0.222     0.511     0.636     0.851     1.105     1.337     1.577     1.921
1186.001    119998         0    120006           0.232     0.530     0.687     1.055     1.219     1.459     1.770     2.226
1187.001    120005         0    119995           0.223     0.502     0.622     0.831     1.082     1.329     1.599     2.014
1188.001    120004         0    120008           0.238     0.523     0.676     1.058     1.233     1.514     1.841     2.212
1189.001    119990         0    119987           0.238     0.516     0.639     0.841     1.087     1.337     1.618     2.096
1190.001    120005         0    120013           0.222     0.518     0.662     0.977     1.179     1.399     1.683     2.404
1191.001    120002         0    120002           0.234     0.514     0.649     0.949     1.151     1.375     1.675     2.218
1192.001    120015         0    120006           0.228     0.514     0.654     0.991     1.190     1.462     1.829     2.451
1193.001    120005         0    120004           0.237     0.506     0.631     0.864     1.115     1.331     1.534     1.920
1194.001    119984         0    119993           0.224     0.509     0.643     0.928     1.152     1.380     1.725     2.163
1195.001    119994         0    119991           0.236     0.515     0.655     0.973     1.183     1.439     1.804     2.206
1196.001    120017         0    120011           0.224     0.517     0.656     0.963     1.169     1.408     1.680     2.232
1197.001    120006         0    120012           0.233     0.518     0.656     0.973     1.174     1.404     1.704     2.089
1198.001    120001         0    120005           0.223     0.508     0.636     0.896     1.138     1.355     1.544     2.018
1199.001    119984         0    119973           0.234     0.531     0.698     1.076     1.228     1.464     1.788     2.349
1200.001    120002         0    120013           0.221     0.525     0.659     0.904     1.132     1.347     1.608     2.152
1201.001    120014         0    120000           0.226     0.527     0.686     1.056     1.209     1.437     1.754     2.208
1202.001    119973         0    119986           0.237     0.522     0.653     0.892     1.132     1.383     1.669     2.245
1203.001    120017         0    120016           0.230     0.532     0.695     1.065     1.218     1.453     1.772     2.234
1204.001    120001         0    120002           0.243     0.501     0.625     0.879     1.141     1.378     1.689     2.122
1205.001    119999         0    119999           0.238     0.524     0.664     0.961     1.166     1.382     1.673     2.054
1206.001    119993         0    119994           0.223     0.524     0.667     0.986     1.179     1.386     1.631     2.347
1207.001    120024         0    120024           0.231     0.524     0.665     0.974     1.176     1.388     1.607     2.091
1208.001    120013         0    119999           0.235     0.528     0.674     0.999     1.174     1.374     1.605     2.079
1209.001    119989         0    119992           0.231     0.526     0.666     0.952     1.165     1.388     1.638     2.120
1210.001    119994         0    120003           0.233     0.530     0.690     1.055     1.209     1.420     1.713     2.482
1211.001    120008         0    120005           0.234     0.518     0.647     0.869     1.125     1.358     1.577     2.114
1212.001    119998         0    120003           0.234     0.532     0.722     1.129     1.269     1.516     1.800     2.290
1213.001    119982         0    119983           0.232     0.509     0.634     0.869     1.121     1.346     1.576     2.041
1214.001    120016         0    120017           0.218     0.520     0.688     1.087     1.236     1.506     1.804     2.451
1215.001    119995         0    119991           0.236     0.516     0.655     0.986     1.178     1.400     1.657     1.968
1216.001    120023         0    120019           0.236     0.528     0.690     1.085     1.254     1.558     1.876     2.357
1217.001    119986         0    119993           0.236     0.525     0.671     1.005     1.193     1.438     1.768     2.271
1218.001    120005         0    120006           0.229     0.528     0.666     0.951     1.179     1.414     1.742     2.216
1219.001    120005         0    120002           0.212     0.520     0.670     1.028     1.196     1.422     1.713     2.056
1220.001    120009         0    120008           0.235     0.527     0.673     1.004     1.193     1.416     1.679     2.171
1221.001    119995         0    119993           0.237     0.518     0.658     0.974     1.164     1.390     1.702     2.118
1222.001    119993         0    119996           0.226     0.517     0.658     0.976     1.159     1.361     1.595     2.118
1223.001    120009         0    120007           0.226     0.525     0.670     1.000     1.184     1.414     1.705     2.243
1224.001    119995         0    119999           0.221     0.519     0.665     1.016     1.186     1.395     1.623     2.082
1225.001    119982         0    119978           0.232     0.518     0.671     1.048     1.199     1.403     1.670     2.095
1226.001    120019         0    120022           0.236     0.511     0.650     0.981     1.159     1.359     1.634     2.251
1227.001    119995         0    119990           0.233     0.522     0.672     1.021     1.186     1.412     1.777     2.281
1228.001    120007         0    120013           0.218     0.511     0.644     0.925     1.161     1.431     1.733     2.249
1229.001    119993         0    119994           0.234     0.522     0.671     1.019     1.193     1.404     1.679     2.169
1230.001    119996         0    119995           0.235     0.522     0.657     0.939     1.160     1.403     1.738     2.130
1231.001    120005         0    120001           0.227     0.523     0.677     1.034     1.204     1.445     2.134     4.915
1232.001    119996         0    120001           0.215     0.522     0.676     1.047     1.213     1.457     1.761     2.132
1233.001    120018         0    120019           0.226     0.525     0.668     0.990     1.180     1.404     1.668     1.991
1234.001    120000         0    119993           0.227     0.512     0.648     0.943     1.167     1.432     1.776     2.621
1235.001    120005         0    120006           0.225     0.518     0.657     0.975     1.195     1.484     2.076     3.881
1236.001    120009         0    120007           0.226     0.522     0.675     1.045     1.210     1.453     1.761     2.370
1237.001    119990         0    119984           0.228     0.512     0.643     0.915     1.153     1.403     1.747     2.275
1238.001    120005         0    120006           0.227     0.513     0.651     0.976     1.178     1.430     1.707     2.080
1239.001    119978         0    119991           0.230     0.531     0.689     1.062     1.220     1.455     1.799     2.234
1240.001    120018         0    120015           0.225     0.503     0.626     0.863     1.129     1.384     1.668     2.144
1241.001    119998         0    119999           0.237     0.520     0.664     0.996     1.170     1.401     1.727     2.433
1242.001    120008         0    120002           0.238     0.507     0.646     0.985     1.177     1.417     1.719     2.096
1243.001    120008         0    120006           0.222     0.511     0.646     0.941     1.149     1.369     1.711     2.298
1244.001    119992         0    119997           0.227     0.519     0.665     1.010     1.182     1.384     1.606     2.116
1245.001    119993         0    119989           0.230     0.520     0.659     0.944     1.148     1.375     1.689     2.067
1246.001    120008         0    120013           0.224     0.512     0.649     0.950     1.160     1.385     1.694     2.343
1247.001    119992         0    119998           0.227     0.517     0.663     1.016     1.206     1.481     1.760     2.163
1248.001    120018         0    120015           0.234     0.513     0.648     0.961     1.149     1.349     1.570     1.908
1249.001    119999         0    119997           0.215     0.516     0.655     0.977     1.169     1.407     1.681     2.324
1250.001    119993         0    119985           0.226     0.510     0.645     0.934     1.150     1.378     1.689     2.478
1251.001    120004         0    120014           0.220     0.526     0.686     1.063     1.218     1.443     1.687     2.179
1252.001    119991         0    119992           0.233     0.515     0.650     0.935     1.164     1.413     1.712     2.322
1253.001    120006         0    120000           0.228     0.520     0.664     0.993     1.176     1.405     1.676     2.036
1254.001    120003         0    120008           0.239     0.518     0.649     0.911     1.152     1.406     1.727     2.154
1255.001    120014         0    120015           0.237     0.526     0.677     1.021     1.202     1.448     1.748     2.494
1256.001    119988         0    119980           0.236     0.509     0.634     0.859     1.107     1.340     1.610     2.376
1257.001    120006         0    120010           0.236     0.521     0.663     0.990     1.171     1.382     1.624     2.043
1258.001    119996         0    119994           0.233     0.512     0.644     0.916     1.140     1.356     1.586     2.118
1259.001    120007         0    120011           0.225     0.517     0.655     0.970     1.181     1.403     1.674     2.345
1260.001    119993         0    119983           0.215     0.509     0.643     0.932     1.135     1.329     1.530     1.775
1261.001    120005         0    120016           0.231     0.508     0.643     0.952     1.168     1.398     1.651     2.136
1262.001    120000         0    119993           0.223     0.515     0.652     0.965     1.168     1.400     1.674     2.087
1263.001    120008         0    120016           0.227     0.513     0.648     0.965     1.168     1.380     1.659     2.150
1264.001    119998         0    119997           0.230     0.516     0.656     0.971     1.171     1.388     1.682     2.329
1265.001    120000         0    120002           0.228     0.514     0.650     0.937     1.155     1.369     1.605     2.310
1266.001    120016         0    120001           0.239     0.510     0.646     0.971     1.167     1.399     1.755     2.329
1267.001    119998         0    120008           0.230     0.515     0.651     0.935     1.155     1.377     1.652     2.087
1268.001    119997         0    119997           0.230     0.516     0.653     0.962     1.161     1.384     1.673     1.936
1269.001    119998         0    119990           0.227     0.507     0.633     0.870     1.120     1.353     1.649     2.181
1270.001    119984         0    119988           0.235     0.518     0.665     1.013     1.180     1.404     1.786     2.120
1271.001    120020         0    120025           0.225     0.520     0.659     0.967     1.161     1.382     1.721     2.031
1272.001    119993         0    119997           0.230     0.507     0.634     0.890     1.139     1.375     1.636     1.986
1273.001    120023         0    120003           0.218     0.506     0.628     0.845     1.102     1.332     1.656     2.157
1274.001    119986         0    119997           0.239     0.517     0.660     0.997     1.171     1.388     1.652     1.934
1275.001    119994         0    119991           0.227     0.511     0.642     0.899     1.145     1.381     1.607     1.942
1276.001    120016         0    120022           0.233     0.510     0.637     0.870     1.117     1.341     1.607     2.142
1277.001    120001         0    120004           0.233     0.515     0.647     0.908     1.140     1.364     1.623     2.063
1278.001    119998         0    119996           0.235     0.511     0.643     0.929     1.144     1.359     1.629     2.026
1279.001    119988         0    119989           0.228     0.503     0.625     0.870     1.117     1.350     1.659     2.247
1280.001    120023         0    120019           0.228     0.509     0.647     0.969     1.169     1.391     1.670     2.226
1281.001    119983         0    119989           0.222     0.519     0.662     1.007     1.183     1.408     1.994     3.185
1282.001    120019         0    120010           0.235     0.510     0.635     0.866     1.116     1.349     1.650     2.041
1283.001    119985         0    119987           0.233     0.516     0.650     0.936     1.163     1.400     1.725     2.320
1284.001    120008         0    120009           0.227     0.497     0.613     0.827     1.090     1.319     1.550     1.994
1285.001    120005         0    119999           0.239     0.509     0.633     0.870     1.127     1.359     1.589     2.030
1286.001    119998         0    120006           0.231     0.501     0.613     0.794     1.032     1.305     1.590     2.689
1287.001    120002         0    120001           0.228     0.522     0.657     0.941     1.162     1.390     1.605     1.889
1288.001    119988         0    119988           0.234     0.506     0.628     0.839     1.098     1.353     1.619     1.986
1289.001    120006         0    120009           0.235     0.506     0.628     0.847     1.100     1.321     1.525     1.905
1290.001    120010         0    120008           0.223     0.512     0.635     0.851     1.107     1.342     1.571     1.994
1291.001    120007         0    120002           0.232     0.519     0.651     0.908     1.143     1.374     1.644     2.099
1292.001    119990         0    119995           0.242     0.515     0.647     0.911     1.132     1.356     1.641     2.059
1293.001    120012         0    120009           0.229     0.509     0.645     0.961     1.163     1.377     1.664     2.245
1294.001    119987         0    119983           0.231     0.492     0.605     0.793     1.053     1.334     1.677     2.279
1295.001    120031         0    120034           0.225     0.505     0.632     0.892     1.143     1.400     1.746     3.156
1296.001    119969         0    119968           0.232     0.509     0.633     0.853     1.123     1.385     1.783     2.408
1297.001    120002         0    120004           0.234     0.515     0.645     0.883     1.120     1.336     1.579     2.014
1298.001    120006         0    120011           0.237     0.525     0.665     0.953     1.164     1.385     1.681     2.173
1299.001    120006         0    120004           0.225     0.502     0.614     0.795     1.053     1.348     1.693     2.167
1300.001    120016         0    119999           0.231     0.509     0.642     0.922     1.147     1.369     1.628     2.150
1301.001    119980         0    119996           0.229     0.502     0.621     0.822     1.081     1.338     1.578     2.398
1302.001    120004         0    120001           0.218     0.521     0.666     1.000     1.189     1.405     1.679     2.214
1303.001    119996         0    119997           0.228     0.501     0.616     0.806     1.056     1.314     1.581     2.079
1304.001    120003         0    120002           0.235     0.511     0.636     0.865     1.112     1.329     1.538     1.904
1305.001    120002         0    120003           0.224     0.512     0.637     0.851     1.104     1.349     1.668     2.095
1306.001    120011         0    120008           0.237     0.511     0.634     0.838     1.100     1.356     1.598     2.064
1307.001    119994         0    120002           0.242     0.512     0.634     0.839     1.092     1.331     1.605     2.070
1308.001    120009         0    120005           0.238     0.502     0.623     0.841     1.099     1.326     1.538     1.817
1309.001    119992         0    119987           0.224     0.509     0.638     0.900     1.136     1.368     1.604     2.218
1310.001    120014         0    120023           0.230     0.500     0.620     0.844     1.116     1.353     1.564     1.953
1311.001    120004         0    119996           0.240     0.513     0.647     0.934     1.151     1.380     1.683     2.214
1312.001    119998         0    120003           0.234     0.507     0.620     0.791     1.011     1.303     1.538     2.075
1313.001    119969         0    119971           0.229     0.529     0.680     1.017     1.186     1.394     1.704     2.376
1314.001    120016         0    120011           0.228     0.500     0.614     0.796     1.043     1.312     1.585     1.985
1315.001    120026         0    120026           0.217     0.521     0.673     1.037     1.183     1.383     1.681     2.138
1316.001    119987         0    119989           0.222     0.510     0.633     0.852     1.115     1.353     1.622     2.101
1317.001    120003         0    120004           0.235     0.504     0.630     0.895     1.139     1.363     1.561     1.905
1318.001    119994         0    119993           0.221     0.503     0.620     0.825     1.092     1.354     1.632     1.943
1319.001    120010         0    120012           0.233     0.516     0.647     0.890     1.141     1.380     1.621     2.036
1320.001    119999         0    119998           0.225     0.510     0.634     0.857     1.106     1.336     1.589     2.015
1321.001    119991         0    119993           0.230     0.512     0.635     0.847     1.109     1.368     1.686     2.374
1322.001    120013         0    120003           0.234     0.515     0.649     0.921     1.155     1.386     1.629     2.040
1323.001    119996         0    120008           0.236     0.510     0.633     0.846     1.105     1.354     1.667     2.124
1324.001    120002         0    120000           0.234     0.518     0.649     0.882     1.141     1.379     1.659     2.275
1325.001    120002         0    119998           0.239     0.516     0.641     0.855     1.119     1.371     1.651     2.076
1326.001    119987         0    119990           0.232     0.529     0.677     1.011     1.185     1.397     1.632     2.120
1327.001    120008         0    120010           0.220     0.509     0.628     0.821     1.074     1.327     1.555     1.988
1328.001    119996         0    119987           0.229     0.510     0.639     0.887     1.128     1.343     1.547     1.874
1329.001    119999         0    120006           0.231     0.518     0.646     0.860     1.116     1.350     1.576     2.048
1330.001    120021         0    120013           0.230     0.516     0.657     0.984     1.176     1.372     1.567     1.939
1331.001    119990         0    119992           0.237     0.517     0.650     0.912     1.138     1.358     1.576     2.082
1332.001    120008         0    120014           0.231     0.516     0.663     1.015     1.192     1.404     1.652     2.165
1333.001    120004         0    119999           0.232     0.513     0.646     0.932     1.148     1.353     1.567     2.080
1334.001    119990         0    119999           0.218     0.505     0.622     0.821     1.077     1.328     1.550     2.040
1335.001    119992         0    119989           0.236     0.519     0.656     0.954     1.159     1.386     1.703     2.259
1336.001    120019         0    120007           0.237     0.522     0.662     0.976     1.177     1.393     1.642     2.171
1337.001    119985         0    119995           0.235     0.511     0.638     0.867     1.126     1.367     1.623     2.312
1338.001    120007         0    120011           0.232     0.505     0.629     0.861     1.116     1.338     1.536     1.922
1339.001    119996         0    119992           0.232     0.515     0.651     0.961     1.167     1.388     1.654     2.051
1340.001    120018         0    120017           0.227     0.511     0.631     0.833     1.084     1.330     1.540     1.854
1341.001    119996         0    119996           0.231     0.509     0.626     0.818     1.078     1.342     1.567     2.084
1342.001    120002         0    120005           0.228     0.518     0.644     0.857     1.107     1.340     1.545     1.895
1343.001    119984         0    119986           0.235     0.516     0.648     0.916     1.149     1.374     1.611     2.232
1344.001    120020         0    120012           0.230     0.507     0.631     0.854     1.113     1.343     1.603     2.009
1345.001    120023         0    120010           0.225     0.517     0.654     0.976     1.198     1.455     1.739     2.130
1346.001    119966         0    119983           0.231     0.524     0.658     0.914     1.143     1.380     1.650     2.212
1347.001    120019         0    120017           0.226     0.512     0.641     0.899     1.145     1.389     1.748     2.183
1348.001    119989         0    119994           0.236     0.529     0.673     0.993     1.180     1.407     1.719     2.503
1349.001    119992         0    119994           0.240     0.527     0.674     0.988     1.169     1.377     1.599     1.949
1350.001    120003         0    120005           0.238     0.519     0.667     1.022     1.193     1.406     1.658     2.039
1351.001    120017         0    120012           0.234     0.517     0.653     0.952     1.164     1.376     1.587     1.946
1352.001    119998         0    119997           0.235     0.512     0.645     0.912     1.147     1.390     1.702     2.304
1353.001    120001         0    120003           0.239     0.520     0.663     0.981     1.166     1.367     1.572     1.919
1354.001    120012         0    120007           0.224     0.512     0.644     0.901     1.139     1.374     1.596     2.519
1355.001    120000         0    119994           0.225     0.519     0.653     0.921     1.153     1.374     1.596     2.054
1356.001    119995         0    120007           0.234     0.523     0.678     1.055     1.230     1.479     1.778     2.413
1357.001    120013         0    120007           0.233     0.515     0.644     0.889     1.135     1.371     1.636     2.200
1358.001    119986         0    119991           0.230     0.515     0.648     0.914     1.140     1.356     1.572     1.960
1359.001    120003         0    120006           0.235     0.516     0.646     0.880     1.128     1.355     1.576     1.997
1360.001    120005         0    119996           0.230     0.510     0.648     0.965     1.178     1.430     1.735     2.150
1361.001    119991         0    119985           0.230     0.518     0.652     0.909     1.140     1.362     1.614     2.361
1362.001    120005         0    120013           0.229     0.529     0.673     0.979     1.181     1.414     1.704     2.171
1363.001    120005         0    120001           0.234     0.515     0.647     0.912     1.148     1.391     1.679     2.228
1364.001    119993         0    119996           0.225     0.515     0.653     0.963     1.163     1.389     1.724     2.173
1365.001    120007         0    120006           0.233     0.524     0.676     1.040     1.201     1.419     1.754     2.263
1366.001    119990         0    119990           0.224     0.520     0.656     0.926     1.147     1.369     1.635     2.031
1367.001    120009         0    120018           0.216     0.508     0.631     0.858     1.122     1.351     1.548     2.063
1368.001    120016         0    120012           0.228     0.524     0.674     1.024     1.190     1.394     1.615     2.031
1369.001    119992         0    119990           0.230     0.523     0.664     0.967     1.171     1.384     1.638     2.070
1370.001    119995         0    119997           0.238     0.511     0.636     0.852     1.099     1.324     1.518     1.955
1371.001    120014         0    120004           0.234     0.518     0.651     0.921     1.151     1.382     1.609     2.012
1372.001    119987         0    119991           0.226     0.513     0.639     0.864     1.119     1.354     1.677     2.167
1373.001    120004         0    120011           0.227     0.526     0.678     1.015     1.183     1.382     1.654     2.109
1374.001    119997         0    119999           0.231     0.519     0.651     0.908     1.143     1.365     1.652     2.200
1375.001    120010         0    120003           0.239     0.527     0.680     1.027     1.187     1.380     1.571     2.269
1376.001    120001         0    120006           0.217     0.513     0.647     0.919     1.150     1.369     1.603     1.996
1377.001    120003         0    120006           0.228     0.521     0.658     0.941     1.147     1.357     1.550     2.122
1378.001    119994         0    119986           0.226     0.501     0.620     0.829     1.089     1.329     1.539     2.006
1379.001    120004         0    120005           0.233     0.520     0.655     0.940     1.169     1.403     2.062     3.754
1380.001    119991         0    119995           0.237     0.521     0.654     0.900     1.137     1.355     1.560     1.981
1381.001    120012         0    120008           0.235     0.533     0.699     1.069     1.213     1.415     1.655     2.234
1382.001    119995         0    119998           0.230     0.529     0.662     0.901     1.143     1.374     1.591     2.007
1383.001    120002         0    120006           0.233     0.529     0.664     0.898     1.126     1.356     1.645     2.636
1384.001    120003         0    119997           0.217     0.516     0.648     0.906     1.130     1.339     1.537     1.936
1385.001    119989         0    119990           0.223     0.520     0.654     0.922     1.160     1.386     1.682     3.783
1386.001    120013         0    120013           0.232     0.527     0.670     0.983     1.174     1.379     1.593     1.942
1387.001    120006         0    120005           0.222     0.518     0.641     0.843     1.097     1.340     1.552     2.161
1388.001    119994         0    119994           0.228     0.518     0.668     1.022     1.189     1.390     1.636     2.304
1389.001    119994         0    120001           0.231     0.512     0.650     0.941     1.157     1.366     1.589     2.101
1390.001    120004         0    120000           0.229     0.514     0.653     0.958     1.165     1.377     1.603     2.232
1391.001    120010         0    120007           0.219     0.514     0.648     0.924     1.147     1.357     1.587     1.879
1392.001    120025         0    120013           0.226     0.521     0.657     0.922     1.148     1.362     1.586     2.142
1393.001    119979         0    119984           0.229     0.530     0.672     0.984     1.179     1.388     1.605     1.989
1394.001    120005         0    120010           0.234     0.519     0.659     0.970     1.170     1.376     1.610     2.142
1395.001    119985         0    119993           0.227     0.520     0.662     0.980     1.180     1.393     1.669     2.175
1396.001    120009         0    120012           0.231     0.514     0.641     0.876     1.122     1.359     1.613     2.357
1397.001    120008         0    120006           0.231     0.522     0.671     1.013     1.170     1.353     1.530     2.042
1398.001    120001         0    119995           0.234     0.504     0.625     0.842     1.100     1.335     1.530     1.994
1399.001    119990         0    119985           0.232     0.516     0.656     0.977     1.175     1.378     1.652     2.273
1400.001    119999         0    120008           0.216     0.504     0.622     0.831     1.091     1.336     1.562     1.970
1401.001    120012         0    120011           0.229     0.521     0.659     0.952     1.159     1.370     1.585     1.947
1402.001    120005         0    119992           0.221     0.508     0.626     0.806     1.052     1.314     1.522     1.928
1403.001    120008         0    120024           0.234     0.517     0.653     0.923     1.156     1.390     1.620     2.169
1404.001    119990         0    119986           0.225     0.511     0.637     0.868     1.117     1.341     1.622     2.042
1405.001    120002         0    120004           0.226     0.520     0.651     0.898     1.134     1.355     1.558     1.962
1406.001    119992         0    119985           0.237     0.526     0.669     0.974     1.172     1.382     1.589     2.367
1407.001    120013         0    120019           0.221     0.518     0.650     0.890     1.137     1.358     1.601     2.124
1408.001    119992         0    119988           0.230     0.513     0.653     0.969     1.165     1.365     1.575     2.035
1409.001    120018         0    120020           0.227     0.499     0.610     0.779     1.006     1.310     1.543     2.004
1410.001    119996         0    120000           0.224     0.511     0.647     0.942     1.148     1.362     1.603     2.005
1411.001    119993         0    119990           0.222     0.506     0.622     0.804     1.056     1.317     1.525     2.057
1412.001    120008         0    119997           0.225     0.515     0.645     0.907     1.142     1.366     1.599     2.074
1413.001    120000         0    120013           0.235     0.518     0.652     0.914     1.142     1.353     1.563     1.851
1414.001    120004         0    120008           0.225     0.514     0.629     0.801     1.030     1.304     1.504     1.920
1415.001    119995         0    119995           0.233     0.520     0.661     0.964     1.170     1.391     1.647     2.294
1416.001    120007         0    120003           0.225     0.501     0.612     0.785     1.014     1.285     1.522     2.337
1417.001    119986         0    119988           0.231     0.520     0.656     0.940     1.150     1.367     1.588     1.880
1418.001    120007         0    120006           0.234     0.495     0.606     0.780     1.014     1.308     1.595     2.036
1419.001    120000         0    120003           0.229     0.533     0.702     1.071     1.208     1.399     1.619     2.234
1420.001    120014         0    120005           0.228     0.507     0.625     0.814     1.071     1.327     1.592     2.193
1421.001    119994         0    120001           0.221     0.516     0.661     1.004     1.171     1.372     1.606     2.390
1422.001    120003         0    120001           0.223     0.500     0.609     0.779     1.000     1.287     1.534     2.094
1423.001    120008         0    120001           0.225     0.518     0.653     0.927     1.138     1.342     1.548     1.965
1424.001    119993         0    119996           0.238     0.510     0.626     0.805     1.049     1.318     1.570     1.949
1425.001    120023         0    120020           0.228     0.516     0.656     0.970     1.163     1.369     1.613     2.122
1426.001    119971         0    119975           0.230     0.508     0.627     0.823     1.082     1.339     1.605     2.101
1427.001    120011         0    120014           0.237     0.511     0.642     0.912     1.141     1.351     1.585     2.284
1428.001    119995         0    119997           0.242     0.515     0.649     0.923     1.145     1.359     1.633     2.095
1429.001    120009         0    120000           0.235     0.511     0.632     0.833     1.092     1.326     1.539     2.074
1430.001    119994         0    120001           0.232     0.519     0.660     0.983     1.175     1.381     1.589     2.081
1431.001    120011         0    120010           0.225     0.507     0.632     0.867     1.119     1.346     1.608     2.083
1432.001    119994         0    119998           0.220     0.524     0.662     0.947     1.153     1.366     1.571     1.991
1433.001    120004         0    119997           0.220     0.503     0.616     0.790     1.031     1.330     1.656     2.058
1434.001    120007         0    120002           0.230     0.524     0.670     0.999     1.182     1.390     1.599     2.014
1435.001    120000         0    120001           0.235     0.508     0.624     0.797     1.036     1.335     1.648     2.220
1436.001    119987         0    119995           0.231     0.524     0.669     1.001     1.187     1.394     1.648     2.035
1437.001    119993         0    119994           0.227     0.505     0.624     0.827     1.082     1.334     1.617     2.130
1438.001    120031         0    120028           0.232     0.506     0.636     0.927     1.152     1.367     1.620     1.994
1439.001    119985         0    119986           0.224     0.510     0.637     0.880     1.121     1.334     1.552     1.981
1440.001    120018         0    120018           0.226     0.502     0.618     0.817     1.081     1.331     1.542     2.097
1441.001    119974         0    119968           0.225     0.519     0.654     0.924     1.152     1.368     1.594     1.977
1442.001    120030         0    120025           0.229     0.511     0.628     0.806     1.054     1.334     1.675     2.120
1443.001    119995         0    119995           0.237     0.520     0.664     1.002     1.182     1.395     1.667     2.200
1444.001    119985         0    119997           0.222     0.503     0.612     0.773     0.974     1.290     1.513     2.052
1445.001    120016         0    120011           0.236     0.534     0.683     1.011     1.194     1.425     1.746     2.228
1446.001    119996         0    119990           0.228     0.501     0.616     0.803     1.056     1.317     1.523     1.992
1447.001    120003         0    120012           0.222     0.514     0.648     0.923     1.142     1.346     1.542     1.953
1448.001    120005         0    120010           0.234     0.504     0.616     0.781     0.981     1.286     1.496     1.934
1449.001    119995         0    119992           0.237     0.524     0.663     0.946     1.165     1.390     1.622     2.040
1450.001    120008         0    120000           0.229     0.513     0.636     0.843     1.102     1.346     1.578     1.896
1451.001    119995         0    119998           0.228     0.521     0.652     0.875     1.126     1.347     1.558     2.234
1452.001    119990         0    119995           0.224     0.523     0.652     0.870     1.118     1.353     1.723     4.227
1453.001    120003         0    119995           0.219     0.509     0.626     0.820     1.081     1.343     1.556     2.052
1454.001    120018         0    120024           0.224     0.519     0.662     0.988     1.176     1.377     1.595     1.973
1455.001    120005         0    120006           0.235     0.496     0.606     0.778     1.025     1.308     1.522     2.183
1456.001    119987         0    119988           0.233     0.525     0.675     1.023     1.186     1.383     1.604     2.200
1457.001    120007         0    120003           0.236     0.510     0.635     0.860     1.119     1.343     1.636     2.363
1458.001    120013         0    119996           0.225     0.514     0.651     0.985     1.202     1.485     1.790     2.279
1459.001    119978         0    119994           0.244     0.510     0.622     0.793     1.015     1.287     1.607     2.157
1460.001    119997         0    120006           0.218     0.519     0.656     0.948     1.164     1.383     1.656     2.241
1461.001    120017         0    120001           0.233     0.517     0.648     0.906     1.150     1.391     1.699     2.016
1462.001    119991         0    120003           0.216     0.522     0.661     0.962     1.168     1.385     1.615     2.515
1463.001    119997         0    119990           0.234     0.510     0.633     0.858     1.114     1.338     1.613     2.181
1464.001    120014         0    120023           0.231     0.511     0.637     0.868     1.117     1.333     1.579     2.109
1465.001    120001         0    120000           0.230     0.519     0.654     0.939     1.151     1.363     1.605     2.163
1466.001    119996         0    119992           0.218     0.513     0.637     0.853     1.115     1.348     1.555     2.052
1467.001    120004         0    120011           0.227     0.514     0.639     0.867     1.113     1.341     1.552     2.088
1468.001    120016         0    120003           0.232     0.498     0.616     0.825     1.095     1.336     1.583     2.083
1469.001    119983         0    119992           0.229     0.516     0.655     0.978     1.167     1.371     1.573     2.185
1470.001    120012         0    120014           0.226     0.503     0.621     0.830     1.089     1.322     1.521     1.911
1471.001    119996         0    119994           0.223     0.510     0.645     0.950     1.162     1.370     1.585     1.997
1472.001    119996         0    119998           0.231     0.512     0.637     0.858     1.116     1.355     1.601     2.198
1473.001    120000         0    119996           0.227     0.520     0.663     0.999     1.191     1.400     1.629     2.454
1474.001    119994         0    119999           0.228     0.513     0.646     0.926     1.150     1.363     1.570     1.943
1475.001    120015         0    120007           0.230     0.509     0.627     0.808     1.060     1.327     1.542     1.972
1476.001    120002         0    120006           0.234     0.518     0.657     0.969     1.169     1.407     1.736     3.013
1477.001    119991         0    119990           0.220     0.516     0.648     0.902     1.134     1.354     1.581     2.024
1478.001    120007         0    120009           0.226     0.516     0.665     1.030     1.195     1.417     1.742     2.238
1479.001    120003         0    119995           0.224     0.508     0.628     0.834     1.087     1.332     1.559     1.885
1480.001    119996         0    120002           0.229     0.517     0.666     1.026     1.186     1.396     1.711     2.128
1481.001    120010         0    120010           0.226     0.504     0.621     0.812     1.070     1.321     1.552     2.059
1482.001    119995         0    119998           0.223     0.524     0.678     1.044     1.208     1.457     1.782     2.148
1483.001    119999         0    119994           0.217     0.513     0.639     0.874     1.123     1.357     1.660     1.973
1484.001    120011         0    120012           0.236     0.523     0.665     0.978     1.162     1.360     1.614     1.967
1485.001    119999         0    119999           0.229     0.511     0.641     0.884     1.130     1.356     1.700     2.103
1486.001    120008         0    120003           0.235     0.523     0.669     0.987     1.171     1.385     1.665     1.995
1487.001    119986         0    119987           0.225     0.524     0.663     0.958     1.165     1.404     1.723     2.018
1488.001    120003         0    120005           0.240     0.512     0.641     0.883     1.123     1.349     1.570     1.996
1489.001    120007         0    120002           0.222     0.517     0.659     0.971     1.165     1.371     1.583     1.950
1490.001    119993         0    119999           0.222     0.522     0.652     0.866     1.117     1.354     1.592     2.010
1491.001    120007         0    120005           0.224     0.529     0.674     0.998     1.188     1.421     1.769     2.208
1492.001    120005         0    120006           0.236     0.507     0.624     0.813     1.058     1.319     1.585     2.048
1493.001    120003         0    120008           0.225     0.525     0.679     1.047     1.211     1.492     1.811     2.269
1494.001    119998         0    119995           0.225     0.514     0.639     0.858     1.105     1.350     1.640     2.030
1495.001    120002         0    119995           0.230     0.517     0.654     0.941     1.159     1.401     1.715     2.169
1496.001    120005         0    119999           0.241     0.520     0.654     0.918     1.152     1.397     1.688     2.255
1497.001    119992         0    120007           0.228     0.525     0.658     0.896     1.125     1.365     1.650     1.939
1498.001    119995         0    119993           0.228     0.525     0.668     0.987     1.178     1.406     1.745     2.198
1499.001    120007         0    120003           0.232     0.518     0.646     0.863     1.115     1.366     1.652     2.269
1500.001    119991         0    119991           0.228     0.534     0.694     1.058     1.217     1.475     1.805     2.390
1501.001    120001         0    120004           0.233     0.519     0.650     0.895     1.139     1.370     1.637     2.169
1502.001    120008         0    120010           0.235     0.525     0.670     0.992     1.168     1.371     1.606     2.259
1503.001    120006         0    120001           0.224     0.523     0.656     0.900     1.148     1.404     1.741     2.204
1504.001    120008         0    120007           0.229     0.521     0.664     0.984     1.182     1.401     1.660     2.230
1505.001    119998         0    119999           0.235     0.519     0.644     0.844     1.098     1.349     1.577     2.173
1506.001    120007         0    120003           0.235     0.526     0.668     0.987     1.172     1.394     1.709     2.535
1507.001    119988         0    120000           0.219     0.524     0.664     0.952     1.169     1.404     1.781     2.234
1508.001    120008         0    120003           0.227     0.524     0.655     0.882     1.119     1.358     1.617     2.023
1509.001    119983         0    119988           0.237     0.519     0.664     1.004     1.189     1.422     1.782     2.220
1510.001    120021         0    120016           0.229     0.515     0.647     0.892     1.137     1.375     1.636     2.023
1511.001    119995         0    119991           0.231     0.524     0.679     1.048     1.202     1.416     1.712     2.234
1512.001    119997         0    120008           0.239     0.513     0.640     0.870     1.121     1.367     1.681     1.987
1513.001    120006         0    120005           0.231     0.515     0.654     0.984     1.176     1.405     1.692     2.132
1514.001    120004         0    120003           0.224     0.510     0.641     0.912     1.139     1.351     1.575     2.484
1515.001    120003         0    120003           0.230     0.528     0.685     1.050     1.193     1.393     1.645     2.263
1516.001    119996         0    119998           0.231     0.505     0.628     0.859     1.114     1.334     1.536     2.033
1517.001    120010         0    120008           0.232     0.519     0.664     1.013     1.189     1.414     1.667     2.107
1518.001    120001         0    119994           0.226     0.509     0.634     0.859     1.114     1.350     1.633     2.062
1519.001    119986         0    119996           0.228     0.517     0.648     0.906     1.136     1.347     1.573     2.002
1520.001    120008         0    120000           0.232     0.517     0.674     1.054     1.195     1.400     1.705     2.333
1521.001    120012         0    120018           0.228     0.516     0.647     0.898     1.159     1.424     1.713     2.048
1522.001    119988         0    119991           0.232     0.530     0.679     1.035     1.213     1.474     1.766     2.257
1523.001    120010         0    119999           0.223     0.511     0.638     0.868     1.121     1.371     1.676     2.049
1524.001    120005         0    120009           0.233     0.519     0.667     1.033     1.211     1.470     1.768     2.163
1525.001    119989         0    119993           0.233     0.504     0.622     0.833     1.111     1.373     1.651     2.056
1526.001    119989         0    119990           0.234     0.517     0.657     0.978     1.178     1.405     1.748     4.305
1527.001    120029         0    120022           0.228     0.516     0.644     0.868     1.115     1.353     1.627     2.009
1528.001    119997         0    120004           0.235     0.522     0.669     1.003     1.188     1.413     1.696     2.097
1529.001    119993         0    119982           0.233     0.513     0.645     0.894     1.141     1.375     1.661     2.206
1530.001    119998         0    120007           0.231     0.524     0.672     1.014     1.181     1.401     1.764     2.408
1531.001    119989         0    119988           0.232     0.511     0.645     0.939     1.161     1.401     1.742     2.226
1532.001    120012         0    120011           0.237     0.516     0.656     0.985     1.164     1.371     1.669     1.948
1533.001    119998         0    119998           0.223     0.516     0.656     0.983     1.172     1.384     1.639     2.070
1534.001    120016         0    120022           0.229     0.515     0.643     0.869     1.124     1.363     1.653     2.071
1535.001    119991         0    119986           0.237     0.518     0.660     0.980     1.172     1.377     1.596     2.048
1536.001    120008         0    120008           0.221     0.510     0.638     0.881     1.128     1.352     1.663     2.998
1537.001    119992         0    119993           0.228     0.520     0.664     0.991     1.180     1.395     1.675     2.720
1538.001    120015         0    120016           0.227     0.515     0.650     0.938     1.159     1.377     1.659     2.200
1539.001    119993         0    119989           0.225     0.517     0.660     0.990     1.177     1.389     1.661     2.146
1540.001    119999         0    120002           0.229     0.520     0.656     0.949     1.165     1.390     1.691     2.308
1541.001    119989         0    119993           0.240     0.525     0.674     1.031     1.198     1.432     1.774     2.146
1542.001    120010         0    120005           0.238     0.505     0.627     0.837     1.104     1.347     1.668     2.171
1543.001    120011         0    120004           0.235     0.515     0.657     0.982     1.171     1.411     1.782     2.423
1544.001    119999         0    120009           0.221     0.517     0.652     0.954     1.170     1.375     1.591     1.865
1545.001    120005         0    119997           0.224     0.518     0.646     0.880     1.126     1.345     1.555     1.924
1546.001    120001         0    120006           0.234     0.518     0.653     0.928     1.149     1.401     1.832     2.351
1547.001    120001         0    119995           0.218     0.518     0.651     0.919     1.148     1.374     1.650     2.200
1548.001    119998         0    120002           0.225     0.519     0.660     0.961     1.160     1.369     1.621     2.050
1549.001    119992         0    119993           0.227     0.520     0.665     0.991     1.185     1.397     1.656     2.183
1550.001    120007         0    120012           0.231     0.520     0.663     0.993     1.176     1.402     1.731     2.076
1551.001    120009         0    120005           0.222     0.514     0.653     0.969     1.167     1.386     1.670     2.234
1552.001    120001         0    119988           0.237     0.524     0.665     0.971     1.166     1.410     1.759     2.247
1553.001    119997         0    120010           0.231     0.516     0.646     0.890     1.128     1.341     1.571     2.030
1554.001    120003         0    119996           0.219     0.510     0.633     0.842     1.100     1.349     1.587     1.923
1555.001    120010         0    120018           0.227     0.507     0.632     0.861     1.120     1.350     1.559     2.044
1556.001    119995         0    119998           0.233     0.517     0.648     0.897     1.137     1.369     1.593     2.159
1557.001    120000         0    119997           0.233     0.516     0.646     0.878     1.121     1.355     1.650     2.038
1558.001    119982         0    119979           0.227     0.515     0.639     0.841     1.093     1.341     1.567     2.140
1559.001    120013         0    120015           0.223     0.535     0.695     1.048     1.200     1.404     1.680     2.214
1560.001    120003         0    120005           0.231     0.509     0.626     0.812     1.066     1.328     1.563     2.087
1561.001    120004         0    120000           0.234     0.513     0.651     0.971     1.158     1.361     1.611     2.026
1562.001    120004         0    120001           0.233     0.525     0.656     0.897     1.134     1.360     1.610     2.061
1563.001    119999         0    120000           0.235     0.514     0.644     0.881     1.132     1.360     1.568     2.099
1564.001    119999         0    120006           0.233     0.525     0.665     0.965     1.175     1.400     1.702     2.023
1565.001    120000         0    119998           0.232     0.510     0.629     0.824     1.081     1.327     1.558     2.208
1566.001    120011         0    120009           0.227     0.514     0.633     0.825     1.074     1.338     1.598     2.140
1567.001    119995         0    119992           0.231     0.509     0.626     0.805     1.056     1.328     1.608     2.061
1568.001    120004         0    119996           0.228     0.519     0.653     0.912     1.145     1.361     1.565     1.890
1569.001    120000         0    120010           0.228     0.511     0.635     0.852     1.107     1.339     1.604     2.249
1570.001    120000         0    120004           0.216     0.518     0.651     0.923     1.145     1.366     1.653     2.134
1571.001    120002         0    120005           0.225     0.517     0.636     0.812     1.042     1.317     1.527     1.870
1572.001    120000         0    119999           0.229     0.520     0.658     0.958     1.171     1.388     1.624     2.324
1573.001    120001         0    120000           0.232     0.508     0.621     0.794     1.023     1.296     1.504     2.074
1574.001    120001         0    120001           0.220     0.505     0.638     0.948     1.159     1.372     1.650     2.138
1575.001    119991         0    119983           0.230     0.513     0.632     0.814     1.058     1.325     1.570     2.049
1576.001    120027         0    120026           0.235     0.522     0.654     0.885     1.133     1.361     1.613     2.177
1577.001    119980         0    119986           0.234     0.512     0.636     0.860     1.113     1.346     1.621     2.159
1578.001    120014         0    120012           0.223     0.515     0.642     0.859     1.110     1.337     1.547     1.893
1579.001    120001         0    119997           0.222     0.516     0.646     0.898     1.146     1.397     1.683     2.120
1580.001    119998         0    120003           0.233     0.499     0.616     0.809     1.068     1.319     1.583     2.216
1581.001    119997         0    120000           0.233     0.510     0.638     0.894     1.133     1.360     1.635     2.097
1582.001    120002         0    119995           0.221     0.502     0.615     0.801     1.057     1.319     1.574     1.972
1583.001    120016         0    120008           0.222     0.504     0.621     0.809     1.062     1.305     1.512     1.989
1584.001    119986         0    119998           0.232     0.514     0.639     0.849     1.104     1.340     1.568     2.065
1585.001    120003         0    120007           0.231     0.508     0.627     0.824     1.083     1.335     1.570     2.337
1586.001    119993         0    119995           0.225     0.504     0.616     0.786     1.019     1.331     1.671     2.146
1587.001    120003         0    119995           0.239     0.514     0.633     0.818     1.064     1.320     1.555     2.200
1588.001    120019         0    120017           0.228     0.498     0.606     0.766     0.988     1.319     1.595     2.092
1589.001    119986         0    119987           0.229     0.502     0.617     0.805     1.056     1.308     1.517     1.818
1590.001    120002         0    120008           0.232     0.508     0.625     0.801     1.042     1.325     1.598     2.051
1591.001    120003         0    120001           0.231     0.514     0.636     0.837     1.093     1.333     1.542     2.290
1592.001    119994         0    119993           0.228     0.513     0.634     0.830     1.080     1.323     1.533     1.970
1593.001    120020         0    120018           0.230     0.513     0.632     0.820     1.066     1.321     1.546     1.953
1594.001    119998         0    119994           0.230     0.502     0.620     0.820     1.079     1.313     1.520     1.962
1595.001    119979         0    119983           0.239     0.505     0.622     0.809     1.059     1.311     1.580     2.052
1596.001    120018         0    120015           0.223     0.514     0.641     0.862     1.127     1.380     1.752     2.179
1597.001    120006         0    120011           0.229     0.500     0.608     0.764     0.952     1.273     1.505     2.073
1598.001    120003         0    120002           0.228     0.513     0.634     0.836     1.092     1.354     1.630     2.070
1599.001    119980         0    119981           0.230     0.505     0.623     0.810     1.052     1.305     1.523     1.894
1600.001    120008         0    120006           0.226     0.503     0.620     0.816     1.081     1.346     1.744     3.521
1601.001    120009         0    120011           0.229     0.510     0.628     0.806     1.036     1.307     1.540     2.059
1602.001    120013         0    120001           0.226     0.512     0.633     0.829     1.071     1.307     1.508     1.876
1603.001    119984         0    119994           0.227     0.514     0.635     0.833     1.082     1.328     1.589     2.157
1604.001    119999         0    119995           0.230     0.510     0.623     0.791     1.000     1.312     1.586     2.074
1605.001    120004         0    120012           0.231     0.512     0.634     0.839     1.091     1.336     1.610     1.976
1606.001    120001         0    119996           0.238     0.514     0.630     0.798     1.009     1.329     1.615     2.083
1607.001    120000         0    120002           0.229     0.516     0.639     0.836     1.081     1.337     1.572     1.900
1608.001    120002         0    119999           0.233     0.507     0.625     0.822     1.071     1.332     1.627     2.013
1609.001    119998         0    120003           0.243     0.513     0.636     0.845     1.107     1.360     1.619     2.406
1610.001    120006         0    120006           0.209     0.514     0.631     0.801     1.027     1.333     1.775     3.721
1611.001    120017         0    120013           0.236     0.521     0.647     0.862     1.109     1.336     1.582     2.222
1612.001    119986         0    119984           0.211     0.512     0.629     0.803     1.025     1.295     1.524     2.090
1613.001    120000         0    120006           0.226     0.504     0.617     0.795     1.040     1.319     1.565     2.116
1614.001    119987         0    119986           0.230     0.509     0.631     0.838     1.092     1.353     1.693     2.769
1615.001    120027         0    120018           0.227     0.509     0.626     0.806     1.045     1.320     1.538     1.898
1616.001    119994         0    120000           0.237     0.509     0.632     0.843     1.100     1.346     1.587     1.930
1617.001    120002         0    120006           0.228     0.504     0.617     0.794     1.035     1.298     1.523     1.895
1618.001    120000         0    119998           0.229     0.511     0.640     0.893     1.130     1.352     1.605     2.120
1619.001    120008         0    120000           0.224     0.505     0.619     0.783     0.992     1.304     1.514     1.805
1620.001    119987         0    119999           0.227     0.518     0.644     0.864     1.106     1.336     1.553     1.971
1621.001    120020         0    120010           0.230     0.497     0.608     0.776     1.001     1.304     1.553     2.090
1622.001    119988         0    119999           0.234     0.518     0.638     0.819     1.056     1.324     1.540     1.905
1623.001    120003         0    119993           0.232     0.514     0.631     0.805     1.037     1.317     1.549     2.109
1624.001    119992         0    119999           0.226     0.502     0.615     0.802     1.061     1.331     1.565     1.932
1625.001    119994         0    119996           0.234     0.504     0.627     0.871     1.123     1.343     1.622     2.220
1626.001    120017         0    120011           0.225     0.500     0.622     0.851     1.119     1.360     1.611     1.972
1627.001    119993         0    119999           0.228     0.508     0.628     0.828     1.103     1.358     1.662     2.279
1628.001    120010         0    120010           0.232     0.496     0.603     0.759     0.952     1.269     1.510     2.050
1629.001    119992         0    119992           0.231     0.517     0.654     0.946     1.157     1.374     1.644     2.085
1630.001    120002         0    120001           0.226     0.496     0.605     0.766     0.975     1.279     1.496     1.882
1631.001    120005         0    119999           0.219     0.511     0.636     0.853     1.116     1.370     1.646     2.111
1632.001    119989         0    119990           0.233     0.518     0.654     0.934     1.157     1.371     1.601     2.277
1633.001    120019         0    120017           0.226     0.506     0.628     0.845     1.105     1.337     1.564     2.086
1634.001    120012         0    120019           0.230     0.509     0.637     0.870     1.121     1.347     1.597     1.990
1635.001    119992         0    119993           0.227     0.508     0.634     0.856     1.110     1.349     1.597     2.074
1636.001    119997         0    119996           0.232     0.516     0.645     0.897     1.143     1.388     1.647     2.439
1637.001    120006         0    120002           0.232     0.505     0.628     0.863     1.115     1.336     1.552     2.000
1638.001    120003         0    119998           0.218     0.498     0.616     0.831     1.109     1.367     1.656     2.030
1639.001    119997         0    120008           0.237     0.514     0.638     0.861     1.113     1.348     1.577     2.023
1640.001    119997         0    119995           0.216     0.519     0.661     0.981     1.163     1.360     1.594     2.010
1641.001    120000         0    119997           0.236     0.511     0.642     0.904     1.142     1.394     1.713     2.134
1642.001    120004         0    120006           0.236     0.512     0.646     0.929     1.152     1.377     1.632     2.085
1643.001    119989         0    119995           0.232     0.502     0.621     0.835     1.102     1.348     1.583     2.099
1644.001    120013         0    120003           0.228     0.527     0.678     1.030     1.193     1.404     1.653     1.995
1645.001    120000         0    119998           0.242     0.503     0.618     0.806     1.062     1.333     1.564     2.088
1646.001    119999         0    120001           0.243     0.518     0.665     1.009     1.181     1.386     1.597     2.138
1647.001    120005         0    120001           0.222     0.520     0.648     0.866     1.120     1.367     1.629     2.347
1648.001    120000         0    120009           0.228     0.521     0.660     0.949     1.174     1.413     1.681     2.224
1649.001    119984         0    119980           0.238     0.531     0.675     0.978     1.176     1.405     1.663     2.206
1650.001    120018         0    120016           0.224     0.526     0.663     0.928     1.151     1.375     1.625     2.138
1651.001    119999         0    120002           0.228     0.518     0.656     0.953     1.166     1.398     1.690     2.008
1652.001    120004         0    120005           0.221     0.519     0.650     0.905     1.155     1.405     1.681     2.105
1653.001    119996         0    119997           0.229     0.523     0.671     1.009     1.185     1.395     1.681     2.148
1654.001    120000         0    120004           0.221     0.522     0.659     0.944     1.161     1.383     1.612     2.062
1655.001    120007         0    120005           0.223     0.520     0.671     1.023     1.189     1.407     1.671     1.983
1656.001    119999         0    119998           0.225     0.511     0.635     0.851     1.126     1.393     1.703     2.171
1657.001    119999         0    120004           0.225     0.519     0.672     1.035     1.189     1.398     1.701     2.777
1658.001    120010         0    120006           0.216     0.517     0.652     0.937     1.177     1.400     1.640     2.159
1659.001    119999         0    119994           0.240     0.526     0.674     1.019     1.185     1.396     1.669     2.353
1660.001    119994         0    119996           0.223     0.520     0.652     0.910     1.155     1.393     1.660     2.193
1661.001    120008         0    120009           0.223     0.525     0.684     1.056     1.207     1.459     1.766     2.284
1662.001    120008         0    120008           0.235     0.505     0.623     0.820     1.085     1.338     1.578     2.126
1663.001    119996         0    120001           0.226     0.516     0.656     0.986     1.183     1.411     1.657     2.116
1664.001    119974         0    119972           0.228     0.507     0.637     0.910     1.143     1.364     1.615     2.039
1665.001    120018         0    120017           0.225     0.514     0.645     0.914     1.145     1.361     1.572     2.220
1666.001    120001         0    119998           0.225     0.517     0.674     1.056     1.201     1.419     1.724     2.320
1667.001    120010         0    120018           0.228     0.498     0.612     0.798     1.054     1.326     1.568     1.891
1668.001    119994         0    119990           0.222     0.520     0.694     1.091     1.226     1.431     1.714     2.132
1669.001    120017         0    120013           0.228     0.493     0.602     0.768     1.007     1.302     1.536     1.977
1670.001    119981         0    119981           0.232     0.520     0.680     1.067     1.210     1.411     1.640     2.179
1671.001    120010         0    120008           0.230     0.510     0.634     0.843     1.105     1.338     1.581     1.970
1672.001    119999         0    120002           0.233     0.521     0.671     1.026     1.187     1.381     1.587     2.187
1673.001    119946         0    119953           0.221     0.514     0.641     0.885     1.134     1.359     1.716     3.234
1674.001    120052         0    120042           0.212     0.519     0.670     1.018     1.188     1.405     1.682     3.981
1675.001    119995         0    119995           0.213     0.517     0.662     0.997     1.176     1.393     1.682     2.050
1676.001    120019         0    120016           0.226     0.514     0.660     1.015     1.179     1.374     1.612     2.122
1677.001    119990         0    120001           0.223     0.526     0.689     1.067     1.221     1.451     1.737     2.419
1678.001    120022         0    120013           0.228     0.527     0.678     1.034     1.197     1.417     1.717     2.189
1679.001    119981         0    119983           0.234     0.529     0.716     1.105     1.233     1.458     1.781     2.206
1680.001    120014         0    120017           0.228     0.514     0.640     0.875     1.135     1.391     1.712     2.290
1681.001    119997         0    119996           0.231     0.526     0.690     1.070     1.218     1.438     1.729     2.331
1682.001    120004         0    120010           0.236     0.511     0.630     0.827     1.076     1.316     1.512     1.847
1683.001    120002         0    119997           0.226     0.534     0.708     1.086     1.227     1.444     1.700     2.245
1684.001    119967         0    119967           0.218     0.511     0.641     0.905     1.135     1.372     1.938     4.334
1685.001    120029         0    120018           0.222     0.537     0.734     1.122     1.248     1.460     1.741     2.195
1686.001    120001         0    120014           0.225     0.519     0.654     0.939     1.161     1.396     1.689     2.148
1687.001    119997         0    119993           0.216     0.542     0.740     1.121     1.241     1.445     1.721     2.002
1688.001    119998         0    119999           0.238     0.528     0.671     0.993     1.178     1.391     1.631     2.138
1689.001    120011         0    120013           0.232     0.517     0.655     0.964     1.170     1.396     1.733     2.312
1690.001    119987         0    119985           0.240     0.529     0.677     1.005     1.183     1.393     1.660     2.703
1691.001    120016         0    120014           0.226     0.525     0.683     1.068     1.232     1.489     1.790     2.181
1692.001    120002         0    119998           0.231     0.537     0.701     1.053     1.200     1.412     1.716     2.046
1693.001    119991         0    119999           0.226     0.524     0.666     0.989     1.186     1.418     1.718     2.277
1694.001    120013         0    120014           0.228     0.523     0.671     1.021     1.197     1.442     1.757     2.148
1695.001    119993         0    119984           0.226     0.525     0.669     1.000     1.187     1.403     1.644     2.094
1696.001    120001         0    120014           0.237     0.528     0.682     1.037     1.204     1.440     1.753     2.355
1697.001    119997         0    119990           0.236     0.515     0.647     0.917     1.150     1.392     1.668     2.025
1698.001    120019         0    120012           0.230     0.516     0.650     0.928     1.156     1.396     1.701     2.191
1699.001    119994         0    120005           0.230     0.514     0.650     0.961     1.171     1.411     1.770     2.275
1700.001    120006         0    120003           0.237     0.522     0.670     1.034     1.228     1.522     1.793     2.349
1701.001    119987         0    119980           0.238     0.527     0.672     1.007     1.201     1.451     1.797     2.179
1702.001    120002         0    120016           0.219     0.530     0.696     1.074     1.219     1.434     1.749     2.198
1703.001    119997         0    119988           0.228     0.521     0.666     0.985     1.175     1.396     1.695     2.011
1704.001    120024         0    120021           0.227     0.515     0.653     0.958     1.170     1.407     1.724     2.140
1705.001    119996         0    119984           0.240     0.517     0.653     0.932     1.156     1.383     1.658     2.183
1706.001    119989         0    120004           0.230     0.521     0.665     0.991     1.195     1.423     1.693     2.173
1707.001    119997         0    119995           0.227     0.534     0.702     1.072     1.217     1.438     1.750     2.419
1708.001    120024         0    120024           0.235     0.528     0.663     0.911     1.143     1.392     1.724     2.329
1709.001    119985         0    119987           0.230     0.514     0.648     0.935     1.159     1.388     1.687     2.175
1710.001    120001         0    119999           0.239     0.506     0.628     0.846     1.116     1.374     1.720     2.247
1711.001    119992         0    119992           0.235     0.525     0.686     1.072     1.230     1.457     1.751     2.200
1712.001    120006         0    120008           0.217     0.508     0.629     0.846     1.099     1.340     1.614     1.937
1713.001    120009         0    120009           0.233     0.516     0.658     1.000     1.184     1.401     1.666     2.214
1714.001    120003         0    119992           0.234     0.506     0.628     0.865     1.121     1.359     1.634     2.345
1715.001    120002         0    120013           0.232     0.520     0.668     1.017     1.184     1.390     1.645     2.033
1716.001    120001         0    120005           0.242     0.520     0.656     0.941     1.152     1.377     1.665     2.181
1717.001    119998         0    119993           0.232     0.521     0.665     0.988     1.172     1.389     1.684     2.234
1718.001    120007         0    120005           0.220     0.517     0.653     0.932     1.150     1.375     1.673     3.449
1719.001    119993         0    120001           0.236     0.515     0.647     0.911     1.130     1.347     1.616     2.249
1720.001    120004         0    120003           0.231     0.518     0.649     0.900     1.143     1.399     1.741     2.333
1721.001    120001         0    120001           0.236     0.513     0.636     0.845     1.106     1.332     1.534     2.812
1722.001    119992         0    119993           0.217     0.526     0.683     1.064     1.228     1.475     1.804     2.400
1723.001    119995         0    119993           0.228     0.513     0.644     0.890     1.128     1.358     1.641     2.400
1724.001    120017         0    120016           0.230     0.528     0.671     0.998     1.196     1.442     1.734     2.189
1725.001    119989         0    119988           0.236     0.527     0.660     0.904     1.135     1.372     1.655     2.062
1726.001    120021         0    120019           0.234     0.535     0.705     1.084     1.236     1.462     1.764     2.183
1727.001    119967         0    119971           0.224     0.523     0.656     0.908     1.140     1.370     1.692     2.331
1728.001    120037         0    120040           0.224     0.537     0.684     1.008     1.204     1.459     1.767     2.255
1729.001    119999         0    119982           0.225     0.520     0.649     0.880     1.122     1.352     1.629     2.281
1730.001    119992         0    120007           0.232     0.518     0.649     0.902     1.147     1.397     1.689     2.132
1731.001    120000         0    119992           0.236     0.516     0.642     0.862     1.111     1.337     1.556     2.245
1732.001    120010         0    120013           0.227     0.515     0.635     0.833     1.090     1.361     1.711     2.333
1733.001    119995         0    119990           0.237     0.525     0.665     0.952     1.162     1.371     1.613     2.093
1734.001    120002         0    120010           0.217     0.505     0.614     0.765     0.930     1.289     1.658     2.132
1735.001    119992         0    119993           0.230     0.525     0.672     1.007     1.180     1.381     1.592     1.999
1736.001    120003         0    120007           0.238     0.521     0.649     0.867     1.129     1.405     1.708     2.116
1737.001    120009         0    120001           0.237     0.531     0.680     1.005     1.176     1.383     1.636     2.056
1738.001    119993         0    119999           0.239     0.523     0.651     0.863     1.103     1.351     1.703     2.085
1739.001    120010         0    120006           0.228     0.537     0.699     1.058     1.198     1.397     1.636     2.118
1740.001    119987         0    119988           0.233     0.519     0.638     0.814     1.052     1.331     1.559     2.048
1741.001    120017         0    120019           0.232     0.522     0.655     0.916     1.150     1.372     1.622     2.175
1742.001    119987         0    119983           0.232     0.525     0.657     0.880     1.111     1.328     1.531     2.247
1743.001    120016         0    120014           0.237     0.526     0.664     0.941     1.159     1.385     1.660     2.095
1744.001    119982         0    119979           0.225     0.514     0.638     0.844     1.086     1.330     1.593     2.234
1745.001    120021         0    120024           0.236     0.525     0.655     0.867     1.109     1.360     1.674     2.273
1746.001    120001         0    120000           0.225     0.521     0.650     0.864     1.117     1.352     1.583     2.034
1747.001    120007         0    120013           0.232     0.506     0.616     0.778     0.985     1.315     1.718     3.445
1748.001    119982         0    119985           0.234     0.524     0.657     0.918     1.140     1.347     1.533     1.863
1749.001    119999         0    119991           0.236     0.521     0.643     0.834     1.084     1.357     1.636     2.109
1750.001    120008         0    120010           0.236     0.528     0.660     0.895     1.127     1.345     1.579     2.404
1751.001    120006         0    120004           0.243     0.520     0.642     0.820     1.049     1.313     1.522     2.052
1752.001    119997         0    119999           0.232     0.527     0.664     0.945     1.157     1.371     1.604     2.314
1753.001    119994         0    120002           0.228     0.517     0.639     0.825     1.063     1.313     1.506     2.107
1754.001    120009         0    120006           0.236     0.516     0.641     0.851     1.101     1.342     1.583     2.008
1755.001    120004         0    120005           0.231     0.516     0.639     0.845     1.094     1.331     1.598     1.976
1756.001    120005         0    120007           0.239     0.524     0.650     0.854     1.101     1.360     1.694     2.783
1757.001    119994         0    119991           0.232     0.522     0.648     0.855     1.104     1.336     1.560     2.388
1758.001    120002         0    120003           0.238     0.520     0.642     0.835     1.084     1.362     1.678     2.040
1759.001    120000         0    119999           0.224     0.517     0.642     0.849     1.090     1.320     1.524     1.973
1760.001    119996         0    119996           0.228     0.516     0.633     0.815     1.054     1.302     1.525     2.232
1761.001    120002         0    119997           0.220     0.532     0.665     0.895     1.126     1.352     1.586     1.964
1762.001    120020         0    120020           0.221     0.507     0.622     0.793     1.014     1.293     1.507     2.009
1763.001    119992         0    119991           0.232     0.515     0.636     0.832     1.075     1.317     1.551     2.067
1764.001    120000         0    120009           0.224     0.507     0.614     0.764     0.932     1.270     1.523     2.281
1765.001    119998         0    119991           0.221     0.519     0.650     0.884     1.135     1.358     1.626     2.417
1766.001    120002         0    119995           0.224     0.507     0.620     0.795     1.019     1.286     1.484     2.008
1767.001    120007         0    120018           0.224     0.519     0.642     0.840     1.090     1.329     1.550     2.033
1768.001    119998         0    119983           0.228     0.516     0.636     0.809     1.042     1.318     1.533     1.951
1769.001    119999         0    120013           0.230     0.520     0.652     0.886     1.132     1.366     1.586     1.959
1770.001    119999         0    120001           0.226     0.515     0.634     0.814     1.052     1.324     1.587     1.964
1771.001    120007         0    120002           0.234     0.505     0.615     0.788     1.021     1.286     1.499     1.906
1772.001    119997         0    119998           0.227     0.521     0.645     0.842     1.089     1.333     1.532     2.074
1773.001    120013         0    120011           0.230     0.518     0.637     0.820     1.067     1.340     1.617     2.109
1774.001    119988         0    119992           0.220     0.510     0.629     0.810     1.051     1.313     1.552     2.016
1775.001    120007         0    120009           0.217     0.511     0.625     0.788     0.995     1.286     1.493     1.844
1776.001    120008         0    119999           0.224     0.521     0.648     0.864     1.112     1.347     1.584     2.290
1777.001    119998         0    119999           0.230     0.515     0.632     0.800     1.019     1.295     1.511     1.916
1778.001    120003         0    120001           0.227     0.521     0.650     0.867     1.120     1.379     1.712     2.413
1779.001    120001         0    120008           0.219     0.504     0.618     0.800     1.040     1.294     1.499     2.025
1780.001    119992         0    119993           0.222     0.520     0.645     0.848     1.099     1.359     1.664     2.029
1781.001    120011         0    120008           0.235     0.510     0.626     0.797     1.015     1.287     1.504     2.066
1782.001    120000         0    119998           0.232     0.508     0.630     0.844     1.104     1.341     1.618     2.073
1783.001    119998         0    119998           0.223     0.513     0.627     0.784     0.965     1.306     1.523     1.983
1784.001    119997         0    119999           0.238     0.519     0.650     0.876     1.114     1.337     1.609     1.995
1785.001    120007         0    120010           0.233     0.516     0.634     0.810     1.036     1.305     1.540     1.955
1786.001    119995         0    119986           0.222     0.519     0.646     0.866     1.115     1.342     1.611     1.991
1787.001    120011         0    120018           0.223     0.513     0.629     0.802     1.033     1.318     1.577     2.091
1788.001    120007         0    120003           0.223     0.516     0.640     0.854     1.112     1.346     1.577     2.070
1789.001    120000         0    120000           0.235     0.513     0.632     0.821     1.063     1.317     1.528     1.905
1790.001    119999         0    120003           0.219     0.511     0.627     0.816     1.076     1.334     1.613     2.072
1791.001    119995         0    119979           0.224     0.516     0.639     0.844     1.093     1.327     1.512     1.902
1792.001    119989         0    120008           0.223     0.507     0.620     0.798     1.041     1.283     1.480     1.841
1793.001    120011         0    120005           0.229     0.514     0.641     0.879     1.118     1.336     1.570     1.976
1794.001    120008         0    120003           0.238     0.516     0.632     0.812     1.052     1.314     1.585     2.073
1795.001    119983         0    119989           0.221     0.515     0.640     0.869     1.110     1.329     1.581     1.934
1796.001    120025         0    120022           0.231     0.507     0.619     0.790     1.013     1.274     1.461     1.940
1797.001    119985         0    119988           0.234     0.517     0.645     0.869     1.117     1.346     1.596     2.138
1798.001    120006         0    120011           0.217     0.501     0.607     0.757     0.914     1.246     1.463     1.854
1799.001    120006         0    119999           0.239     0.502     0.625     0.869     1.122     1.332     1.605     2.105
1800.001    119951         0    119971           0.233     0.499     0.607     0.766     0.975     1.278     1.530     1.940
1800.001         1         0      2875           1.367     1.368     1.368     1.368     1.368     1.368     1.368     1.368

SUMMARY STATS ══════════════════════════════════════════════════════════════════════════════════════════════════════════════
    Elapsed time       [s]   1800.004                                                                 
        CPU time       [s]  10040.747                                                                 
 CPU utilisation       [%]       15.5                                                                 
          Cycles      [op]  216002107                                                                 
          Errors      [op]          0                                                                 
              └─       [%]        0.0                                                                 
        Requests     [req]  216002107                                                                 
              └─  [req/op]        1.0                                                                 
         Retries     [ret]          0                                                                 
              └─ [ret/req]    0.00000                                                                 
            Rows     [row]  107983876                                                                 
              └─ [row/req]        0.5                                                                 
     Concurrency     [req]          7 ± 0                                                             
              └─       [%]          6                                                                 
      Throughput    [op/s]     120001 ± 7                                                             
              ├─   [req/s]     120001 ± 7                                                             
              └─   [row/s]      59991 ± 3                                                             
   Cycle latency      [ms]      0.578 ± 0.000                                                         
 Request latency      [ms]      0.500 ± 0.000                                                         

CYCLE LATENCY for standard1_select [ms]  ═══════════════════════════════════════════════════════════════════════════════════
          Min                   0.201 ± 0.005                                                         
           25                   0.430 ± 0.000                                                         
           50                   0.518 ± 0.000                                                         
           75                   0.662 ± 0.000                                                         
           90                   0.922 ± 0.000                                                         
           95                   1.130 ± 0.000                                                         
           98                   1.282 ± 0.000                                                         
           99                   1.382 ± 0.001                                                         
           99.9                 1.711 ± 0.002                                                         
           99.99                1.945 ± 0.003                                                         
          Max                   4.702 ± 0.659                                                         

CYCLE LATENCY for standard1_insert [ms]  ═══════════════════════════════════════════════════════════════════════════════════
          Min                   0.216 ± 0.007                                                         
           25                   0.429 ± 0.000                                                         
           50                   0.508 ± 0.000                                                         
           75                   0.623 ± 0.000                                                         
           90                   0.822 ± 0.001                                                         
           95                   1.125 ± 0.000                                                         
           98                   1.269 ± 0.000                                                         
           99                   1.347 ± 0.000                                                         
           99.9                 1.542 ± 0.002                                                         
           99.99                1.737 ± 0.004                                                         
          Max                   4.915 ± 0.970                                                         

