CONFIG ═════════════════════════════════════════════════════════════════════════════════════════════════════════════════════
            Date            Sat, 12 Jul 2025                                                          
            Time            03:55:22 +0000                                                            
         Cluster                                                                                      
      Datacenter                                                                                      
   Cass. version            3.0.8                                                                     
        Workload            workload.rn                                                               
     Function(s)            standard1_insert:1, standard1_insert_cache:4, standard1_select:4, standard1_select_cache:16                                            
     Consistency            LocalQuorum                                                               
            Tags                                                                                      
────────────────────────────────────────────────────────────────────────────────────────────────────────────────────────────
       -P offset            500000000                                                                 
────────────────────────────────────────────────────────────────────────────────────────────────────────────────────────────
         Threads                   12                                                                 
     Connections                    1                                                                 
     Concurrency     [req]        128                                                                 
        Max rate    [op/s]     196000                                                                 
          Warmup       [s]                                                                            
              └─      [op]          1                                                                 
        Run time       [s]    21600.0                                                                 
              └─      [op]                                                                            
        Sampling       [s]        1.0                                                                 
              └─      [op]                                                                            
 Request timeout       [s]          5                                                                 
         Retries                                                                                      
  ┌──────┴number                   10                                                                 
  ├─min interval      [ms]        100                                                                 
  └─max interval      [ms]       5000                                                                 

LOG ════════════════════════════════════════════════════════════════════════════════════════════════════════════════════════
    Time    Cycles    Errors    Thrpt.     ────────────────────────────────── Latency [ms/op] ──────────────────────────────
     [s]      [op]      [op]    [op/s]             Min        50        75        90        95        99      99.9       Max
   1.001    196011         0    195856           0.253    44.958   141.296   193.462   215.351   272.368   300.679   326.894
   2.001    195953         0    195952           0.256     0.694     0.892     1.176     1.365     1.772     2.392     3.828
   3.001    196047         0    196038           0.246     0.705     0.923     1.234     1.441     1.896     2.517     3.695
   4.001    195979         0    195992           0.261     0.691     0.903     1.215     1.419     1.942     4.399     7.897
   5.001    195999         0    195998           0.265     0.696     0.913     1.222     1.420     1.857     2.480     3.719
   6.001    195996         0    196007           0.238     0.693     0.903     1.208     1.406     1.849     2.525     4.461
   7.001    196041         0    196027           0.235     0.694     0.906     1.211     1.406     1.844     2.445     3.783
   8.001    195936         0    195952           0.258     0.686     0.894     1.199     1.394     1.825     2.494     4.653
   9.001    196038         0    196025           0.246     0.713     0.979     1.610     2.699     4.555     6.435     9.118
  10.001    196013         0    196011           0.232     0.698     0.910     1.222     1.435     1.928     3.746     6.943
  11.001    195983         0    195978           0.244     0.689     0.897     1.200     1.394     1.822     2.435     3.633
  12.001    195987         0    196009           0.229     0.694     0.907     1.212     1.408     1.850     2.474     3.549
  13.001    195989         0    195982           0.248     0.696     0.908     1.214     1.410     1.854     2.460     3.807
  14.002    196032         0    196007           0.233     0.696     0.906     1.214     1.414     1.864     2.503     3.600
  15.001    195985         0    196003           0.247     0.694     0.903     1.209     1.407     1.840     2.456     3.295
  16.001    195971         0    195990           0.244     0.699     0.910     1.218     1.412     1.832     2.425     3.613
  17.001    195952         0    195941           0.257     0.729     1.010     1.560     2.546     4.559     6.402    10.863
  18.001    196069         0    196079           0.242     0.713     0.946     1.300     1.570     2.836     5.157     8.823
  19.001    195995         0    195986           0.249     0.700     0.910     1.210     1.403     1.830     2.470     4.202
  20.001    196041         0    196024           0.258     0.696     0.909     1.219     1.410     1.836     2.460     4.207
  21.001    195993         0    196002           0.257     0.705     0.922     1.235     1.434     1.876     2.515     3.478
  22.001    195998         0    196002           0.253     0.697     0.910     1.221     1.419     1.854     2.484     4.227
  23.001    195987         0    195990           0.252     0.701     0.912     1.214     1.405     1.827     2.431     3.594
  24.001    196005         0    196009           0.245     0.697     0.909     1.221     1.418     1.845     2.462     3.998
  25.001    195966         0    195942           0.264     0.709     0.942     1.306     1.564     2.617     4.706     8.905
  26.001    196044         0    196062           0.260     0.728     0.998     1.581     2.650     4.555     6.398    10.494
  27.001    196027         0    196012           0.265     0.708     0.924     1.232     1.431     1.861     2.458     3.676
  28.001    195990         0    195987           0.249     0.707     0.922     1.233     1.430     1.873     2.494     3.807
  29.001    195989         0    195999           0.257     0.711     0.933     1.252     1.450     1.907     2.515     3.746
  30.001    196009         0    196008           0.241     0.707     0.923     1.236     1.433     1.870     2.480     3.582
  31.001    196003         0    196014           0.246     0.699     0.909     1.217     1.412     1.846     2.445     3.391
  32.001    196032         0    196024           0.254     0.696     0.909     1.214     1.408     1.842     2.456     3.541
  33.001    195980         0    195973           0.255     0.704     0.922     1.236     1.437     1.888     2.525     3.799
  34.001    195969         0    195984           0.245     0.721     1.005     1.625     2.546     4.387     6.185     8.856
  35.001    196025         0    196032           0.241     0.698     0.913     1.219     1.418     1.869     2.470     4.047
  36.001    195981         0    195967           0.243     0.699     0.911     1.214     1.411     1.851     2.472     3.738
  37.001    195990         0    196006           0.254     0.702     0.916     1.225     1.423     1.874     2.494     3.660
  38.001    196006         0    195997           0.231     0.709     0.930     1.246     1.447     1.902     2.533     3.693
  39.001    196011         0    196002           0.240     0.709     0.930     1.241     1.441     1.895     2.574     3.697
  40.001    196035         0    196007           0.245     0.709     0.930     1.245     1.447     1.922     2.578     3.840
  41.001    195959         0    195991           0.241     0.704     0.923     1.238     1.441     1.893     2.525     3.801
  42.001    195922         0    195924           0.266     0.715     0.979     1.492     2.224     4.194     6.107    10.363
  43.001    196090         0    196080           0.251     0.709     0.937     1.293     1.568     3.117     5.378     8.684
  44.001    195987         0    195994           0.240     0.706     0.923     1.238     1.435     1.894     2.490     3.416
  45.001    195988         0    196000           0.250     0.707     0.923     1.237     1.441     1.889     2.550     3.926
  46.001    196020         0    196016           0.255     0.706     0.925     1.242     1.445     1.900     2.537     3.928
  47.001    195997         0    195987           0.246     0.712     0.931     1.243     1.443     1.901     2.501     3.807
  48.001    196004         0    195997           0.243     0.714     0.935     1.248     1.449     1.903     2.550     3.983
  49.001    196004         0    196017           0.254     0.713     0.938     1.260     1.460     1.944     2.591     3.572
  50.001    195972         0    195970           0.268     0.710     0.946     1.305     1.560     2.451     4.106     8.823
  51.001    196041         0    196043           0.244     0.717     0.982     1.519     2.374     4.276     6.185     9.708
  52.001    196003         0    196001           0.241     0.715     0.933     1.246     1.445     1.897     2.572     4.317
  53.001    196016         0    196015           0.254     0.708     0.926     1.238     1.439     1.888     2.525     3.840
  54.001    196000         0    195994           0.256     0.704     0.921     1.235     1.438     1.887     2.486     3.762
  55.001    196005         0    196016           0.257     0.705     0.923     1.240     1.441     1.910     2.533     3.717
  56.001    195992         0    196003           0.257     0.710     0.931     1.248     1.447     1.907     2.537     3.684
  57.001    196017         0    195997           0.254     0.709     0.929     1.240     1.438     1.898     2.527     3.596
  58.001    196025         0    196006           0.257     0.711     0.934     1.250     1.453     1.926     2.540     4.071
  59.001    195975         0    195993           0.246     0.729     1.021     1.624     2.521     4.383     6.193    10.142
  60.001    196006         0    196023           0.252     0.705     0.920     1.232     1.432     1.877     2.480     3.555
  61.001    196002         0    196007           0.248     0.702     0.920     1.238     1.436     1.889     2.507     3.699
  62.001    196013         0    195986           0.237     0.709     0.923     1.229     1.432     1.878     2.523     3.598
  63.001    196006         0    196018           0.246     0.707     0.924     1.238     1.438     1.898     2.544     3.645
  64.001    195999         0    195999           0.260     0.708     0.931     1.249     1.448     1.906     2.556     3.899
  65.001    196000         0    195990           0.253     0.708     0.927     1.241     1.443     1.913     2.556     3.539
  66.001    195999         0    195998           0.259     0.705     0.925     1.239     1.441     1.897     2.540     3.590
  67.001    195935         0    195954           0.240     0.730     0.997     1.457     1.951     3.822     5.796     8.765
  68.001    196049         0    196033           0.259     0.717     0.958     1.335     1.645     3.246     5.292     8.872
  69.001    196026         0    196032           0.263     0.712     0.937     1.256     1.456     1.921     2.576     3.869
  70.001    195998         0    195987           0.262     0.717     0.943     1.257     1.462     1.925     2.585     4.123
  71.001    196000         0    196019           0.238     0.709     0.927     1.241     1.444     1.913     2.562     3.899
  72.001    196013         0    196006           0.242     0.696     0.913     1.227     1.428     1.901     2.513     4.227
  73.001    196009         0    195997           0.239     0.710     0.927     1.238     1.438     1.902     2.548     3.645
  74.001    195994         0    195999           0.241     0.707     0.927     1.237     1.434     1.889     2.497     3.680
  75.001    195995         0    195984           0.243     0.714     0.956     1.318     1.567     2.324     3.754     6.636
  76.001    196059         0    196026           0.242     0.720     0.997     1.518     2.181     3.910     5.779     8.270
  77.001    195944         0    195986           0.236     0.709     0.934     1.251     1.450     1.916     2.537     3.850
  78.001    195988         0    196006           0.253     0.708     0.932     1.254     1.453     1.916     2.552     3.529
  79.001    196022         0    196006           0.244     0.717     0.941     1.257     1.462     1.925     2.548     3.785
  80.001    195979         0    195983           0.251     0.711     0.933     1.253     1.453     1.911     2.544     3.934
  81.001    196019         0    196021           0.256     0.712     0.936     1.256     1.460     1.932     2.552     3.752
  82.001    195998         0    196000           0.250     0.712     0.936     1.254     1.456     1.906     2.548     3.977
  83.001    195957         0    195967           0.265     0.712     0.935     1.250     1.445     1.909     2.515     3.373
  84.001    196048         0    196019           0.259     0.720     1.015     1.567     2.251     4.022     5.870     8.659
  85.001    195993         0    196006           0.243     0.707     0.931     1.252     1.455     1.929     2.568     3.863
  86.001    195985         0    195989           0.256     0.709     0.926     1.243     1.440     1.900     2.525     3.860
  87.001    196005         0    196018           0.250     0.708     0.930     1.247     1.446     1.902     2.537     4.547
  88.001    196042         0    196015           0.249     0.705     0.924     1.241     1.445     1.896     2.529     3.541
  89.001    195961         0    195983           0.245     0.708     0.927     1.244     1.444     1.913     2.527     3.983
  90.001    196029         0    195999           0.252     0.703     0.926     1.247     1.448     1.901     2.533     3.719
  91.001    195986         0    196010           0.240     0.710     0.930     1.245     1.445     1.887     2.533     3.791
  92.002    195932         0    195932           0.262     0.718     0.986     1.452     1.903     3.410     5.083     8.344
  93.001    196064         0    196066           0.249     0.715     0.963     1.364     1.729     3.594     5.583     9.044
  94.001    195998         0    195996           0.257     0.703     0.925     1.243     1.442     1.894     2.537     3.928
  95.001    195977         0    195983           0.238     0.711     0.930     1.245     1.448     1.906     2.519     4.026
  96.001    196021         0    196012           0.263     0.708     0.931     1.249     1.450     1.908     2.511     4.016
  97.001    196018         0    196021           0.257     0.711     0.933     1.252     1.448     1.894     2.525     3.850
  98.001    195983         0    195994           0.245     0.709     0.928     1.244     1.443     1.890     2.525     3.783
  99.001    195994         0    195991           0.255     0.700     0.921     1.238     1.437     1.897     2.560     3.678
 100.001    196042         0    196003           0.245     0.716     0.954     1.284     1.490     1.972     2.617     3.885
 101.001    195956         0    195995           0.242     0.735     1.035     1.574     2.290     4.157     6.021    11.076
 102.001    196015         0    196002           0.252     0.717     0.943     1.261     1.461     1.913     2.554     4.180
 103.001    196001         0    196014           0.256     0.720     0.949     1.269     1.469     1.928     2.558     3.918
 104.001    196012         0    195993           0.249     0.722     0.955     1.273     1.471     1.925     2.587     3.957
 105.001    195998         0    196010           0.262     0.724     0.956     1.273     1.474     1.935     2.591     4.243
 106.001    195989         0    195998           0.267     0.725     0.958     1.278     1.478     1.948     2.576     3.873
 107.001    195999         0    195998           0.257     0.722     0.955     1.273     1.474     1.932     2.544     4.215
 108.001    196020         0    196010           0.260     0.720     0.953     1.276     1.475     1.938     2.556     4.026
 109.001    195970         0    195963           0.244     0.742     1.044     1.564     2.124     3.613     5.329     8.511
 110.001    196034         0    196045           0.256     0.726     0.962     1.287     1.500     1.995     2.939     5.505
 111.001    196010         0    195992           0.258     0.724     0.954     1.271     1.466     1.909     2.544     3.512
 112.001    195990         0    196013           0.259     0.722     0.956     1.275     1.479     1.987     2.691     4.010
 113.001    196008         0    196001           0.254     0.724     0.957     1.278     1.475     1.933     2.595     3.725
 114.001    196030         0    196003           0.247     0.721     0.955     1.280     1.481     1.945     2.601     3.848
 115.001    195985         0    195995           0.248     0.722     0.953     1.272     1.469     1.922     2.607     4.858
 116.001    195971         0    196002           0.248     0.732     0.965     1.285     1.484     1.943     2.595     3.879
 117.001    195985         0    195977           0.259     0.737     1.015     1.435     1.781     3.056     4.858     8.446
 118.001    196022         0    196012           0.250     0.727     0.989     1.397     1.721     2.914     4.596     8.454
 119.001    196015         0    196012           0.234     0.712     0.938     1.258     1.461     1.921     2.560     3.781
 120.001    196021         0    196010           0.242     0.728     0.958     1.276     1.480     1.929     2.570     3.699
 121.001    195939         0    195972           0.256     0.728     0.964     1.284     1.485     1.947     2.603     4.119
 122.001    196037         0    196030           0.229     0.721     0.952     1.276     1.473     1.937     2.589     4.102
 123.001    196004         0    195987           0.235     0.723     0.956     1.278     1.477     1.931     2.576     3.992
 124.001    196015         0    196019           0.253     0.721     0.955     1.276     1.471     1.927     2.537     4.395
 125.001    196007         0    195988           0.261     0.724     0.967     1.302     1.510     2.000     2.654     4.045
 126.001    196001         0    196023           0.253     0.739     1.047     1.608     2.302     3.934     5.693     9.396
 127.001    195944         0    195955           0.244     0.726     0.961     1.287     1.490     1.969     2.628     3.830
 128.001    196034         0    196029           0.237     0.721     0.953     1.277     1.478     1.937     2.542     3.633
 129.001    196015         0    195998           0.272     0.728     0.961     1.281     1.481     1.958     2.611     3.906
 130.001    195992         0    196007           0.256     0.727     0.961     1.283     1.481     1.950     2.568     3.789
 131.001    196003         0    196003           0.253     0.729     0.963     1.281     1.485     1.946     2.564     3.543
 132.001    196002         0    195992           0.271     0.726     0.958     1.275     1.479     1.946     2.597     3.639
 133.001    196019         0    196012           0.243     0.722     0.960     1.289     1.496     1.993     2.658     3.944
 134.001    195934         0    195946           0.247     0.736     1.019     1.440     1.785     3.185     5.284     8.241
 135.001    196059         0    196051           0.259     0.730     0.975     1.334     1.587     2.601     4.788     8.315
 136.001    196012         0    196017           0.254     0.725     0.962     1.285     1.491     1.959     2.626     3.858
 137.001    195990         0    195998           0.261     0.720     0.951     1.273     1.475     1.933     2.556     3.615
 138.001    196029         0    196012           0.264     0.726     0.963     1.289     1.494     1.973     2.601     3.850
 139.001    195971         0    195986           0.255     0.722     0.956     1.278     1.479     1.945     2.558     4.168
 140.001    196002         0    195999           0.252     0.727     0.961     1.285     1.483     1.953     2.585     3.881
 141.001    195981         0    195988           0.270     0.727     0.959     1.279     1.483     1.950     2.593     3.734
 142.001    196037         0    196009           0.255     0.732     1.008     1.420     1.723     2.777     4.489     7.668
 143.001    195988         0    196007           0.231     0.732     1.000     1.426     1.810     3.383     5.267     9.167
 144.001    195995         0    196005           0.269     0.734     0.977     1.304     1.510     1.981     2.601     3.803
 145.001    196004         0    195996           0.243     0.723     0.958     1.284     1.487     1.945     2.589     3.690
 146.001    196004         0    196020           0.250     0.730     0.970     1.295     1.496     1.976     2.636     3.594
 147.001    195987         0    195988           0.252     0.723     0.960     1.287     1.489     1.945     2.595     4.026
 148.001    196025         0    196020           0.254     0.714     0.953     1.284     1.486     1.955     2.578     3.699
 149.001    196011         0    196006           0.252     0.718     0.952     1.279     1.479     1.946     2.599     3.987
 150.001    195973         0    195967           0.266     0.734     0.987     1.331     1.539     2.035     2.714     4.502
 151.001    195990         0    196003           0.252     0.739     1.053     1.591     2.251     3.899     5.722     8.585
 152.001    196027         0    196016           0.262     0.722     0.961     1.286     1.487     1.962     2.580     3.738
 153.001    195997         0    195999           0.265     0.721     0.956     1.279     1.481     1.947     2.605     4.309
 154.001    196009         0    195997           0.264     0.726     0.963     1.287     1.492     1.958     2.607     3.760
 155.001    195997         0    196008           0.271     0.736     0.976     1.303     1.503     1.970     2.599     3.580
 156.001    196009         0    196009           0.249     0.729     0.967     1.291     1.493     1.961     2.615     3.828
 157.001    195997         0    195997           0.233     0.732     0.971     1.295     1.498     1.958     2.621     3.869
 158.001    195988         0    195983           0.256     0.732     0.973     1.304     1.509     1.994     2.671     4.325
 159.001    196029         0    196012           0.257     0.742     1.038     1.463     1.790     2.929     4.620     7.746
 160.001    195983         0    196006           0.249     0.745     1.010     1.383     1.657     2.623     4.633     9.462
 161.001    196036         0    196007           0.268     0.729     0.968     1.296     1.499     1.959     2.566     3.873
 162.001    195988         0    195997           0.263     0.721     0.957     1.282     1.483     1.945     2.589     4.239
 163.001    195988         0    196016           0.244     0.725     0.958     1.286     1.490     1.963     2.585     3.631
 164.001    196000         0    195982           0.243     0.729     0.970     1.296     1.498     1.974     2.636     3.856
 165.001    196008         0    196005           0.246     0.720     0.955     1.281     1.481     1.929     2.546     3.690
 166.001    195975         0    195986           0.262     0.727     0.966     1.293     1.498     1.964     2.578     3.826
 167.001    196014         0    196025           0.256     0.734     1.006     1.391     1.656     2.497     3.910     6.418
 168.001    196023         0    196008           0.258     0.732     1.015     1.473     1.912     3.471     5.276     8.073
 169.001    196004         0    195985           0.228     0.731     0.973     1.305     1.506     1.988     2.609     3.717
 170.001    195996         0    196020           0.251     0.726     0.967     1.300     1.503     1.966     2.623     4.133
 171.001    195987         0    195991           0.266     0.727     0.964     1.291     1.489     1.954     2.632     3.686
 172.001    196009         0    196004           0.266     0.732     0.973     1.304     1.504     1.973     2.607     3.942
 173.001    196011         0    195991           0.248     0.736     0.980     1.309     1.517     1.993     2.673     3.973
 174.001    196004         0    196025           0.258     0.731     0.971     1.300     1.502     1.961     2.585     3.928
 175.001    195974         0    195974           0.264     0.737     0.996     1.354     1.578     2.202     3.441     5.849
 176.001    195993         0    195986           0.274     0.734     1.026     1.506     2.004     3.688     5.538     8.782
 177.001    196032         0    196030           0.245     0.725     0.971     1.316     1.530     2.097     3.125     6.316
 178.001    196013         0    196018           0.251     0.726     0.966     1.297     1.501     1.971     2.642     3.830
 179.001    195970         0    195951           0.250     0.726     0.964     1.296     1.505     1.979     2.613     3.758
 180.001    196006         0    196028           0.256     0.732     0.972     1.300     1.504     1.973     2.589     4.252
 181.001    196018         0    196016           0.252     0.729     0.972     1.299     1.503     1.962     2.580     3.844
 182.001    195981         0    195979           0.263     0.723     0.956     1.287     1.488     1.946     2.601     3.619
 183.001    196012         0    196007           0.270     0.723     0.965     1.299     1.505     1.990     2.673     4.305
 184.001    195973         0    195979           0.265     0.737     1.015     1.401     1.668     2.499     4.127     7.836
 185.001    196019         0    196026           0.253     0.729     0.999     1.418     1.769     3.156     4.948    10.101
 186.001    195995         0    196003           0.247     0.720     0.954     1.275     1.473     1.919     2.558     3.840
 187.001    196021         0    196010           0.244     0.715     0.946     1.272     1.474     1.937     2.583     3.949
 188.001    195998         0    196000           0.234     0.726     0.955     1.276     1.476     1.922     2.560     4.035
 189.001    195997         0    196008           0.239     0.729     0.961     1.278     1.477     1.920     2.509     3.725
 190.001    196010         0    196002           0.228     0.728     0.959     1.274     1.468     1.926     2.548     4.147
 191.001    196020         0    195999           0.255     0.729     0.957     1.269     1.464     1.907     2.515     3.707
 192.001    195982         0    196001           0.264     0.732     0.978     1.335     1.576     2.273     3.662     6.898
 193.001    195995         0    195991           0.252     0.733     1.000     1.430     1.811     3.193     4.956     7.987
 194.001    196016         0    196026           0.228     0.720     0.942     1.249     1.446     1.883     2.507     3.490
 195.001    195986         0    195969           0.261     0.719     0.940     1.249     1.445     1.871     2.497     3.754
 196.001    196034         0    196040           0.261     0.723     0.949     1.258     1.455     1.898     2.533     3.936
 197.001    195969         0    195982           0.275     0.724     0.947     1.257     1.450     1.884     2.507     3.754
 198.001    196000         0    195996           0.269     0.720     0.944     1.254     1.449     1.900     2.558     3.688
 199.001    196010         0    196004           0.239     0.715     0.937     1.248     1.443     1.878     2.507     3.897
 200.001    196025         0    195993           0.264     0.729     0.969     1.315     1.547     2.200     3.611     6.349
 201.001    195953         0    195981           0.259     0.732     0.995     1.420     1.791     3.193     4.923     8.692
 202.001    196041         0    196036           0.258     0.724     0.955     1.281     1.487     1.969     2.628     4.375
 203.001    196015         0    196002           0.263     0.719     0.943     1.256     1.457     1.907     2.552     3.918
 204.001    195984         0    196006           0.264     0.727     0.953     1.263     1.455     1.894     2.492     3.654
 205.001    195979         0    195979           0.248     0.728     0.954     1.263     1.455     1.893     2.505     4.497
 206.001    196019         0    195991           0.247     0.731     0.958     1.268     1.462     1.890     2.521     3.799
 207.001    195997         0    196025           0.265     0.721     0.946     1.258     1.460     1.913     2.529     3.830
 208.001    195958         0    195964           0.259     0.741     0.990     1.328     1.550     2.167     3.533     5.833
 209.001    196035         0    196017           0.268     0.743     1.003     1.356     1.595     2.267     3.582     6.701
 210.001    195972         0    195994           0.250     0.828     1.226     1.640     1.997     3.070     4.669     8.172
 211.001    196019         0    195993           0.267     0.830     1.209     1.552     1.791     2.363     3.131     4.870
 212.001    195983         0    195957           0.266     0.843     1.231     1.592     1.854     2.458     3.269     4.518
 213.001    196009         0    196042           0.255     0.794     1.137     1.502     1.759     2.357     3.121     4.723
 214.001    195990         0    195983           0.271     0.859     1.255     1.627     1.903     2.484     3.234     4.956
 215.001    196039         0    196041           0.272     0.851     1.239     1.608     1.870     2.447     3.191     5.239
 216.001    195941         0    195950           0.254     0.911     1.329     1.713     2.003     2.580     3.367     5.063
 217.001    196009         0    196016           0.256     0.800     1.170     1.575     1.887     2.660     4.264     7.311
 218.001    196022         0    196015           0.255     0.906     1.363     1.911     2.466     3.920     5.607     8.741
 219.001    195996         0    196008           0.238     0.783     1.103     1.448     1.672     2.208     2.918     4.276
 220.001    196004         0    195996           0.260     0.897     1.282     1.634     1.890     2.464     3.246     4.899
 221.001    195999         0    196002           0.251     0.802     1.138     1.482     1.715     2.255     2.951     4.456
 222.001    196022         0    196005           0.261     0.854     1.237     1.595     1.851     2.423     3.156     4.538
 223.001    195984         0    195984           0.252     0.837     1.208     1.560     1.805     2.374     3.103     4.465
 224.001    195991         0    196009           0.273     1.010     1.410     1.816     2.140     2.777     3.678     5.845
 225.001    196014         0    195985           0.245     0.857     1.257     1.636     1.918     2.652     3.764     6.824
 226.001    195919         0    195953           0.262     1.011     1.430     1.920     2.406     3.838     5.788    10.035
 227.001    196080         0    196066           0.263     0.798     1.157     1.567     1.934     3.576     5.706     8.946
 228.001    196010         0    195989           0.254     0.817     1.178     1.524     1.759     2.316     3.039     4.256
 229.001    196004         0    196026           0.236     0.813     1.165     1.519     1.749     2.300     2.978     4.473
 230.001    196004         0    195988           0.246     0.837     1.212     1.566     1.809     2.365     3.095     4.268
 231.001    196000         0    196022           0.266     0.812     1.164     1.513     1.752     2.308     3.056     4.272
 232.001    195964         0    195958           0.256     0.898     1.290     1.660     1.938     2.566     3.600     5.607
 233.001    196022         0    196014           0.258     0.849     1.244     1.649     1.977     2.718     4.168     8.155
 234.001    195989         0    196009           0.272     0.841     1.239     1.634     1.952     2.615     3.613     7.283
 235.001    196019         0    196009           0.249     0.837     1.270     1.770     2.275     3.717     5.476     8.049
 236.002    195978         0    195981           0.257     0.792     1.136     1.486     1.719     2.284     3.027     4.387
 237.001    195987         0    195977           0.258     0.895     1.288     1.639     1.890     2.458     3.226     4.731
 238.001    196016         0    196006           0.259     0.873     1.265     1.625     1.890     2.460     3.191     4.403
 239.001    196003         0    196018           0.262     1.009     1.413     1.814     2.120     2.755     3.586     5.206
 240.001    195994         0    195997           0.262     0.857     1.254     1.623     1.901     2.546     3.394     4.751
 241.001    195994         0    195996           0.255     0.913     1.313     1.687     1.969     2.533     3.320     4.686
 242.001    196061         0    196059           0.260     0.796     1.164     1.574     1.904     2.890     4.575     8.962
 243.001    195919         0    195916           0.250     0.969     1.405     1.915     2.433     3.873     5.530     8.561
 244.001    196088         0    196096           0.249     0.915     1.309     1.673     1.946     2.603     3.637     6.582
 245.001    195967         0    195961           0.230     0.950     1.356     1.753     2.045     2.648     3.494     5.526
 246.001    196019         0    196026           0.259     0.875     1.276     1.647     1.912     2.488     3.244     4.837
 247.001    195991         0    195985           0.270     0.847     1.229     1.584     1.847     2.433     3.224     5.190
 248.001    196037         0    196020           0.240     0.945     1.346     1.722     2.013     2.630     3.434     5.554
 249.001    195969         0    195985           0.265     0.807     1.161     1.508     1.741     2.290     3.031     4.477
 250.001    195991         0    195986           0.267     0.989     1.408     1.843     2.220     3.115     4.927     8.405
 251.001    196036         0    196011           0.262     0.845     1.257     1.669     2.049     3.254     5.259    10.035
 252.001    195940         0    195970           0.271     1.003     1.428     1.937     2.400     3.783     5.571     8.782
 253.001    195997         0    195982           0.264     0.893     1.289     1.654     1.929     2.529     3.396     5.616
 254.001    196071         0    196080           0.269     0.855     1.239     1.592     1.842     2.417     3.211     4.252
 255.001    195971         0    195979           0.266     0.781     1.105     1.460     1.697     2.265     3.021     4.989
 256.001    196028         0    195999           0.272     0.874     1.270     1.626     1.887     2.468     3.201     4.461
 257.001    196002         0    196018           0.244     0.859     1.238     1.582     1.826     2.384     3.105     4.575
 258.001    195975         0    195994           0.265     0.816     1.192     1.573     1.862     2.537     3.703     6.631
 259.001    196008         0    196007           0.272     0.940     1.348     1.752     2.080     2.857     4.645     8.430
 260.001    195983         0    195979           0.261     0.803     1.202     1.679     2.195     3.717     5.501     8.012
 261.001    196065         0    196067           0.264     0.794     1.129     1.486     1.725     2.357     3.361     6.619
 262.001    195907         0    195899           0.253     0.827     1.209     1.585     1.860     2.478     3.277     5.288
 263.001    196093         0    196083           0.253     0.988     1.377     1.756     2.061     2.683     3.533     4.784
 264.001    195960         0    195978           0.260     0.816     1.174     1.521     1.759     2.304     3.017     4.162
 265.001    195975         0    195979           0.272     0.889     1.279     1.641     1.906     2.488     3.234     4.669
 266.001    196017         0    196020           0.262     0.815     1.176     1.529     1.767     2.327     3.074     4.358
 267.001    196043         0    196014           0.247     0.867     1.281     1.669     1.974     2.736     4.014     7.336
 268.001    195971         0    195988           0.266     0.888     1.313     1.752     2.161     3.291     4.829     8.831
 269.001    195961         0    195964           0.262     0.914     1.325     1.723     2.024     2.664     3.600     5.218
 270.001    196049         0    196042           0.236     0.980     1.383     1.767     2.059     2.656     3.420     4.882
 271.001    196011         0    196004           0.252     0.829     1.198     1.548     1.799     2.353     3.052     4.420
 272.001    196010         0    196020           0.274     0.847     1.222     1.571     1.819     2.380     3.068     4.461
 273.001    195966         0    195964           0.264     0.822     1.179     1.533     1.780     2.337     3.043     4.768
 274.001    195999         0    196005           0.261     0.793     1.138     1.494     1.740     2.331     3.183     6.230
 275.001    196052         0    196056           0.260     0.869     1.274     1.670     2.019     3.144     5.120     8.016
 276.001    195979         0    195980           0.269     0.840     1.229     1.595     1.876     2.521     3.445     6.697
 277.001    196010         0    195999           0.246     0.787     1.152     1.577     1.980     3.338     4.997     8.081
 278.001    195986         0    195991           0.259     0.852     1.222     1.575     1.821     2.384     3.138     4.719
 279.001    196006         0    196011           0.267     0.858     1.233     1.587     1.838     2.415     3.164     4.526
 280.001    195995         0    195967           0.278     0.878     1.273     1.655     1.945     2.490     3.248     4.731
 281.001    196003         0    196024           0.256     0.859     1.239     1.599     1.860     2.417     3.154     4.342
 282.001    195997         0    195997           0.258     0.848     1.221     1.579     1.832     2.388     3.125     4.362
 283.001    195990         0    195983           0.253     0.903     1.314     1.697     1.992     2.666     3.586     5.439
 284.001    196012         0    196004           0.269     0.921     1.328     1.721     2.031     2.666     3.553     5.808
 285.001    196018         0    196033           0.250     0.955     1.400     1.923     2.376     3.701     5.427     9.298
 286.001    195975         0    195978           0.266     0.979     1.394     1.818     2.132     2.775     3.703     6.103
 287.001    196049         0    196039           0.261     0.854     1.247     1.639     1.936     2.574     3.482     5.136
 288.001    196010         0    196002           0.252     0.839     1.214     1.563     1.805     2.367     3.174     4.411
 289.001    195965         0    195987           0.242     0.886     1.285     1.664     1.938     2.492     3.273     4.461
 290.001    196007         0    196010           0.251     0.840     1.218     1.593     1.872     2.415     3.152     4.502
 291.001    196013         0    195996           0.256     0.931     1.334     1.732     2.036     2.644     3.545     5.083
 292.001    196005         0    196000           0.268     0.824     1.208     1.601     1.931     2.998     4.866     8.569
 293.001    195936         0    195952           0.256     0.874     1.290     1.722     2.134     3.516     5.509     8.151
 294.001    196037         0    196019           0.252     0.884     1.296     1.719     2.114     3.469     5.497     8.897
 295.001    195957         0    195976           0.256     1.077     1.496     1.946     2.259     2.882     3.793     5.480
 296.001    196031         0    196019           0.270     1.019     1.437     1.870     2.189     2.773     3.639     5.136
 297.001    196036         0    196032           0.257     0.882     1.283     1.676     1.971     2.535     3.287     4.415
 298.001    195985         0    196007           0.251     0.938     1.333     1.703     1.988     2.595     3.383     4.731
 299.001    195975         0    195970           0.261     0.817     1.166     1.516     1.752     2.304     3.019     5.038
 300.001    196017         0    196013           0.245     0.859     1.269     1.660     1.962     2.750     4.078     9.249
 301.001    196007         0    196004           0.279     0.906     1.305     1.683     1.972     2.576     3.434     5.124
 302.001    195979         0    195985           0.244     0.889     1.328     1.844     2.394     3.955     5.751     9.191
 303.001    196021         0    196020           0.259     0.913     1.311     1.700     2.003     2.617     3.459     4.882
 304.001    195971         0    195971           0.258     0.964     1.364     1.747     2.045     2.671     3.424     4.637
 305.001    196064         0    196037           0.263     1.010     1.407     1.806     2.118     2.773     3.668     5.648
 306.001    195989         0    196007           0.230     0.807     1.157     1.508     1.746     2.300     3.039     4.215
 307.001    195991         0    196007           0.242     0.845     1.228     1.590     1.849     2.445     3.193     5.202
 308.001    196008         0    195979           0.273     0.912     1.332     1.780     2.146     2.955     4.477     7.205
 309.001    195990         0    196012           0.273     0.906     1.305     1.696     2.004     2.634     3.500     5.026
 310.001    196017         0    196010           0.259     0.925     1.353     1.801     2.243     3.535     5.149     8.282
 311.001    195977         0    195979           0.260     0.859     1.234     1.592     1.851     2.419     3.158     4.301
 312.001    196010         0    196003           0.257     0.825     1.190     1.535     1.777     2.353     3.031     4.362
 313.001    196009         0    196016           0.267     0.850     1.219     1.571     1.824     2.398     3.176     4.743
 314.001    195957         0    195964           0.236     0.852     1.225     1.579     1.823     2.388     3.185     4.870
 315.001    196059         0    196051           0.244     0.862     1.254     1.619     1.885     2.546     3.439     5.673
 316.001    195996         0    195966           0.249     0.826     1.196     1.548     1.796     2.410     3.283     5.865
 317.001    195988         0    196007           0.264     1.013     1.427     1.887     2.257     3.385     5.386     9.265
 318.001    196006         0    196009           0.257     0.870     1.280     1.692     2.045     2.959     4.272     7.725
 319.001    195975         0    195983           0.260     1.039     1.480     2.052     2.634     4.399     6.369    10.068
 320.001    196042         0    196044           0.263     0.834     1.208     1.568     1.826     2.419     3.232     4.702
 321.001    195958         0    195961           0.268     0.829     1.200     1.571     1.841     2.441     3.224     4.391
 322.001    195987         0    196000           0.266     0.989     1.382     1.767     2.066     2.691     3.498     4.907
 323.001    196049         0    196036           0.258     0.819     1.181     1.534     1.786     2.378     3.117     4.473
 324.001    195990         0    195987           0.261     0.808     1.166     1.528     1.778     2.359     3.144     4.588
 325.001    195979         0    195981           0.276     0.870     1.282     1.672     1.980     2.681     3.729     7.217
 326.001    196047         0    196032           0.254     0.904     1.303     1.684     1.983     2.615     3.455     4.837
 327.001    195959         0    195975           0.261     0.980     1.407     1.881     2.277     3.273     4.747     7.344
 328.001    196004         0    196006           0.276     0.919     1.323     1.724     2.024     2.609     3.408     4.796
 329.001    196033         0    196035           0.252     0.803     1.148     1.496     1.726     2.294     3.011     4.354
 330.001    195971         0    195950           0.273     0.966     1.382     1.812     2.122     2.716     3.615     5.468
 331.001    196010         0    196022           0.247     0.909     1.318     1.719     2.018     2.603     3.398     4.661
 332.001    195986         0    195990           0.257     0.852     1.236     1.595     1.859     2.429     3.183     4.628
 333.001    195975         0    195982           0.231     0.899     1.303     1.681     1.977     2.652     3.627     6.484
 334.001    196067         0    196050           0.251     0.870     1.258     1.619     1.883     2.474     3.277     4.739
 335.001    195992         0    195999           0.262     0.798     1.153     1.572     1.927     3.088     4.600     7.135
 336.001    196008         0    196009           0.257     0.862     1.232     1.588     1.838     2.410     3.135     4.993
 337.001    196002         0    195986           0.268     0.879     1.269     1.641     1.915     2.458     3.238     4.358
 338.001    195991         0    196006           0.257     0.871     1.252     1.608     1.863     2.445     3.222     4.686
 339.001    196007         0    195991           0.280     0.953     1.345     1.719     1.997     2.595     3.391     4.809
 340.001    195998         0    196008           0.277     0.835     1.201     1.551     1.799     2.351     3.111     5.140
 341.002    195963         0    195968           0.257     0.867     1.256     1.627     1.908     2.542     3.422     5.231
 342.001    196034         0    196037           0.283     0.967     1.365     1.757     2.070     2.755     3.756     6.820
 343.001    196014         0    195994           0.247     0.917     1.335     1.748     2.083     2.783     3.754     5.435
 344.001    195975         0    195998           0.267     0.917     1.369     1.921     2.378     3.959     5.874     9.486
 345.002    196003         0    196012           0.270     0.876     1.279     1.663     1.948     2.550     3.396     4.854
 346.001    196033         0    196032           0.273     0.860     1.249     1.649     1.963     2.542     3.303     5.390
 347.001    195957         0    195943           0.264     0.901     1.296     1.678     1.970     2.564     3.336     4.485
 348.001    196042         0    196048           0.265     0.932     1.320     1.688     1.967     2.566     3.353     4.588
 349.001    195976         0    195966           0.262     0.883     1.280     1.658     1.952     2.574     3.398     6.107
 350.001    195992         0    195983           0.262     0.994     1.421     1.885     2.232     3.172     5.059     9.060
 351.001    195992         0    196012           0.262     1.000     1.398     1.776     2.076     2.755     3.674     5.710
 352.001    196067         0    196030           0.245     0.863     1.299     1.785     2.257     3.676     5.476     9.970
 353.001    195987         0    196003           0.276     0.924     1.328     1.729     2.034     2.628     3.482     4.874
 354.001    195997         0    196026           0.258     0.850     1.229     1.593     1.861     2.445     3.224     4.510
 355.001    195982         0    195958           0.259     0.802     1.153     1.509     1.761     2.322     3.072     4.366
 356.001    196018         0    196019           0.278     0.922     1.318     1.683     1.961     2.562     3.406     5.521
 357.001    196001         0    196018           0.250     0.852     1.238     1.616     1.897     2.468     3.203     4.698
 358.001    195947         0    195946           0.257     0.872     1.273     1.663     1.985     2.785     4.354     7.516
 359.001    196039         0    196032           0.231     1.053     1.456     1.901     2.224     2.920     3.828     5.865
 360.001    195971         0    195977           0.267     0.804     1.180     1.595     1.957     3.258     5.280     9.290
 361.001    196042         0    196045           0.279     0.829     1.214     1.587     1.880     2.705     4.538     7.877
 362.001    196007         0    195988           0.252     0.975     1.371     1.745     2.032     2.660     3.486     4.993
 363.001    195990         0    196000           0.270     0.778     1.094     1.441     1.668     2.214     2.904     4.383
 364.001    195980         0    195988           0.257     0.825     1.192     1.539     1.779     2.343     3.105     4.403
 365.001    196043         0    196028           0.254     1.065     1.458     1.867     2.187     2.822     3.666     4.903
 366.001    195995         0    195996           0.257     0.886     1.288     1.702     2.031     2.687     3.682     6.324
 367.001    195962         0    195964           0.260     0.962     1.357     1.721     2.000     2.638     3.457     4.829
 368.001    196058         0    196073           0.260     0.958     1.362     1.741     2.054     2.779     3.840     6.525
 369.001    195966         0    195955           0.274     0.854     1.278     1.719     2.140     3.400     5.202     8.114
 370.001    196006         0    196018           0.253     0.892     1.288     1.647     1.919     2.548     3.318     4.846
 371.001    196009         0    195984           0.274     0.829     1.197     1.548     1.798     2.367     3.107     4.518
 372.001    196023         0    195988           0.269     0.917     1.316     1.678     1.947     2.568     3.410     5.140
 373.001    196008         0    196056           0.249     0.921     1.323     1.710     2.009     2.675     3.627     5.087
 374.001    196019         0    195993           0.255     0.816     1.166     1.509     1.739     2.300     3.045     5.067
 375.001    195953         0    195959           0.252     0.843     1.229     1.592     1.858     2.509     3.533     7.320
 376.001    196001         0    196013           0.249     0.920     1.345     1.766     2.116     2.855     3.930     7.700
 377.001    196005         0    196028           0.246     0.841     1.268     1.732     2.214     3.609     5.247     8.544
 378.001    195975         0    195959           0.259     0.887     1.287     1.649     1.918     2.501     3.301     4.968
 379.001    196042         0    196046           0.265     0.893     1.297     1.676     1.967     2.568     3.404     4.657
 380.001    195992         0    195972           0.277     0.834     1.203     1.547     1.792     2.370     3.131     4.600
 381.001    195964         0    195971           0.274     1.021     1.420     1.829     2.142     2.763     3.623     5.829
 382.002    196052         0    196065           0.276     0.977     1.375     1.768     2.075     2.710     3.633     5.665
 383.001    195990         0    195981           0.257     0.843     1.243     1.640     1.972     2.996     5.030     7.672
 384.001    196016         0    196003           0.247     0.963     1.361     1.743     2.061     2.773     3.797     5.427
 385.001    195983         0    195990           0.269     0.800     1.175     1.593     1.955     3.402     5.419     9.019
 386.001    195959         0    195973           0.259     0.835     1.222     1.594     1.875     2.595     3.690     6.730
 387.001    196006         0    196010           0.272     1.002     1.399     1.790     2.105     2.769     3.674     5.374
 388.001    196040         0    196035           0.273     0.823     1.190     1.547     1.817     2.449     3.328     4.964
 389.001    196034         0    196016           0.248     0.847     1.232     1.601     1.872     2.462     3.312     4.936
 390.001    195973         0    196000           0.273     0.904     1.291     1.656     1.927     2.548     3.328     4.755
 391.001    196010         0    195981           0.270     0.791     1.138     1.495     1.745     2.421     3.518     6.730
 392.001    195977         0    196008           0.256     1.033     1.428     1.846     2.167     2.849     3.715     5.497
 393.001    196035         0    196012           0.264     0.970     1.384     1.802     2.152     2.992     4.334     6.803
 394.001    195981         0    195997           0.264     0.794     1.163     1.581     1.949     3.244     5.190     9.036
 395.001    195980         0    195969           0.263     0.885     1.274     1.628     1.884     2.464     3.244     4.923
 396.001    196049         0    196048           0.264     0.906     1.297     1.655     1.925     2.519     3.297     4.735
 397.001    195974         0    195983           0.270     0.807     1.155     1.497     1.726     2.279     2.980     4.125
 398.001    195971         0    195960           0.266     0.931     1.337     1.748     2.049     2.664     3.537     5.083
 399.001    196041         0    196045           0.249     0.913     1.324     1.714     2.046     2.900     4.403     8.454
 400.001    195981         0    195989           0.252     0.802     1.158     1.521     1.777     2.476     3.881     6.832
 401.001    195983         0    195991           0.255     0.935     1.355     1.776     2.101     2.748     3.672     5.738
 402.001    196059         0    196040           0.245     0.846     1.263     1.700     2.085     3.072     4.542     7.238
 403.001    196022         0    195990           0.268     0.813     1.172     1.521     1.767     2.353     3.174     4.764
 404.001    195957         0    195986           0.274     0.959     1.369     1.779     2.099     2.712     3.504     4.977
 405.001    196021         0    196019           0.251     0.835     1.202     1.554     1.801     2.406     3.211     4.899
 406.001    195978         0    195998           0.247     0.827     1.197     1.554     1.806     2.400     3.219     4.891
 407.001    196006         0    195997           0.264     0.897     1.295     1.676     1.960     2.589     3.410     4.755
 408.001    196017         0    196016           0.259     0.801     1.146     1.502     1.745     2.343     3.133     5.128
 409.001    195906         0    195903           0.258     0.978     1.370     1.761     2.062     2.687     3.541     5.251
 410.001    196002         0    195995           0.244     1.007     1.425     1.901     2.288     3.471     5.263     8.954
 411.001    196072         0    196090           0.278     0.828     1.223     1.653     2.039     3.365     5.149     9.724
 412.001    195954         0    195963           0.265     0.891     1.284     1.652     1.926     2.540     3.342     4.506
 413.001    196046         0    196025           0.268     0.970     1.368     1.758     2.081     2.720     3.545     4.944
 414.001    195989         0    196003           0.252     0.811     1.161     1.504     1.732     2.292     3.011     4.391
 415.001    196025         0    196006           0.237     0.893     1.270     1.621     1.872     2.478     3.265     5.214
 416.002    195999         0    196013           0.275     0.908     1.306     1.688     1.986     2.724     3.758     6.005
 417.001    196026         0    195988           0.256     0.847     1.225     1.572     1.814     2.388     3.176     4.465
 418.001    195953         0    195986           0.272     0.997     1.404     1.826     2.169     2.927     4.110     6.971
 419.001    196032         0    196027           0.251     0.836     1.234     1.636     1.967     2.861     4.211     8.430
 420.001    195977         0    195982           0.259     0.876     1.254     1.613     1.869     2.482     3.346     4.653
 421.001    195986         0    195989           0.245     1.044     1.442     1.846     2.150     2.775     3.604     5.378
 422.001    196070         0    196078           0.224     0.849     1.219     1.570     1.817     2.400     3.146     4.530
 423.001    195961         0    195950           0.259     0.890     1.272     1.632     1.907     2.517     3.301     4.858
 424.001    195953         0    195958           0.261     1.112     1.505     1.926     2.263     3.035     3.994     7.021
 425.001    196105         0    196088           0.273     0.858     1.244     1.616     1.887     2.568     3.535     6.259
 426.001    195935         0    195955           0.272     0.912     1.307     1.684     1.969     2.601     3.488     5.374
 427.001    196036         0    196011           0.264     0.879     1.319     1.784     2.253     3.611     5.386     8.471
 428.001    195991         0    195998           0.261     0.829     1.196     1.549     1.793     2.429     3.373     5.714
 429.001    195957         0    195949           0.245     0.966     1.364     1.757     2.051     2.656     3.484     4.755
 430.001    196065         0    196057           0.250     0.948     1.342     1.720     2.013     2.632     3.461     4.760
 431.001    196003         0    196022           0.265     0.835     1.195     1.534     1.767     2.343     3.076     4.334
 432.001    195964         0    195964           0.248     0.952     1.355     1.736     2.041     2.699     3.553     4.997
 433.001    195996         0    195997           0.262     0.858     1.253     1.629     1.905     2.550     3.412     5.353
 434.001    196007         0    196007           0.262     0.904     1.298     1.673     1.953     2.568     3.365     4.551
 435.001    195989         0    195994           0.272     0.954     1.363     1.769     2.103     2.824     3.805     6.300
 436.001    196019         0    196022           0.258     0.849     1.254     1.711     2.224     3.922     5.976     9.044
 437.001    195942         0    195934           0.271     0.899     1.294     1.665     1.945     2.564     3.410     5.579
 438.001    196057         0    196035           0.257     1.048     1.457     1.889     2.236     3.015     4.047     6.480
 439.001    196010         0    196041           0.259     0.792     1.109     1.452     1.670     2.214     2.896     4.239
 440.001    196000         0    196004           0.265     0.858     1.236     1.596     1.853     2.456     3.252     4.829
 441.001    196016         0    196007           0.264     0.834     1.212     1.584     1.859     2.556     3.512     6.869
 442.001    196006         0    196011           0.244     0.768     1.057     1.393     1.603     2.111     2.816     4.084
 443.001    195967         0    195958           0.252     0.952     1.352     1.753     2.078     2.748     3.674     5.546
 444.001    196049         0    196044           0.268     0.935     1.384     1.903     2.417     3.703     5.308     8.339
 445.001    195967         0    195970           0.253     0.801     1.133     1.474     1.702     2.259     2.988     4.016
 446.001    196018         0    196027           0.271     0.966     1.362     1.754     2.056     2.644     3.422     5.194
 447.001    195975         0    195982           0.244     0.839     1.204     1.552     1.800     2.386     3.174     4.624
 448.001    196022         0    196011           0.272     0.839     1.201     1.546     1.791     2.365     3.129     4.727
 449.001    196010         0    196012           0.265     0.912     1.305     1.670     1.960     2.654     3.707     6.287
 450.001    195982         0    195975           0.263     0.928     1.329     1.707     2.013     2.769     3.840     5.808
 451.001    195986         0    195998           0.261     0.813     1.167     1.517     1.768     2.372     3.133     4.563
 452.001    195952         0    195948           0.276     1.097     1.501     1.975     2.413     3.613     5.571     7.995
 453.001    196082         0    196084           0.268     0.833     1.223     1.629     1.977     3.164     5.022     7.856
 454.001    195959         0    195962           0.254     0.791     1.116     1.461     1.688     2.267     3.035     4.649
 455.001    196053         0    196032           0.239     0.930     1.334     1.741     2.056     2.677     3.500     5.308
 456.001    195998         0    196007           0.256     0.823     1.181     1.526     1.763     2.339     3.101     4.612
 457.001    195973         0    195987           0.240     0.853     1.230     1.581     1.826     2.435     3.256     5.009
 458.001    196035         0    196012           0.274     0.984     1.393     1.814     2.171     2.968     4.239     7.250
 459.001    195973         0    195995           0.252     0.876     1.264     1.619     1.888     2.507     3.336     5.128
 460.001    195960         0    195963           0.264     0.864     1.265     1.652     1.979     2.937     4.624     7.786
 461.001    196031         0    196035           0.277     0.984     1.417     1.937     2.540     4.317     6.296    10.027
 462.001    196056         0    196040           0.274     0.849     1.229     1.596     1.867     2.466     3.222     4.530
 463.001    195943         0    195938           0.280     0.822     1.180     1.528     1.767     2.345     3.084     4.600
 464.001    196032         0    196058           0.272     0.939     1.349     1.733     2.051     2.732     3.551     5.087
 465.001    196007         0    195976           0.259     0.831     1.195     1.545     1.788     2.353     3.099     4.702
 466.001    195951         0    195978           0.270     0.861     1.274     1.688     2.031     2.824     4.104     6.709
 467.001    196055         0    196051           0.267     0.903     1.310     1.691     1.986     2.679     3.537     5.468
 468.001    195995         0    195983           0.272     0.833     1.202     1.569     1.833     2.486     3.344     5.054
 469.001    195959         0    195955           0.263     0.852     1.263     1.700     2.130     3.482     5.128     8.315
 470.001    196027         0    196044           0.270     0.991     1.385     1.772     2.075     2.736     3.611     5.186
 471.001    196016         0    195993           0.247     0.871     1.261     1.614     1.876     2.478     3.252     4.637
 472.001    196023         0    195993           0.270     0.893     1.283     1.644     1.913     2.521     3.293     4.522
 473.001    195975         0    196018           0.268     0.919     1.315     1.690     1.969     2.580     3.373     5.341
 474.001    195999         0    195992           0.266     0.853     1.238     1.617     1.902     2.656     4.076     7.037
 475.001    196006         0    196008           0.251     0.817     1.175     1.532     1.787     2.433     3.785     6.304
 476.001    195978         0    195986           0.278     0.880     1.274     1.652     1.945     2.566     3.373     4.538
 477.001    196033         0    196008           0.277     0.866     1.272     1.669     2.016     3.004     4.813     8.139
 478.001    195992         0    196020           0.268     0.868     1.270     1.669     2.021     3.289     5.251    10.584
 479.001    196019         0    196006           0.272     0.911     1.316     1.689     1.979     2.636     3.482     4.874
 480.001    196000         0    196013           0.256     0.848     1.223     1.561     1.807     2.404     3.150     4.596
 481.001    196001         0    195986           0.275     0.857     1.232     1.580     1.831     2.408     3.195     4.506
 482.001    195983         0    195987           0.248     0.968     1.372     1.772     2.101     2.771     3.652     5.722
 483.001    196001         0    196015           0.270     0.848     1.238     1.624     1.934     2.765     4.049     6.656
 484.001    196005         0    195981           0.271     0.881     1.267     1.619     1.883     2.474     3.269     4.887
 485.001    196007         0    195992           0.275     1.115     1.528     2.028     2.404     3.361     4.665     7.209
 486.001    196007         0    196029           0.262     0.865     1.295     1.800     2.331     3.758     5.595     9.355
 487.001    195995         0    195999           0.257     0.845     1.218     1.571     1.820     2.425     3.197     5.005
 488.001    195993         0    195984           0.280     0.967     1.355     1.733     2.031     2.648     3.420     4.755
 489.001    196012         0    196034           0.225     0.890     1.279     1.650     1.936     2.554     3.334     4.784
 490.001    196024         0    196025           0.262     0.824     1.186     1.537     1.775     2.357     3.154     4.739
 491.001    195965         0    195921           0.243     0.906     1.320     1.731     2.101     3.174     5.128     7.877
 492.001    196049         0    196053           0.268     0.913     1.310     1.689     1.994     2.722     3.617     5.501
 493.001    195978         0    195998           0.276     0.818     1.186     1.544     1.804     2.394     3.160     4.276
 494.001    195992         0    195981           0.254     0.885     1.310     1.764     2.277     3.910     5.808     8.839
 495.001    196002         0    196027           0.262     0.956     1.355     1.748     2.053     2.689     3.523     5.345
 496.001    195978         0    195982           0.258     0.805     1.154     1.507     1.749     2.343     3.144     5.034
 497.001    195987         0    195987           0.260     0.847     1.217     1.577     1.829     2.423     3.267     5.661
 498.001    196035         0    196010           0.265     0.971     1.366     1.755     2.076     2.830     3.869     5.710
 499.001    196002         0    196024           0.272     0.897     1.309     1.699     2.012     2.779     3.930     7.422
 500.001    195992         0    196000           0.263     0.864     1.243     1.598     1.844     2.447     3.244     4.739
 501.001    196017         0    195984           0.272     0.996     1.392     1.778     2.091     2.757     3.598     6.128
 502.001    196007         0    196024           0.276     0.829     1.205     1.595     1.915     2.910     4.657     7.766
 503.001    195970         0    195966           0.250     0.852     1.252     1.668     2.016     2.925     4.772     8.700
 504.001    196001         0    196005           0.268     0.980     1.380     1.770     2.085     2.705     3.566     5.014
 505.001    196019         0    196008           0.264     0.826     1.186     1.542     1.796     2.396     3.178     4.723
 506.001    195975         0    195986           0.264     0.822     1.182     1.538     1.786     2.372     3.121     4.301
 507.001    196015         0    196003           0.243     0.938     1.340     1.723     2.043     2.736     3.719     5.288
 508.001    196032         0    196015           0.258     0.895     1.299     1.676     1.969     2.716     3.764     5.677
 509.001    195997         0    196010           0.263     0.798     1.141     1.488     1.721     2.302     3.109     4.407
 510.001    195965         0    195981           0.259     0.952     1.352     1.729     2.031     2.679     3.549     4.895
 511.001    195997         0    196014           0.274     1.012     1.448     1.958     2.361     3.348     4.657     9.740
 512.001    196057         0    196036           0.274     0.833     1.203     1.562     1.820     2.441     3.230     4.776
 513.001    195979         0    195994           0.270     0.819     1.164     1.507     1.742     2.318     3.021     5.079
 514.001    195982         0    195970           0.267     0.994     1.385     1.783     2.101     2.765     3.594     5.018
 515.001    196036         0    196040           0.272     0.826     1.188     1.541     1.800     2.400     3.168     5.296
 516.001    195988         0    195982           0.268     0.880     1.288     1.689     2.013     2.849     4.252     6.824
 517.001    195905         0    195903           0.264     0.965     1.381     1.829     2.161     2.783     3.676     5.382
 518.001    196105         0    196112           0.268     1.018     1.431     1.861     2.200     2.900     3.856     6.173
 519.001    196008         0    196001           0.272     0.835     1.227     1.642     2.020     3.367     5.247     8.798
 520.001    195968         0    195977           0.263     0.866     1.253     1.627     1.913     2.628     3.844     6.357
 521.001    196000         0    195973           0.244     0.961     1.356     1.740     2.038     2.660     3.478     4.923
 522.001    196022         0    196044           0.264     0.846     1.215     1.569     1.826     2.447     3.262     4.796
 523.001    195994         0    195994           0.257     0.834     1.200     1.554     1.800     2.370     3.107     4.702
 524.001    195961         0    195956           0.262     0.998     1.424     1.888     2.277     3.234     4.559     7.463
 525.001    196038         0    196045           0.281     1.034     1.448     1.897     2.261     3.148     4.719     9.724
 526.001    196007         0    195980           0.265     0.874     1.261     1.621     1.883     2.474     3.287     4.809
 527.001    195963         0    195994           0.240     0.918     1.341     1.762     2.103     2.810     3.787     6.148
 528.001    196034         0    196049           0.257     0.961     1.397     1.885     2.372     3.647     5.382     7.709
 529.001    196035         0    196022           0.253     0.804     1.147     1.499     1.747     2.347     3.123     4.723
 530.001    195996         0    195988           0.263     0.884     1.274     1.638     1.913     2.519     3.322     4.768
 531.001    196005         0    195998           0.253     0.889     1.289     1.671     1.970     2.583     3.385     4.649
 532.001    195983         0    196004           0.267     0.847     1.249     1.664     2.000     2.664     3.711     6.455
 533.001    196025         0    196027           0.242     0.781     1.099     1.448     1.677     2.236     2.986     4.432
 534.001    196027         0    195977           0.278     0.842     1.219     1.579     1.846     2.476     3.312     4.973
 535.001    195938         0    195968           0.240     0.873     1.273     1.645     1.933     2.621     3.545     4.919
 536.001    196013         0    196024           0.278     0.899     1.338     1.801     2.259     3.549     5.263     8.131
 537.001    196005         0    196009           0.264     0.795     1.147     1.506     1.756     2.376     3.236     5.603
 538.001    196041         0    196037           0.250     0.855     1.243     1.604     1.880     2.503     3.316     4.858
 539.001    195947         0    195935           0.255     0.918     1.318     1.715     2.028     2.671     3.525     4.923
 540.001    196030         0    196044           0.263     0.859     1.239     1.602     1.864     2.486     3.336     4.989
 541.001    195976         0    195977           0.268     0.872     1.282     1.686     2.041     2.898     4.362     7.270
 542.001    195995         0    195970           0.239     0.877     1.274     1.671     1.991     2.589     3.422     4.997
 543.001    196042         0    196056           0.249     0.838     1.218     1.602     1.897     2.527     3.355     5.403
 544.001    195963         0    195976           0.275     0.838     1.222     1.634     2.003     3.086     4.555     7.111
 545.001    196049         0    196034           0.250     0.970     1.385     1.836     2.220     3.209     4.731     7.557
 546.002    196007         0    195983           0.259     0.921     1.319     1.712     2.036     2.740     3.662     5.239
 547.001    195956         0    195998           0.261     0.842     1.211     1.567     1.825     2.464     3.269     4.854
 548.001    196012         0    195997           0.240     0.854     1.236     1.594     1.864     2.505     3.332     4.977
 549.001    195977         0    195978           0.262     0.957     1.359     1.761     2.089     2.847     3.953     6.664
 550.001    196057         0    196051           0.255     0.845     1.226     1.586     1.853     2.482     3.308     5.452
 551.001    195980         0    195979           0.271     0.839     1.203     1.556     1.802     2.400     3.166     4.682
 552.001    195966         0    195980           0.280     0.899     1.303     1.693     2.012     2.818     4.119     6.730
 553.001    196017         0    196011           0.251     0.901     1.332     1.770     2.171     3.197     4.649     7.393
 554.001    196019         0    196011           0.266     0.855     1.234     1.601     1.872     2.523     3.359     4.923
 555.001    195993         0    196011           0.266     0.863     1.247     1.629     1.922     2.509     3.301     4.940
 556.001    196021         0    196009           0.265     0.890     1.276     1.635     1.913     2.540     3.373     4.768
 557.001    195986         0    195991           0.271     0.957     1.359     1.768     2.130     3.019     4.547     6.803
 558.001    195986         0    195988           0.263     0.892     1.286     1.661     1.959     2.669     3.680     6.181
 559.001    196025         0    196027           0.284     0.871     1.258     1.630     1.919     2.556     3.330     4.706
 560.001    195970         0    195970           0.283     0.898     1.292     1.684     2.000     2.779     4.198     8.323
 561.001    196025         0    196028           0.264     0.923     1.346     1.775     2.138     2.968     4.076     6.222
 562.001    196012         0    195996           0.248     0.863     1.260     1.648     1.961     2.675     3.629     6.504
 563.001    195971         0    195979           0.258     0.891     1.282     1.656     1.933     2.531     3.338     4.702
 564.001    196017         0    196019           0.262     0.909     1.327     1.753     2.089     2.691     3.488     4.805
 565.001    195999         0    196011           0.268     0.938     1.349     1.756     2.084     2.851     3.830     7.836
 566.001    196011         0    196002           0.248     0.894     1.302     1.709     2.043     2.814     3.891     7.352
 567.001    195975         0    195981           0.254     0.927     1.325     1.717     2.013     2.671     3.498     4.801
 568.001    196022         0    196014           0.248     0.853     1.235     1.610     1.896     2.519     3.310     5.042
 569.001    195998         0    195989           0.244     0.870     1.284     1.710     2.068     3.037     4.624     8.397
 570.001    196004         0    196012           0.255     1.005     1.420     1.887     2.273     3.201     4.534     8.757
 571.001    195976         0    195987           0.259     0.903     1.304     1.687     1.980     2.611     3.414     4.747
 572.001    196030         0    196023           0.275     0.861     1.240     1.605     1.880     2.509     3.299     4.579
 573.001    195978         0    195983           0.263     0.876     1.263     1.635     1.919     2.552     3.361     4.956
 574.001    195988         0    195971           0.262     0.993     1.415     1.881     2.271     3.291     5.018     8.692
 575.001    196027         0    196032           0.272     0.969     1.374     1.783     2.111     2.822     3.779     5.362
 576.001    196025         0    196033           0.257     0.867     1.249     1.610     1.877     2.486     3.303     4.280
 577.001    195970         0    195969           0.276     0.898     1.297     1.697     2.017     2.755     4.037     7.512
 578.001    196009         0    196017           0.278     1.022     1.457     1.960     2.374     3.328     4.551     7.766
 579.001    196004         0    195998           0.262     0.929     1.340     1.756     2.089     2.812     3.879     6.341
 580.001    195993         0    195980           0.272     0.879     1.272     1.675     1.991     2.574     3.328     5.583
 581.001    196011         0    196002           0.258     0.965     1.360     1.762     2.079     2.691     3.512     4.985
 582.001    196024         0    196027           0.269     0.900     1.292     1.666     1.955     2.626     3.443     4.755
 583.001    195983         0    195995           0.253     0.866     1.261     1.646     1.957     2.677     3.643     5.403
 584.001    195986         0    195994           0.272     0.939     1.338     1.741     2.049     2.679     3.488     4.485
 585.001    196056         0    196029           0.268     0.888     1.277     1.659     1.963     2.615     3.478     4.948
 586.001    195924         0    195953           0.264     1.028     1.463     2.016     2.527     3.846     5.538     8.454
 587.001    196029         0    196021           0.277     0.851     1.242     1.640     1.954     2.658     3.598     5.640
 588.001    195970         0    195978           0.268     0.950     1.346     1.738     2.049     2.712     3.566     5.046
 589.001    196022         0    196005           0.267     1.009     1.404     1.805     2.134     2.814     3.703     5.075
 590.001    195971         0    195975           0.273     0.950     1.356     1.784     2.130     2.916     4.178     7.053
 591.001    196062         0    196060           0.248     0.959     1.357     1.756     2.072     2.755     3.635     4.919
 592.001    195998         0    195980           0.284     1.007     1.405     1.830     2.144     2.785     3.588     4.964
 593.001    195977         0    196003           0.272     1.103     1.503     1.955     2.292     3.060     4.082     6.582
 594.002    196013         0    196003           0.261     0.974     1.389     1.824     2.189     2.980     4.041     6.283
 595.001    196000         0    196015           0.265     0.938     1.356     1.795     2.193     3.166     4.571     7.578
 596.001    196014         0    196008           0.274     0.942     1.338     1.733     2.029     2.656     3.473     4.899
 597.001    196005         0    196015           0.265     0.965     1.351     1.731     2.031     2.658     3.441     5.415
 598.001    195979         0    195983           0.278     0.905     1.287     1.660     1.944     2.587     3.410     4.907
 599.001    195987         0    195976           0.263     0.868     1.250     1.622     1.901     2.583     3.480     5.652
 600.001    195990         0    195976           0.263     1.054     1.457     1.894     2.236     2.961     3.860     5.640
 601.001    196054         0    196076           0.264     0.997     1.396     1.797     2.120     2.767     3.580     5.231
 602.001    195943         0    195935           0.258     1.004     1.410     1.843     2.208     3.133     4.768     8.782
 603.001    196030         0    196034           0.270     1.001     1.443     1.980     2.503     4.026     5.947     9.085
 604.001    195999         0    196002           0.276     1.015     1.415     1.842     2.187     2.882     3.852     6.193
 605.001    195995         0    195993           0.247     1.007     1.411     1.837     2.161     2.806     3.647     5.853
 606.001    196066         0    196048           0.274     0.970     1.357     1.741     2.041     2.701     3.535     5.018
 607.001    195940         0    195950           0.276     0.944     1.349     1.765     2.101     2.810     3.715     5.825
 608.001    195968         0    195972           0.254     1.135     1.573     2.116     2.460     3.293     4.411     6.697
 609.001    196034         0    196036           0.276     0.970     1.377     1.840     2.185     2.812     3.668     5.698
 610.001    196004         0    195997           0.263     0.907     1.283     1.659     1.951     2.619     3.488     5.644
 611.001    195959         0    195963           0.269     1.044     1.466     1.980     2.441     3.647     5.263     8.634
 612.001    196081         0    196074           0.258     0.940     1.348     1.762     2.118     2.959     4.168     6.889
 613.001    195988         0    195987           0.283     0.909     1.293     1.683     1.987     2.656     3.596     6.001
 614.002    196002         0    195999           0.256     0.878     1.240     1.592     1.855     2.447     3.209     4.760
 615.001    195974         0    195991           0.258     0.980     1.373     1.775     2.088     2.753     3.639     5.575
 616.002    196015         0    196007           0.269     1.002     1.412     1.842     2.202     2.978     3.957     5.808
 617.001    196011         0    196013           0.269     0.904     1.291     1.682     1.996     2.726     3.715     6.509
 618.001    196002         0    195994           0.267     0.855     1.206     1.564     1.824     2.451     3.232     4.899
 619.001    195999         0    196003           0.289     0.963     1.367     1.770     2.097     2.789     3.676     5.399
 620.001    195985         0    195979           0.271     0.961     1.391     1.871     2.290     3.383     4.919     8.323
 621.001    196047         0    196030           0.270     0.963     1.372     1.791     2.114     2.765     3.621     5.333
 622.001    195981         0    196001           0.271     0.944     1.336     1.718     2.010     2.636     3.441     5.304
 623.001    195988         0    195995           0.257     1.056     1.464     1.918     2.261     2.980     3.979     5.997
 624.001    196022         0    196009           0.278     0.973     1.389     1.826     2.181     2.945     4.000     6.140
 625.001    195998         0    196007           0.252     0.872     1.254     1.631     1.918     2.556     3.353     4.833
 626.001    195968         0    195955           0.281     0.842     1.197     1.547     1.801     2.402     3.160     4.407
 627.001    195992         0    196009           0.262     0.989     1.389     1.797     2.122     2.789     3.613     5.186
 628.001    196014         0    196013           0.270     0.959     1.406     1.932     2.396     3.604     5.206     9.191
 629.001    196038         0    196042           0.246     1.034     1.439     1.894     2.296     3.324     4.772     7.369
 630.001    195971         0    195971           0.272     0.865     1.239     1.602     1.882     2.492     3.238     4.710
 631.001    196051         0    196045           0.262     1.084     1.475     1.914     2.269     3.062     4.028     5.865
 632.001    195975         0    195986           0.259     0.885     1.267     1.631     1.911     2.529     3.340     5.243
 633.001    196028         0    196009           0.262     0.944     1.329     1.704     1.999     2.634     3.441     4.891
 634.001    195975         0    195967           0.262     0.945     1.336     1.731     2.045     2.679     3.457     5.345
 635.001    196007         0    196017           0.250     0.907     1.288     1.655     1.931     2.544     3.318     4.760
 636.001    196005         0    196011           0.262     0.860     1.240     1.636     1.954     2.666     3.652     6.386
 637.001    196003         0    195994           0.249     0.878     1.257     1.629     1.914     2.552     3.316     4.858
 638.001    195996         0    196020           0.239     0.880     1.250     1.605     1.870     2.484     3.271     4.301
 639.001    196044         0    196008           0.272     0.833     1.166     1.511     1.750     2.337     3.078     4.338
 640.001    195949         0    195975           0.252     0.863     1.226     1.595     1.868     2.476     3.287     4.657
 641.001    196033         0    196018           0.264     0.880     1.251     1.619     1.896     2.529     3.299     4.637
 642.001    195993         0    195997           0.259     0.872     1.232     1.584     1.848     2.468     3.260     5.251
 643.001    196002         0    195988           0.258     0.891     1.267     1.629     1.905     2.513     3.324     4.678
 644.001    195988         0    196021           0.276     0.894     1.274     1.649     1.943     2.580     3.420     5.960
 645.001    196005         0    196004           0.262     0.876     1.243     1.608     1.881     2.494     3.265     5.034
 646.001    195983         0    195983           0.259     0.862     1.227     1.590     1.859     2.462     3.213     4.743
 647.001    196035         0    196030           0.260     0.916     1.312     1.698     2.002     2.675     3.574     5.648
 648.001    195935         0    195930           0.267     0.848     1.204     1.567     1.829     2.460     3.269     4.841
 649.001    196071         0    196071           0.261     0.885     1.261     1.635     1.927     2.574     3.412     5.259
 650.001    195992         0    195982           0.246     0.852     1.215     1.576     1.840     2.431     3.205     4.481
 651.001    195993         0    196000           0.275     0.858     1.221     1.575     1.837     2.447     3.197     5.669
 652.001    196035         0    196039           0.276     0.923     1.308     1.671     1.954     2.572     3.400     4.809
 653.001    196011         0    196008           0.274     0.855     1.211     1.560     1.815     2.417     3.207     5.259
 654.001    195982         0    195963           0.268     0.863     1.226     1.584     1.847     2.447     3.201     4.600
 655.001    195997         0    196012           0.255     0.891     1.255     1.618     1.885     2.480     3.262     4.846
 656.001    196010         0    196013           0.265     0.897     1.274     1.648     1.925     2.548     3.312     4.731
 657.001    195995         0    195992           0.246     0.872     1.238     1.594     1.859     2.484     3.285     4.850
 658.001    195993         0    196009           0.279     0.877     1.248     1.606     1.880     2.482     3.271     4.506
 659.001    196019         0    195998           0.274     0.857     1.212     1.571     1.825     2.423     3.166     4.067
 660.001    196024         0    196019           0.258     0.844     1.188     1.534     1.781     2.374     3.129     4.653
 661.001    195950         0    195970           0.254     0.835     1.185     1.537     1.787     2.374     3.150     4.485
 662.001    196019         0    196023           0.263     0.916     1.295     1.668     1.948     2.546     3.281     4.956
 663.001    196001         0    195995           0.261     0.863     1.224     1.583     1.845     2.439     3.215     4.669
 664.001    195993         0    195997           0.258     0.879     1.251     1.616     1.890     2.507     3.355     4.858
 665.001    195992         0    195980           0.253     0.875     1.239     1.596     1.863     2.476     3.252     4.653
 666.001    196004         0    196006           0.249     0.866     1.230     1.594     1.859     2.468     3.238     4.973
 667.001    196002         0    196012           0.255     0.874     1.240     1.596     1.865     2.482     3.297     4.866
 668.001    196029         0    196014           0.259     0.869     1.233     1.591     1.846     2.449     3.213     4.616
 669.001    195978         0    195986           0.245     0.876     1.247     1.607     1.885     2.499     3.279     4.813
 670.001    196027         0    196017           0.259     0.889     1.260     1.623     1.894     2.513     3.336     4.665
 671.001    195969         0    195974           0.271     0.858     1.220     1.574     1.834     2.439     3.197     4.297
 672.001    195984         0    195984           0.274     0.862     1.220     1.580     1.850     2.454     3.207     4.686
 673.001    196043         0    196052           0.270     0.864     1.224     1.581     1.844     2.447     3.254     4.415
 674.002    195975         0    195978           0.271     0.890     1.268     1.631     1.903     2.531     3.326     4.395
 675.001    195961         0    195968           0.250     0.867     1.227     1.585     1.855     2.468     3.232     4.456
 676.001    196025         0    196001           0.277     0.858     1.224     1.582     1.844     2.441     3.226     5.226
 677.001    196011         0    196013           0.249     0.865     1.223     1.577     1.830     2.423     3.195     4.772
 678.001    195975         0    195995           0.262     0.879     1.250     1.620     1.897     2.509     3.318     5.431
 679.001    196026         0    196011           0.262     0.871     1.243     1.606     1.872     2.490     3.295     4.461
 680.001    196027         0    196012           0.256     0.868     1.232     1.588     1.849     2.460     3.254     4.653
 681.001    195941         0    195967           0.245     0.861     1.210     1.560     1.810     2.402     3.189     4.338
 682.001    196039         0    196021           0.234     0.863     1.221     1.577     1.834     2.447     3.238     4.837
 683.001    196008         0    196015           0.271     0.890     1.258     1.629     1.911     2.531     3.322     6.410
 684.001    195975         0    195995           0.272     0.859     1.210     1.558     1.808     2.400     3.193     5.042
 685.001    196049         0    196010           0.264     0.900     1.275     1.642     1.924     2.560     3.391     5.116
 686.001    195966         0    195980           0.279     0.880     1.244     1.603     1.877     2.497     3.291     5.734
 687.001    195995         0    196003           0.253     0.839     1.176     1.519     1.763     2.355     3.099     5.067
 688.001    196029         0    196015           0.280     0.879     1.247     1.608     1.875     2.505     3.303     4.772
 689.001    196014         0    196028           0.269     0.876     1.251     1.617     1.885     2.519     3.305     4.637
 690.001    195998         0    195993           0.272     0.837     1.180     1.528     1.768     2.361     3.150     4.735
 691.001    195984         0    196002           0.276     0.872     1.238     1.598     1.861     2.480     3.248     4.743
 692.001    196007         0    196000           0.274     0.873     1.238     1.606     1.880     2.490     3.279     4.596
 693.001    195995         0    195996           0.265     0.858     1.207     1.560     1.811     2.402     3.226     4.858
 694.001    195996         0    195998           0.274     0.882     1.243     1.601     1.864     2.474     3.250     4.588
 695.001    196030         0    196014           0.269     0.857     1.207     1.561     1.811     2.415     3.185     4.366
 696.001    195971         0    195981           0.257     0.846     1.193     1.545     1.802     2.390     3.160     4.588
 697.001    195996         0    195997           0.271     0.850     1.200     1.549     1.805     2.406     3.207     4.346
 698.001    196041         0    196036           0.262     0.892     1.263     1.630     1.909     2.531     3.299     4.633
 699.001    195987         0    195991           0.251     0.890     1.266     1.636     1.924     2.548     3.336     4.370
 700.001    195972         0    195958           0.260     0.860     1.218     1.576     1.837     2.451     3.267     4.309
 701.001    196010         0    196011           0.239     0.863     1.222     1.586     1.853     2.464     3.232     4.923
 702.001    196019         0    196040           0.265     0.857     1.217     1.573     1.833     2.447     3.215     4.329
 703.001    195983         0    195968           0.275     0.855     1.209     1.569     1.836     2.447     3.310     5.153
 704.001    196037         0    196039           0.270     0.867     1.226     1.584     1.841     2.439     3.250     4.473
 705.001    196014         0    196025           0.255     0.899     1.270     1.634     1.908     2.531     3.344     4.985
 706.001    196010         0    195988           0.252     0.836     1.169     1.514     1.756     2.333     3.113     4.702
 707.001    195946         0    195961           0.274     0.876     1.243     1.603     1.868     2.478     3.310     4.960
 708.001    196027         0    195997           0.275     0.925     1.307     1.694     1.995     2.660     3.510     5.460
 709.001    195968         0    196000           0.240     0.916     1.298     1.676     1.964     2.599     3.387     4.653
 710.001    196043         0    196016           0.277     0.890     1.264     1.632     1.902     2.527     3.336     5.632
 711.001    195978         0    196014           0.259     0.889     1.255     1.623     1.906     2.531     3.340     4.395
 712.001    196000         0    195999           0.262     0.845     1.188     1.533     1.784     2.382     3.170     4.415
 713.001    195996         0    195973           0.254     0.918     1.294     1.670     1.959     2.601     3.391     4.645
 714.001    195987         0    196009           0.279     0.895     1.268     1.639     1.916     2.556     3.379     4.821
 715.001    196004         0    195996           0.263     0.880     1.248     1.609     1.879     2.488     3.297     4.571
 716.001    196029         0    196005           0.252     0.856     1.219     1.575     1.828     2.433     3.217     4.465
 717.001    196013         0    196020           0.274     0.866     1.239     1.598     1.869     2.492     3.301     4.620
 718.001    195980         0    196003           0.255     0.861     1.229     1.585     1.847     2.447     3.246     4.633
 719.001    196061         0    196048           0.257     0.849     1.199     1.552     1.808     2.390     3.140     4.239
 720.001    195946         0    195952           0.267     0.895     1.276     1.650     1.942     2.564     3.369     4.895
 721.001    196022         0    195995           0.276     0.863     1.229     1.589     1.852     2.490     3.299     4.538
 722.001    195973         0    196006           0.270     0.856     1.212     1.565     1.824     2.435     3.230     4.346
 723.001    195989         0    195979           0.264     0.860     1.221     1.583     1.849     2.472     3.267     5.337
 724.001    196015         0    196026           0.280     0.936     1.327     1.714     2.013     2.654     3.488     4.997
 725.001    196022         0    196016           0.257     0.849     1.211     1.570     1.830     2.429     3.203     4.952
 726.001    195971         0    195968           0.268     0.890     1.268     1.638     1.916     2.542     3.328     5.513
 727.001    196026         0    196036           0.237     0.913     1.298     1.684     1.975     2.609     3.412     4.608
 728.001    195981         0    195963           0.250     0.865     1.230     1.585     1.850     2.451     3.168     4.563
 729.001    196019         0    196033           0.245     0.846     1.197     1.544     1.795     2.402     3.211     4.653
 730.001    195954         0    195957           0.248     0.915     1.297     1.676     1.969     2.593     3.408     5.251
 731.001    196079         0    196066           0.267     0.864     1.231     1.589     1.855     2.478     3.256     4.874
 732.001    195957         0    195967           0.250     0.871     1.237     1.605     1.878     2.490     3.238     4.424
 733.001    196030         0    196027           0.272     0.904     1.279     1.646     1.924     2.542     3.332     4.686
 734.001    195995         0    195998           0.267     0.856     1.221     1.588     1.866     2.466     3.254     4.674
 735.001    196000         0    195991           0.251     0.844     1.194     1.542     1.790     2.394     3.174     4.719
 736.001    196009         0    196016           0.249     0.909     1.296     1.673     1.961     2.626     3.455     4.686
 737.001    196000         0    195992           0.276     0.886     1.258     1.633     1.919     2.544     3.305     4.841
 738.001    195999         0    196016           0.275     0.853     1.214     1.581     1.848     2.466     3.258     4.575
 739.001    195983         0    195969           0.271     0.886     1.255     1.615     1.885     2.497     3.267     4.563
 740.001    196014         0    196026           0.265     0.886     1.268     1.645     1.938     2.580     3.383     5.329
 741.001    196045         0    196011           0.259     0.849     1.201     1.556     1.816     2.425     3.211     4.514
 742.001    195958         0    195991           0.271     0.885     1.254     1.624     1.898     2.519     3.318     4.809
 743.001    195989         0    195984           0.253     0.868     1.226     1.583     1.841     2.441     3.203     4.825
 744.001    196009         0    196002           0.253     0.872     1.236     1.599     1.873     2.494     3.260     4.899
 745.001    196046         0    196039           0.254     0.873     1.235     1.592     1.863     2.472     3.289     4.571
 746.001    195973         0    195982           0.270     0.865     1.223     1.579     1.839     2.439     3.219     4.178
 747.001    196013         0    196009           0.264     0.860     1.219     1.569     1.817     2.417     3.207     4.379
 748.001    195966         0    195976           0.261     0.874     1.247     1.612     1.887     2.499     3.287     4.809
 749.001    196010         0    195996           0.262     0.919     1.307     1.711     2.034     2.648     3.443     4.887
 750.001    196028         0    196026           0.253     0.860     1.225     1.585     1.842     2.454     3.242     5.046
 751.001    195965         0    195984           0.276     0.873     1.239     1.597     1.865     2.480     3.271     5.116
 752.001    196025         0    196026           0.273     0.890     1.263     1.627     1.900     2.519     3.334     5.075
 753.001    195983         0    195972           0.265     0.870     1.234     1.594     1.860     2.466     3.244     4.354
 754.001    196029         0    196009           0.257     0.880     1.251     1.614     1.888     2.501     3.279     4.583
 755.001    195990         0    196017           0.262     0.878     1.244     1.606     1.877     2.497     3.293     4.657
 756.001    195988         0    195995           0.262     0.873     1.232     1.585     1.846     2.447     3.232     4.526
 757.001    195997         0    195980           0.260     0.902     1.283     1.654     1.942     2.580     3.381     4.616
 758.001    196013         0    196010           0.264     0.883     1.257     1.622     1.901     2.521     3.301     5.554
 759.001    195987         0    196008           0.249     0.839     1.174     1.522     1.766     2.359     3.140     5.390
 760.001    196010         0    196010           0.267     0.872     1.238     1.601     1.877     2.503     3.262     4.575
 761.001    196029         0    196013           0.268     0.871     1.236     1.592     1.854     2.468     3.301     5.120
 762.001    196005         0    196017           0.271     0.861     1.223     1.581     1.844     2.462     3.244     4.874
 763.001    195984         0    195984           0.262     0.894     1.268     1.639     1.918     2.560     3.330     4.702
 764.001    195981         0    195992           0.262     0.885     1.248     1.614     1.881     2.476     3.299     4.489
 765.001    196068         0    196025           0.276     0.871     1.242     1.607     1.878     2.507     3.303     4.604
 766.001    195947         0    195954           0.262     0.933     1.326     1.716     2.020     2.636     3.447     4.850
 767.001    195996         0    196017           0.281     0.893     1.270     1.640     1.925     2.548     3.412     4.792
 768.001    196023         0    196008           0.257     0.878     1.252     1.634     1.918     2.574     3.432     5.816
 769.001    196031         0    196038           0.271     0.873     1.234     1.599     1.862     2.507     3.373     5.259
 770.001    195953         0    195962           0.252     0.873     1.241     1.610     1.884     2.486     3.271     5.554
 771.001    196025         0    196026           0.269     0.895     1.267     1.635     1.915     2.546     3.336     4.710
 772.001    196012         0    195989           0.263     0.872     1.241     1.601     1.871     2.474     3.242     4.415
 773.001    195968         0    195972           0.239     0.874     1.237     1.595     1.853     2.464     3.291     4.723
 774.001    196046         0    196034           0.259     0.918     1.300     1.668     1.956     2.591     3.414     4.547
 775.001    195977         0    195993           0.278     0.875     1.244     1.607     1.880     2.490     3.305     4.645
 776.001    195994         0    196007           0.248     0.862     1.227     1.579     1.838     2.454     3.215     4.235
 777.001    196001         0    195998           0.265     0.865     1.222     1.580     1.843     2.466     3.291     4.735
 778.001    196059         0    196040           0.264     0.866     1.233     1.592     1.868     2.476     3.281     4.952
 779.002    195963         0    195982           0.250     0.858     1.213     1.570     1.829     2.439     3.213     4.891
 780.001    195998         0    196002           0.265     0.855     1.208     1.564     1.820     2.415     3.176     4.755
 781.001    196022         0    196005           0.260     0.862     1.221     1.578     1.841     2.445     3.215     4.649
 782.001    195962         0    195977           0.270     0.857     1.214     1.567     1.821     2.415     3.164     4.489
 783.001    195984         0    195991           0.269     0.860     1.217     1.571     1.829     2.437     3.211     4.850
 784.001    196045         0    196016           0.264     0.888     1.262     1.645     1.926     2.519     3.277     4.735
 785.001    195964         0    195988           0.247     0.873     1.242     1.606     1.882     2.488     3.262     4.809
 786.001    196018         0    196017           0.260     0.857     1.210     1.572     1.835     2.433     3.197     4.391
 787.001    195968         0    195957           0.253     0.950     1.340     1.738     2.049     2.685     3.502     4.915
 788.001    196021         0    196027           0.242     0.884     1.254     1.622     1.894     2.515     3.279     5.509
 789.001    196034         0    196021           0.237     0.860     1.217     1.577     1.838     2.443     3.191     4.870
 790.001    195974         0    195993           0.252     0.914     1.292     1.668     1.953     2.564     3.336     4.727
 791.001    195981         0    195974           0.271     0.887     1.266     1.640     1.929     2.562     3.410     4.821
 792.001    196041         0    196048           0.255     0.866     1.235     1.605     1.888     2.519     3.314     5.059
 793.001    195941         0    195944           0.280     0.870     1.238     1.597     1.867     2.466     3.228     4.469
 794.001    196031         0    196013           0.270     0.910     1.292     1.676     1.972     2.601     3.402     4.870
 795.001    196030         0    196046           0.261     0.878     1.241     1.601     1.878     2.503     3.273     5.046
 796.001    195991         0    195983           0.260     0.884     1.253     1.623     1.900     2.499     3.285     4.874
 797.001    196019         0    195999           0.264     0.857     1.214     1.569     1.830     2.435     3.185     4.768
 798.001    195969         0    195994           0.252     0.856     1.217     1.578     1.848     2.470     3.318     4.858
 799.001    196016         0    196025           0.266     0.877     1.252     1.631     1.924     2.542     3.338     4.661
 800.001    196022         0    196008           0.249     0.874     1.240     1.598     1.869     2.490     3.330     5.554
 801.001    195981         0    195980           0.254     0.841     1.185     1.537     1.795     2.388     3.156     4.592
 802.001    195980         0    195972           0.272     0.918     1.308     1.704     2.015     2.646     3.443     4.903
 803.001    196029         0    196041           0.256     0.860     1.220     1.577     1.842     2.462     3.248     4.514
 804.001    195991         0    195994           0.264     0.879     1.241     1.598     1.864     2.476     3.248     5.145
 805.001    195981         0    195982           0.265     0.897     1.273     1.638     1.921     2.544     3.340     4.751
 806.001    196038         0    196040           0.271     0.900     1.278     1.649     1.924     2.535     3.355     4.637
 807.001    195944         0    195947           0.278     0.881     1.245     1.603     1.870     2.478     3.222     4.997
 808.001    196011         0    196003           0.272     0.881     1.243     1.606     1.878     2.501     3.316     4.940
 809.001    196081         0    196060           0.273     0.877     1.243     1.598     1.866     2.462     3.215     4.919
 810.001    195981         0    196007           0.266     0.847     1.201     1.558     1.814     2.419     3.197     4.563
 811.001    195965         0    195960           0.249     0.913     1.292     1.673     1.966     2.611     3.447     5.186
 812.001    195971         0    195974           0.271     0.928     1.312     1.691     1.992     2.626     3.449     4.723
 813.001    196052         0    196066           0.251     0.856     1.209     1.570     1.830     2.439     3.240     4.919
 814.001    195956         0    195944           0.276     0.899     1.274     1.639     1.920     2.525     3.275     4.919
 815.001    196048         0    196041           0.287     0.914     1.294     1.663     1.943     2.568     3.332     4.858
 816.001    196009         0    196013           0.266     0.871     1.234     1.590     1.854     2.447     3.242     4.383
 817.001    195993         0    196001           0.257     0.864     1.228     1.582     1.849     2.466     3.291     4.411
 818.001    196001         0    195991           0.262     0.860     1.223     1.582     1.847     2.454     3.262     4.739
 819.001    196012         0    195992           0.285     0.864     1.231     1.588     1.859     2.462     3.230     5.083
 820.001    196004         0    196006           0.258     0.871     1.241     1.607     1.887     2.494     3.310     4.698
 821.001    195962         0    195978           0.266     0.902     1.285     1.654     1.942     2.576     3.365     4.837
 822.001    196007         0    196009           0.258     0.854     1.208     1.558     1.808     2.408     3.150     5.001
 823.001    196003         0    196004           0.269     0.851     1.205     1.561     1.817     2.429     3.215     4.522
 824.001    195986         0    195990           0.271     0.896     1.272     1.640     1.920     2.540     3.336     4.727
 825.001    196012         0    196008           0.258     0.842     1.182     1.528     1.776     2.374     3.154     4.436
 826.001    196018         0    196015           0.270     0.892     1.268     1.635     1.908     2.515     3.318     4.739
 827.001    195970         0    195969           0.266     0.933     1.318     1.694     1.987     2.601     3.344     4.608
 828.001    196004         0    196015           0.262     0.838     1.183     1.533     1.792     2.374     3.181     4.837
 829.001    195978         0    195975           0.257     0.873     1.253     1.628     1.908     2.546     3.342     5.075
 830.001    196070         0    196061           0.258     0.935     1.323     1.716     2.022     2.716     3.604     5.399
 831.001    195971         0    195967           0.262     0.837     1.187     1.542     1.800     2.406     3.166     4.555
 832.001    196038         0    196047           0.263     0.849     1.213     1.576     1.849     2.466     3.244     4.461
 833.001    196012         0    196005           0.276     0.854     1.215     1.570     1.828     2.435     3.219     4.694
 834.001    195993         0    195997           0.268     0.823     1.153     1.495     1.730     2.306     3.035     4.817
 835.001    195996         0    196003           0.263     0.859     1.230     1.589     1.854     2.458     3.236     4.383
 836.001    195962         0    195961           0.274     0.852     1.215     1.573     1.837     2.433     3.195     4.338
 837.001    196016         0    196020           0.270     0.830     1.165     1.510     1.756     2.353     3.097     4.289
 838.001    196029         0    196012           0.226     0.864     1.234     1.612     1.897     2.507     3.265     4.461
 839.001    195969         0    195991           0.264     0.865     1.227     1.577     1.837     2.441     3.211     4.596
 840.001    196018         0    195989           0.251     0.854     1.206     1.560     1.816     2.400     3.172     4.891
 841.001    195995         0    196010           0.258     0.864     1.232     1.598     1.868     2.486     3.283     4.547
 842.001    196016         0    196016           0.263     0.869     1.237     1.602     1.877     2.482     3.240     4.919
 843.001    195998         0    196000           0.258     0.843     1.195     1.554     1.824     2.447     3.244     4.604
 844.001    195985         0    195982           0.278     0.878     1.250     1.622     1.902     2.511     3.293     4.846
 845.001    195935         0    195939           0.276     0.891     1.271     1.637     1.914     2.519     3.369     5.005
 846.001    196092         0    196062           0.283     0.876     1.241     1.602     1.874     2.507     3.305     4.702
 847.001    195931         0    195959           0.280     0.856     1.209     1.575     1.834     2.433     3.193     4.444
 848.001    196026         0    196026           0.262     0.869     1.236     1.599     1.874     2.492     3.283     4.907
 849.001    196005         0    195986           0.259     0.854     1.215     1.578     1.844     2.445     3.258     4.821
 850.001    196013         0    196033           0.261     0.838     1.185     1.536     1.783     2.365     3.140     4.686
 851.001    195974         0    195972           0.274     0.889     1.278     1.659     1.959     2.580     3.400     5.738
 852.001    196063         0    196035           0.266     0.875     1.246     1.613     1.892     2.519     3.293     4.387
 853.001    195978         0    196011           0.256     0.843     1.198     1.553     1.808     2.413     3.209     4.964
 854.001    196016         0    196011           0.251     0.882     1.262     1.639     1.934     2.560     3.334     4.637
 855.001    195985         0    195981           0.266     0.839     1.190     1.534     1.781     2.378     3.131     4.624
 856.001    196019         0    196026           0.263     0.889     1.263     1.624     1.895     2.513     3.301     4.944
 857.001    195976         0    195973           0.275     0.870     1.234     1.598     1.867     2.480     3.240     4.686
 858.001    196040         0    196038           0.268     0.826     1.164     1.512     1.755     2.339     3.099     4.669
 859.001    195998         0    195999           0.275     0.856     1.223     1.594     1.873     2.554     3.482     5.378
 860.001    196009         0    196020           0.262     0.866     1.228     1.581     1.851     2.466     3.230     4.481
 861.001    195996         0    195978           0.274     0.848     1.209     1.573     1.839     2.456     3.295     4.747
 862.001    196022         0    196038           0.257     0.826     1.161     1.507     1.754     2.353     3.092     4.481
 863.001    195982         0    195977           0.268     0.873     1.246     1.607     1.878     2.476     3.242     4.346
 864.001    196007         0    195991           0.259     0.873     1.243     1.599     1.869     2.490     3.248     4.714
 865.001    195958         0    195970           0.265     0.823     1.162     1.509     1.760     2.361     3.121     4.190
 866.001    196021         0    196028           0.250     0.849     1.200     1.548     1.802     2.394     3.172     4.538
 867.001    195966         0    195960           0.281     0.893     1.268     1.639     1.922     2.544     3.338     4.714
 868.001    196044         0    196059           0.276     0.868     1.239     1.598     1.871     2.482     3.277     4.530
 869.001    196002         0    195989           0.253     0.851     1.205     1.553     1.806     2.417     3.164     4.575
 870.001    196017         0    196002           0.262     0.856     1.215     1.573     1.829     2.421     3.213     4.456
 871.001    195977         0    195996           0.269     0.851     1.203     1.553     1.809     2.423     3.203     4.792
 872.001    196002         0    195997           0.266     0.864     1.229     1.586     1.854     2.468     3.238     4.739
 873.001    195996         0    196000           0.271     0.867     1.232     1.594     1.868     2.470     3.248     4.485
 874.001    196003         0    196008           0.264     0.859     1.223     1.579     1.840     2.435     3.232     5.161
 875.001    196012         0    195991           0.262     0.838     1.180     1.533     1.786     2.378     3.140     4.657
 876.001    196033         0    196018           0.263     0.876     1.241     1.596     1.851     2.451     3.215     4.366
 877.001    195971         0    196007           0.260     0.869     1.235     1.586     1.844     2.449     3.209     4.522
 878.001    195995         0    195992           0.260     0.826     1.160     1.504     1.744     2.339     3.097     4.493
 879.001    195992         0    195991           0.263     0.910     1.291     1.663     1.942     2.570     3.369     4.403
 880.001    196017         0    196010           0.281     0.882     1.250     1.614     1.890     2.503     3.285     4.485
 881.001    195994         0    196002           0.245     0.862     1.223     1.572     1.826     2.423     3.164     4.436
 882.001    196028         0    196023           0.269     0.858     1.220     1.578     1.841     2.443     3.248     4.452
 883.001    196023         0    195985           0.262     0.902     1.274     1.640     1.920     2.533     3.336     4.829
 884.001    195976         0    196025           0.256     0.852     1.198     1.548     1.804     2.402     3.162     4.272
 885.001    195996         0    195968           0.272     0.895     1.267     1.634     1.915     2.529     3.338     4.375
 886.001    195962         0    195980           0.269     0.870     1.239     1.607     1.884     2.511     3.332     4.510
 887.001    196042         0    196049           0.281     0.874     1.247     1.616     1.897     2.521     3.295     4.616
 888.001    196004         0    196000           0.265     0.842     1.198     1.559     1.824     2.431     3.217     5.001
 889.001    196031         0    196003           0.277     0.847     1.209     1.569     1.838     2.472     3.289     4.899
 890.001    195970         0    195999           0.258     0.860     1.221     1.578     1.838     2.423     3.207     5.177
 891.001    196036         0    196027           0.258     0.821     1.152     1.504     1.751     2.361     3.166     4.895
 892.001    195975         0    195975           0.251     0.906     1.289     1.662     1.957     2.585     3.363     4.776
 893.001    195996         0    195996           0.280     0.868     1.233     1.594     1.873     2.472     3.267     4.809
 894.001    196023         0    196028           0.257     0.830     1.171     1.520     1.770     2.363     3.148     5.403
 895.001    195968         0    195975           0.267     0.877     1.242     1.606     1.885     2.499     3.289     4.977
 896.001    195977         0    195976           0.261     0.867     1.229     1.592     1.872     2.501     3.340     4.628
 897.001    196040         0    196047           0.259     0.851     1.210     1.572     1.843     2.474     3.314     4.702
 898.001    195982         0    195974           0.272     0.852     1.209     1.568     1.832     2.445     3.281     4.432
 899.001    196030         0    196008           0.253     0.864     1.229     1.587     1.846     2.462     3.271     4.452
 900.001    195999         0    196022           0.265     0.845     1.199     1.550     1.812     2.402     3.160     4.674
 901.001    195991         0    195974           0.241     0.839     1.191     1.542     1.796     2.413     3.119     4.114
 902.001    196023         0    196013           0.259     0.889     1.266     1.633     1.914     2.527     3.338     4.633
 903.001    195957         0    195975           0.261     0.879     1.246     1.605     1.872     2.482     3.248     4.993
 904.001    196034         0    196023           0.272     0.835     1.177     1.526     1.774     2.365     3.148     4.346
 905.001    195983         0    195982           0.242     0.903     1.282     1.651     1.929     2.568     3.379     4.854
 906.001    195985         0    195985           0.260     0.932     1.325     1.718     2.022     2.716     3.647     5.513
 907.001    196015         0    196036           0.252     0.848     1.203     1.561     1.829     2.443     3.201     4.813
 908.001    195985         0    195977           0.267     0.906     1.289     1.665     1.955     2.583     3.387     4.825
 909.001    196006         0    196000           0.276     0.865     1.236     1.615     1.915     2.724     4.065     7.209
 910.001    195997         0    196001           0.269     0.863     1.226     1.586     1.855     2.464     3.238     4.563
 911.001    196008         0    196010           0.250     0.842     1.189     1.535     1.787     2.386     3.156     4.723
 912.001    196018         0    196022           0.272     0.865     1.221     1.580     1.840     2.439     3.193     4.714
 913.001    196015         0    196011           0.257     0.871     1.248     1.617     1.896     2.527     3.328     4.575
 914.001    195979         0    195978           0.273     0.859     1.223     1.586     1.865     2.513     3.457     5.493
 915.001    196005         0    196005           0.252     0.880     1.252     1.624     1.905     2.550     3.404     5.464
 916.001    196022         0    196018           0.256     0.859     1.230     1.598     1.874     2.523     3.389     5.902
 917.001    196010         0    196001           0.259     0.865     1.231     1.598     1.882     2.548     3.420     5.456
 918.001    195912         0    195940           0.266     0.884     1.252     1.615     1.885     2.513     3.293     4.923
 919.001    196070         0    196048           0.266     0.912     1.304     1.696     1.998     2.652     3.504     4.833
 920.001    195989         0    196000           0.278     0.901     1.288     1.664     1.955     2.580     3.373     4.645
 921.001    195995         0    195988           0.266     0.856     1.221     1.584     1.857     2.492     3.314     5.231
 922.001    196002         0    196008           0.265     0.870     1.250     1.624     1.912     2.531     3.308     4.817
 923.001    196005         0    196015           0.279     0.876     1.253     1.635     1.933     2.619     3.525     5.616
 924.001    196016         0    196005           0.243     0.841     1.192     1.545     1.800     2.392     3.162     4.432
 925.001    195979         0    195990           0.260     0.897     1.277     1.654     1.944     2.587     3.344     4.534
 926.001    196008         0    196004           0.272     0.864     1.231     1.596     1.877     2.523     3.459     6.914
 927.002    196016         0    196007           0.265     0.857     1.212     1.570     1.829     2.439     3.195     4.678
 928.001    196007         0    196014           0.265     0.850     1.205     1.559     1.809     2.410     3.189     4.534
 929.001    195998         0    195994           0.259     0.878     1.246     1.606     1.873     2.472     3.277     4.542
 930.001    195985         0    195988           0.263     0.885     1.267     1.653     1.955     2.656     3.688     6.541
 931.001    196000         0    195990           0.258     0.888     1.276     1.678     1.997     2.722     3.897     7.733
 932.001    196001         0    196003           0.278     0.866     1.241     1.612     1.887     2.499     3.330     5.014
 933.001    196004         0    196007           0.264     0.897     1.275     1.644     1.921     2.560     3.363     4.719
 934.001    195998         0    195988           0.265     0.865     1.231     1.591     1.862     2.494     3.322     5.181
 935.001    196046         0    196057           0.267     0.874     1.249     1.624     1.911     2.525     3.348     5.181
 936.001    195931         0    195917           0.264     0.898     1.275     1.653     1.938     2.556     3.346     4.919
 937.001    196022         0    196044           0.269     0.916     1.311     1.708     2.010     2.636     3.414     4.862
 938.001    196035         0    196016           0.263     0.879     1.257     1.628     1.906     2.515     3.287     4.665
 939.001    195979         0    196000           0.272     0.847     1.214     1.586     1.862     2.480     3.314     5.177
 940.001    196029         0    196012           0.268     0.904     1.288     1.667     1.957     2.580     3.394     4.760
 941.001    196013         0    196023           0.259     0.847     1.202     1.565     1.823     2.419     3.248     5.026
 942.001    196001         0    195968           0.249     0.858     1.231     1.604     1.888     2.599     3.754     6.697
 943.001    195998         0    196020           0.268     0.868     1.246     1.617     1.894     2.499     3.277     4.604
 944.001    195972         0    195987           0.258     0.860     1.223     1.585     1.848     2.460     3.240     4.784
 945.001    196022         0    196015           0.273     0.840     1.190     1.543     1.803     2.404     3.185     4.706
 946.001    195967         0    195967           0.271     0.858     1.221     1.580     1.844     2.458     3.232     4.637
 947.001    196013         0    196005           0.270     0.879     1.252     1.618     1.897     2.550     3.357     5.173
 948.001    196036         0    196038           0.251     0.856     1.221     1.589     1.865     2.474     3.236     4.628
 949.001    195978         0    195981           0.283     0.871     1.254     1.633     1.935     2.644     3.561     5.677
 950.001    195993         0    196004           0.272     0.878     1.260     1.625     1.904     2.568     3.400     4.751
 951.001    195990         0    195991           0.235     0.860     1.239     1.629     1.932     2.632     3.797     7.467
 952.001    196000         0    195985           0.255     0.878     1.244     1.601     1.867     2.476     3.258     4.665
 953.001    196028         0    196028           0.278     0.873     1.237     1.592     1.848     2.445     3.228     5.333
 954.001    195988         0    196005           0.269     0.874     1.244     1.610     1.882     2.511     3.318     4.829
 955.001    196005         0    195994           0.281     0.839     1.193     1.550     1.815     2.429     3.224     4.555
 956.001    195995         0    195998           0.257     0.865     1.248     1.632     1.925     2.544     3.338     5.149
 957.001    196009         0    195987           0.268     0.854     1.214     1.579     1.850     2.458     3.297     5.255
 958.001    195972         0    195984           0.271     0.850     1.204     1.562     1.825     2.429     3.207     4.674
 959.001    196034         0    196006           0.254     0.865     1.231     1.591     1.865     2.478     3.314     5.980
 960.001    195963         0    196007           0.260     0.864     1.227     1.588     1.858     2.492     3.299     4.887
 961.001    195996         0    195980           0.254     0.899     1.273     1.646     1.924     2.527     3.310     4.256
 962.001    196027         0    196040           0.254     0.861     1.215     1.570     1.826     2.435     3.205     4.891
 963.001    195987         0    195985           0.262     0.927     1.312     1.701     2.000     2.619     3.434     5.235
 964.001    196016         0    196015           0.276     0.912     1.309     1.709     2.022     2.689     3.613     6.369
 965.001    196004         0    196016           0.254     0.864     1.238     1.620     1.904     2.550     3.353     4.743
 966.001    195996         0    195963           0.280     0.889     1.278     1.665     1.962     2.607     3.404     5.022
 967.001    196021         0    196041           0.261     0.863     1.230     1.598     1.881     2.535     3.432     5.804
 968.001    196011         0    196008           0.275     0.835     1.172     1.524     1.777     2.390     3.191     4.903
 969.001    196003         0    195997           0.261     0.848     1.206     1.570     1.844     2.445     3.222     5.128
 970.001    195973         0    195990           0.271     0.871     1.249     1.622     1.906     2.531     3.324     5.083
 971.001    196017         0    196016           0.253     0.885     1.266     1.668     1.987     2.617     3.430     5.554
 972.001    195972         0    195957           0.270     0.834     1.188     1.569     1.860     2.652     3.910     6.169
 973.001    196037         0    196042           0.263     0.880     1.266     1.654     1.961     2.730     4.018     7.201
 974.001    195972         0    195988           0.245     0.861     1.225     1.594     1.877     2.468     3.271     4.944
 975.001    196026         0    196013           0.267     0.840     1.187     1.545     1.803     2.408     3.193     4.448
 976.001    195985         0    195968           0.259     0.866     1.239     1.611     1.886     2.544     3.373     5.353
 977.001    195997         0    196005           0.282     0.862     1.231     1.605     1.887     2.490     3.283     4.809
 978.001    196014         0    196015           0.284     0.856     1.211     1.576     1.842     2.447     3.258     4.813
 979.001    195957         0    195962           0.248     0.841     1.181     1.532     1.787     2.392     3.150     5.259
 980.001    196022         0    196031           0.277     0.886     1.266     1.641     1.931     2.597     3.430     5.460
 981.001    196026         0    196017           0.268     0.872     1.244     1.619     1.907     2.587     3.506     5.399
 982.001    195995         0    195985           0.253     0.828     1.184     1.551     1.820     2.443     3.240     4.760
 983.001    195981         0    195996           0.263     0.871     1.244     1.609     1.886     2.501     3.273     4.616
 984.001    196017         0    196017           0.259     0.904     1.294     1.690     1.994     2.636     3.510     5.304
 985.001    196038         0    196032           0.258     0.850     1.205     1.568     1.838     2.435     3.178     5.259
 986.001    195966         0    195969           0.264     0.846     1.202     1.558     1.814     2.417     3.183     4.399
 987.001    196009         0    196012           0.262     0.884     1.255     1.627     1.908     2.511     3.283     4.538
 988.001    196004         0    196009           0.266     0.874     1.241     1.612     1.894     2.529     3.346     4.927
 989.001    196022         0    196014           0.273     0.835     1.192     1.556     1.824     2.449     3.267     5.018
 990.001    196007         0    196003           0.262     0.897     1.292     1.702     2.047     2.894     4.272     7.487
 991.001    195964         0    195978           0.280     0.940     1.345     1.758     2.084     2.832     3.828     6.119
 992.001    196024         0    196003           0.267     0.856     1.226     1.599     1.887     2.519     3.355     4.858
 993.001    196017         0    196028           0.266     0.854     1.214     1.574     1.836     2.447     3.211     4.538
 994.001    195984         0    195997           0.275     0.887     1.262     1.636     1.920     2.542     3.328     4.989
 995.001    196019         0    196014           0.251     0.831     1.167     1.524     1.780     2.382     3.156     4.534
 996.001    195985         0    195986           0.247     0.863     1.234     1.609     1.895     2.513     3.283     4.678
 997.001    196015         0    195999           0.220     0.886     1.264     1.634     1.916     2.548     3.326     5.296
 998.001    196011         0    196028           0.257     0.870     1.253     1.642     1.943     2.615     3.469     5.480
 999.001    195986         0    195976           0.261     0.865     1.248     1.624     1.911     2.554     3.320     5.300
1000.001    195978         0    195981           0.267     0.875     1.256     1.638     1.927     2.558     3.404     5.046
1001.001    196066         0    196043           0.251     0.852     1.214     1.588     1.870     2.497     3.291     4.833
1002.001    195978         0    195983           0.254     0.828     1.163     1.519     1.776     2.372     3.107     4.407
1003.001    195977         0    195995           0.268     0.845     1.200     1.558     1.830     2.417     3.166     4.596
1004.001    195999         0    195990           0.252     0.919     1.299     1.677     1.968     2.585     3.398     5.333
1005.001    195992         0    196005           0.247     0.868     1.239     1.614     1.892     2.513     3.289     4.874
1006.001    195986         0    195985           0.261     0.890     1.277     1.668     1.972     2.646     3.549     5.775
1007.002    196014         0    196017           0.241     0.903     1.293     1.690     1.998     2.679     3.514     5.046
1008.001    196020         0    196025           0.270     0.856     1.226     1.596     1.878     2.517     3.402     5.190
1009.001    195985         0    195981           0.238     0.854     1.218     1.590     1.863     2.494     3.310     5.112
1010.001    196033         0    196021           0.258     0.889     1.266     1.641     1.923     2.574     3.381     5.104
1011.001    195961         0    195970           0.270     0.881     1.251     1.621     1.896     2.499     3.287     4.592
1012.001    196048         0    196049           0.266     0.868     1.230     1.598     1.874     2.499     3.283     5.054
1013.001    196000         0    195981           0.260     0.874     1.245     1.604     1.869     2.472     3.269     4.710
1014.001    196003         0    196013           0.247     0.928     1.324     1.731     2.074     2.902     4.575     9.060
1015.001    195974         0    195979           0.246     0.859     1.222     1.591     1.869     2.501     3.285     5.366
1016.001    195995         0    195994           0.269     0.866     1.240     1.615     1.898     2.513     3.320     5.095
1017.001    196019         0    196020           0.274     0.943     1.338     1.744     2.068     2.767     3.623     5.390
1018.001    195979         0    195978           0.280     0.854     1.205     1.566     1.830     2.433     3.228     4.456
1019.001    195999         0    195996           0.274     0.874     1.242     1.612     1.882     2.503     3.258     5.415
1020.001    195980         0    195991           0.250     0.889     1.261     1.632     1.918     2.548     3.332     4.932
1021.001    196060         0    196046           0.265     0.876     1.245     1.625     1.915     2.544     3.351     4.719
1022.001    196005         0    196004           0.266     0.855     1.219     1.586     1.853     2.447     3.211     4.649
1023.001    195925         0    195919           0.272     0.910     1.309     1.715     2.045     2.765     3.781     5.652
1024.001    196051         0    196054           0.269     0.941     1.358     1.775     2.105     2.798     3.672     5.906
1025.001    196036         0    196024           0.261     0.862     1.232     1.607     1.892     2.550     3.375     5.468
1026.001    195968         0    195989           0.248     0.866     1.232     1.601     1.874     2.490     3.301     5.149
1027.001    195993         0    195995           0.258     0.853     1.209     1.564     1.828     2.435     3.242     5.104
1028.001    196018         0    196010           0.272     0.867     1.228     1.593     1.871     2.497     3.322     4.256
1029.001    196005         0    196018           0.259     0.880     1.253     1.620     1.898     2.519     3.312     4.567
1030.001    196019         0    196001           0.275     0.884     1.258     1.631     1.912     2.537     3.334     4.714
1031.001    195983         0    196015           0.263     0.852     1.207     1.574     1.841     2.462     3.244     4.420
1032.001    195983         0    195973           0.255     0.867     1.246     1.632     1.926     2.570     3.496     5.018
1033.001    196014         0    195997           0.263     0.883     1.273     1.678     2.025     2.933     4.444     8.241
1034.001    195992         0    195989           0.235     0.860     1.234     1.629     1.943     2.759     4.088     6.668
1035.001    196015         0    196023           0.273     0.865     1.235     1.604     1.885     2.507     3.314     4.784
1036.001    196024         0    196030           0.262     0.864     1.222     1.578     1.839     2.443     3.248     4.719
1037.001    195962         0    195938           0.250     0.865     1.227     1.601     1.891     2.499     3.228     4.821
1038.001    196011         0    196030           0.255     0.845     1.194     1.562     1.836     2.429     3.222     4.518
1039.001    195982         0    195980           0.240     0.874     1.247     1.626     1.917     2.531     3.318     4.846
1040.001    196035         0    196018           0.256     0.897     1.290     1.698     2.015     2.716     3.613     5.706
1041.001    195979         0    196002           0.258     0.857     1.224     1.586     1.857     2.478     3.248     4.489
1042.001    196006         0    196010           0.271     0.862     1.225     1.598     1.884     2.505     3.348     5.296
1043.001    195998         0    195985           0.278     0.858     1.223     1.590     1.869     2.480     3.269     4.792
1044.001    196031         0    196029           0.258     0.843     1.187     1.542     1.795     2.386     3.103     5.370
1045.001    196021         0    196004           0.258     0.871     1.238     1.609     1.888     2.497     3.377     4.854
1046.001    195961         0    195982           0.278     0.876     1.240     1.608     1.889     2.509     3.279     4.780
1047.001    195998         0    196008           0.251     0.868     1.236     1.602     1.873     2.470     3.260     4.469
1048.001    195966         0    195962           0.249     0.854     1.233     1.639     1.979     2.933     4.530     7.557
1049.001    196051         0    196035           0.269     0.879     1.268     1.662     1.969     2.652     3.588     6.382
1050.001    195999         0    196004           0.256     0.852     1.221     1.598     1.878     2.505     3.353     4.792
1051.001    196051         0    196012           0.280     0.850     1.202     1.560     1.821     2.433     3.213     4.702
1052.001    195950         0    195983           0.252     0.910     1.287     1.669     1.964     2.605     3.482     5.054
1053.001    196011         0    196018           0.258     0.889     1.262     1.630     1.911     2.511     3.310     4.547
1054.001    195972         0    195980           0.277     0.844     1.192     1.552     1.815     2.429     3.246     4.714
1055.001    196032         0    196036           0.267     0.871     1.236     1.606     1.887     2.507     3.295     5.239
1056.001    196018         0    196004           0.276     0.870     1.240     1.614     1.902     2.529     3.289     4.563
1057.001    195922         0    195936           0.242     0.837     1.191     1.564     1.844     2.560     3.746     7.008
1058.001    196035         0    196030           0.253     0.879     1.265     1.646     1.946     2.587     3.437     7.229
1059.001    195995         0    195992           0.237     0.940     1.342     1.775     2.103     2.728     3.568     4.964
1060.001    196050         0    196032           0.267     0.856     1.217     1.578     1.848     2.443     3.209     4.542
1061.001    195973         0    196009           0.276     0.856     1.215     1.574     1.838     2.460     3.265     4.809
1062.001    195971         0    195959           0.263     0.894     1.271     1.649     1.938     2.556     3.355     4.329
1063.001    196055         0    196057           0.273     0.885     1.256     1.625     1.901     2.507     3.308     4.780
1064.001    195969         0    195959           0.262     0.863     1.231     1.606     1.890     2.521     3.338     5.042
1065.001    196002         0    196011           0.272     0.861     1.246     1.645     1.964     2.732     4.338     8.487
1066.001    196013         0    196028           0.277     0.889     1.277     1.679     2.010     2.793     4.114     6.984
1067.001    196013         0    195988           0.270     0.853     1.227     1.607     1.897     2.531     3.373     4.694
1068.001    195997         0    196001           0.242     0.857     1.225     1.597     1.881     2.490     3.277     5.001
1069.001    196032         0    196025           0.265     0.875     1.250     1.623     1.901     2.525     3.295     4.678
1070.001    195957         0    195963           0.264     0.857     1.220     1.592     1.873     2.511     3.369     6.234
1071.001    196024         0    196023           0.253     0.859     1.217     1.587     1.867     2.486     3.281     4.702
1072.001    195997         0    196013           0.278     0.871     1.247     1.625     1.915     2.564     3.387     5.333
1073.001    195980         0    195965           0.244     0.873     1.253     1.632     1.923     2.537     3.340     4.489
1074.001    195991         0    196005           0.279     0.857     1.223     1.605     1.885     2.523     3.394     5.186
1075.001    196031         0    196025           0.264     0.937     1.333     1.736     2.051     2.720     3.553     4.968
1076.001    195994         0    195997           0.275     0.877     1.254     1.627     1.908     2.527     3.336     5.288
1077.001    195989         0    195981           0.268     0.872     1.238     1.615     1.902     2.499     3.260     5.149
1078.001    196018         0    196017           0.270     0.902     1.282     1.664     1.958     2.587     3.385     4.964
1079.001    196047         0    196020           0.267     0.864     1.224     1.585     1.854     2.456     3.201     4.694
1080.001    195957         0    195977           0.253     0.873     1.250     1.619     1.902     2.509     3.269     4.702
1081.001    195995         0    196012           0.259     0.885     1.267     1.644     1.927     2.540     3.394     5.546
1082.001    196014         0    196011           0.260     0.886     1.271     1.663     1.973     2.736     3.924     6.894
1083.001    196012         0    195988           0.258     0.888     1.278     1.671     1.974     2.619     3.498     5.296
1084.001    195982         0    196007           0.257     0.878     1.263     1.641     1.938     2.568     3.373     5.276
1085.001    196012         0    196010           0.260     0.880     1.247     1.618     1.895     2.497     3.238     4.682
1086.001    195974         0    195956           0.267     0.880     1.248     1.619     1.894     2.494     3.275     4.989
1087.001    196013         0    196013           0.262     0.878     1.260     1.646     1.942     2.544     3.342     4.723
1088.001    196012         0    196020           0.267     0.890     1.277     1.656     1.945     2.558     3.379     4.637
1089.001    195970         0    195970           0.250     0.894     1.276     1.662     1.957     2.576     3.406     4.596
1090.001    195973         0    195981           0.272     0.846     1.212     1.594     1.880     2.533     3.471     6.128
1091.001    196036         0    196031           0.263     0.889     1.284     1.704     2.062     2.988     4.522     7.082
1092.001    196001         0    195981           0.269     0.869     1.248     1.627     1.911     2.533     3.322     5.755
1093.001    196037         0    196040           0.263     0.889     1.272     1.662     1.964     2.607     3.412     4.575
1094.001    195935         0    195950           0.245     0.893     1.276     1.654     1.953     2.585     3.416     4.714
1095.001    196031         0    196028           0.281     0.914     1.307     1.690     1.996     2.646     3.480     5.439
1096.001    195992         0    195994           0.269     0.880     1.246     1.621     1.903     2.509     3.279     4.551
1097.001    195994         0    196011           0.271     0.850     1.206     1.567     1.839     2.443     3.232     5.181
1098.001    196027         0    196002           0.256     0.919     1.312     1.718     2.039     2.687     3.525     5.005
1099.001    195999         0    196010           0.268     0.903     1.292     1.695     2.003     2.642     3.471     5.095
1100.001    196004         0    196011           0.256     0.872     1.261     1.669     1.998     2.742     3.940     6.836
1101.001    196001         0    195989           0.264     0.925     1.323     1.716     2.031     2.669     3.471     4.674
1102.001    196007         0    196005           0.262     0.856     1.223     1.597     1.879     2.507     3.293     4.821
1103.001    196017         0    196014           0.276     0.833     1.177     1.531     1.787     2.398     3.183     4.497
1104.001    195971         0    195963           0.278     0.872     1.248     1.618     1.893     2.517     3.303     4.514
1105.001    196002         0    196021           0.236     0.861     1.233     1.608     1.895     2.507     3.279     4.588
1106.001    196027         0    196015           0.247     0.837     1.196     1.568     1.843     2.478     3.242     5.521
1107.001    195979         0    195984           0.272     0.929     1.326     1.725     2.032     2.660     3.467     5.079
1108.001    196001         0    196010           0.264     0.882     1.284     1.703     2.050     2.894     4.119     6.324
1109.001    195998         0    195994           0.279     0.863     1.235     1.611     1.896     2.544     3.346     5.018
1110.001    195989         0    195979           0.264     0.870     1.245     1.624     1.905     2.515     3.348     5.022
1111.001    195998         0    196001           0.256     0.848     1.205     1.572     1.847     2.456     3.224     4.878
1112.001    196014         0    196013           0.268     0.900     1.285     1.666     1.957     2.578     3.359     4.919
1113.001    196021         0    196041           0.244     0.837     1.194     1.555     1.828     2.421     3.162     4.456
1114.001    195999         0    195985           0.253     0.911     1.313     1.731     2.050     2.699     3.514     4.887
1115.001    195953         0    195964           0.251     0.881     1.271     1.663     1.973     2.662     3.645     7.995
1116.001    196026         0    196025           0.260     0.854     1.223     1.605     1.901     2.570     3.514     6.898
1117.001    196023         0    196011           0.251     0.903     1.294     1.678     1.974     2.634     3.432     5.071
1118.001    195974         0    195978           0.251     0.891     1.273     1.663     1.968     2.597     3.453     4.833
1119.001    196034         0    196040           0.262     0.857     1.224     1.596     1.878     2.521     3.344     5.091
1120.001    195985         0    195991           0.253     0.892     1.272     1.649     1.936     2.554     3.346     4.788
1121.001    196016         0    196002           0.266     0.874     1.248     1.629     1.915     2.535     3.289     5.296
1122.001    196014         0    196011           0.256     0.945     1.339     1.748     2.054     2.683     3.459     5.284
1123.001    195939         0    195955           0.267     0.922     1.323     1.727     2.044     2.701     3.543     6.029
1124.001    196070         0    196066           0.275     0.901     1.296     1.701     2.022     2.759     3.867     6.169
1125.001    196007         0    195992           0.267     0.884     1.268     1.658     1.964     2.634     3.602     6.275
1126.001    195953         0    195969           0.273     0.903     1.300     1.719     2.047     2.683     3.580     4.993
1127.001    196042         0    196031           0.282     0.900     1.281     1.670     1.962     2.568     3.367     5.181
1128.001    195982         0    195982           0.247     0.903     1.286     1.671     1.959     2.574     3.355     4.628
1129.001    195991         0    195998           0.270     0.854     1.217     1.581     1.853     2.470     3.273     4.559
1130.001    196013         0    196006           0.253     0.870     1.248     1.621     1.912     2.540     3.357     4.878
1131.001    196033         0    196030           0.248     0.903     1.297     1.693     1.993     2.644     3.459     5.267
1132.001    195956         0    195964           0.270     0.911     1.314     1.734     2.081     2.867     4.176     7.250
1133.001    195975         0    195975           0.261     0.891     1.286     1.695     2.032     2.804     4.022     8.081
1134.001    196033         0    196030           0.250     0.907     1.297     1.700     2.009     2.632     3.455     5.087
1135.001    196026         0    196017           0.250     0.907     1.291     1.679     1.985     2.601     3.410     5.100
1136.001    195991         0    195989           0.262     0.871     1.244     1.607     1.880     2.497     3.250     4.788
1137.001    196019         0    196023           0.247     0.855     1.212     1.572     1.834     2.437     3.238     4.415
1138.001    196027         0    196021           0.247     0.879     1.254     1.626     1.915     2.533     3.340     4.526
1139.001    195973         0    195978           0.259     0.868     1.240     1.618     1.901     2.519     3.289     4.829
1140.001    195988         0    195991           0.253     0.914     1.320     1.724     2.041     2.695     3.578     4.887
1141.001    195988         0    196002           0.265     0.891     1.276     1.654     1.939     2.580     3.408     4.903
1142.001    196032         0    196026           0.267     0.888     1.287     1.674     1.979     2.646     3.502     5.181
1143.001    195953         0    195959           0.265     0.886     1.263     1.635     1.917     2.544     3.342     4.686
1144.001    196057         0    196026           0.270     0.909     1.299     1.695     2.001     2.626     3.402     5.128
1145.001    195955         0    195980           0.274     0.885     1.269     1.658     1.956     2.562     3.320     4.506
1146.001    195996         0    195986           0.271     0.927     1.329     1.733     2.050     2.685     3.469     5.001
1147.001    196017         0    196022           0.255     0.893     1.276     1.672     1.987     2.836     6.586     9.978
1148.001    195989         0    195999           0.227     0.917     1.312     1.716     2.040     2.685     3.490     5.120
1149.001    196043         0    196018           0.242     0.883     1.279     1.698     2.066     3.271     5.345     8.200
1150.001    195979         0    195979           0.264     0.893     1.287     1.676     1.975     2.611     3.451     4.927
1151.001    196011         0    196030           0.258     0.885     1.273     1.659     1.961     2.587     3.381     4.821
1152.001    196018         0    196014           0.256     0.901     1.285     1.661     1.951     2.566     3.334     4.616
1153.001    195957         0    195968           0.272     0.897     1.281     1.656     1.942     2.560     3.363     5.304
1154.001    196057         0    196036           0.271     0.906     1.295     1.686     1.988     2.607     3.404     4.915
1155.001    195958         0    195976           0.257     0.914     1.302     1.681     1.975     2.585     3.381     4.792
1156.002    196019         0    196016           0.262     0.952     1.362     1.796     2.124     2.773     3.621     5.276
1157.001    195994         0    195995           0.264     0.917     1.314     1.709     2.021     2.699     3.525     5.415
1158.001    196011         0    196000           0.257     0.926     1.349     1.812     2.222     3.465     5.333     8.831
1159.001    195981         0    196000           0.250     0.934     1.347     1.767     2.089     2.763     3.602     5.407
1160.001    196037         0    196030           0.256     0.934     1.331     1.739     2.050     2.677     3.500     4.731
1161.001    195989         0    195989           0.261     0.886     1.277     1.663     1.963     2.634     3.537     5.366
1162.001    196009         0    195985           0.244     0.874     1.250     1.624     1.909     2.531     3.328     4.612
1163.001    195977         0    196007           0.249     0.924     1.317     1.708     2.011     2.675     3.543     5.521
1164.001    196020         0    196023           0.273     0.886     1.263     1.642     1.928     2.521     3.291     4.743
1165.001    195999         0    195973           0.268     0.882     1.254     1.633     1.920     2.544     3.342     5.005
1166.001    195998         0    196011           0.262     0.952     1.366     1.796     2.136     2.843     3.781     5.665
1167.001    195998         0    195999           0.263     0.906     1.294     1.679     1.974     2.603     3.391     4.641
1168.001    196010         0    195997           0.249     0.909     1.304     1.696     2.009     2.646     3.504     4.948
1169.001    196025         0    196030           0.266     0.941     1.334     1.732     2.045     2.654     3.465     4.747
1170.001    195968         0    195980           0.264     0.908     1.289     1.665     1.955     2.576     3.391     4.551
1171.001    196025         0    196026           0.246     0.928     1.325     1.722     2.032     2.664     3.482     5.001
1172.001    196013         0    195986           0.257     0.878     1.253     1.618     1.898     2.501     3.265     4.751
1173.001    195999         0    196016           0.232     0.899     1.286     1.669     1.964     2.591     3.396     4.624
1174.001    195975         0    195967           0.256     0.900     1.281     1.666     1.961     2.572     3.365     4.637
1175.001    196015         0    196018           0.255     0.895     1.291     1.699     2.031     2.771     3.836     6.459
1176.001    195973         0    196001           0.261     0.925     1.317     1.704     2.000     2.644     3.459     4.846
1177.001    195996         0    195978           0.271     0.891     1.273     1.659     1.955     2.593     3.404     4.919
1178.001    195982         0    195984           0.267     0.877     1.254     1.624     1.901     2.517     3.281     4.612
1179.001    196050         0    196033           0.281     0.953     1.341     1.733     2.025     2.664     3.482     4.977
1180.001    195992         0    196002           0.262     0.932     1.315     1.699     1.986     2.607     3.369     4.714
1181.001    195980         0    195996           0.253     0.923     1.314     1.697     1.989     2.626     3.410     4.600
1182.001    196003         0    195997           0.249     0.932     1.325     1.709     2.008     2.638     3.443     4.895
1183.001    195995         0    195991           0.266     0.993     1.400     1.818     2.152     2.863     3.719     5.165
1184.001    196015         0    196019           0.269     0.919     1.330     1.754     2.122     2.992     4.649     7.766
1185.001    196020         0    196006           0.269     0.866     1.236     1.604     1.876     2.503     3.258     4.624
1186.001    195987         0    196008           0.280     0.932     1.317     1.703     2.004     2.656     3.467     5.243
1187.001    196017         0    196003           0.279     0.933     1.321     1.696     1.986     2.609     3.422     5.120
1188.001    196008         0    196016           0.263     0.898     1.275     1.646     1.927     2.576     3.373     4.641
1189.001    195983         0    195979           0.262     0.906     1.289     1.665     1.954     2.587     3.404     4.968
1190.001    196018         0    195999           0.273     0.885     1.270     1.650     1.942     2.589     3.418     5.292
1191.001    196001         0    196001           0.283     0.901     1.303     1.714     2.047     2.783     3.738     5.337
1192.001    196012         0    196011           0.262     0.875     1.249     1.625     1.902     2.548     3.375     4.870
1193.001    196026         0    196010           0.269     0.886     1.271     1.645     1.930     2.578     3.373     4.813
1194.001    195994         0    196015           0.263     0.884     1.260     1.629     1.898     2.537     3.344     5.435
1195.001    195973         0    195991           0.283     0.899     1.280     1.659     1.954     2.605     3.402     5.407
1196.001    196007         0    195995           0.249     0.888     1.266     1.634     1.917     2.523     3.310     4.624
1197.001    196020         0    196025           0.258     0.892     1.273     1.645     1.918     2.554     3.377     5.411
1198.001    195983         0    195983           0.268     0.879     1.267     1.648     1.949     2.568     3.353     5.136
1199.001    195982         0    195990           0.257     0.911     1.295     1.665     1.951     2.583     3.398     5.067
1200.001    196007         0    195998           0.281     0.972     1.372     1.787     2.128     2.869     3.881     5.931
1201.001    196036         0    196031           0.275     0.883     1.261     1.633     1.912     2.527     3.336     4.805
1202.001    195925         0    195931           0.246     0.957     1.355     1.763     2.085     2.781     3.647     5.505
1203.001    196021         0    196014           0.260     0.929     1.319     1.702     1.998     2.636     3.439     4.927
1204.001    196037         0    196052           0.269     0.917     1.298     1.673     1.954     2.605     3.547     7.492
1205.001    195993         0    195979           0.266     0.930     1.325     1.721     2.029     2.675     3.455     5.349
1206.001    195981         0    195987           0.264     0.902     1.286     1.661     1.945     2.558     3.338     4.768
1207.001    195981         0    195978           0.247     0.966     1.359     1.764     2.084     2.763     3.604     5.390
1208.001    196031         0    196011           0.266     0.906     1.311     1.715     2.054     2.802     3.990     6.365
1209.001    196023         0    196047           0.278     0.884     1.278     1.673     1.985     2.753     3.863     6.525
1210.001    195992         0    195988           0.253     0.895     1.274     1.646     1.930     2.556     3.342     4.948
1211.001    195977         0    195974           0.283     0.946     1.336     1.727     2.034     2.681     3.516     5.218
1212.001    196022         0    196019           0.269     0.899     1.280     1.656     1.940     2.558     3.369     4.555
1213.001    195951         0    195958           0.265     0.906     1.284     1.649     1.926     2.540     3.383     4.760
1214.001    196047         0    196039           0.271     0.886     1.260     1.626     1.896     2.515     3.279     4.469
1215.001    196032         0    196036           0.246     0.922     1.315     1.701     2.005     2.650     3.484     5.075
1216.001    195961         0    195954           0.259     0.915     1.318     1.721     2.056     2.871     4.211     7.098
1217.001    196007         0    196013           0.252     0.882     1.262     1.633     1.919     2.568     3.328     4.620
1218.001    196014         0    196018           0.269     0.944     1.340     1.747     2.072     2.779     3.754     6.103
1219.001    196014         0    196011           0.264     0.902     1.279     1.653     1.936     2.552     3.303     4.817
1220.001    196010         0    195995           0.270     0.879     1.251     1.616     1.882     2.492     3.267     4.239
1221.001    195969         0    195990           0.265     0.868     1.247     1.626     1.914     2.554     3.359     5.276
1222.001    196005         0    196012           0.275     0.968     1.370     1.783     2.109     2.769     3.592     6.033
1223.001    196007         0    195993           0.278     0.867     1.239     1.608     1.886     2.509     3.330     4.530
1224.001    195996         0    196005           0.242     0.871     1.238     1.605     1.879     2.521     3.389     6.070
1225.001    196003         0    195980           0.268     0.936     1.358     1.826     2.216     3.293     5.247     9.208
1226.001    196015         0    196023           0.274     0.915     1.307     1.692     1.993     2.666     3.516     5.497
1227.001    195988         0    195991           0.256     0.861     1.225     1.586     1.863     2.484     3.293     5.304
1228.001    196007         0    196011           0.249     0.894     1.274     1.646     1.925     2.544     3.344     4.596
1229.001    195990         0    196000           0.232     0.937     1.328     1.717     2.018     2.656     3.496     4.760
1230.001    196018         0    196016           0.249     0.872     1.236     1.595     1.858     2.472     3.248     4.534
1231.001    195952         0    195967           0.263     0.906     1.291     1.668     1.957     2.597     3.441     5.202
1232.001    196061         0    196035           0.272     1.002     1.407     1.827     2.150     2.859     3.686     4.817
1233.001    196003         0    196014           0.272     0.893     1.281     1.661     1.961     2.628     3.478     5.661
1234.002    196006         0    195993           0.268     0.886     1.271     1.650     1.938     2.580     3.426     4.841
1235.001    195957         0    195959           0.278     0.972     1.376     1.786     2.107     2.802     3.684     5.607
1236.001    196032         0    196041           0.275     0.888     1.261     1.627     1.901     2.519     3.316     5.149
1237.001    195973         0    195961           0.265     0.881     1.252     1.619     1.897     2.533     3.355     4.731
1238.001    195997         0    196009           0.264     0.929     1.314     1.693     1.986     2.632     3.451     4.985
1239.001    196039         0    196024           0.271     0.962     1.352     1.752     2.057     2.699     3.504     5.325
1240.001    195977         0    195985           0.271     0.886     1.255     1.620     1.896     2.513     3.318     5.067
1241.001    196024         0    196010           0.259     0.906     1.287     1.660     1.944     2.578     3.361     4.698
1242.001    195987         0    195997           0.261     0.907     1.305     1.691     2.000     2.679     3.537     5.874
1243.001    196000         0    196012           0.277     0.947     1.339     1.727     2.043     2.767     3.654     6.001
1244.001    195992         0    195991           0.268     0.942     1.325     1.699     1.980     2.619     3.406     4.751
1245.001    195998         0    196003           0.253     0.957     1.349     1.732     2.040     2.685     3.498     4.899
1246.001    196030         0    196011           0.273     0.901     1.277     1.649     1.929     2.562     3.328     4.522
1247.001    195989         0    196004           0.264     0.884     1.256     1.614     1.877     2.492     3.246     4.678
1248.001    196013         0    196008           0.271     0.943     1.331     1.712     2.009     2.630     3.396     4.801
1249.001    196006         0    195975           0.258     0.908     1.290     1.667     1.957     2.597     3.402     5.202
1250.001    195957         0    196004           0.260     0.906     1.287     1.677     1.972     2.666     3.617     5.517
1251.001    196025         0    196001           0.278     0.973     1.382     1.798     2.132     2.871     3.740     5.399
1252.001    196013         0    196030           0.240     0.926     1.324     1.719     2.028     2.710     3.541     5.280
1253.001    196012         0    195994           0.270     0.848     1.208     1.570     1.836     2.484     3.340     4.960
1254.001    196000         0    196008           0.261     0.941     1.334     1.721     2.017     2.662     3.506     5.206
1255.001    196007         0    195999           0.267     0.921     1.310     1.698     1.992     2.623     3.437     4.927
1256.001    195987         0    196003           0.269     0.899     1.279     1.656     1.946     2.599     3.439     4.641
1257.001    195993         0    195987           0.260     0.922     1.309     1.689     1.980     2.617     3.410     4.678
1258.001    196003         0    196006           0.261     0.932     1.332     1.737     2.062     2.775     3.709     5.652
1259.001    196008         0    196005           0.265     0.897     1.277     1.653     1.940     2.566     3.332     5.014
1260.001    195989         0    195983           0.277     0.967     1.372     1.791     2.126     2.808     3.703     5.526
1261.001    196030         0    196038           0.251     0.945     1.339     1.732     2.035     2.693     3.510     6.210
1262.001    196014         0    196012           0.268     0.898     1.282     1.667     1.965     2.628     3.488     5.292
1263.001    195983         0    195985           0.258     0.846     1.205     1.561     1.814     2.423     3.201     4.268
1264.001    195989         0    196001           0.262     0.947     1.342     1.741     2.052     2.691     3.627     7.668
1265.001    195988         0    195965           0.263     0.961     1.362     1.767     2.081     2.718     3.527     5.140
1266.001    196004         0    196020           0.277     0.912     1.310     1.702     2.013     2.691     3.635     6.435
1267.001    195992         0    195991           0.263     0.965     1.368     1.788     2.130     2.873     3.916     5.460
1268.001    195993         0    195996           0.262     0.978     1.382     1.803     2.128     2.798     3.652     5.468
1269.001    196016         0    196017           0.270     0.911     1.293     1.668     1.962     2.613     3.480     5.464
1270.001    195989         0    195986           0.278     0.923     1.299     1.671     1.964     2.591     3.410     5.255
1271.001    196025         0    196013           0.265     0.881     1.254     1.619     1.893     2.513     3.285     4.911
1272.001    195973         0    195982           0.279     0.963     1.353     1.755     2.064     2.691     3.576     4.731
1273.001    196057         0    196049           0.286     0.916     1.296     1.672     1.960     2.591     3.373     4.657
1274.001    195974         0    195967           0.282     0.904     1.290     1.680     1.988     2.623     3.461     5.628
1275.001    196028         0    196025           0.264     0.951     1.343     1.737     2.044     2.689     3.566     5.439
1276.001    195976         0    195992           0.264     0.918     1.306     1.688     1.976     2.607     3.408     5.407
1277.001    196013         0    196002           0.259     0.942     1.331     1.715     2.019     2.675     3.471     5.325
1278.001    195968         0    195986           0.262     0.946     1.340     1.746     2.053     2.712     3.551     4.755
1279.001    196084         0    196059           0.284     1.013     1.403     1.800     2.116     2.793     3.600     4.801
1280.001    195965         0    195971           0.260     0.862     1.220     1.576     1.839     2.458     3.230     4.612
1281.001    196015         0    196005           0.277     0.901     1.279     1.658     1.944     2.568     3.420     5.394
1282.001    195946         0    195972           0.263     0.975     1.383     1.809     2.146     2.861     3.742     5.571
1283.001    196039         0    196036           0.255     0.932     1.321     1.719     2.025     2.693     3.510     5.259
1284.001    196019         0    196015           0.262     0.916     1.312     1.705     2.011     2.671     3.480     4.858
1285.001    195995         0    196002           0.268     0.938     1.339     1.737     2.060     2.757     3.652     5.513
1286.001    195947         0    195948           0.267     0.977     1.373     1.767     2.082     2.767     3.625     5.390
1287.001    196041         0    196033           0.275     0.928     1.313     1.693     1.986     2.636     3.461     5.067
1288.001    195973         0    195992           0.279     0.921     1.309     1.688     1.977     2.597     3.412     4.899
1289.001    196051         0    196039           0.268     0.879     1.258     1.628     1.906     2.527     3.293     4.878
1290.001    195982         0    195977           0.254     0.947     1.330     1.709     2.008     2.648     3.455     4.817
1291.001    195995         0    195995           0.263     0.987     1.391     1.801     2.124     2.820     3.697     5.620
1292.001    196001         0    196010           0.246     0.934     1.327     1.727     2.041     2.722     3.625     5.370
1293.001    196002         0    196004           0.272     0.897     1.277     1.647     1.934     2.578     3.348     5.009
1294.001    196008         0    195994           0.264     0.905     1.288     1.680     1.980     2.630     3.465     5.050
1295.001    196009         0    196012           0.282     0.906     1.288     1.664     1.948     2.564     3.365     4.735
1296.001    196009         0    196006           0.251     0.937     1.327     1.706     2.000     2.632     3.439     4.809
1297.001    196005         0    196009           0.264     0.946     1.340     1.736     2.035     2.677     3.488     5.325
1298.001    195980         0    195990           0.268     0.893     1.269     1.647     1.935     2.556     3.348     4.731
1299.001    195989         0    195986           0.282     0.905     1.282     1.666     1.957     2.560     3.348     5.300
1300.001    196025         0    196008           0.262     0.920     1.310     1.697     1.997     2.650     3.467     5.038
1301.001    195980         0    195994           0.281     0.930     1.326     1.713     2.021     2.683     3.518     6.250
1302.001    195978         0    195968           0.269     0.908     1.304     1.691     1.981     2.640     3.496     4.817
1303.001    196032         0    196024           0.261     0.902     1.287     1.695     2.006     2.640     3.457     5.669
1304.001    195993         0    195995           0.258     0.886     1.264     1.653     1.959     2.570     3.344     4.801
1305.001    195994         0    196008           0.282     0.910     1.286     1.658     1.946     2.574     3.355     4.518
1306.001    195997         0    195986           0.254     0.985     1.389     1.814     2.130     2.744     3.576     5.140
1307.001    196016         0    196014           0.255     0.936     1.329     1.724     2.030     2.666     3.482     4.751
1308.001    196014         0    196030           0.279     0.892     1.270     1.640     1.920     2.519     3.310     4.616
1309.001    196003         0    195983           0.261     0.913     1.315     1.709     2.012     2.685     3.535     5.218
1310.001    195968         0    195995           0.251     0.898     1.277     1.661     1.954     2.578     3.398     5.046
1311.001    196006         0    195984           0.265     0.927     1.315     1.703     2.009     2.660     3.441     5.530
1312.001    196014         0    196022           0.265     0.888     1.276     1.666     1.968     2.619     3.475     5.075
1313.001    195971         0    195974           0.240     0.970     1.368     1.784     2.107     2.767     3.607     5.124
1314.001    196041         0    196015           0.269     0.895     1.280     1.668     1.966     2.664     3.602     4.903
1315.001    196007         0    196026           0.261     0.906     1.284     1.654     1.937     2.570     3.336     4.395
1316.001    195914         0    195927           0.250     0.918     1.304     1.682     1.974     2.613     3.437     5.333
1317.001    196056         0    196043           0.225     0.942     1.342     1.748     2.072     2.820     3.789     9.142
1318.001    196024         0    196027           0.259     0.979     1.392     1.827     2.163     2.861     3.803     5.751
1319.001    195989         0    196008           0.262     0.878     1.273     1.708     2.116     3.434     5.497     8.913
1320.001    195984         0    195955           0.259     0.910     1.293     1.676     1.975     2.621     3.400     5.386
1321.001    196031         0    196048           0.261     0.941     1.329     1.717     2.019     2.650     3.461     4.866
1322.001    195995         0    195999           0.251     0.971     1.368     1.758     2.070     2.722     3.541     5.153
1323.001    196023         0    195999           0.267     0.904     1.278     1.649     1.931     2.570     3.410     5.341
1324.001    195981         0    195994           0.271     0.882     1.253     1.630     1.925     2.550     3.373     4.985
1325.001    196003         0    196008           0.270     0.890     1.274     1.652     1.944     2.576     3.394     5.046
1326.001    195997         0    196012           0.271     0.917     1.322     1.745     2.078     2.789     3.713     6.513
1327.001    196005         0    195993           0.268     0.883     1.269     1.665     1.991     2.753     4.094     8.004
1328.001    196017         0    196014           0.274     0.954     1.339     1.718     2.016     2.652     3.432     5.300
1329.001    196017         0    195999           0.272     0.905     1.290     1.672     1.972     2.607     3.432     5.083
1330.001    195916         0    195935           0.242     0.881     1.256     1.627     1.904     2.521     3.248     4.534
1331.001    196068         0    196047           0.258     0.958     1.348     1.742     2.042     2.687     3.516     5.267
1332.001    195950         0    195964           0.283     0.876     1.247     1.623     1.911     2.525     3.371     4.768
1333.001    196055         0    196067           0.261     0.886     1.262     1.638     1.929     2.566     3.396     5.624
1334.001    195987         0    195984           0.257     0.908     1.297     1.677     1.967     2.609     3.426     5.276
1335.001    195987         0    195984           0.275     0.874     1.243     1.617     1.903     2.544     3.310     4.878
1336.001    196062         0    196045           0.268     0.919     1.306     1.691     1.995     2.642     3.478     4.633
1337.001    195927         0    195947           0.263     0.945     1.336     1.730     2.035     2.679     3.449     4.907
1338.001    196025         0    196022           0.277     0.910     1.286     1.659     1.940     2.566     3.305     4.465
1339.001    196017         0    196022           0.268     0.896     1.276     1.655     1.946     2.564     3.377     5.009
1340.001    195999         0    195987           0.267     0.862     1.228     1.594     1.876     2.492     3.285     5.030
1341.001    195961         0    195969           0.247     0.973     1.369     1.772     2.094     2.787     3.670     5.448
1342.001    196054         0    196050           0.260     0.888     1.280     1.679     1.982     2.654     3.496     5.571
1343.001    195989         0    195994           0.276     0.897     1.279     1.651     1.931     2.566     3.361     4.964
1344.001    196020         0    196012           0.266     0.918     1.322     1.738     2.073     2.828     3.885     5.845
1345.001    195967         0    195968           0.280     0.905     1.284     1.658     1.938     2.566     3.340     5.206
1346.001    195992         0    195979           0.269     0.898     1.280     1.660     1.945     2.578     3.416     5.181
1347.001    196035         0    196043           0.263     0.933     1.327     1.721     2.022     2.650     3.457     4.633
1348.001    195973         0    195985           0.255     0.880     1.260     1.632     1.920     2.558     3.346     4.448
1349.001    196034         0    196005           0.278     0.931     1.313     1.691     1.991     2.646     3.480     4.633
1350.001    195982         0    195996           0.272     0.927     1.323     1.720     2.043     2.730     3.650     5.108
1351.001    195986         0    195969           0.254     0.903     1.288     1.687     2.002     2.744     3.973     7.176
1352.001    196032         0    196050           0.264     0.863     1.238     1.620     1.926     2.687     4.358     8.036
1353.001    195993         0    196006           0.276     0.917     1.305     1.698     2.002     2.660     3.488     4.956
1354.002    196017         0    196001           0.250     0.917     1.306     1.690     1.991     2.615     3.396     4.510
1355.001    195988         0    196001           0.280     0.907     1.298     1.715     2.037     2.642     3.488     5.038
1356.001    196009         0    196007           0.274     0.907     1.291     1.665     1.951     2.580     3.394     4.674
1357.001    196001         0    196001           0.248     0.877     1.253     1.635     1.933     2.562     3.367     5.145
1358.001    195995         0    195976           0.249     0.864     1.232     1.596     1.874     2.492     3.256     4.547
1359.001    195988         0    196005           0.254     0.892     1.279     1.675     1.990     2.671     3.504     5.079
1360.001    195984         0    195984           0.263     0.886     1.269     1.655     1.956     2.626     3.482     5.108
1361.001    196022         0    196033           0.258     0.924     1.318     1.711     2.016     2.646     3.432     5.534
1362.001    196021         0    196009           0.264     0.921     1.312     1.712     2.030     2.628     3.432     5.001
1363.001    195979         0    195981           0.273     0.901     1.287     1.678     1.986     2.623     3.410     4.968
1364.001    196002         0    195993           0.267     0.874     1.255     1.645     1.961     2.757     5.325     8.856
1365.001    196018         0    196025           0.274     0.890     1.276     1.652     1.944     2.580     3.363     4.395
1366.001    195995         0    195986           0.267     0.899     1.283     1.670     1.970     2.599     3.420     5.063
1367.001    196003         0    196007           0.286     0.903     1.290     1.682     1.983     2.623     3.441     5.116
1368.001    195993         0    196012           0.267     0.918     1.314     1.704     2.004     2.658     3.490     5.202
1369.001    196017         0    196006           0.269     0.949     1.342     1.750     2.070     2.755     3.666     5.587
1370.001    195999         0    195980           0.266     0.913     1.309     1.692     1.995     2.640     3.420     5.263
1371.001    196006         0    196023           0.266     0.924     1.311     1.693     1.989     2.634     3.418     4.899
1372.001    195967         0    195976           0.273     0.870     1.253     1.625     1.912     2.552     3.400     5.612
1373.001    196015         0    195990           0.271     0.922     1.323     1.730     2.038     2.677     3.469     5.325
1374.001    195998         0    196026           0.255     0.887     1.270     1.658     1.965     2.677     3.688     5.976
1375.001    195985         0    195973           0.260     0.898     1.286     1.662     1.952     2.585     3.367     4.628
1376.001    196010         0    196007           0.276     0.932     1.331     1.729     2.043     2.716     3.551     5.362
1377.001    196011         0    196027           0.260     0.903     1.304     1.706     2.026     2.695     3.574     6.124
1378.001    195984         0    195972           0.266     0.947     1.352     1.772     2.128     2.984     4.338     7.254
1379.001    196043         0    196047           0.275     0.865     1.236     1.610     1.886     2.494     3.291     4.829
1380.001    196015         0    196005           0.268     0.944     1.341     1.740     2.046     2.666     3.494     5.050
1381.001    195959         0    195971           0.263     0.904     1.289     1.670     1.964     2.615     3.414     4.813
1382.001    196032         0    196009           0.268     0.858     1.218     1.582     1.858     2.476     3.279     5.259
1383.001    196019         0    196033           0.245     0.886     1.270     1.652     1.945     2.566     3.365     5.919
1384.001    195941         0    195945           0.263     0.891     1.278     1.663     1.964     2.607     3.412     4.665
1385.001    196065         0    196057           0.272     0.840     1.201     1.565     1.835     2.451     3.248     4.637
1386.001    195966         0    195978           0.269     0.902     1.298     1.699     2.018     2.681     3.572     5.054
1387.001    195995         0    195989           0.246     0.887     1.269     1.649     1.939     2.568     3.348     4.502
1388.001    196032         0    196039           0.272     0.909     1.307     1.718     2.050     2.888     4.211     7.078
1389.001    196007         0    196017           0.226     0.912     1.297     1.692     1.992     2.615     3.449     4.850
1390.001    195986         0    195975           0.275     0.863     1.237     1.615     1.896     2.511     3.326     5.325
1391.001    196015         0    196004           0.253     0.984     1.379     1.784     2.105     2.765     3.627     4.772
1392.001    195982         0    195984           0.271     0.873     1.242     1.620     1.900     2.499     3.269     4.747
1393.001    196021         0    196011           0.279     0.930     1.333     1.739     2.061     2.771     3.678     5.534
1394.001    195990         0    196011           0.256     0.961     1.360     1.768     2.086     2.746     3.596     5.263
1395.001    195977         0    195967           0.262     0.885     1.262     1.639     1.937     2.580     3.344     4.817
1396.001    196024         0    196030           0.265     0.949     1.348     1.765     2.075     2.707     3.529     5.595
1397.001    196012         0    196020           0.280     0.851     1.206     1.573     1.846     2.443     3.199     4.604
1398.001    196010         0    195999           0.265     0.863     1.233     1.607     1.886     2.490     3.275     4.604
1399.001    195949         0    195950           0.281     0.935     1.329     1.736     2.055     2.685     3.494     4.927
1400.001    196013         0    196022           0.259     0.884     1.269     1.645     1.945     2.609     3.434     5.243
1401.001    196027         0    196022           0.273     0.877     1.261     1.642     1.937     2.589     3.400     5.145
1402.001    196000         0    195973           0.260     0.866     1.258     1.679     2.037     2.941     4.411     7.893
1403.001    195995         0    196022           0.262     0.907     1.305     1.709     2.029     2.718     3.553     4.932
1404.001    196024         0    196021           0.268     0.881     1.263     1.659     1.958     2.583     3.389     6.033
1405.002    195997         0    195985           0.261     0.860     1.229     1.614     1.909     2.552     3.322     5.272
1406.001    196022         0    196025           0.243     0.938     1.345     1.759     2.087     2.738     3.586     5.788
1407.001    195970         0    195982           0.261     0.898     1.276     1.660     1.956     2.566     3.418     4.772
1408.001    196009         0    195992           0.270     0.885     1.264     1.645     1.940     2.572     3.348     5.034
1409.001    195985         0    196006           0.269     0.937     1.335     1.738     2.051     2.699     3.533     5.313
1410.001    196009         0    196002           0.260     0.887     1.278     1.679     2.015     2.818     4.051     6.234
1411.001    196035         0    196033           0.238     0.860     1.230     1.605     1.888     2.511     3.310     5.202
1412.001    195978         0    195977           0.277     0.970     1.372     1.795     2.124     2.759     3.596     5.673
1413.001    196008         0    195997           0.238     0.880     1.265     1.647     1.946     2.562     3.348     4.669
1414.001    195987         0    195988           0.272     0.858     1.220     1.590     1.875     2.501     3.326     5.710
1415.001    195979         0    195999           0.272     0.961     1.359     1.770     2.091     2.767     3.643     5.292
1416.001    196017         0    196012           0.253     0.881     1.254     1.626     1.916     2.544     3.355     5.128
1417.001    196047         0    196038           0.271     0.895     1.276     1.669     1.980     2.642     3.482     5.693
1418.001    195973         0    195974           0.270     0.891     1.282     1.684     2.014     2.669     3.572     5.648
1419.001    196011         0    196008           0.246     0.891     1.286     1.717     2.061     2.816     4.100     7.578
1420.001    195948         0    195963           0.275     0.959     1.374     1.821     2.169     2.947     4.147     7.995
1421.001    196020         0    196026           0.260     0.910     1.290     1.667     1.954     2.570     3.338     4.530
1422.001    196009         0    196005           0.249     0.938     1.352     1.795     2.130     2.763     3.621     5.251
1423.001    195973         0    195964           0.260     0.914     1.306     1.691     1.994     2.632     3.451     4.641
1424.001    196068         0    196058           0.259     0.865     1.235     1.612     1.898     2.523     3.328     4.547
1425.001    195969         0    195984           0.262     0.917     1.313     1.713     2.031     2.732     3.660     6.058
1426.001    195991         0    195993           0.254     0.870     1.248     1.622     1.914     2.511     3.287     4.903
1427.001    195987         0    195995           0.265     0.932     1.327     1.722     2.036     2.685     3.473     5.468
1428.001    195995         0    195975           0.272     0.964     1.359     1.768     2.096     2.773     3.727     5.648
1429.001    196028         0    196042           0.242     0.861     1.232     1.593     1.866     2.486     3.234     4.653
1430.001    196010         0    196014           0.261     0.868     1.245     1.624     1.911     2.531     3.297     5.452
1431.001    196027         0    196004           0.253     0.902     1.289     1.684     1.993     2.617     3.455     5.075
1432.001    195987         0    195992           0.260     0.923     1.325     1.750     2.087     2.703     3.537     5.370
1433.001    195950         0    195954           0.254     0.874     1.264     1.669     1.993     2.691     3.715     5.853
1434.001    196019         0    196011           0.259     0.892     1.272     1.649     1.937     2.554     3.359     5.341
1435.001    196044         0    196052           0.271     0.892     1.279     1.667     1.973     2.628     3.494     4.960
1436.001    195989         0    196000           0.273     0.891     1.275     1.658     1.961     2.578     3.379     5.067
1437.001    196010         0    195974           0.263     0.887     1.268     1.654     1.962     2.621     3.539     5.820
1438.001    195999         0    196020           0.267     0.919     1.306     1.687     1.988     2.615     3.426     5.382
1439.001    195961         0    195977           0.281     0.882     1.257     1.628     1.909     2.535     3.367     4.567
1440.001    196021         0    196011           0.276     0.887     1.269     1.645     1.937     2.574     3.381     5.341
1441.001    196014         0    196015           0.264     0.909     1.298     1.689     1.998     2.630     3.396     4.825
1442.001    196008         0    196005           0.268     0.886     1.261     1.627     1.905     2.525     3.287     4.383
1443.001    195987         0    195997           0.267     0.866     1.237     1.607     1.892     2.540     3.367     5.292
1444.001    195995         0    195988           0.261     0.878     1.253     1.623     1.903     2.535     3.312     4.903
1445.001    196010         0    196015           0.263     0.930     1.320     1.715     2.024     2.664     3.508     4.903
1446.001    196006         0    195985           0.270     0.884     1.267     1.646     1.939     2.562     3.351     4.841
1447.001    195974         0    195997           0.264     0.894     1.282     1.665     1.959     2.597     3.396     5.427
1448.001    196005         0    195994           0.268     0.852     1.213     1.576     1.838     2.458     3.240     4.723
1449.001    196014         0    196004           0.243     0.921     1.318     1.709     2.022     2.703     3.531     5.202
1450.001    196002         0    196025           0.272     0.907     1.296     1.682     1.979     2.583     3.389     5.001
1451.001    196007         0    195998           0.273     0.892     1.275     1.666     1.977     2.638     3.533     5.681
1452.001    196007         0    196009           0.263     0.918     1.333     1.756     2.114     2.910     3.959     6.877
1453.001    196003         0    195995           0.258     0.926     1.323     1.726     2.041     2.699     3.559     5.198
1454.001    196012         0    196016           0.265     0.884     1.258     1.635     1.919     2.533     3.328     4.751
1455.001    195974         0    195977           0.276     0.883     1.264     1.638     1.931     2.535     3.322     4.907
1456.001    195997         0    196001           0.267     0.926     1.320     1.705     2.009     2.660     3.465     5.439
1457.001    195992         0    195986           0.261     0.857     1.223     1.587     1.864     2.468     3.242     4.612
1458.001    196011         0    196014           0.258     0.897     1.285     1.672     1.971     2.597     3.383     4.960
1459.001    196017         0    196018           0.228     0.906     1.290     1.680     1.978     2.603     3.387     5.255
1460.001    196015         0    196016           0.262     0.899     1.292     1.688     2.002     2.640     3.453     5.226
1461.001    195965         0    195955           0.256     0.891     1.270     1.647     1.949     2.603     3.467     5.648
1462.001    196074         0    196061           0.269     0.931     1.327     1.732     2.065     2.740     3.621     5.198
1463.001    195964         0    195974           0.245     0.950     1.357     1.782     2.132     2.918     4.016     7.426
1464.001    196003         0    195993           0.277     0.940     1.335     1.746     2.062     2.666     3.424     4.784
1465.001    196039         0    196045           0.250     0.892     1.281     1.668     1.968     2.617     3.430     5.624
1466.001    195925         0    195941           0.266     0.930     1.321     1.713     2.023     2.658     3.432     6.001
1467.001    196049         0    196035           0.264     0.934     1.327     1.721     2.026     2.644     3.410     4.837
1468.001    196002         0    196009           0.262     0.891     1.274     1.655     1.958     2.628     3.447     5.239
1469.001    195960         0    195957           0.263     0.880     1.258     1.635     1.927     2.576     3.379     5.485
1470.001    196055         0    196057           0.238     0.959     1.362     1.779     2.109     2.818     3.889     5.980
1471.001    195965         0    195981           0.258     0.860     1.230     1.593     1.872     2.486     3.246     4.755
1472.001    196001         0    195987           0.267     0.848     1.212     1.577     1.850     2.478     3.273     4.694
1473.001    195975         0    195983           0.262     1.036     1.436     1.864     2.195     2.904     3.764     5.620
1474.001    196026         0    196013           0.254     0.857     1.217     1.582     1.854     2.468     3.236     4.268
1475.001    196009         0    196008           0.265     0.903     1.294     1.696     2.009     2.640     3.467     4.985
1476.001    195976         0    195988           0.255     0.983     1.385     1.795     2.126     2.832     3.742     5.612
1477.001    196038         0    196033           0.253     0.858     1.221     1.587     1.864     2.486     3.265     4.710
1478.001    195981         0    195978           0.260     0.875     1.248     1.619     1.900     2.521     3.373     4.993
1479.001    195999         0    195996           0.249     0.921     1.315     1.705     2.012     2.695     3.576     4.899
1480.001    196016         0    196002           0.224     0.869     1.242     1.612     1.893     2.521     3.305     4.456
1481.001    195948         0    195973           0.249     0.925     1.316     1.705     2.011     2.660     3.461     5.333
1482.001    196036         0    196010           0.262     0.899     1.283     1.660     1.954     2.591     3.424     5.415
1483.001    195977         0    196005           0.254     0.971     1.365     1.767     2.085     2.753     3.568     4.956
1484.001    196035         0    196019           0.251     0.868     1.232     1.595     1.873     2.499     3.252     5.243
1485.001    195974         0    195987           0.277     0.898     1.278     1.667     1.981     2.707     3.766     6.234
1486.001    196000         0    196006           0.278     0.954     1.347     1.740     2.049     2.712     3.572     5.468
1487.001    196006         0    195992           0.268     0.886     1.268     1.654     1.949     2.587     3.428     5.100
1488.001    196021         0    196018           0.260     0.949     1.343     1.735     2.045     2.707     3.553     5.374
1489.001    195997         0    196007           0.272     0.919     1.306     1.696     2.000     2.664     3.492     4.895
1490.001    196023         0    196006           0.256     0.874     1.244     1.611     1.889     2.511     3.260     4.907
1491.001    196007         0    196017           0.271     0.924     1.310     1.692     1.994     2.652     3.490     4.854
1492.001    195995         0    195982           0.273     0.887     1.263     1.629     1.911     2.531     3.318     4.887
1493.001    195995         0    196016           0.261     0.910     1.308     1.712     2.034     2.703     3.615     5.218
1494.001    195956         0    195936           0.269     0.907     1.290     1.666     1.960     2.619     3.475     5.673
1495.001    196016         0    196028           0.263     0.948     1.354     1.773     2.101     2.793     3.668     5.292
1496.001    195996         0    196017           0.275     0.897     1.281     1.659     1.955     2.619     3.570     6.681
1497.001    195998         0    195980           0.260     0.931     1.319     1.701     2.001     2.628     3.443     5.112
1498.001    196021         0    196018           0.267     0.936     1.329     1.718     2.025     2.666     3.482     5.456
1499.001    195967         0    195970           0.274     0.908     1.299     1.689     1.991     2.652     3.473     4.755
1500.001    196045         0    196049           0.280     0.919     1.309     1.700     2.003     2.666     3.547     6.341
1501.001    196031         0    196021           0.269     0.944     1.347     1.768     2.088     2.724     3.604     4.870
1502.001    195974         0    195991           0.260     0.845     1.200     1.563     1.827     2.445     3.232     4.805
1503.001    196009         0    196014           0.263     0.965     1.364     1.779     2.103     2.814     3.787     5.636
1504.001    195992         0    195988           0.271     0.885     1.261     1.633     1.912     2.542     3.334     5.288
1505.001    196006         0    195988           0.264     0.907     1.288     1.662     1.958     2.613     3.449     5.329
1506.001    196048         0    196035           0.274     0.942     1.340     1.746     2.064     2.718     3.543     6.042
1507.001    195965         0    195987           0.248     0.874     1.245     1.614     1.896     2.517     3.314     4.784
1508.001    196001         0    196002           0.271     0.863     1.233     1.596     1.867     2.499     3.305     5.640
1509.001    195980         0    195990           0.254     0.940     1.343     1.751     2.074     2.748     3.635     4.919
1510.001    196039         0    196020           0.246     0.863     1.231     1.598     1.872     2.494     3.291     5.034
1511.001    195970         0    195969           0.259     0.940     1.342     1.750     2.063     2.730     3.539     4.821
1512.001    196003         0    196021           0.258     0.856     1.228     1.602     1.882     2.515     3.301     4.751
1513.001    196043         0    196017           0.263     0.910     1.293     1.680     1.982     2.638     3.463     5.194
1514.001    195953         0    195969           0.284     0.884     1.261     1.630     1.917     2.544     3.332     4.915
1515.001    196031         0    196029           0.261     0.886     1.257     1.627     1.904     2.529     3.314     5.112
1516.001    196004         0    195990           0.271     0.991     1.396     1.837     2.175     2.845     3.725     5.837
1517.001    195991         0    196010           0.262     0.876     1.250     1.625     1.901     2.544     3.357     5.128
1518.001    195974         0    195979           0.261     0.950     1.347     1.751     2.085     2.933     4.542     7.623
1519.001    196019         0    196017           0.247     0.963     1.369     1.804     2.128     2.787     3.688     5.415
1520.001    196049         0    196036           0.278     0.864     1.241     1.612     1.894     2.507     3.310     5.534
1521.001    195994         0    195981           0.264     0.957     1.356     1.753     2.061     2.718     3.529     5.042
1522.001    195968         0    195991           0.275     0.979     1.388     1.829     2.161     2.839     3.709     4.846
1523.001    196032         0    196023           0.266     0.907     1.294     1.688     1.996     2.656     3.574     5.100
1524.001    195977         0    195981           0.256     0.890     1.282     1.672     1.978     2.640     3.506     4.919
1525.001    195954         0    195956           0.255     1.012     1.416     1.838     2.177     2.890     3.824     6.332
1526.001    196051         0    196053           0.252     0.946     1.340     1.749     2.071     2.734     3.568     5.108
1527.001    196037         0    196036           0.258     0.873     1.247     1.629     1.924     2.566     3.371     4.968
1528.001    195982         0    195984           0.274     0.919     1.306     1.687     1.979     2.626     3.432     4.882
1529.001    195983         0    195982           0.251     0.912     1.303     1.689     1.998     2.656     3.488     5.214
1530.001    195992         0    196004           0.262     0.907     1.289     1.676     1.987     2.644     3.521     5.485
1531.001    195993         0    195998           0.267     0.900     1.273     1.642     1.922     2.558     3.336     4.358
1532.001    195995         0    195985           0.272     0.882     1.251     1.615     1.888     2.517     3.301     4.862
1533.001    196018         0    196018           0.271     0.928     1.322     1.719     2.030     2.662     3.473     4.927
1534.001    195978         0    195962           0.266     0.897     1.275     1.646     1.939     2.578     3.434     4.960
1535.001    196039         0    196048           0.266     0.855     1.217     1.578     1.848     2.482     3.258     4.661
1536.001    195979         0    195976           0.278     0.919     1.312     1.699     1.998     2.669     3.508     4.682
1537.001    196029         0    196015           0.247     0.876     1.257     1.645     1.948     2.585     3.371     5.386
1538.001    195950         0    195973           0.261     0.952     1.343     1.737     2.047     2.703     3.510     5.083
1539.001    196024         0    196015           0.266     0.943     1.334     1.733     2.043     2.681     3.484     4.686
1540.001    195982         0    195985           0.237     0.867     1.227     1.587     1.849     2.449     3.236     4.522
1541.001    196071         0    196056           0.278     0.903     1.278     1.647     1.929     2.552     3.328     4.329
1542.001    195944         0    195963           0.273     0.936     1.321     1.709     2.011     2.646     3.439     5.321
1543.001    196032         0    196022           0.269     0.937     1.331     1.717     2.018     2.650     3.465     4.592
1544.001    195989         0    195987           0.269     0.865     1.235     1.605     1.887     2.537     3.361     4.788
1545.001    196006         0    196008           0.265     0.941     1.339     1.744     2.065     2.728     3.590     5.677
1546.001    195995         0    195995           0.241     0.920     1.303     1.691     1.987     2.619     3.394     4.997
1547.001    196020         0    196023           0.267     0.888     1.258     1.624     1.900     2.525     3.338     4.649
1548.001    195960         0    195955           0.274     0.908     1.286     1.674     1.982     2.632     3.459     5.014
1549.001    195998         0    196018           0.282     0.936     1.323     1.704     1.996     2.638     3.416     4.456
1550.001    196025         0    196003           0.263     0.888     1.266     1.635     1.918     2.552     3.340     4.665
1551.001    195980         0    195997           0.270     0.915     1.298     1.669     1.952     2.578     3.383     4.821
1552.001    196019         0    196008           0.249     0.941     1.333     1.742     2.061     2.779     3.746     5.513
1553.001    196042         0    196029           0.278     0.908     1.295     1.679     1.975     2.642     3.523     6.300
1554.001    195950         0    195965           0.269     0.907     1.298     1.683     1.986     2.658     3.494     5.439
1555.001    196014         0    196020           0.247     0.927     1.320     1.729     2.058     2.761     3.652     5.562
1556.001    196020         0    196011           0.249     0.873     1.244     1.614     1.898     2.515     3.279     4.432
1557.001    195991         0    195996           0.247     0.915     1.297     1.678     1.969     2.591     3.410     4.821
1558.001    195967         0    195970           0.241     0.973     1.365     1.774     2.097     2.761     3.607     5.562
1559.001    196049         0    196045           0.272     0.969     1.369     1.782     2.114     2.796     3.686     5.169
1560.001    195971         0    195978           0.255     0.901     1.285     1.662     1.960     2.623     3.400     4.751
1561.001    196010         0    196007           0.275     0.934     1.318     1.693     1.988     2.642     3.459     4.719
1562.001    196044         0    196046           0.269     0.881     1.264     1.652     1.965     2.746     3.908     6.787
1563.001    195980         0    195979           0.261     0.887     1.271     1.651     1.947     2.626     3.469     5.050
1564.001    196006         0    195998           0.274     0.891     1.280     1.652     1.939     2.583     3.418     4.702
1565.001    195992         0    196010           0.273     0.915     1.299     1.676     1.966     2.601     3.396     5.116
1566.001    196015         0    195996           0.260     0.873     1.245     1.614     1.891     2.527     3.312     4.391
1567.001    195998         0    195988           0.267     0.882     1.252     1.618     1.892     2.525     3.355     5.140
1568.001    196002         0    196011           0.265     0.921     1.310     1.702     2.019     2.693     3.619     5.353
1569.001    196027         0    196011           0.248     0.887     1.262     1.629     1.912     2.552     3.404     5.181
1570.001    195979         0    196003           0.271     0.909     1.290     1.670     1.967     2.593     3.383     5.562
1571.001    196000         0    196002           0.287     0.891     1.275     1.651     1.939     2.595     3.412     4.706
1572.001    195989         0    195976           0.260     0.949     1.341     1.730     2.039     2.679     3.484     5.706
1573.001    196006         0    196013           0.251     0.876     1.241     1.614     1.907     2.531     3.303     4.776
1574.001    196019         0    196011           0.262     0.893     1.268     1.636     1.914     2.544     3.310     4.604
1575.001    195968         0    195984           0.262     0.937     1.328     1.711     2.014     2.660     3.426     5.255
1576.001    196031         0    196017           0.271     0.858     1.218     1.574     1.833     2.449     3.240     4.768
1577.001    195989         0    195999           0.251     0.921     1.316     1.711     2.026     2.691     3.510     4.854
1578.001    196017         0    196011           0.263     0.873     1.256     1.635     1.930     2.583     3.412     4.583
1579.001    196015         0    196001           0.265     0.906     1.295     1.688     2.006     2.771     4.108     9.257
1580.001    195998         0    195999           0.258     0.916     1.316     1.727     2.065     2.705     3.512     5.530
1581.001    195972         0    195979           0.264     0.911     1.294     1.671     1.964     2.589     3.383     4.661
1582.001    195983         0    195982           0.270     0.947     1.332     1.718     2.016     2.658     3.475     5.091
1583.001    196020         0    196027           0.270     0.893     1.277     1.665     1.972     2.619     3.414     4.919
1584.001    196011         0    196013           0.271     0.919     1.310     1.701     2.011     2.695     3.518     5.128
1585.001    195969         0    195981           0.260     0.931     1.323     1.714     2.030     2.679     3.559     5.276
1586.001    196005         0    195990           0.245     0.881     1.274     1.678     2.004     2.753     3.934     7.430
1587.001    196032         0    196034           0.262     0.878     1.252     1.622     1.903     2.533     3.357     4.559
1588.001    195995         0    195976           0.278     0.886     1.258     1.636     1.919     2.566     3.430     5.063
1589.001    196018         0    196043           0.258     0.894     1.269     1.636     1.922     2.570     3.387     4.747
1590.001    195931         0    195933           0.262     0.928     1.326     1.717     2.044     2.685     3.502     5.300
1591.001    196072         0    196038           0.264     0.926     1.308     1.691     1.990     2.619     3.422     5.976
1592.001    195978         0    195997           0.257     0.915     1.303     1.691     1.992     2.628     3.418     5.108
1593.001    195979         0    195985           0.237     0.897     1.271     1.636     1.912     2.525     3.314     5.231
1594.001    196032         0    196040           0.249     0.905     1.292     1.687     1.998     2.652     3.541     4.850
1595.001    195991         0    195985           0.267     0.899     1.286     1.675     1.982     2.644     3.486     5.186
1596.001    195985         0    195988           0.269     0.913     1.295     1.675     1.975     2.619     3.463     5.267
1597.001    196011         0    195995           0.246     0.977     1.381     1.803     2.140     2.822     3.701     6.033
1598.001    196022         0    196025           0.252     0.922     1.306     1.692     1.990     2.615     3.400     4.784
1599.001    195974         0    195985           0.267     0.892     1.274     1.651     1.938     2.580     3.375     4.776
1600.001    196000         0    196006           0.276     0.907     1.295     1.686     1.995     2.669     3.543     5.419
1601.001    195985         0    195997           0.262     0.883     1.251     1.621     1.904     2.523     3.357     4.702
1602.001    196005         0    195983           0.269     0.923     1.324     1.724     2.042     2.685     3.506     5.095
1603.001    196000         0    196000           0.263     0.938     1.343     1.755     2.086     2.810     3.746     6.545
1604.001    196036         0    196035           0.275     0.973     1.396     1.866     2.245     3.125     4.530     7.086
1605.001    196002         0    196018           0.265     0.958     1.358     1.776     2.126     2.830     3.750     5.800
1606.001    195980         0    195971           0.264     0.868     1.234     1.597     1.870     2.513     3.365     5.685
1607.001    196039         0    196038           0.277     0.972     1.379     1.812     2.146     2.812     3.656     5.276
1608.001    195983         0    195978           0.268     0.898     1.276     1.647     1.930     2.564     3.373     5.435
1609.001    195994         0    195998           0.254     0.870     1.251     1.630     1.927     2.556     3.369     5.558
1610.001    196006         0    196003           0.260     0.938     1.338     1.740     2.060     2.697     3.531     5.067
1611.001    196022         0    196027           0.265     0.959     1.359     1.760     2.076     2.730     3.496     5.288
1612.001    196001         0    195998           0.247     0.915     1.315     1.733     2.086     2.828     3.856     7.266
1613.001    195940         0    195945           0.246     0.916     1.310     1.702     2.025     2.701     3.619     5.669
1614.001    196082         0    196073           0.265     0.912     1.326     1.752     2.101     2.828     3.842     6.603
1615.001    195983         0    195994           0.278     0.895     1.273     1.646     1.936     2.619     3.508     5.255
1616.001    195949         0    195936           0.269     0.884     1.266     1.653     1.961     2.623     3.467     5.018
1617.001    196058         0    196062           0.243     0.909     1.307     1.705     2.026     2.660     3.510     4.821
1618.001    195975         0    195966           0.278     0.927     1.317     1.706     2.014     2.669     3.475     4.895
1619.001    195997         0    196005           0.240     0.899     1.294     1.700     2.023     2.703     3.625     5.906
1620.001    195974         0    195986           0.237     0.916     1.313     1.700     2.002     2.652     3.449     5.251
1621.001    196001         0    196001           0.284     0.864     1.237     1.607     1.887     2.527     3.369     5.272
1622.001    196048         0    196029           0.257     0.929     1.331     1.748     2.087     2.773     3.656     5.394
1623.001    195988         0    195998           0.267     0.982     1.394     1.830     2.179     2.839     3.666     5.345
1624.001    195991         0    195984           0.278     0.889     1.271     1.649     1.933     2.537     3.301     4.874
1625.001    196006         0    196010           0.264     0.928     1.323     1.724     2.048     2.691     3.490     5.390
1626.001    195994         0    195994           0.274     0.882     1.262     1.640     1.935     2.605     3.447     5.292
1627.001    196010         0    196021           0.250     0.972     1.373     1.782     2.109     2.789     3.627     6.394
1628.001    196006         0    195976           0.266     0.949     1.357     1.790     2.150     2.922     4.047     6.177
1629.001    196003         0    196033           0.282     0.925     1.323     1.733     2.071     2.779     3.752     7.238
1630.001    196017         0    195977           0.274     0.926     1.325     1.727     2.058     2.734     3.629     5.489
1631.001    196007         0    196049           0.287     0.882     1.260     1.628     1.912     2.529     3.340     4.989
1632.001    195966         0    195958           0.271     0.970     1.377     1.795     2.130     2.787     3.727     5.435
1633.001    196020         0    196004           0.268     0.994     1.405     1.851     2.185     2.828     3.637     5.210
1634.001    196007         0    196022           0.267     0.869     1.243     1.625     1.917     2.542     3.324     4.907
1635.001    196009         0    196008           0.269     0.874     1.244     1.616     1.897     2.531     3.324     4.674
1636.001    195983         0    195980           0.272     0.999     1.412     1.853     2.202     2.892     3.817     6.160
1637.001    195999         0    195987           0.256     0.930     1.360     1.843     2.257     3.293     4.714     8.847
1638.001    196009         0    196025           0.253     0.891     1.282     1.679     2.009     2.787     3.959     7.709
1639.001    196020         0    196027           0.283     0.997     1.406     1.848     2.208     2.910     3.863     6.488
1640.001    195973         0    195967           0.259     0.966     1.364     1.778     2.103     2.748     3.592     5.087
1641.001    196001         0    196000           0.250     0.893     1.270     1.637     1.921     2.533     3.351     5.149
1642.001    196004         0    196002           0.267     0.916     1.308     1.709     2.028     2.712     3.596     6.283
1643.001    196000         0    196004           0.269     0.914     1.311     1.713     2.039     2.691     3.533     5.231
1644.001    195972         0    195966           0.260     0.974     1.377     1.804     2.146     2.869     3.799     5.415
1645.001    196020         0    196018           0.269     0.902     1.296     1.701     2.024     2.759     3.731     6.169
1646.001    196005         0    196021           0.233     0.943     1.356     1.778     2.116     2.814     3.725     5.378
1647.002    196070         0    196030           0.254     0.908     1.304     1.706     2.036     2.773     3.822     6.382
1648.001    195984         0    196013           0.230     0.904     1.290     1.677     1.981     2.666     3.533     5.194
1649.001    195957         0    195955           0.254     0.938     1.332     1.732     2.048     2.679     3.488     5.337
1650.001    196027         0    196009           0.267     0.969     1.364     1.769     2.093     2.777     3.633     5.652
1651.001    196007         0    196023           0.263     0.865     1.228     1.585     1.849     2.464     3.238     5.444
1652.001    195962         0    195967           0.276     0.987     1.407     1.854     2.220     2.990     4.006     6.070
1653.001    195979         0    195983           0.259     0.908     1.302     1.704     2.018     2.669     3.510     5.546
1654.001    196007         0    196004           0.254     0.968     1.380     1.820     2.189     2.990     4.090     5.882
1655.001    195967         0    195967           0.248     0.954     1.359     1.774     2.097     2.777     3.682     5.587
1656.001    196059         0    196057           0.245     0.946     1.342     1.754     2.084     2.785     3.686     4.948
1657.001    195978         0    195991           0.267     0.923     1.325     1.736     2.066     2.732     3.574     4.907
1658.001    196050         0    196026           0.265     0.849     1.209     1.566     1.828     2.441     3.189     4.239
1659.001    195989         0    195967           0.278     0.937     1.339     1.744     2.072     2.740     3.594     5.886
1660.001    196010         0    196020           0.263     0.960     1.365     1.787     2.128     2.818     3.695     5.087
1661.001    196000         0    196018           0.281     0.926     1.334     1.762     2.136     3.039     4.456     7.094
1662.002    195971         0    195985           0.266     0.950     1.357     1.800     2.175     3.064     4.370     7.320
1663.001    196074         0    196043           0.262     0.992     1.403     1.838     2.191     2.939     3.871     6.939
1664.001    195963         0    195988           0.251     0.900     1.295     1.682     1.989     2.644     3.502     4.973
1665.001    196032         0    196014           0.269     0.891     1.271     1.645     1.929     2.562     3.418     4.776
1666.001    195972         0    195989           0.249     0.981     1.376     1.780     2.101     2.793     3.666     5.792
1667.001    196002         0    195998           0.268     0.924     1.318     1.710     2.025     2.685     3.531     5.022
1668.001    196003         0    196016           0.276     0.931     1.323     1.710     2.012     2.685     3.486     5.190
1669.001    195975         0    195951           0.258     0.944     1.361     1.815     2.210     3.219     4.714     8.454
1670.001    196044         0    196045           0.237     0.895     1.281     1.658     1.955     2.615     3.453     5.329
1671.001    196014         0    196021           0.240     0.912     1.299     1.679     1.967     2.630     3.471     4.977
1672.001    195945         0    195957           0.247     0.946     1.348     1.768     2.120     2.922     4.243     6.849
1673.001    196056         0    196026           0.258     0.929     1.323     1.717     2.030     2.716     3.590     5.132
1674.001    195973         0    195985           0.264     0.892     1.275     1.660     1.967     2.654     3.547     5.054
1675.001    196018         0    196011           0.264     0.935     1.332     1.724     2.034     2.685     3.525     5.825
1676.001    195967         0    195983           0.257     1.075     1.484     1.938     2.281     3.015     3.920     5.530
1677.001    196018         0    196011           0.259     0.913     1.307     1.701     2.010     2.675     3.512     5.435
1678.001    196020         0    196015           0.271     0.910     1.307     1.707     2.019     2.697     3.557     4.878
1679.001    195946         0    195950           0.279     0.891     1.284     1.676     1.979     2.636     3.500     5.194
1680.001    196013         0    196018           0.274     0.919     1.319     1.736     2.086     2.914     4.411     7.700
1681.001    196029         0    196045           0.261     0.958     1.365     1.782     2.114     2.800     3.686     5.362
1682.001    195955         0    195933           0.263     0.912     1.311     1.729     2.072     2.767     3.717     5.509
1683.001    196048         0    196047           0.270     0.973     1.373     1.804     2.136     2.777     3.604     5.005
1684.001    196020         0    196015           0.260     0.916     1.299     1.681     1.979     2.632     3.447     4.755
1685.001    195954         0    195958           0.266     0.971     1.361     1.761     2.079     2.759     3.713     5.468
1686.001    196033         0    196041           0.262     0.925     1.342     1.788     2.159     3.070     4.661     9.429
1687.001    195967         0    195956           0.266     0.920     1.306     1.705     2.025     2.654     3.447     4.776
1688.001    195951         0    195969           0.242     1.004     1.403     1.823     2.154     2.822     3.654     4.809
1689.001    196075         0    196073           0.277     0.947     1.376     1.843     2.204     2.972     4.006     6.902
1690.001    196007         0    196009           0.257     0.970     1.362     1.770     2.093     2.750     3.549     4.899
1691.001    195952         0    195944           0.262     0.934     1.330     1.725     2.039     2.716     3.576     5.169
1692.001    196041         0    196043           0.272     0.964     1.362     1.765     2.081     2.716     3.521     5.026
1693.001    195993         0    195985           0.275     0.904     1.289     1.662     1.954     2.591     3.379     4.698
1694.001    196019         0    196027           0.267     0.936     1.333     1.723     2.040     2.703     3.574     5.304
1695.001    196018         0    196025           0.267     0.919     1.325     1.744     2.079     2.753     3.633     5.534
1696.001    195986         0    195977           0.269     0.890     1.288     1.700     2.039     2.834     3.928     6.119
1697.001    195976         0    195982           0.271     0.921     1.324     1.733     2.057     2.750     3.693     6.140
1698.001    196030         0    196014           0.263     0.931     1.326     1.715     2.018     2.695     3.555     5.616
1699.001    195988         0    196006           0.262     0.952     1.347     1.750     2.078     2.736     3.584     4.854
1700.001    196008         0    195991           0.265     0.926     1.310     1.690     1.987     2.628     3.408     5.046
1701.001    196010         0    196008           0.259     0.967     1.362     1.755     2.058     2.699     3.500     5.042
1702.001    195984         0    195991           0.273     0.938     1.343     1.764     2.103     2.857     3.846     6.087
1703.001    196002         0    196008           0.285     0.970     1.377     1.800     2.144     2.902     3.910     6.132
1704.001    195979         0    195981           0.265     0.926     1.338     1.764     2.138     3.131     4.751     8.274
1705.001    196004         0    195992           0.273     0.954     1.369     1.817     2.187     3.027     4.168     6.717
1706.001    195994         0    195993           0.264     0.911     1.316     1.741     2.093     2.910     4.045     7.246
1707.001    196024         0    196034           0.233     0.945     1.337     1.737     2.051     2.689     3.494     4.997
1708.001    196002         0    195999           0.255     0.956     1.351     1.743     2.047     2.687     3.498     5.030
1709.001    195992         0    195998           0.271     0.930     1.330     1.743     2.063     2.726     3.600     5.702
1710.001    196006         0    195990           0.273     0.942     1.333     1.726     2.031     2.679     3.502     5.108
1711.001    196035         0    196042           0.247     0.926     1.320     1.708     2.016     2.662     3.496     4.919
1712.001    195984         0    195977           0.258     1.003     1.415     1.854     2.198     2.925     3.959     7.139
1713.001    195938         0    195958           0.266     0.961     1.379     1.828     2.195     3.047     4.305     8.765
1714.001    196041         0    196041           0.269     0.913     1.307     1.707     2.018     2.662     3.463     5.231
1715.001    195981         0    195968           0.272     0.979     1.375     1.787     2.114     2.769     3.596     5.951
1716.001    196027         0    196030           0.264     0.959     1.350     1.764     2.095     2.734     3.551     4.985
1717.001    196012         0    196018           0.257     0.909     1.296     1.689     1.979     2.642     3.496     5.386
1718.001    195992         0    195998           0.256     0.936     1.324     1.717     2.025     2.675     3.482     4.735
1719.001    196004         0    195998           0.262     0.955     1.355     1.777     2.118     2.816     3.705     5.329
1720.001    196003         0    196008           0.273     0.912     1.298     1.689     1.980     2.613     3.441     4.940
1721.001    195957         0    195962           0.267     0.947     1.351     1.779     2.132     2.922     4.059     6.828
1722.001    196009         0    195991           0.255     0.943     1.335     1.737     2.055     2.714     3.570     5.132
1723.001    196013         0    196015           0.272     0.924     1.316     1.718     2.047     2.779     3.774     6.898
1724.001    195987         0    195979           0.253     0.969     1.374     1.795     2.122     2.787     3.676     5.935
1725.001    196037         0    196055           0.273     0.899     1.279     1.651     1.939     2.568     3.377     4.780
1726.001    196012         0    196012           0.262     0.942     1.335     1.735     2.051     2.722     3.580     5.526
1727.001    196028         0    195998           0.263     0.889     1.280     1.662     1.956     2.613     3.447     4.870
1728.001    195979         0    196008           0.260     0.921     1.314     1.712     2.021     2.689     3.572     5.681
1729.001    196034         0    196003           0.276     0.997     1.420     1.893     2.263     3.066     4.174     6.046
1730.001    195955         0    195986           0.273     0.902     1.288     1.676     1.988     2.648     3.484     5.120
1731.001    196047         0    196034           0.258     0.987     1.397     1.815     2.142     2.841     3.727     5.964
1732.001    195989         0    195995           0.269     0.898     1.277     1.667     1.975     2.603     3.424     5.706
1733.001    196026         0    196035           0.259     0.885     1.249     1.621     1.903     2.529     3.324     4.805
1734.001    195976         0    195976           0.256     0.930     1.325     1.721     2.030     2.671     3.514     5.677
1735.001    195997         0    196002           0.260     0.923     1.319     1.714     2.040     2.738     3.613     5.575
1736.001    195993         0    195975           0.261     0.943     1.349     1.759     2.097     2.746     3.627     4.993
1737.001    195993         0    195998           0.278     0.970     1.384     1.827     2.193     2.986     4.186     6.836
1738.001    196045         0    196045           0.261     0.957     1.358     1.764     2.081     2.763     3.701     5.214
1739.001    195985         0    195984           0.268     0.925     1.319     1.716     2.036     2.730     3.602     5.378
1740.001    196007         0    195991           0.241     0.895     1.288     1.692     2.012     2.685     3.553     5.460
1741.001    195986         0    196006           0.272     0.893     1.283     1.667     1.968     2.601     3.412     5.280
1742.001    196003         0    196005           0.270     0.927     1.320     1.709     2.009     2.656     3.512     4.968
1743.001    196048         0    196042           0.241     0.897     1.287     1.701     2.020     2.632     3.437     4.706
1744.001    196002         0    196001           0.263     0.919     1.316     1.710     2.016     2.685     3.549     4.936
1745.001    195948         0    195959           0.259     0.913     1.310     1.716     2.029     2.669     3.482     5.313
1746.001    195982         0    195973           0.239     0.968     1.380     1.805     2.140     2.826     3.744     5.423
1747.001    196052         0    196045           0.258     0.911     1.296     1.676     1.972     2.609     3.381     4.817
1748.001    196002         0    195987           0.264     0.978     1.394     1.846     2.214     3.072     4.346     8.368
1749.001    195984         0    196009           0.257     0.989     1.401     1.845     2.167     2.816     3.676     5.403
1750.001    195994         0    195992           0.268     0.923     1.312     1.712     2.025     2.697     3.539     5.153
1751.001    195994         0    196000           0.242     0.955     1.358     1.785     2.109     2.730     3.580     5.333
1752.001    196011         0    196010           0.275     0.921     1.316     1.720     2.042     2.703     3.535     5.861
1753.001    196011         0    196010           0.267     0.934     1.330     1.732     2.059     2.718     3.590     6.660
1754.001    195988         0    195968           0.230     0.935     1.345     1.784     2.142     3.006     4.481     7.344
1755.001    195978         0    195994           0.245     0.964     1.360     1.775     2.109     2.822     3.793     6.476
1756.001    195999         0    196000           0.248     1.002     1.411     1.853     2.216     3.125     4.542     7.418
1757.001    196007         0    196001           0.252     0.929     1.320     1.715     2.030     2.703     3.594     5.566
1758.001    195962         0    195976           0.243     0.909     1.292     1.683     1.985     2.634     3.445     5.358
1759.001    196078         0    196056           0.287     0.950     1.340     1.732     2.037     2.695     3.500     4.502
1760.001    195953         0    195965           0.272     0.895     1.281     1.687     2.016     2.796     4.110     6.345
1761.001    196003         0    195996           0.272     0.970     1.373     1.790     2.122     2.798     3.695     4.874
1762.001    195989         0    196000           0.263     0.886     1.279     1.676     1.993     2.726     3.815     7.467
1763.001    196009         0    195999           0.256     0.903     1.290     1.687     1.996     2.656     3.525     4.927
1764.001    195998         0    196012           0.248     0.963     1.374     1.793     2.124     2.806     3.645     5.968
1765.001    196045         0    196021           0.266     0.911     1.314     1.731     2.053     2.753     3.652     5.419
1766.001    195967         0    195976           0.275     0.972     1.371     1.790     2.118     2.775     3.637     5.562
1767.001    196023         0    196040           0.271     0.919     1.314     1.719     2.035     2.710     3.641     5.628
1768.001    196004         0    195989           0.256     0.908     1.296     1.688     1.985     2.636     3.447     4.968
1769.001    195980         0    195992           0.255     0.990     1.404     1.857     2.210     3.009     4.035     5.841
1770.001    196005         0    196002           0.279     0.902     1.290     1.695     2.007     2.664     3.572     5.648
1771.001    196016         0    196002           0.275     0.881     1.269     1.673     1.982     2.652     3.531     5.439
1772.001    196013         0    196014           0.275     1.023     1.442     1.923     2.279     3.090     4.387     7.516
1773.001    196011         0    196000           0.256     0.910     1.317     1.738     2.080     2.759     3.688     5.882
1774.001    196002         0    196009           0.254     0.981     1.386     1.823     2.152     2.785     3.559     5.403
1775.001    195992         0    195999           0.255     0.907     1.297     1.700     2.013     2.669     3.586     5.603
1776.001    195959         0    195971           0.252     0.898     1.287     1.686     2.002     2.654     3.521     4.727
1777.001    196066         0    196059           0.261     0.915     1.310     1.712     2.026     2.710     3.621     6.492
1778.001    195986         0    195984           0.271     0.891     1.279     1.677     1.985     2.648     3.535     5.186
1779.001    195997         0    196007           0.262     0.934     1.336     1.744     2.068     2.761     3.572     5.595
1780.001    196015         0    195998           0.263     0.996     1.431     1.945     2.339     3.344     4.813     9.118
1781.001    195985         0    195995           0.281     0.947     1.345     1.763     2.094     2.761     3.645     5.300
1782.001    195968         0    195976           0.252     0.958     1.356     1.779     2.099     2.767     3.584     5.386
1783.001    195976         0    195971           0.273     0.935     1.322     1.711     2.014     2.666     3.518     4.944
1784.001    196060         0    196056           0.258     0.983     1.399     1.844     2.181     2.824     3.658     4.809
1785.001    196023         0    196022           0.270     0.936     1.330     1.732     2.052     2.710     3.598     5.775
1786.001    195964         0    195972           0.262     0.928     1.320     1.712     2.018     2.679     3.553     5.423
1787.001    196023         0    196031           0.269     0.954     1.362     1.799     2.154     2.937     4.297     7.541
1788.001    196005         0    195980           0.255     0.889     1.280     1.673     1.978     2.644     3.518     5.276
1789.001    195960         0    195970           0.275     0.897     1.294     1.716     2.116     3.242     5.054     7.942
1790.001    196053         0    196042           0.279     0.974     1.389     1.826     2.171     2.886     3.895     6.664
1791.001    196020         0    196007           0.268     0.925     1.314     1.701     2.009     2.652     3.484     5.140
1792.001    195980         0    195994           0.268     0.918     1.305     1.703     2.011     2.634     3.437     4.788
1793.001    195989         0    196006           0.270     0.888     1.274     1.670     1.976     2.648     3.557     4.915
1794.001    195978         0    195981           0.276     0.981     1.389     1.817     2.157     2.886     3.805     6.443
1795.001    196052         0    196035           0.261     0.888     1.273     1.658     1.955     2.609     3.410     5.534
1796.001    195965         0    195980           0.257     0.926     1.318     1.727     2.053     2.722     3.631     5.575
1797.001    195977         0    195978           0.267     0.937     1.354     1.808     2.189     3.097     4.321     7.365
1798.001    195984         0    195987           0.265     0.928     1.332     1.750     2.077     2.771     3.670     5.845
1799.001    196052         0    196032           0.257     0.960     1.360     1.761     2.081     2.765     3.607     5.550
1800.001    195996         0    196004           0.239     0.938     1.323     1.704     2.001     2.636     3.457     5.243
1801.001    196004         0    196007           0.271     0.974     1.376     1.804     2.136     2.781     3.639     5.046
1802.001    195970         0    195983           0.241     0.892     1.273     1.659     1.955     2.621     3.455     5.059
1803.001    196033         0    196019           0.263     0.967     1.375     1.807     2.157     2.929     3.973     5.857
1804.001    196013         0    196006           0.277     0.945     1.342     1.751     2.059     2.722     3.582     5.124
1805.001    195941         0    195945           0.271     0.904     1.298     1.712     2.041     2.736     3.957     8.610
1806.001    196061         0    196058           0.267     0.914     1.305     1.709     2.021     2.697     3.666     7.340
1807.001    189571         0    189600           0.264     1.102     1.660    11.395    28.738    42.828   202.768   206.307
1808.001    202365         0    202341           0.246     1.462    30.245    59.605    69.337   200.540   247.988   284.688
1809.001    196056         0    196046           0.276     1.046     1.462     1.939     2.322     3.252     4.874     8.106
1810.001    195962         0    195966           0.287     1.100     1.504     1.970     2.329     3.178     5.120     9.593
1811.001    196015         0    196027           0.272     1.027     1.415     1.828     2.152     2.816     3.719     5.313
1812.001    196059         0    196041           0.290     0.980     1.377     1.806     2.152     2.900     3.953     6.615
1813.001    195926         0    195948           0.265     0.982     1.392     1.831     2.195     3.043     4.276    10.682
1814.001    196009         0    195995           0.234     1.003     1.524     2.871     8.970    65.372   174.850   185.860
1815.001    196031         0    196037           0.279     1.007     1.428     1.923     2.304     3.324     5.284     8.929
1816.001    196007         0    195983           0.278     1.094     1.482     1.924     2.253     2.961     3.822     6.164
1817.001    195979         0    195993           0.266     1.044     1.439     1.869     2.195     2.865     3.723     5.452
1818.001    196055         0    196068           0.278     1.030     1.430     1.859     2.191     2.892     3.807     5.489
1819.001    195993         0    195985           0.246     1.021     1.494     2.212     3.486    54.591   154.534   167.379
1820.001    195935         0    195940           0.268     1.015     1.460     2.012     2.449     4.047    21.185    32.506
1821.001    196052         0    196050           0.278     1.105     1.507     1.974     2.339     3.246     5.169     9.388
1822.001    196001         0    195979           0.283     1.048     1.443     1.883     2.216     2.959     3.936     6.685
1823.001    195971         0    195997           0.286     1.064     1.480     1.943     2.292     3.080     4.147     7.528
1824.001    196005         0    195983           0.265     1.075     1.479     1.942     2.306     3.205     5.341     9.249
1825.001    196035         0    196034           0.272     0.950     1.392     1.947     2.542    39.453   149.029   161.481
1826.001    195980         0    195996           0.269     1.033     1.489     2.058     2.507     4.231    20.234    33.292
1827.001    195979         0    195962           0.281     1.140     1.543     2.017     2.374     3.199     4.260     6.640
1828.001    196020         0    196038           0.252     1.016     1.420     1.865     2.204     2.980     4.086     7.406
1829.001    195978         0    195969           0.259     1.056     1.442     1.868     2.204     2.922     3.867     7.041
1830.001    195968         0    195988           0.291     1.138     1.546     2.029     2.390     3.224     4.743     8.544
1831.001    195943         0    195943           0.260     1.053     1.473     1.958     2.324     3.219     4.665     7.246
1832.001    196137         0    196123           0.245     1.007     1.452     2.059     2.730    47.088   144.179   162.791
1833.001    195971         0    195996           0.276     1.057     1.491     2.049     2.482     4.100    20.365    31.179
1834.001    195988         0    195975           0.264     1.048     1.442     1.880     2.247     3.047     4.127     6.975
1835.001    196009         0    196006           0.284     0.996     1.395     1.827     2.165     2.869     3.809     5.444
1836.001    195975         0    195979           0.287     1.117     1.503     1.937     2.263     2.970     3.854     5.624
1837.001    196107         0    196078           0.270     0.988     1.381     1.795     2.130     2.886     3.998     6.803
1838.001    195987         0    195999           0.256     0.939     1.327     1.729     2.049     2.828     4.139     7.528
1839.001    195947         0    195963           0.258     1.102     1.572     2.265     3.078    50.790   152.830   169.738
1840.001    195954         0    195941           0.268     0.983     1.420     1.968     2.445     5.534    27.329    33.817
1841.001    196078         0    196085           0.272     1.044     1.467     1.978     2.367     3.557     6.337    13.214
1842.001    195979         0    195961           0.278     1.044     1.437     1.875     2.204     2.877     3.748     5.464
1843.001    196024         0    196040           0.277     1.025     1.419     1.845     2.177     2.865     3.748     5.587
1844.001    196002         0    195999           0.252     1.034     1.413     1.825     2.140     2.824     3.785     7.131
1845.001    195959         0    195971           0.269     1.015     1.403     1.823     2.157     2.824     3.740     6.013
1846.001    196008         0    196004           0.265     1.049     1.465     1.946     2.277     2.998     3.975     6.398
1847.001    195921         0    195930           0.276     1.020     1.441     1.937     2.345     3.434     5.304     8.684
1848.001    196086         0    196073           0.278     1.060     1.517     2.109     2.595     4.145     7.365    14.131
1849.001    195940         0    195921           0.272     1.179     1.673     2.327     2.861     4.436     8.180    18.186
1850.001    195766         0    195748           0.281     1.459     2.071     3.009     3.893     7.143    24.494    37.487
1851.001    195822         0    195855           0.281     1.753     2.671     8.446    14.098    25.838    40.632    66.650
1852.001    195760         0    195756           0.318     2.054     4.198    13.992    18.612    30.228    46.596    83.689
1853.001    195580         0    195586           0.290     2.066     6.722    18.924    25.821    45.548    69.337    96.207
1854.001    194749         0    194773           0.300     5.128    17.859    28.148    37.454    54.460    76.022   116.130
1855.001    194542         0    194542           0.315     5.837    14.680    27.804    36.438    54.657    78.184   119.013
1856.001    190536         0    190539           0.456    22.544    38.961    54.166    65.667    86.442   112.067   167.379
1857.001    184987         0    184986          18.055    71.631    92.602   114.229   128.909   150.733   180.224   236.323
1858.001    195052         0    195049          59.965   103.612   116.654   141.820   146.670   171.704   196.084   228.852
1859.001    194907         0    194912          69.075   111.804   125.501   142.475   151.257   175.243   198.574   230.425
1860.001    197920         0    197916          58.917   115.868   129.696   147.980   155.714   179.306   203.948   253.755
1861.001    203185         0    203187          17.105    92.144   107.872   129.565   138.150   161.350   189.661   247.333
1862.001    193279         0    193280           6.955    70.517    90.636   111.280   119.538   145.490   173.801   220.201
1863.001    201486         0    201486           0.364    65.274    86.639   107.741   120.914   144.179   176.161   223.609
1864.001    177785         0    177785           0.410    80.937   111.411   139.723   156.238   186.122   216.662   276.824
1865.001    194786         0    194782          85.131   149.553   168.428   192.545   206.307   228.458   256.901   320.864
1866.001    207397         0    207396          39.092   128.844   155.976   192.020   208.011   229.507   263.193   341.836
1867.001    212296         0    212284           0.359    44.466    75.760   100.270   113.574   142.082   174.719   244.974
1868.001    194477         0    194486           0.322    19.726    29.065    43.188    54.526    75.366    99.484   148.636
1869.001    196890         0    196891           0.333     7.893    17.105    30.917    41.419    61.964    88.736   129.368
1870.001    185005         0    185008           0.347    55.837    66.454    81.068    91.488   112.919   137.363   199.492
1871.001    205239         0    205239           0.495    52.888    65.405    78.578    87.294   108.986   133.956   201.327
1872.001    199558         0    199549           0.313     3.199    15.925    29.704    38.666    61.342    86.639   119.210
1873.001    196013         0    196011           0.295     2.585     8.602    24.609    33.915    52.462    76.546   112.460
1874.001    196121         0    196110           0.315     2.014     6.287    20.546    28.131    43.385    62.718   105.316
1875.001    196236         0    196234           0.323     2.294     7.991    19.022    27.673    55.149    82.641   109.773
1876.001    195883         0    195894           0.317     2.050     5.599    15.565    21.873    35.750    52.462    88.736
1877.001    196461         0    196441           0.292     1.869     3.498    11.084    15.761    29.491    42.697    75.694
1878.001    196158         0    196183           0.264     1.446     2.157     3.756     7.213    34.734    51.020    60.686
1879.001    196089         0    196071           0.291     1.526     2.228     3.389     4.428     7.594    15.311    21.791
1880.001    195566         0    195574           0.297     1.838     2.812     5.304     7.225    12.419    20.972    37.356
1881.001    195928         0    195919           0.313     2.054     4.297    11.026    14.590    23.527    33.505    70.255
1882.001    195874         0    195872           0.314     2.101     4.764    13.517    17.400    26.264    40.960    66.748
1883.001    195160         0    195192           0.323     3.342     9.150    19.497    27.329    44.466    67.437   115.409
1884.001    196243         0    196225           0.298     3.385    11.092    23.118    31.457    50.135    73.925   111.673
1885.001    192490         0    192508           0.378    38.109    50.921    63.767    74.056    95.617   119.144   149.422
1886.001    198383         0    198381           0.314     7.516    17.760    31.638    40.403    57.737    80.937   122.028
1887.001    196310         0    196310           0.329     6.103    13.148    30.015    38.306    53.445    73.400   115.671
1888.001    194017         0    194013           0.353    17.367    25.018    40.174    49.840    68.092    92.340   137.757
1889.001    197445         0    197450           0.323     9.822    19.382    32.539    42.369    61.997    87.359   122.880
1890.001    196289         0    196284           0.338     6.099    14.426    29.278    39.485    58.851    81.854   124.715
1891.001    197017         0    197011           0.296     2.497     8.741    24.871    34.046    50.921    73.007   113.312
1892.001    195531         0    195535           0.329     8.921    15.983    30.835    41.026    57.934    80.282   117.572
1893.001    196973         0    196966           0.290     2.865    10.183    25.346    35.521    54.198    77.595   112.787
1894.001    196003         0    195994           0.304     1.909     4.723    16.892    24.773    38.765    57.934    94.896
1895.001    195999         0    195998           0.302     4.473    13.074    26.100    35.815    56.820    91.881   143.655
1896.001    193762         0    193786           0.322     3.901    13.263    28.049    37.454    54.755    78.053   124.912
1897.001    198407         0    198378           0.282     2.083     8.700    20.824    29.229    47.088    71.041    96.272
1898.001    195591         0    195609           0.310     1.910     4.049    14.254    21.512    36.995    54.264    98.828
1899.001    196034         0    196008           0.327     2.072     6.357    22.069    29.721    44.564    65.307    98.238
1900.001    196258         0    196282           0.316     2.466     9.454    22.528    30.556    48.366    69.272   112.263
1901.002    195891         0    195866           0.294     1.990     5.980    18.072    24.543    41.386    57.311   113.115
1902.001    196217         0    196226           0.334     2.062     5.779    17.875    23.871    37.814    55.050    92.537
1903.001    195945         0    195953           0.298     1.908     4.665    16.286    21.545    32.899    46.793    92.930
1904.001    196336         0    196342           0.302     1.811     4.366    12.763    16.957    28.672    45.056    66.650
1905.001    196241         0    196225           0.269     1.849     3.568     9.101    13.738    52.724    64.291    76.612
1906.001    195958         0    195960           0.288     1.770     2.785     5.276     6.820    10.215    19.988    30.999
1907.001    195988         0    195999           0.286     1.620     2.755     6.636     8.692    12.206    16.474    22.577
1908.001    195799         0    195795           0.304     1.854     3.203     8.266    11.821    19.186    29.426    49.283
1909.001    196144         0    196141           0.273     1.869     3.582    10.101    12.927    19.415    28.443    53.150
1910.001    195760         0    195764           0.295     1.960     3.465     9.748    12.935    19.038    26.919    51.413
1911.001    184475         0    184494           0.326    15.041    48.136    68.551    76.022   163.054   193.200   207.880
1912.001    205421         0    205416           0.331    17.220    32.047    56.295    71.172   118.686   137.363   157.942
1913.001    198079         0    198048           0.292     6.214    15.950    28.492    41.550    91.488   116.326   153.485
1914.001    195861         0    195861           0.279     1.904     4.106    15.008    21.791    36.798    53.608    76.677
1915.001    196077         0    196104           0.297     1.744     3.197    12.837    18.776    30.736    45.023    79.626
1916.001    196002         0    195995           0.288     1.659     3.369    14.696    23.216    38.470    57.836    95.289
1917.001    196006         0    196012           0.308     1.626     2.988    13.222    22.856    37.388    54.591    81.920
1918.001    196106         0    196101           0.302     1.691     3.803    13.681    21.823    35.488    53.248    84.345
1919.001    195643         0    195631           0.288     1.695     3.385    13.312    20.529    32.932    48.202    69.796
1920.001    196147         0    196157           0.293     1.631     2.845    14.975    25.100    44.073    67.437   119.276
1921.001    196069         0    196073           0.289     1.596     3.011    14.377    24.871    42.861    64.946   101.253
1922.001    195738         0    195729           0.293     1.761     3.856    18.743    28.033    49.447    74.121   115.802
1923.001    196189         0    196185           0.288     1.741     3.346    15.999    28.656    52.265    78.381   128.385
1924.001    195996         0    196006           0.276     1.597     2.851    14.295    25.362    46.858    71.434   109.445
1925.001    196059         0    196043           0.269     1.640     3.496    16.892    26.296    44.007    64.979    96.600
1926.001    196076         0    196090           0.280     1.681     2.882    13.173    21.086    38.076    58.065    94.503
1927.001    195931         0    195917           0.291     1.809     3.674    15.204    22.823    40.436    61.702   107.479
1928.001    196193         0    196169           0.289     1.836     3.881    12.935    18.629    30.949    46.793    77.791
1929.001    196167         0    196201           0.305     1.974     4.604    14.426    21.217    57.737    92.930   113.443
1930.001    195878         0    195898           0.280     1.810     3.414     9.986    13.648    21.725    33.210    67.174
1931.001    196183         0    196165           0.281     1.780     3.418    10.125    13.787    23.216    36.143    62.423
1932.001    195880         0    195852           0.291     1.835     3.119     6.500     9.445    37.192    47.415    58.360
1933.001    195933         0    195957           0.297     1.868     3.490     8.913    11.756    18.285    27.394    40.239
1934.001    194934         0    194949           0.305     2.012     4.448    11.117    16.269    71.041   119.734   136.839
1935.001    197323         0    197312           0.304     1.936     4.227    11.944    18.317    62.915   109.445   158.204
1936.001    195914         0    195905           0.308     1.848     3.537     8.749    12.141    24.740    41.386    68.944
1937.001    195927         0    195922           0.291     1.837     3.135     7.524    10.633    20.644    33.620    44.466
1938.001    195917         0    195909           0.307     1.855     3.914    10.928    14.500    32.293    45.089    52.888
1939.001    195673         0    195699           0.271     2.052     4.403    11.321    15.000    22.659    32.555    60.817
1940.001    196350         0    196336           0.301     2.061     4.151    11.624    16.548    34.210    54.460    83.427
1941.001    196058         0    196057           0.324     2.080     3.955    11.649    15.983    30.605    45.220    60.719
1942.001    195754         0    195763           0.296     2.636    10.346    20.005    29.917    76.218    96.403   123.077
1943.001    196069         0    196066           0.302     1.823     4.612    17.367    24.625    41.878    57.082    85.590
1944.001    195565         0    195577           0.312     2.187     6.124    14.492    21.627    99.025   130.548   157.549
1945.001    196336         0    196334           0.297     1.889     3.744    12.501    19.694    64.356    90.767   151.912
1946.001    196009         0    196006           0.318     2.009     4.805    17.777    25.936    39.387    56.492    91.292
1947.001    196129         0    196112           0.302     1.930     4.407    13.804    20.578    34.374    47.645    80.806
1948.001    196065         0    196058           0.308     1.811     3.525    12.075    18.924    33.030    50.332    92.799
1949.001    196005         0    196030           0.301     1.739     3.119    12.927    19.956    35.226    56.164    91.226
1950.001    196379         0    196382           0.308     1.493     2.408     4.895     7.639    15.704    26.640    50.758
1951.001    195717         0    195708           0.271     1.737     3.119     9.462    14.868    26.100    40.698    67.502
1952.001    196387         0    196377           0.275     1.566     2.556     6.038    10.068    18.940    30.278    54.100
1953.001    195937         0    195932           0.292     1.585     2.664     7.012    11.674    22.774    47.219    59.998
1954.001    195850         0    195859           0.274     1.579     2.525     5.534     9.667    20.054    37.388    71.565
1955.001    195944         0    195962           0.305     1.842     3.424    10.330    14.385    27.001    48.366    63.767
1956.001    195646         0    195630           0.287     1.712     3.611    11.182    15.106    25.461    41.976    61.866
1957.001    196036         0    196056           0.314     1.843     4.440    14.598    27.886    63.242    88.015   115.409
1958.001    195869         0    195853           0.304     1.853     3.490    13.263    22.807    69.599   108.593   156.107
1959.001    195936         0    195930           0.284     1.676     2.966     8.577    12.763    62.816   100.532   113.967
1960.001    196339         0    196347           0.296     1.790     2.949     7.008    10.052    17.973    86.376   113.181
1961.001    196013         0    196020           0.280     1.837     3.404    10.551    14.778    24.461    36.700    65.339
1962.001    196039         0    196030           0.298     1.822     3.394     9.372    12.714    20.005    34.243    69.403
1963.001    196152         0    196155           0.284     1.715     3.097     7.823    11.567    28.000    42.336    57.901
1964.001    196169         0    196174           0.296     1.571     2.499     4.297     6.132    11.485    26.575    39.420
1965.001    195758         0    195756           0.306     1.710     2.929     5.800     8.536    13.648    20.251    33.047
1966.001    195865         0    195863           0.285     1.847     3.400     9.716    12.820    19.350    29.753    49.807
1967.001    196176         0    196167           0.309     1.838     3.281    10.707    15.983    27.869    42.303    81.265
1968.001    195770         0    195765           0.285     1.775     3.160     9.806    13.812    22.381    35.553    78.774
1969.001    195891         0    195914           0.309     2.039     4.624    13.771    18.153    27.181    39.846    90.046
1970.001    196119         0    196102           0.291     1.819     3.742    14.615    21.610    35.946    55.640    88.080
1971.001    196352         0    196349           0.266     1.765     3.535    12.755    17.990    28.623    42.664    82.772
1972.001    195811         0    195831           0.297     1.661     3.164    11.043    17.433    33.456    57.377   106.824
1973.001    196362         0    196348           0.278     1.532     2.353     3.830     5.489    13.476    26.313    58.196
1974.001    195968         0    195961           0.282     1.458     2.234     3.514     4.567     8.016    15.671    33.718
1975.001    196040         0    196040           0.269     1.389     2.103     3.320     4.370     7.893    14.606    26.640
1976.001    195926         0    195937           0.284     1.418     2.181     3.592     4.927     9.724    17.023    29.311
1977.001    195922         0    195918           0.290     1.466     2.359     4.510     6.533    12.165    19.562    38.797
1978.001    196157         0    196158           0.286     1.440     2.267     3.707     4.817     8.016    12.771    31.965
1979.001    196008         0    195972           0.282     1.339     2.059     3.281     4.289     7.180    10.912    19.546
1980.001    196007         0    196055           0.298     1.440     2.177     3.471     4.678     8.684    13.500    20.660
1981.001    195927         0    195923           0.280     1.491     2.306     3.865     5.620    12.059    20.840    40.993
1982.001    196049         0    196014           0.292     1.523     2.388     4.710     7.598    17.973    31.277    51.610
1983.001    195977         0    196007           0.298     1.495     2.267     3.637     4.854     8.352    13.918    25.969
1984.001    195932         0    195927           0.293     1.512     2.370     4.069     5.997    13.574    22.938    31.457
1985.001    196012         0    196017           0.275     1.549     2.406     4.037     5.710    10.633    16.556    25.313
1986.001    196063         0    196069           0.282     1.568     2.443     4.313     6.828    14.877    26.280    36.012
1987.001    195933         0    195922           0.290     1.518     2.324     3.592     4.698     8.815    14.844    24.134
1988.001    196091         0    196083           0.268     1.404     2.175     3.353     4.411     9.585    19.513    26.575
1989.001    195832         0    195848           0.284     1.539     2.511     5.362     8.913    14.647    22.282    36.635
1990.001    196180         0    196176           0.282     1.480     2.296     3.633     4.846     8.864    15.335    27.116
1991.001    195820         0    195815           0.265     1.604     2.626     5.181     8.511    15.458    23.871    35.488
1992.001    195943         0    195943           0.291     1.489     2.527     5.296     8.274    14.230    23.953    38.371
1993.001    195276         0    195278           0.295     1.718     3.070     6.738     9.896    34.210    85.328   105.054
1994.001    196787         0    196794           0.281     1.781     3.357     9.077    12.706    99.680   122.487   136.839
1995.001    195804         0    195795           0.292     1.763     2.937     6.865    10.142    17.285    32.473    71.631
1996.001    196087         0    196098           0.303     1.716     3.129    10.420    14.893    24.445    37.880    63.832
1997.001    195697         0    195682           0.301     1.673     2.791     6.091    11.690    34.210    67.764    76.546
1998.001    196252         0    196263           0.304     1.785     3.244     9.617    13.599    24.363    38.371    73.335
1999.001    195967         0    195958           0.293     1.713     2.888     9.806    15.663    29.065    57.344   141.296
2000.001    195992         0    195999           0.300     1.738     3.052    11.518    19.857    36.438    60.195   127.992
2001.002    195795         0    195795           0.300     1.594     2.859    10.650    17.089    30.261    54.067    93.585
2002.001    196239         0    196241           0.289     1.701     3.410    11.821    17.072    28.508    48.366   111.280
2003.001    196040         0    196042           0.267     1.510     2.402     4.297     6.328    12.673    28.623    70.386
2004.001    196032         0    196011           0.283     1.562     2.531     4.866     8.196    16.286    24.543    40.731
2005.001    196301         0    196313           0.295     1.566     2.488     4.850     8.929    18.416    29.131    53.150
2006.001    195979         0    195979           0.290     1.408     2.218     3.863     5.890    12.591    23.675    41.812
2007.001    195994         0    195997           0.263     1.388     2.157     3.508     4.608     7.606    11.960    21.709
2008.001    195796         0    195784           0.287     1.362     2.150     3.529     4.719     9.380    17.285    37.716
2009.001    195936         0    195942           0.296     1.597     2.943    10.158    15.745    27.181    41.288    74.449
2010.001    196134         0    196139           0.283     1.442     2.380     7.029    13.206    23.855    36.340    65.143
2011.001    196155         0    196148           0.286     1.359     2.063     3.131     3.985     6.365    11.428    21.234
2012.001    195960         0    195968           0.280     1.431     2.179     3.340     4.268     6.726    21.856    32.375
2013.001    196025         0    196024           0.294     1.575     2.537     5.009     8.790    18.088    30.245    68.354
2014.001    195818         0    195819           0.283     1.511     2.335     3.963     5.997    18.072    46.825    54.133
2015.001    196203         0    196204           0.291     1.639     2.640     5.333     8.315    16.114    28.213    59.015
2016.001    195890         0    195876           0.287     1.570     2.583     5.222     8.176    13.296    20.414    30.736
2017.001    196029         0    196028           0.261     1.469     2.349     4.366     6.287    10.945    17.252    28.115
2018.001    195981         0    195995           0.306     1.466     2.331     4.518     6.603    11.207    18.825    26.968
2019.001    195849         0    195848           0.288     1.606     2.671     5.886     8.937    14.696    21.938    34.636
2020.001    196265         0    196259           0.295     1.565     2.650     8.970    12.878    22.577    39.584    82.248
2021.001    196055         0    196051           0.290     1.511     2.310     3.656     5.071     8.995    14.156    27.050
2022.001    195866         0    195878           0.282     1.540     2.486     4.164     5.882    10.428    17.039    26.509
2023.001    195929         0    195934           0.285     1.615     2.666     4.710     6.836    10.854    16.114    23.183
2024.001    196020         0    196006           0.295     1.548     2.585     5.685     9.396    14.442    20.840    42.959
2025.001    195908         0    195910           0.300     1.469     2.341     5.550     9.961    15.327    22.544    39.256
2026.001    195955         0    195974           0.301     1.625     2.789     7.627    11.624    18.498    28.803    66.191
2027.001    196108         0    196085           0.296     1.604     2.523     6.787    11.788    20.185    31.375    55.902
2028.001    195869         0    195878           0.292     1.537     2.515     6.042     9.978    15.081    21.971    41.484
2029.001    195954         0    195967           0.293     1.729     2.980     7.414    11.125    16.515    22.987    35.652
2030.001    196075         0    196072           0.289     1.558     2.558     7.205    12.329    21.332    33.587    59.015
2031.001    195946         0    195922           0.281     1.662     2.578     6.091    10.469    18.973    31.228    57.803
2032.001    196043         0    196068           0.272     1.511     2.406     8.790    15.917    32.604    54.821   111.739
2033.001    196281         0    196270           0.301     1.507     2.431     5.083     9.085    16.384    25.084    49.611
2034.001    196066         0    196055           0.291     1.410     2.329     4.514     8.143    15.041    22.905    39.289
2035.001    195985         0    195998           0.292     1.365     2.189     3.912     7.385    15.598    23.806    38.666
2036.001    196015         0    196010           0.281     1.405     2.154     3.502     5.046    10.166    16.196    25.215
2037.001    195731         0    195732           0.290     1.345     2.096     3.414     5.100    11.698    18.874    38.797
2038.001    196267         0    196264           0.279     1.401     2.251     4.674     9.167    16.622    25.002    38.470
2039.001    195850         0    195860           0.289     1.371     2.171     3.422     4.682     8.880    13.591    20.316
2040.001    195974         0    195969           0.294     1.367     2.275     5.337     9.429    16.114    23.953    41.484
2041.001    195893         0    195896           0.296     1.401     2.234     6.095    11.182    17.400    24.625    40.862
2042.001    196052         0    196051           0.287     1.425     2.224     6.001    11.026    17.187    24.691    41.517
2043.001    196183         0    196179           0.289     1.432     2.343     4.608     7.340    13.050    21.447    34.439
2044.001    196097         0    196105           0.246     1.357     2.063     3.092     3.924     6.087     9.716    16.187
2045.001    195766         0    195744           0.274     1.292     1.971     3.027     4.065    10.568    26.264    51.675
2046.001    196186         0    196196           0.281     1.279     1.997     3.299     5.140    12.730    22.905    56.230
2047.001    195787         0    195793           0.286     1.369     2.101     3.213     4.256     8.061    13.361    20.840
2048.001    196056         0    196062           0.302     1.415     2.324     5.439     9.961    15.499    22.561    41.943
2049.001    196033         0    196043           0.290     1.400     2.324     5.153     8.782    14.074    20.988    32.539
2050.001    195938         0    195924           0.296     1.587     2.998     7.733    12.206    20.693    33.915    59.212
2051.001    196155         0    196149           0.290     1.461     2.404     3.738     4.739     7.676    12.190    22.151
2052.001    195867         0    195877           0.273     1.569     2.734     5.759     9.044    15.499    24.773    40.534
2053.001    196170         0    196163           0.284     1.297     2.070     3.172     4.108     6.869    10.904    20.005
2054.001    196013         0    196005           0.280     1.361     2.175     3.459     4.870    10.740    16.703    29.655
2055.001    195979         0    195995           0.289     1.309     2.044     3.041     3.846     5.870     9.380    17.531
2056.001    196005         0    195982           0.277     1.409     2.152     3.273     4.346     9.241    15.524    27.066
2057.001    195949         0    195970           0.278     1.298     2.007     2.959     3.686     5.456     8.806    17.318
2058.001    195876         0    195879           0.276     1.368     2.130     3.334     4.628     9.462    16.056    26.608
2059.001    196138         0    196137           0.272     1.426     2.324     4.176     6.435    12.673    19.644    34.537
2060.001    196045         0    196032           0.283     1.401     2.157     3.398     4.678     9.003    14.393    30.360
2061.001    195919         0    195909           0.296     1.443     2.171     3.324     4.461     7.999    12.444    20.005
2062.002    196041         0    196047           0.285     1.228     1.870     2.707     3.324     4.829     7.102    15.262
2063.001    196001         0    196006           0.288     1.248     1.914     2.812     3.533     5.374     8.225    16.605
2064.001    195845         0    195844           0.257     1.468     2.367     4.882     9.978    20.808    33.489    61.899
2065.001    195920         0    195912           0.292     1.584     2.718     5.747     9.093    14.565    21.283    35.455
2066.001    196134         0    196154           0.277     1.503     2.433     4.239     6.550    13.173    19.792    29.868
2067.001    196127         0    196122           0.265     1.421     2.298     3.906     5.599    10.543    16.433    27.886
2068.001    195997         0    195995           0.279     1.365     2.154     3.461     4.805    10.650    18.153    37.061
2069.001    196036         0    196035           0.256     1.270     2.007     3.058     3.879     5.779     8.815    17.187
2070.001    195761         0    195755           0.289     1.306     1.972     2.961     3.877     8.139    19.694    40.239
2071.001    196242         0    196233           0.278     1.453     2.497     6.758    12.935    23.626    38.994    84.541
2072.001    196010         0    196029           0.273     1.406     2.136     3.197     4.030     6.214     9.847    19.628
2073.001    195985         0    195994           0.286     1.237     1.903     2.781     3.459     5.124     7.533    13.959
2074.001    195848         0    195835           0.266     1.313     2.004     3.041     4.051    10.060    16.015    26.067
2075.001    195774         0    195775           0.276     1.379     2.140     6.070    12.222    24.904    45.285    87.687
2076.001    196411         0    196424           0.287     1.403     2.134     3.584     6.619    17.924    35.062    71.434
2077.001    196006         0    195994           0.273     1.235     1.865     2.728     3.412     5.095     7.733    14.410
2078.001    195864         0    195877           0.276     1.314     1.967     2.912     3.705     5.657     8.552    13.582
2079.001    196020         0    195999           0.287     1.417     2.281     3.910     5.738    11.035    17.105    30.228
2080.001    196078         0    196081           0.297     1.330     2.177     4.239     7.078    13.836    21.053    37.126
2081.001    196015         0    196025           0.274     1.229     1.910     2.779     3.439     4.977     7.500    13.648
2082.001    196042         0    196023           0.283     1.268     1.956     2.839     3.559     5.394     8.180    13.124
2083.001    195909         0    195917           0.271     1.280     1.947     2.824     3.510     5.161     7.795    12.263
2084.001    196021         0    196030           0.277     1.230     1.878     2.728     3.346     4.850     7.541    15.507
2085.001    195846         0    195831           0.258     1.403     2.152     3.330     4.465     8.495    14.729    24.855
2086.001    195990         0    196005           0.284     1.422     2.441     5.386     9.060    14.606    21.283    34.275
2087.001    196025         0    196034           0.275     1.377     2.286     5.820    10.682    16.990    25.051    45.580
2088.001    196012         0    195997           0.297     1.497     2.687     6.255    10.043    15.008    20.906    36.340
2089.001    195821         0    195817           0.287     1.517     2.638     8.643    12.747    20.595    32.915    59.671
2090.001    195963         0    195979           0.270     1.517     2.595     6.709    10.887    17.842    28.688    61.440
2091.001    196248         0    196261           0.305     1.592     2.820     8.364    12.419    20.136    31.146    54.034
2092.001    196105         0    196086           0.275     1.401     2.267     3.854     5.603    10.863    18.235    35.652
2093.001    196047         0    196046           0.262     1.384     2.154     3.408     4.882    10.772    17.695    32.129
2094.001    196012         0    196011           0.268     1.398     2.169     3.359     4.608     9.716    15.753    26.264
2095.001    196013         0    196011           0.280     1.146     1.808     2.669     3.289     4.768     7.033    12.263
2096.001    195994         0    195985           0.256     1.195     1.863     2.763     3.445     5.009     7.795    15.827
2097.001    195939         0    195952           0.282     1.185     1.848     2.718     3.355     4.837     6.914    11.624
2098.001    195991         0    195989           0.264     1.302     1.996     2.910     3.690     6.459    12.042    21.250
2099.001    196052         0    196058           0.284     1.324     2.052     3.144     4.207     8.212    13.230    21.529
2100.001    195913         0    195910           0.265     1.177     1.822     2.636     3.240     4.747     7.242    13.353
2101.001    195979         0    195970           0.247     1.400     2.359     4.293     6.652    11.756    17.252    28.099
2102.001    195991         0    195999           0.267     1.302     2.245     4.755     7.741    12.222    17.973    26.903
2103.001    196115         0    196129           0.276     1.279     1.977     3.013     4.014     7.594    11.821    19.153
2104.001    195995         0    195979           0.283     1.202     1.855     2.685     3.305     4.768     7.131    13.599
2105.001    196008         0    196015           0.271     1.144     1.762     2.576     3.176     4.624     6.865    12.173
2106.001    196058         0    196045           0.260     1.081     1.719     2.904     4.131     7.561    12.050    20.709
2107.001    195974         0    195964           0.271     1.119     1.712     2.564     3.275     5.059     7.905    14.270
2108.001    195968         0    195986           0.252     1.272     1.898     2.732     3.394     5.009     7.254    13.664
2109.001    196036         0    196035           0.272     1.342     2.076     3.385     4.731     8.954    13.935    30.458
2110.001    195994         0    195989           0.289     1.231     1.944     2.875     3.609     5.476     8.913    16.359
2111.001    196012         0    196019           0.271     1.205     1.934     2.908     3.703     6.099    10.494    22.790
2112.001    195817         0    195817           0.249     1.263     2.053     3.432     4.993    10.134    16.007    28.328
2113.001    196107         0    196108           0.253     1.181     1.869     2.740     3.412     5.145     9.478    20.496
2114.001    196016         0    196024           0.249     1.215     1.894     2.732     3.353     4.837     7.037    16.089
2115.001    196045         0    196043           0.273     1.233     1.945     2.900     3.680     6.013    10.224    31.834
2116.001    196001         0    195987           0.272     1.334     1.999     2.931     3.705     5.833     9.388    16.810
2117.001    195977         0    195973           0.277     1.179     1.838     2.716     3.418     6.222    14.991    29.786
2118.001    196062         0    196068           0.261     1.183     1.858     2.718     3.336     4.817     6.926    14.385
2119.001    196012         0    196005           0.277     1.227     1.910     2.816     3.547     5.599    10.871    21.152
2120.001    195932         0    195946           0.277     1.119     1.765     2.554     3.105     4.407     6.529    10.461
2121.001    195943         0    195931           0.279     1.165     1.825     2.695     3.451     7.164    14.762    29.901
2122.001    195975         0    195990           0.276     1.338     2.161     4.682     7.786    12.747    18.825    32.768
2123.001    196016         0    196007           0.283     1.448     2.398     5.202     8.110    13.017    21.299    45.842
2124.001    195912         0    195922           0.271     1.360     2.318     5.112     8.262    14.000    20.791    34.308
2125.001    195905         0    195894           0.276     1.372     2.322     4.784     7.549    12.820    19.464    39.977
2126.001    196006         0    196000           0.288     1.310     2.447     6.959    11.649    20.562    31.080    57.213
2127.001    196003         0    195997           0.275     1.382     2.537     6.959    11.297    19.038    29.753    58.819
2128.001    196136         0    196152           0.283     1.403     2.374     4.530     6.636    11.256    17.564    40.501
2129.001    196072         0    196062           0.284     1.245     2.136     3.807     5.505     8.847    12.870    22.626
2130.001    195956         0    195944           0.282     1.364     2.185     3.961     6.554    13.894    24.117    55.673
2131.001    196068         0    196080           0.256     1.237     1.929     2.943     3.967     7.967    16.581    39.256
2132.001    196076         0    196079           0.258     1.150     1.781     2.554     3.101     4.485     6.627    10.248
2133.001    195951         0    195959           0.264     1.248     1.999     3.074     4.110     8.147    14.131    26.903
2134.001    195974         0    195977           0.274     1.203     1.907     2.910     3.777     6.423    10.338    18.432
2135.001    196039         0    196018           0.279     1.165     1.822     2.669     3.295     4.985     8.020    16.761
2136.001    196023         0    196044           0.268     1.256     1.955     3.041     4.420    11.592    22.282    46.006
2137.001    195955         0    195963           0.266     1.230     1.953     2.906     3.738     6.107    10.576    20.480
2138.001    195978         0    195945           0.280     1.336     2.251     3.662     4.923     8.921    13.287    20.939
2139.001    195938         0    195934           0.288     1.346     2.187     3.574     5.071     9.945    16.163    26.575
2140.001    195973         0    196003           0.282     1.437     2.404     4.073     5.673    10.486    15.933    49.349
2141.001    195853         0    195846           0.282     1.348     2.220     3.506     4.719     8.880    16.925    37.552
2142.001    196254         0    196254           0.266     1.359     2.255     3.826     5.657    13.451    27.902    58.294
2143.001    196082         0    196078           0.283     1.277     2.212     3.897     5.632    10.453    17.072    35.881
2144.001    195935         0    195940           0.285     1.291     2.152     3.650     5.136     8.897    13.427    21.217
2145.001    196000         0    195993           0.287     1.261     2.043     3.785     5.956    10.871    16.720    27.591
2146.001    195880         0    195878           0.287     1.339     2.154     4.012     6.541    12.542    21.217    37.552
2147.001    196087         0    196103           0.275     1.330     2.130     3.363     4.534     8.405    16.605    35.521
2148.001    196100         0    196080           0.254     1.157     1.890     2.779     3.420     4.903     7.344    14.074
2149.001    196016         0    196013           0.273     1.293     2.042     3.021     3.791     5.886     8.897    25.330
2150.001    195989         0    196023           0.262     1.332     2.243     3.662     5.280    10.985    17.170    34.406
2151.001    196021         0    196007           0.278     1.163     1.869     2.755     3.410     4.977     7.639    18.973
2152.001    195967         0    195959           0.278     1.156     1.882     2.802     3.572     6.238    13.124    28.426
2153.001    195992         0    196002           0.274     1.123     1.835     2.720     3.357     5.050     8.053    18.776
2154.001    196000         0    195994           0.244     1.162     1.881     2.791     3.457     5.083     7.889    18.760
2155.001    195893         0    195888           0.226     1.172     1.839     2.679     3.308     5.067     9.118    17.809
2156.001    196110         0    196120           0.273     1.265     1.987     2.994     3.830     6.308    10.322    19.628
2157.001    196024         0    196011           0.280     1.161     1.842     2.675     3.289     4.817     7.328    15.630
2158.001    195994         0    195989           0.268     1.202     1.873     2.726     3.344     4.964     7.569    14.025
2159.001    195922         0    195933           0.281     1.119     1.778     2.529     3.037     4.284     6.042    10.953
2160.001    196139         0    196123           0.250     1.122     1.820     2.691     3.334     5.067     7.623    13.607
2161.001    195878         0    195888           0.271     1.241     1.980     2.966     3.873     6.791    11.583    21.234
2162.001    196090         0    196069           0.256     1.174     1.926     2.925     3.779     6.242    10.199    19.857
2163.001    195916         0    195944           0.256     1.234     1.942     2.839     3.547     5.444     8.356    16.409
2164.001    196078         0    196086           0.266     1.158     1.864     2.865     3.797     7.008    12.812    24.838
2165.001    196007         0    196011           0.236     1.093     1.796     2.626     3.222     4.674     6.795    11.870
2166.001    195807         0    195806           0.263     1.194     1.862     2.908     4.600    10.502    16.589    25.887
2167.001    196086         0    196076           0.280     1.308     2.023     3.244     4.895    14.418    31.638    63.996
2168.001    196071         0    196070           0.259     1.189     1.902     3.017     4.424    10.502    18.203    38.830
2169.001    195923         0    195918           0.268     1.114     1.809     2.693     3.371     5.161     8.323    31.343
2170.001    196039         0    196041           0.280     1.315     2.091     3.162     4.057     6.455     9.675    17.318
2171.001    196012         0    196009           0.270     1.251     1.894     2.701     3.289     4.755     7.049    13.861
2172.001    196010         0    196007           0.286     1.245     1.900     2.703     3.289     4.698     6.963    11.665
2173.001    196050         0    196056           0.272     1.197     1.936     2.857     3.570     5.493     8.634    17.842
2174.001    195952         0    195948           0.244     1.191     1.887     2.707     3.281     4.641     6.652    11.764
2175.001    196010         0    196025           0.287     1.142     1.855     2.699     3.310     4.887     7.983    24.101
2176.001    196060         0    196049           0.277     1.124     1.834     2.664     3.248     4.719     6.726    12.911
2177.001    195991         0    195996           0.247     1.037     1.683     2.447     2.988     4.342     6.533    11.510
2178.001    195947         0    195930           0.262     1.215     1.933     2.867     3.590     5.386     7.950    13.156
2179.001    195998         0    196000           0.265     1.314     2.056     3.006     3.762     5.665     8.651    18.661
2180.001    196111         0    196104           0.263     1.033     1.693     2.488     3.056     4.362     6.218    11.141
2181.001    195953         0    195973           0.268     1.010     1.630     2.351     2.871     4.131     5.960    10.764
2182.001    195924         0    195926           0.249     1.218     1.869     2.697     3.316     4.854     6.975    12.050
2183.001    196006         0    195980           0.275     1.242     1.965     2.961     3.820     6.500    10.830    19.775
2184.001    196084         0    196090           0.270     1.208     1.876     2.720     3.344     5.104     8.495    16.482
2185.001    196014         0    196024           0.271     1.095     1.765     2.548     3.084     4.485     6.623    11.583
2186.001    195971         0    195979           0.248     1.064     1.736     2.503     3.019     4.317     6.386    10.559
2187.001    195946         0    195945           0.278     1.125     1.809     2.615     3.168     4.637     6.562    10.584
2188.001    196049         0    196044           0.269     1.285     2.037     3.191     4.751    12.247    23.200    52.167
2189.001    196019         0    196032           0.272     1.110     1.816     2.660     3.310     5.509    11.362    23.200
2190.001    195924         0    195891           0.272     1.124     1.857     2.785     3.545     5.984    11.043    23.740
2191.001    196045         0    196069           0.270     1.142     1.966     3.254     4.407     7.889    13.099    32.866
2192.001    195960         0    195955           0.255     1.245     2.140     3.547     4.801     8.479    13.484    24.150
2193.001    196041         0    196033           0.278     1.209     2.019     3.138     4.047     6.578    10.117    19.841
2194.001    195980         0    195998           0.272     1.245     2.040     3.095     3.934     6.242     9.658    19.104
2195.001    195966         0    195971           0.267     1.208     1.990     2.961     3.742     5.726     8.503    13.697
2196.001    196079         0    196074           0.269     1.119     1.817     2.628     3.191     4.596     6.713    11.723
2197.001    195999         0    196008           0.258     1.044     1.752     2.556     3.117     4.506     6.480    10.052
2198.001    195891         0    195882           0.239     1.271     1.960     2.890     3.666     6.021     9.888    18.104
2199.001    196123         0    196114           0.268     1.129     1.891     2.779     3.424     5.177     8.798    17.236
2200.001    195976         0    195971           0.250     1.082     1.781     2.583     3.138     4.514     6.439    11.551
2201.001    196012         0    196023           0.269     1.160     1.831     2.634     3.219     4.788     7.590    13.812
2202.001    196066         0    196038           0.259     1.195     1.885     2.689     3.252     4.669     6.754    12.943
2203.001    195940         0    195984           0.262     1.087     1.774     2.595     3.189     4.964     9.495    21.660
2204.001    196009         0    195993           0.252     1.071     1.747     2.499     3.023     4.350     6.226     9.683
2205.001    196032         0    196035           0.266     1.089     1.760     2.513     3.041     4.379     6.480    14.156
2206.001    195976         0    195962           0.264     1.023     1.717     2.494     3.023     4.329     6.283    10.969
2207.001    196004         0    196000           0.269     1.095     1.809     2.654     3.330     5.255     8.864    16.531
2208.001    196032         0    196026           0.259     1.038     1.724     2.490     3.023     4.338     6.332     9.798
2209.001    195975         0    196006           0.262     1.014     1.696     2.443     2.947     4.239     6.132     9.511
2210.001    195976         0    195969           0.275     1.082     1.772     2.595     3.244     5.513    13.509    31.998
2211.001    196005         0    195997           0.269     1.157     1.868     2.734     3.408     5.321     8.724    13.967
2212.001    196045         0    196045           0.273     1.162     1.845     2.662     3.250     4.735     6.996    11.944
2213.001    195904         0    195910           0.257     1.041     1.742     2.533     3.082     4.477     6.550    11.837
2214.001    196062         0    196072           0.254     1.054     1.690     2.419     2.935     4.362     6.902    13.017
2215.001    196028         0    196021           0.273     1.099     1.743     2.458     2.970     4.227     6.177     9.585
2216.001    195955         0    195928           0.278     1.082     1.720     2.441     2.955     4.227     6.087    10.781
2217.001    196011         0    196041           0.270     1.016     1.687     2.435     2.959     4.280     6.373    10.273
2218.001    196037         0    196012           0.266     1.157     1.824     2.611     3.176     4.641     7.033    11.993
2219.001    195980         0    195998           0.270     1.089     1.765     2.509     3.029     4.375     6.537    12.976
2220.001    195996         0    195992           0.275     1.069     1.783     2.597     3.162     4.555     6.652    13.492
2221.001    196022         0    196020           0.265     1.123     2.045     3.289     4.358     7.303    11.321    18.792
2222.001    195920         0    195937           0.272     1.142     1.994     3.142     4.289     8.045    14.754    37.421
2223.001    196042         0    196043           0.258     1.291     2.294     3.650     5.472    12.337    19.333    36.241
2224.001    196045         0    196042           0.280     1.036     1.822     2.695     3.291     4.817     7.361    15.327
2225.001    195944         0    195946           0.261     1.068     1.779     2.585     3.144     4.575     6.930    15.327
2226.001    195961         0    195944           0.273     1.211     2.014     3.256     4.502     8.098    13.304    21.430
2227.001    196016         0    196019           0.265     1.231     2.091     3.195     4.256     7.836    12.984    21.430
2228.001    196092         0    196080           0.262     1.250     2.086     3.434     4.903     9.265    14.311    23.839
2229.001    195856         0    195869           0.252     1.206     1.947     2.927     3.838     6.783    11.321    32.342
2230.001    195989         0    195997           0.277     1.446     2.163     3.291     4.473     8.143    13.812    24.543
2231.001    196092         0    196083           0.247     1.206     1.957     3.879     6.033    11.248    16.892    28.836
2232.001    195946         0    195940           0.286     1.275     2.058     3.680     5.583    10.183    17.252    32.326
2233.001    196060         0    196061           0.271     1.158     1.915     2.863     3.674     6.173    11.117    21.627
2234.001    196047         0    196063           0.268     1.151     1.957     2.894     3.682     5.825    10.576    17.007
2235.001    195946         0    195926           0.284     1.217     2.021     3.271     4.739     9.298    14.369    23.708
2236.001    195981         0    195982           0.268     1.130     1.961     2.984     3.820     6.398    10.838    25.805
2237.001    196019         0    196026           0.260     1.169     1.955     2.806     3.441     5.030     7.393    14.098
2238.001    195865         0    195884           0.263     1.210     1.970     2.869     3.555     5.235     7.492    12.485
2239.001    196185         0    196170           0.274     1.253     2.107     3.287     4.477     8.454    13.451    22.544
2240.001    196003         0    196012           0.273     1.203     1.934     2.836     3.650     6.308    11.764    19.562
2241.001    195978         0    195966           0.276     1.092     1.848     2.728     3.359     5.132     8.241    17.203
2242.001    196034         0    196038           0.270     1.031     1.769     2.570     3.115     4.415     6.283    10.355
2243.001    196011         0    195992           0.274     1.130     1.952     2.839     3.471     5.075     7.574    12.780
2244.001    196007         0    196031           0.247     1.167     1.900     2.757     3.381     5.009     7.647    13.017
2245.001    195925         0    195911           0.277     1.100     1.845     2.648     3.199     4.608     6.812    12.173
2246.001    195943         0    195952           0.274     1.031     1.774     2.613     3.215     4.801     7.389    12.296
2247.001    196158         0    196140           0.279     1.065     1.804     2.609     3.183     4.645     7.033    15.278
2248.001    196001         0    196015           0.272     1.055     1.774     2.574     3.158     4.837     8.913    24.904
2249.001    195939         0    195950           0.274     1.016     1.792     2.601     3.144     4.473     6.443    11.305
2250.001    196054         0    196045           0.276     1.075     1.860     2.712     3.330     4.960     7.909    15.434
2251.001    195962         0    195968           0.259     0.987     1.732     2.554     3.133     4.801     9.699    26.001
2252.001    196020         0    196027           0.264     0.980     1.673     2.435     2.986     4.510     7.676    16.204
2253.001    196041         0    196017           0.254     1.087     1.817     2.666     3.310     5.104     8.319    16.925
2254.001    195946         0    195962           0.257     0.992     1.744     2.550     3.101     4.522     6.840    12.902
2255.001    196030         0    196034           0.256     1.129     1.878     2.712     3.332     5.030     8.659    17.793
2256.001    196019         0    195999           0.268     1.084     1.801     2.595     3.148     4.588     6.709    10.322
2257.001    195992         0    196011           0.269     0.971     1.714     2.564     3.217     5.165     9.855    30.884
2258.001    196002         0    196004           0.248     1.022     1.794     2.798     3.713     6.537    11.977    25.805
2259.001    195983         0    195978           0.274     0.999     1.740     2.634     3.355     5.325     9.069    17.056
2260.001    196000         0    195992           0.257     1.098     1.877     2.912     3.838     6.582    12.435    29.557
2261.001    196024         0    196015           0.254     1.004     1.718     2.570     3.238     5.165     8.929    25.051
2262.001    196019         0    196035           0.260     0.990     1.713     2.554     3.185     4.997     8.544    21.381
2263.001    195957         0    195949           0.261     0.971     1.726     2.580     3.176     4.698     7.369    16.294
2264.001    196015         0    196027           0.258     1.044     1.783     2.583     3.178     5.014     9.748    34.144
2265.001    195994         0    195968           0.266     1.148     1.894     2.845     3.662     6.140    10.256    20.431
2266.001    196014         0    196023           0.256     1.171     1.953     3.074     4.129     7.496    12.501    24.904
2267.001    196005         0    196016           0.278     1.104     1.921     2.775     3.377     4.895     7.459    17.138
2268.001    195946         0    195939           0.275     1.022     1.854     2.710     3.312     4.846     7.090    13.066
2269.001    195989         0    195984           0.254     1.174     2.049     2.970     3.658     5.333     8.196    14.696
2270.001    195991         0    195979           0.265     1.132     2.122     3.346     4.739     9.003    15.466    26.788
2271.001    195998         0    196029           0.264     1.141     1.972     3.064     4.149     8.208    16.425    44.138
2272.001    196080         0    196043           0.282     1.012     1.743     2.605     3.320     7.025    19.677    63.537
2273.001    196044         0    196079           0.261     0.927     1.617     2.384     2.922     4.317     7.238    20.939
2274.001    195998         0    195984           0.258     0.946     1.698     2.572     3.178     4.702     7.234    12.739
2275.001    195975         0    195986           0.256     0.894     1.586     2.497     3.054     4.461     6.762    24.560
2276.001    195990         0    195990           0.258     0.986     1.732     2.568     3.109     4.456     6.402    10.101
2277.001    196037         0    196030           0.264     1.015     1.704     2.535     3.174     5.022     8.700    14.942
2278.001    195989         0    195990           0.259     0.903     1.572     2.341     2.871     4.147     6.009     9.863
2279.001    195996         0    196009           0.255     0.966     1.667     2.439     2.968     4.293     6.087    10.469
2280.001    195999         0    195987           0.252     0.954     1.640     2.384     2.914     4.182     5.960     9.986
2281.001    195943         0    195929           0.249     1.029     1.788     2.636     3.215     4.661     7.008    12.026
2282.001    196038         0    196047           0.267     1.128     1.890     2.697     3.267     4.653     6.488     9.888
2283.001    195956         0    195978           0.251     1.047     1.768     2.595     3.189     4.641     7.078    14.574
2284.001    196075         0    196054           0.272     1.002     1.799     2.613     3.162     4.534     6.668    11.919
2285.001    195932         0    195929           0.270     1.318     2.267     3.754     5.693    10.887    16.499    27.673
2286.001    196013         0    196016           0.263     1.311     2.124     3.148     3.932     5.878     8.675    17.433
2287.001    195841         0    195843           0.267     1.293     2.279     4.125     6.279    11.960    18.416    26.198
2288.001    195912         0    195911           0.259     1.459     2.402     5.874     7.946    14.107    21.594    41.550
2289.001    196035         0    196032           0.276     1.442     2.519     5.882     8.208    14.565    21.676    33.948
2290.001    196061         0    196062           0.268     1.423     2.566     5.517     7.791    14.320    21.545    38.339
2291.001    196138         0    196134           0.260     1.240     2.189     4.178     7.283    14.041    21.578    33.063
2292.001    195881         0    195894           0.283     1.427     2.630     4.903     7.094    12.665    22.397    46.924
2293.001    196161         0    196169           0.261     1.042     1.793     2.691     3.482     6.119    11.608    24.789
2294.001    195990         0    195981           0.254     0.952     1.658     2.462     3.101     5.018     8.921    18.596
2295.001    196020         0    196025           0.266     1.076     1.795     2.646     3.369     5.562    14.549    38.765
2296.001    195974         0    195969           0.252     1.069     1.834     2.652     3.246     5.067    11.485    30.065
2297.001    195993         0    195971           0.270     0.982     1.739     2.529     3.064     4.461     8.569    47.284
2298.001    196005         0    196038           0.278     1.011     1.751     2.521     3.074     4.551     9.249    37.356
2299.001    196052         0    196032           0.259     0.948     1.705     2.480     2.996     4.362     7.254    30.704
2300.001    196003         0    196015           0.243     0.930     1.666     2.396     2.888     4.104     5.796    13.140
2301.001    196014         0    195993           0.267     0.926     1.653     2.390     2.910     4.227     6.959    17.613
2302.001    196000         0    196022           0.255     0.968     1.724     2.480     2.988     4.231     6.124    18.694
2303.001    195988         0    195971           0.264     1.113     1.866     2.697     3.348     5.517    10.805    22.168
2304.001    196013         0    196014           0.264     0.950     1.710     2.490     3.006     4.342     6.586    18.448
2305.001    195994         0    196005           0.248     1.007     1.754     2.535     3.084     4.575     7.414    20.382
2306.001    196014         0    195997           0.268     0.991     1.701     2.408     2.912     4.182     6.054    14.868
2307.001    195981         0    195994           0.257     0.967     1.698     2.410     2.904     4.137     6.050    17.121
2308.001    195959         0    195963           0.257     1.024     1.827     2.730     3.480     6.402    17.187    61.637
2309.001    196039         0    196040           0.265     0.998     1.824     2.617     3.142     4.465     6.263    11.207
2310.001    195979         0    195979           0.272     0.958     1.791     2.599     3.113     4.411     6.197     9.945
2311.001    195997         0    195997           0.272     1.225     2.083     3.166     4.219     8.356    17.138    32.522
2312.001    196044         0    196036           0.252     0.992     1.792     2.613     3.213     4.841     8.323    16.843
2313.001    195997         0    195985           0.270     0.957     1.714     2.466     2.984     4.305     6.525    10.387
2314.001    195996         0    196020           0.266     1.030     1.765     2.562     3.170     5.161    14.475    63.308
2315.001    195988         0    195981           0.276     1.087     1.815     2.572     3.131     4.575     7.139    14.336
2316.001    196005         0    195992           0.271     0.974     1.732     2.462     2.974     4.235     6.386    13.476
2317.001    196021         0    196029           0.271     0.984     1.756     2.523     3.029     4.284     6.050    10.437
2318.001    196001         0    196004           0.267     1.057     1.897     2.738     3.361     4.940     7.512    15.819
2319.001    195973         0    195968           0.272     1.025     1.792     2.574     3.131     4.551     6.844    13.033
2320.001    195958         0    195975           0.271     1.242     2.054     3.314     5.030    11.305    21.316    41.648
2321.001    196038         0    196030           0.266     1.070     1.839     2.585     3.105     4.415     6.570    11.035
2322.001    195950         0    195945           0.260     1.092     1.905     2.775     3.453     5.292    10.035    43.319
2323.001    196029         0    196040           0.277     1.201     1.963     2.855     3.604     5.566     8.987    18.055
2324.001    196007         0    195999           0.265     1.063     1.884     2.705     3.308     4.796     7.307    13.009
2325.001    196009         0    196024           0.284     1.176     2.066     2.994     3.783     6.140     9.388    21.004
2326.001    195936         0    195928           0.265     1.129     2.012     2.886     3.572     5.579     9.626    23.183
2327.001    196118         0    196118           0.257     1.035     1.972     3.031     3.807     5.878     9.290    22.118
2328.001    195936         0    195941           0.247     0.957     1.665     2.681     3.584     5.997     9.503    20.447
2329.001    196046         0    196037           0.276     0.927     1.620     2.531     3.293     5.304     8.978    18.219
2330.001    195994         0    195997           0.252     0.949     1.654     2.468     3.031     4.432     6.730    13.165
2331.001    196009         0    195999           0.264     1.109     1.807     2.578     3.160     4.731     8.020    17.433
2332.001    196031         0    196036           0.258     1.014     1.790     2.556     3.062     4.309     6.136    13.230
2333.001    196000         0    196009           0.249     0.951     1.705     2.454     2.951     4.198     5.988    10.756
2334.001    196009         0    195980           0.254     0.997     1.670     2.316     2.812     4.096     6.296    10.830
2335.001    196018         0    196029           0.258     1.038     1.738     2.441     2.978     4.329     6.365    11.780
2336.001    195915         0    195926           0.244     1.065     1.796     2.572     3.228     5.730    12.403    30.966
2337.001    196057         0    196051           0.261     1.181     1.906     2.712     3.394     5.632    11.411    24.281
2338.001    195947         0    195966           0.266     1.020     1.802     2.552     3.066     4.325     6.124    11.321
2339.001    196028         0    196027           0.254     1.097     1.855     2.632     3.265     6.111    14.451    31.130
2340.001    195974         0    195970           0.259     0.976     1.720     2.419     2.953     4.514     9.601    32.899
2341.001    196075         0    196057           0.266     0.909     1.669     2.394     2.908     4.329     8.032    35.750
2342.001    195957         0    195967           0.271     0.906     1.645     2.386     2.918     4.436     9.290    29.344
2343.001    195946         0    195961           0.258     0.864     1.485     2.308     3.072     6.132    13.689    31.670
2344.001    195937         0    195913           0.250     0.850     1.455     2.574     4.276    10.232    22.381    55.804
2345.001    196125         0    196138           0.237     0.981     1.737     2.951     4.424     9.568    19.612    46.924
2346.001    196030         0    196010           0.261     0.984     1.786     2.644     3.301     5.079     8.585    21.709
2347.001    196009         0    196025           0.263     0.956     1.700     2.431     2.935     4.223     6.156     9.830
2348.001    195920         0    195897           0.276     0.929     1.762     2.626     3.215     4.780     7.721    21.971
2349.001    195946         0    195972           0.270     0.911     1.764     2.726     3.471     6.263    16.122    46.825
2350.001    196098         0    196098           0.255     0.955     1.782     2.855     4.280    10.969    24.953    75.432
2351.001    196023         0    195992           0.259     0.918     1.721     2.664     3.391     5.771    10.682    27.230
2352.001    196005         0    196031           0.254     0.968     1.834     2.822     3.531     5.337     8.331    16.482
2353.001    196006         0    195985           0.264     1.037     1.955     2.974     3.705     5.587     8.782    18.694
2354.001    195973         0    195969           0.260     1.005     1.913     2.869     3.537     5.267     8.184    14.811
2355.001    196046         0    196051           0.270     0.990     1.828     2.660     3.234     4.747     7.098    13.525
2356.001    195940         0    195953           0.265     0.957     1.732     2.497     3.086     5.374    14.164    42.074
2357.001    196077         0    196060           0.278     1.007     1.744     2.425     2.906     4.104     5.874    20.988
2358.001    195871         0    195908           0.265     1.075     1.814     2.550     3.152     4.821     8.270    18.891
2359.001    196087         0    196072           0.248     1.145     1.870     2.750     3.629     6.164    11.051    22.004
2360.001    196042         0    196035           0.253     0.954     1.743     2.519     3.095     4.837    12.575    36.241
2361.001    195972         0    195989           0.255     0.846     1.512     2.243     2.812     4.411     8.339    20.152
2362.001    196037         0    196019           0.261     0.851     1.489     2.114     2.589     3.893     7.422    22.643
2363.001    196010         0    196009           0.260     0.871     1.526     2.150     2.626     3.764     5.526     9.880
2364.001    195949         0    195961           0.251     0.950     1.650     2.382     2.922     4.264     6.402    12.083
2365.001    195951         0    195960           0.260     0.969     1.689     2.521     3.144     4.739     7.184    13.025
2366.001    196059         0    196049           0.278     1.091     1.860     2.644     3.201     4.575     6.554    11.141
2367.001    195999         0    196001           0.271     1.020     1.843     2.677     3.297     5.251     9.798    22.217
2368.001    195975         0    195956           0.262     0.933     1.727     2.548     3.095     4.559     7.164    20.005
2369.001    195957         0    195982           0.277     1.207     2.212     3.484     4.489     6.762    10.592    18.792
2370.001    196039         0    196039           0.276     1.086     1.886     2.703     3.305     4.993     7.913    15.155
2371.001    196028         0    196026           0.254     1.100     1.816     2.537     3.039     4.366     6.431    14.811
2372.001    195976         0    195963           0.256     0.993     1.763     2.478     2.974     4.252     6.193    12.206
2373.001    196036         0    196041           0.266     1.058     1.876     2.677     3.232     4.624     6.836    13.394
2374.001    196031         0    196025           0.228     0.964     1.759     2.507     3.006     4.239     6.046     9.552
2375.001    195962         0    195974           0.267     0.930     1.762     2.542     3.054     4.325     6.230     9.601
2376.001    196041         0    196034           0.257     0.918     1.749     2.527     3.031     4.354     6.304    10.002
2377.001    195949         0    195948           0.254     0.896     1.708     2.494     3.011     4.350     6.599    17.285
2378.001    196052         0    196051           0.250     0.925     1.704     2.437     2.929     4.194     6.074    11.674
2379.001    195998         0    195993           0.271     1.080     1.807     2.554     3.123     4.768     8.086    20.529
2380.001    195932         0    195953           0.257     0.930     1.770     2.630     3.281     5.820    15.892    51.216
2381.001    196051         0    196038           0.256     1.087     1.859     2.666     3.250     4.788     7.381    14.287
2382.001    196018         0    196010           0.268     1.038     1.853     2.660     3.250     4.809     7.508    14.230
2383.001    195962         0    195962           0.266     1.045     1.904     2.703     3.283     4.755     7.119    13.418
2384.001    196028         0    196037           0.259     0.976     1.832     2.623     3.125     4.411     6.324    10.805
2385.001    195884         0    195887           0.266     0.984     1.872     2.701     3.287     4.874     7.348    12.321
2386.001    196032         0    196032           0.258     1.027     1.953     2.798     3.410     5.165     8.962    20.267
2387.001    196043         0    196038           0.255     1.036     1.919     2.759     3.377     5.329    10.854    29.393
2388.001    195959         0    195957           0.270     1.070     1.927     2.763     3.371     4.956     7.496    14.746
2389.001    196000         0    195991           0.266     1.011     1.830     2.617     3.181     4.702     7.369    15.966
2390.001    196019         0    196032           0.259     1.033     1.820     2.580     3.138     4.530     6.672    12.460
2391.001    196024         0    196020           0.264     1.067     1.836     2.623     3.207     4.653     6.803    11.747
2392.001    196032         0    196035           0.274     0.948     1.749     2.519     3.090     4.841     9.191    21.103
2393.001    196052         0    196060           0.261     1.021     1.758     2.494     3.019     4.375     6.578    11.624
2394.001    195977         0    195975           0.259     0.855     1.621     2.499     3.068     4.502     6.791    13.943
2395.001    196031         0    196008           0.266     0.865     1.596     2.376     2.873     4.086     5.890     9.953
2396.001    195952         0    195963           0.255     1.148     1.928     2.779     3.469     5.988    11.944    29.213
2397.001    196010         0    196034           0.252     0.958     1.791     2.558     3.054     4.338     6.214    10.953
2398.001    195897         0    195888           0.267     0.922     1.718     2.449     2.937     4.147     6.013    11.731
2399.001    196102         0    196091           0.265     0.994     1.799     2.548     3.049     4.284     6.095    10.289
2400.001    195876         0    195887           0.268     1.042     1.846     2.818     4.174     7.025    12.820    22.643
2401.001    196155         0    196153           0.264     1.168     1.987     3.078     4.583     7.614    12.034    22.184
2402.001    195980         0    195967           0.252     0.962     1.744     2.515     3.033     4.342     6.337    11.231
2403.001    196033         0    196026           0.250     1.138     1.934     2.814     3.564     6.681    13.967    29.688
2404.001    195968         0    195992           0.261     0.982     1.766     2.552     3.086     4.510     6.693    10.674
2405.001    196035         0    196020           0.254     0.948     1.763     2.529     3.009     4.215     6.005     9.576
2406.001    195933         0    195931           0.248     0.979     1.811     2.632     3.213     4.809     8.405    23.249
2407.001    196049         0    196071           0.239     0.912     1.637     2.423     3.037     4.923     9.388    19.530
2408.001    195995         0    195979           0.247     0.889     1.558     2.275     2.761     3.924     5.829     9.544
2409.001    195970         0    195978           0.255     0.958     1.609     2.312     2.800     4.041     6.521    29.295
2410.001    196035         0    196025           0.261     0.933     1.637     2.353     2.845     4.073     5.833     9.994
2411.001    196014         0    196010           0.238     0.864     1.614     2.372     2.853     4.039     5.779     9.511
2412.001    196007         0    196014           0.255     0.848     1.550     2.329     2.820     4.061     5.767     9.699
2413.001    195951         0    195941           0.249     0.796     1.348     2.218     2.726     3.965     5.743     8.888
2414.001    196031         0    196041           0.253     0.835     1.492     2.370     2.908     4.297     6.562    12.902
2415.001    196006         0    196019           0.243     0.963     1.736     2.593     3.181     4.755     7.512    18.514
2416.001    195937         0    195926           0.257     0.904     1.667     2.546     3.166     4.952     8.126    16.564
2417.001    196015         0    196014           0.252     1.153     2.049     3.252     4.301     7.107    11.747    22.462
2418.001    195937         0    195928           0.263     1.232     2.310     3.582     4.542     7.250    11.813    26.690
2419.001    196086         0    196099           0.259     1.161     2.189     3.547     4.809     8.479    15.393    33.751
2420.001    196044         0    196031           0.272     1.052     1.903     2.703     3.293     4.887     7.070    12.714
2421.001    195965         0    195969           0.263     1.046     1.978     3.095     4.067     6.722    11.461    34.341
2422.001    196002         0    196018           0.263     1.039     1.882     2.617     3.148     4.493     6.566    13.296
2423.001    196008         0    196005           0.265     1.066     1.960     2.793     3.424     5.280     9.806    31.031
2424.001    196003         0    195996           0.274     1.011     1.791     2.503     3.041     4.538     7.877    21.479
2425.001    196032         0    196020           0.269     0.974     1.763     2.494     2.998     4.284     6.238    13.083
2426.001    195971         0    195980           0.255     0.872     1.625     2.439     2.978     4.329     6.484    17.695
2427.001    196051         0    196052           0.256     0.825     1.444     2.310     2.816     4.086     5.898     9.855
2428.001    195979         0    195983           0.248     0.809     1.374     2.251     2.761     3.973     5.849     9.175
2429.001    196032         0    196010           0.253     0.931     1.612     2.343     2.847     4.073     5.894    10.256
2430.001    195916         0    195944           0.251     0.947     1.666     2.486     3.144     5.276     9.839    21.135
2431.001    196034         0    196041           0.259     0.842     1.527     2.353     2.855     4.090     5.874    10.207
2432.001    196038         0    196026           0.247     0.942     1.682     2.531     3.131     4.600     7.303    13.361
2433.001    195904         0    195914           0.261     0.851     1.539     2.314     2.806     4.000     5.702     9.912
2434.001    196127         0    196096           0.252     0.834     1.374     2.022     2.460     3.549     5.329    10.052
2435.001    195976         0    196007           0.252     0.809     1.328     1.970     2.400     3.412     5.018     8.229
2436.001    195977         0    195964           0.247     0.794     1.282     1.927     2.349     3.361     5.022    10.658
2437.001    196015         0    196010           0.238     0.819     1.421     2.146     2.642     3.789     5.509     8.479
2438.001    195975         0    195982           0.252     0.900     1.556     2.263     2.859     6.754    14.279    30.589
2439.001    196038         0    196038           0.273     0.894     1.614     2.324     2.824     4.020     5.878     9.224
2440.001    195936         0    195939           0.249     0.865     1.629     2.380     2.890     4.090     5.898     9.724
2441.001    196018         0    196025           0.255     0.963     1.744     2.482     3.090     5.960    12.714    30.474
2442.001    196023         0    196002           0.249     0.912     1.762     2.490     2.978     4.219     6.033    11.321
2443.001    195951         0    195967           0.256     0.912     1.709     2.408     2.888     4.098     5.923     9.396
2444.001    195999         0    195990           0.266     0.897     1.681     2.431     2.896     4.104     5.972    11.567
2445.001    196045         0    196053           0.255     0.881     1.640     2.349     2.806     3.938     5.755     9.765
2446.001    195936         0    195940           0.260     0.931     1.720     2.472     3.101     6.427    12.681    26.329
2447.001    196082         0    196074           0.250     0.958     1.743     2.470     3.006     4.784    10.019    26.345
2448.001    195957         0    195971           0.260     0.934     1.705     2.382     2.869     4.121     6.623    23.085
2449.001    196005         0    195995           0.258     0.925     1.738     2.468     2.943     4.155     6.152    11.010
2450.001    195990         0    196000           0.257     0.895     1.774     2.566     3.035     4.248     6.087    10.985
2451.001    196060         0    196038           0.247     0.883     1.695     2.521     3.021     4.293     6.160    10.756
2452.001    195977         0    195990           0.263     1.019     1.831     2.646     3.291     6.337    13.009    30.015
2453.001    196040         0    196037           0.270     0.951     1.694     2.449     2.990     4.444     6.881    14.426
2454.001    195968         0    195966           0.253     0.957     1.700     2.488     3.068     4.559     7.123    13.410
2455.001    196003         0    195995           0.252     1.021     1.710     2.507     3.195     5.050     8.163    16.278
2456.001    195920         0    195925           0.257     1.091     1.874     3.068     4.542     7.848    14.148    28.721
2457.001    196096         0    196106           0.236     1.008     1.940     3.230     4.510     7.016    12.239    34.603
2458.001    196023         0    196017           0.267     1.060     1.909     2.744     3.353     4.882     7.471    16.925
2459.001    195927         0    195924           0.258     0.936     1.761     2.785     3.697     9.847    25.706    80.413
2460.001    196023         0    196012           0.252     0.890     1.583     2.501     3.193     5.083     8.503    18.416
2461.001    196036         0    196033           0.256     0.931     1.666     2.474     3.066     4.796     8.593    21.873
2462.001    195988         0    195991           0.264     0.856     1.554     2.384     2.871     4.143     6.115    12.345
2463.001    196038         0    196065           0.258     0.826     1.369     2.214     2.730     3.990     5.951    10.764
2464.001    196007         0    195981           0.235     0.799     1.307     2.210     2.732     4.008     5.923     9.699
2465.001    195990         0    196010           0.254     0.798     1.298     2.349     3.047     5.198     9.560    18.055
2466.001    195976         0    195980           0.259     0.809     1.419     2.396     2.961     4.530     7.737    21.725
2467.001    196017         0    196016           0.239     0.781     1.336     2.316     2.828     4.071     5.997     9.150
2468.001    196038         0    196019           0.248     0.771     1.229     1.963     2.413     3.498     5.173     8.856
2469.001    196032         0    196018           0.257     0.837     1.426     2.120     2.595     3.748     5.927    31.408
2470.001    195977         0    196006           0.254     0.757     1.188     1.943     2.408     3.514     5.276     9.134
2471.001    195930         0    195939           0.244     0.816     1.364     2.082     2.587     3.770     5.513     8.692
2472.001    196013         0    196001           0.256     0.890     1.604     2.351     2.853     4.026     5.878    13.345
2473.001    196035         0    196022           0.255     0.879     1.566     2.281     2.789     4.045     6.238    13.296
2474.001    195971         0    195974           0.260     0.849     1.561     2.331     2.814     4.020     5.738     9.527
2475.001    195981         0    195998           0.244     0.898     1.553     2.417     3.064     4.923     8.348    15.892
2476.001    195931         0    195926           0.253     1.034     1.879     3.383     5.620     8.311    14.770    30.523
2477.001    196074         0    196075           0.259     1.041     2.030     3.686     5.427     8.552    14.696    28.606
2478.001    195937         0    195949           0.261     1.018     1.848     3.258     4.850     7.655    12.829    23.101
2479.001    195953         0    195931           0.261     1.202     2.017     2.992     3.793     5.906     8.929    20.791
2480.001    196075         0    196098           0.259     1.129     1.982     3.054     4.080     6.390    10.355    22.807
2481.001    195974         0    195962           0.277     1.061     1.877     3.211     5.566     7.881    13.156    25.559
2482.001    196108         0    196105           0.269     1.050     1.884     3.000     4.596     6.771    11.805    23.429
2483.001    195988         0    195996           0.263     0.908     1.625     2.367     2.853     4.030     5.698    11.518
2484.002    195983         0    195948           0.257     0.918     1.659     2.447     3.006     4.571     6.963    16.515
2485.001    196024         0    196042           0.268     1.057     1.784     2.511     2.994     4.243     6.074    14.508
2486.001    196017         0    196004           0.259     1.030     1.869     2.728     3.537     7.447    13.967    31.654
2487.001    195949         0    195969           0.256     0.933     1.775     2.503     2.984     4.202     6.091    13.017
2488.001    196010         0    196001           0.256     0.990     1.802     2.490     2.961     4.131     5.870    12.812
2489.001    195908         0    195894           0.270     1.273     2.140     3.422     4.985     9.658    18.547    35.422
2490.001    196008         0    196034           0.251     1.236     2.273     4.020     5.607     8.774    14.074    25.756
2491.001    196009         0    195989           0.283     1.234     2.177     3.557     5.386     8.790    14.705    26.182
2492.001    196068         0    196097           0.275     1.204     2.004     2.941     4.037     7.385    13.369    28.049
2493.001    195995         0    195988           0.278     1.074     1.807     2.499     3.060     5.763     8.528    13.959
2494.001    195996         0    195992           0.274     1.125     1.949     3.125     4.727     8.294    14.598    37.716
2495.001    195970         0    195962           0.260     0.957     1.725     3.371     5.517     9.404    18.956    56.099
2496.001    195894         0    195905           0.260     0.936     1.820     3.387     5.362    13.369    32.326    93.192
2497.001    196161         0    196157           0.234     0.794     1.338     2.417     3.844    14.574    42.140    95.814
2498.001    195985         0    195978           0.272     0.914     1.626     2.562     3.408     6.463    12.657    30.671
2499.001    196098         0    196090           0.249     0.870     1.676     2.535     3.164     5.120     9.437    21.332
2500.001    195964         0    195954           0.267     0.992     1.808     2.615     3.178     4.669     7.303    19.251
2501.001    195932         0    195961           0.255     0.908     1.810     2.849     3.854    10.093    22.921    60.097
2502.001    195966         0    195957           0.263     0.951     1.925     2.812     3.521     5.472     9.036    19.202
2503.001    196045         0    196043           0.260     0.978     1.909     2.755     3.394     5.157     8.327    19.808
2504.001    196011         0    196022           0.250     0.877     1.841     2.851     3.820     7.619    16.400    42.762
2505.001    196043         0    196038           0.267     0.908     1.796     2.617     3.217     4.911     8.610    22.315
2506.001    195980         0    195990           0.248     0.942     1.905     2.882     3.705     6.103    10.232    20.349
2507.001    195946         0    195917           0.253     0.881     1.828     2.656     3.258     5.456    13.631    37.388
2508.001    196068         0    196097           0.266     0.904     1.770     2.537     3.078     4.641     8.806    31.162
2509.001    196017         0    196002           0.262     0.914     1.709     2.370     2.863     4.114     6.136    12.394
2510.001    196010         0    196008           0.270     0.928     1.701     2.355     2.812     4.061     6.672    19.350
2511.001    195963         0    195985           0.257     0.925     1.707     2.355     2.808     3.928     5.755    10.117
2512.001    196024         0    196012           0.239     0.910     1.695     2.361     2.818     3.983     5.812     9.224
2513.001    196012         0    195979           0.257     1.001     1.789     2.497     2.998     4.276     6.304    13.115
2514.001    195940         0    195977           0.268     0.950     1.801     2.540     3.031     4.239     6.070    10.977
2515.001    196018         0    196009           0.243     0.995     1.841     2.587     3.117     4.579     7.062    15.401
2516.001    196036         0    196034           0.249     1.039     1.928     2.759     3.441     5.501     9.380    19.743
2517.001    195981         0    195979           0.266     1.039     1.927     2.732     3.330     4.973     7.598    15.057
2518.001    195907         0    195919           0.264     1.081     1.962     2.875     3.625     5.706     9.626    20.267
2519.001    196114         0    196097           0.261     0.967     1.897     2.689     3.252     4.760     7.033    12.952
2520.001    195987         0    196004           0.265     1.013     1.911     2.662     3.178     4.469     6.353    10.551
2521.001    196025         0    196029           0.222     0.913     1.776     2.494     2.980     4.235     6.009    11.133
2522.001    195962         0    195938           0.259     0.945     1.810     2.542     3.043     4.264     6.214    12.206
2523.001    196021         0    196021           0.263     0.946     1.778     2.521     3.097     4.825     9.568    23.478
2524.001    195928         0    195942           0.260     0.943     1.793     2.527     3.047     4.432     7.352    17.154
2525.001    195919         0    195919           0.245     0.931     1.825     2.640     3.281     6.193    17.809    70.386
2526.001    196002         0    196013           0.260     0.861     1.885     3.097     4.563    11.035    23.658    60.490
2527.001    196107         0    196098           0.246     0.907     2.029     3.457     4.936     9.298    17.744    49.840
2528.001    195990         0    195970           0.268     0.957     2.065     4.030     7.229    16.097    30.671    94.503
2529.001    196005         0    196040           0.230     0.972     2.169     3.899     5.734    11.813    23.396    69.272
2530.001    195791         0    195771           0.252     0.872     2.372     5.255     7.746    14.582    27.607    71.565
2531.001    196124         0    196131           0.237     0.843     2.707     6.644     9.486    16.941    30.622    68.289
2532.001    195874         0    195878           0.262     0.833     2.521     6.742    10.568    20.972    41.648    92.209
2533.001    195994         0    195980           0.266     0.864     2.736     7.115    10.928    22.249    45.646   135.791
2534.001    195988         0    195991           0.242     0.858     2.716     7.377    11.829    25.051    53.936   151.519
2535.001    195885         0    195890           0.253     0.855     3.434     8.937    13.763    27.820    59.834   109.773
2536.001    196175         0    196164           0.262     0.850     3.146     7.815    11.510    21.365    39.944    96.076
2537.001    196052         0    196047           0.255     0.885     2.249     5.054     8.102    19.087    46.957   117.113
2538.001    196000         0    196008           0.259     0.863     2.120     5.067     9.314    26.722    59.900   141.689
2539.001    196172         0    196176           0.266     0.947     2.122     3.840     5.526    11.330    27.394   111.542
2540.001    196023         0    196012           0.273     1.086     1.882     2.728     3.478     5.284     7.422    12.042
2541.002    195917         0    195933           0.282     1.066     1.837     2.648     3.506     5.759     8.593    19.448
2542.001    196056         0    196049           0.272     1.067     1.911     2.990     4.192     6.300    10.461    23.658
2543.001    195993         0    195995           0.246     1.043     1.800     2.585     3.410     5.501     7.999    15.376
2544.001    196038         0    196036           0.271     1.012     1.754     2.511     3.265     5.423     7.598    16.048
2545.001    195962         0    195951           0.263     1.053     1.806     2.648     3.494     5.448     7.737    18.498
2546.001    196023         0    196036           0.255     1.012     1.993     2.875     3.590     5.542     8.528    25.149
2547.001    196036         0    196044           0.257     0.995     1.891     2.707     3.297     5.399    12.190    34.472
2548.001    196018         0    196027           0.250     0.839     1.626     2.415     2.925     4.155     6.042     9.937
2549.001    196012         0    195984           0.251     0.826     1.457     2.124     2.585     3.740     5.579     9.535
2550.001    195982         0    195975           0.253     0.835     1.540     2.351     2.884     4.223     6.169    12.206
2551.001    195988         0    196019           0.242     0.911     1.633     2.388     2.937     4.334     6.447    15.090
2552.001    196033         0    196030           0.246     0.799     1.479     2.228     2.720     3.940     5.689     9.839
2553.001    195976         0    195946           0.228     0.837     1.520     2.314     2.841     4.211     6.124    16.269
2554.001    195920         0    195944           0.237     1.039     1.985     2.824     3.394     4.813     6.824    11.731
2555.001    196032         0    196025           0.261     0.997     2.051     2.849     3.394     4.739     6.590    11.764
2556.001    195953         0    195966           0.257     1.048     2.021     2.888     3.627     6.148    10.093    21.086
2557.001    195982         0    195981           0.264     1.142     2.070     3.205     5.558    12.239    22.168    60.490
2558.001    196123         0    196115           0.242     1.041     1.985     2.947     4.143    10.478    20.824    49.840
2559.001    195912         0    195911           0.262     1.010     2.079     3.297     4.567    11.231    29.409    87.032
2560.001    196032         0    196038           0.256     0.945     1.957     3.035     3.963     7.041    15.229    43.352
2561.001    195956         0    195948           0.264     0.938     1.960     3.158     4.313     9.347    22.643    67.371
2562.001    196009         0    196002           0.258     1.026     2.022     3.330     4.579     8.294    16.638    41.943
2563.001    195915         0    195910           0.263     0.906     2.290     4.768     7.385    15.434    31.162    82.903
2564.001    196009         0    196021           0.264     0.914     1.887     3.398     5.718    12.575    25.182    94.437
2565.001    195970         0    195982           0.259     0.928     2.454     5.759     8.335    15.442    28.344    72.090
2566.001    195986         0    195962           0.248     0.949     2.869     6.332     8.790    15.737    29.786    75.104
2567.001    196025         0    196032           0.250     0.945     2.900     6.615     9.568    18.235    35.389    73.597
2568.001    196002         0    196015           0.232     0.910     3.185     7.172    10.863    22.659    44.597    95.093
2569.001    195730         0    195716           0.260     1.145     3.439     9.413    15.663    30.392    57.639   144.572
2570.001    196069         0    196076           0.269     1.066     2.638     8.831    14.795    29.262    55.869   100.729
2571.001    196244         0    196233           0.247     0.940     2.447     7.574    12.411    25.428    49.906   106.758
2572.001    195810         0    195838           0.262     0.988     2.382     7.619    12.640    25.231    50.692   111.608
2573.001    196152         0    196127           0.258     0.982     2.540     7.070    12.173    28.803    60.424   123.535
2574.001    195894         0    195917           0.254     0.877     2.404     5.112     8.708    22.987    49.971   121.700
2575.001    196105         0    196095           0.243     0.904     2.228     4.114     6.386    15.786    37.093   129.630
2576.001    196090         0    196102           0.275     0.930     2.080     3.631     5.505    12.009    26.345    68.682
2577.001    196041         0    196026           0.244     0.887     1.876     3.035     4.596    12.255    25.100    67.633
2578.001    195995         0    195989           0.257     0.972     1.929     3.080     4.588    12.657    26.903    73.859
2579.001    196077         0    196079           0.248     0.922     1.907     2.828     3.693     9.003    20.005    51.872
2580.001    195961         0    195954           0.243     0.913     1.921     2.687     3.197     4.502     6.291    10.863
2581.001    196014         0    196024           0.268     0.932     1.912     2.664     3.176     4.465     6.337    11.395
2582.001    196000         0    196001           0.260     0.929     1.939     2.683     3.183     4.469     6.312    10.379
2583.001    196047         0    196041           0.261     1.034     1.946     2.724     3.275     4.747     6.664    16.908
2584.001    195978         0    195994           0.275     1.032     1.864     2.599     3.140     4.526     6.607    11.870
2585.001    195963         0    195959           0.265     0.966     1.844     2.566     3.047     4.252     5.992    10.043
2586.001    196031         0    196036           0.251     0.904     1.808     2.535     3.015     4.172     5.865     9.658
2587.001    195978         0    195972           0.247     0.923     1.850     2.572     3.066     4.264     5.976     9.150
2588.001    195960         0    195963           0.248     0.949     1.844     2.556     3.054     4.280     6.267    14.582
2589.001    196112         0    196093           0.253     0.968     1.832     2.560     3.142     5.194    15.942    41.484
2590.001    195926         0    195929           0.268     1.082     1.960     2.873     3.678     6.365    11.477    23.347
2591.001    195983         0    196000           0.262     1.144     2.216     3.226     4.006     6.095     9.495    19.874
2592.001    196003         0    196003           0.262     0.988     2.032     2.996     3.817     6.349     9.994    25.084
2593.001    196019         0    195998           0.255     0.998     2.077     3.135     4.049     7.000    12.468    25.723
2594.001    196010         0    196030           0.254     0.955     2.010     3.119     4.008     6.349    10.355    26.984
2595.001    196023         0    196006           0.251     0.912     2.053     3.224     4.139     6.500    10.617    26.116
2596.001    195994         0    196016           0.256     0.924     2.013     2.961     3.670     5.587     9.085    16.163
2597.001    195998         0    195992           0.240     1.084     2.179     3.308     4.223     6.259     9.322    18.596
2598.001    195951         0    195959           0.232     0.930     2.036     3.414     4.837     9.388    17.072    37.749
2599.001    195996         0    195991           0.262     0.910     1.958     3.222     4.641     9.691    18.940    57.475
2600.001    195899         0    195902           0.253     0.935     2.134     3.840     6.050    12.583    23.249    50.856
2601.001    196068         0    196048           0.256     0.910     2.072     3.668     5.243    10.813    22.299    65.044
2602.001    196063         0    196087           0.245     0.865     1.873     3.412     5.321    11.002    20.677    52.560
2603.001    195923         0    195917           0.263     0.962     2.038     3.453     4.825    10.306    22.970    68.485
2604.001    196111         0    196110           0.248     0.967     2.080     3.721     5.280     9.396    16.941    42.369
2605.001    196027         0    196019           0.259     0.893     1.881     2.654     3.181     4.682     7.766    19.595
2606.001    195933         0    195953           0.264     0.950     1.793     2.562     3.215     6.910    19.595    57.803
2607.001    196060         0    196045           0.258     0.928     1.811     2.623     3.246     6.058    14.606    39.584
2608.001    195932         0    195924           0.246     0.935     1.913     2.730     3.293     4.837     7.520    20.595
2609.001    195913         0    195909           0.259     1.036     2.200     3.781     5.263     9.159    15.237    35.946
2610.001    196104         0    196095           0.249     1.007     1.948     3.185     4.514     9.396    20.005    53.182
2611.001    195985         0    195996           0.252     0.984     2.074     3.248     4.424     9.355    19.317    58.130
2612.001    196005         0    196018           0.249     0.926     2.022     3.181     4.268     8.032    15.688    48.464
2613.001    196036         0    196031           0.238     0.921     1.913     2.810     3.580     6.201    11.108    30.163
2614.001    196043         0    196053           0.258     0.885     1.934     2.828     3.621     6.435    12.206    33.505
2615.001    195931         0    195929           0.255     0.954     1.822     2.607     3.158     4.719     9.028    39.846
2616.001    196038         0    196037           0.248     0.942     1.655     2.302     2.810     4.383     9.929    24.412
2617.001    196039         0    196040           0.249     0.908     1.653     2.296     2.765     3.959     6.205    25.887
2618.001    195987         0    195982           0.262     0.901     1.676     2.431     2.914     4.094     5.968    14.434
2619.001    195953         0    195941           0.246     0.966     1.943     2.722     3.244     4.588     6.750    17.285
2620.001    196073         0    196082           0.253     0.936     1.905     2.687     3.201     4.493     6.705    27.001
2621.001    195990         0    195986           0.255     0.973     1.837     2.583     3.107     4.465    12.468    30.261
2622.001    195964         0    195975           0.251     0.884     1.792     2.544     3.029     4.264     6.062     9.650
2623.001    196075         0    196061           0.248     0.855     1.668     2.398     2.898     4.090     5.906     9.765
2624.001    195991         0    195998           0.244     0.793     1.484     2.255     2.740     3.897     5.485    10.453
2625.001    195983         0    195989           0.241     0.800     1.531     2.378     2.879     4.084     5.861     9.486
2626.001    196035         0    196024           0.248     0.766     1.304     2.126     2.615     3.740     5.403     8.757
2627.001    196029         0    196026           0.246     0.761     1.263     2.092     2.585     3.713     5.468    10.969
2628.001    195968         0    195982           0.245     0.755     1.235     2.089     2.564     3.672     5.407    11.559
2629.001    195996         0    195998           0.251     0.754     1.169     2.043     2.562     3.760     5.620    10.346
2630.001    196051         0    196040           0.238     0.733     1.069     1.840     2.355     3.457     5.235     9.363
2631.001    195989         0    195999           0.249     0.734     1.065     1.767     2.257     3.328     5.218    10.224
2632.001    196006         0    195986           0.247     0.756     1.134     1.849     2.324     3.439     5.317     8.651
2633.001    195984         0    196008           0.254     0.759     1.166     1.968     2.492     3.783     5.849     9.912
2634.001    196013         0    196003           0.235     0.735     1.043     1.580     2.033     3.158     5.140     8.692
2635.001    196013         0    196019           0.250     0.731     1.032     1.559     2.014     3.131     5.042     8.724
2636.001    196008         0    196002           0.251     0.729     1.030     1.588     2.044     3.181     5.161     8.131
2637.001    195977         0    195976           0.244     0.729     0.988     1.395     1.821     3.025     5.280     9.413
2638.001    196062         0    196051           0.239     0.708     0.933     1.256     1.538     2.519     4.678     7.754
2639.001    195968         0    195992           0.240     0.670     0.845     1.040     1.183     1.440     1.844     2.970
2640.001    196046         0    196013           0.251     0.681     0.873     1.117     1.290     1.693     2.300     5.296
2641.001    195988         0    196001           0.240     0.670     0.851     1.062     1.215     1.522     1.998     3.031
2642.001    195983         0    196000           0.252     0.666     0.842     1.046     1.195     1.490     1.970     3.176
2643.001    196031         0    196007           0.248     0.667     0.844     1.051     1.204     1.496     1.988     3.297
2644.001    195991         0    196002           0.246     0.663     0.838     1.042     1.196     1.488     1.959     3.439
2645.001    195985         0    195991           0.245     0.663     0.834     1.027     1.166     1.431     1.878     3.623
2646.001    196000         0    196008           0.246     0.668     0.842     1.040     1.187     1.476     1.938     3.086
2647.001    196018         0    196006           0.226     0.666     0.840     1.041     1.191     1.481     1.963     3.492
2648.001    195969         0    195983           0.244     0.672     0.850     1.065     1.226     1.551     2.041     3.000
2649.001    196032         0    196020           0.252     0.671     0.854     1.076     1.243     1.623     3.387    30.605
2650.001    196004         0    195993           0.246     0.663     0.839     1.044     1.202     1.511     2.031     3.959
2651.001    196016         0    196014           0.234     0.670     0.847     1.061     1.219     1.549     2.026     3.510
2652.001    196019         0    195991           0.247     0.660     0.835     1.039     1.192     1.496     1.975     2.916
2653.001    195937         0    195991           0.246     0.672     0.857     1.089     1.264     1.640     2.159     3.252
2654.001    196030         0    196004           0.228     0.666     0.845     1.059     1.222     1.560     2.026     3.422
2655.001    196000         0    196019           0.235     0.664     0.839     1.040     1.191     1.475     1.951     3.447
2656.002    195996         0    195990           0.247     0.665     0.844     1.061     1.222     1.553     2.078     3.789
2657.001    196020         0    196017           0.238     0.659     0.831     1.027     1.171     1.450     1.923     3.252
2658.001    195983         0    195993           0.234     0.659     0.830     1.031     1.182     1.470     1.930     2.966
2659.001    196002         0    195998           0.236     0.664     0.844     1.063     1.237     1.739     3.299     8.126
2660.001    196003         0    195990           0.239     0.666     0.841     1.042     1.195     1.516     2.634     5.935
2661.001    195991         0    196008           0.248     0.663     0.846     1.068     1.239     1.691     2.949     5.923
2662.001    196009         0    196002           0.248     0.665     0.845     1.062     1.231     1.598     2.550     5.730
2663.001    196003         0    196004           0.252     0.663     0.841     1.051     1.207     1.508     1.971     3.314
2664.001    196013         0    196010           0.238     0.676     0.863     1.107     1.283     1.640     2.142     3.381
2665.001    195998         0    195992           0.246     0.658     0.834     1.044     1.211     1.554     2.037     4.239
2666.001    196004         0    196000           0.240     0.668     0.847     1.065     1.231     1.564     2.081     3.482
2667.001    196009         0    196016           0.225     0.668     0.843     1.056     1.214     1.522     1.998     3.258
2668.001    195979         0    195981           0.243     0.659     0.831     1.034     1.197     1.518     2.007     3.217
2669.001    196029         0    196009           0.239     0.659     0.832     1.034     1.195     1.511     1.936     2.886
2670.001    195995         0    196009           0.243     0.660     0.830     1.035     1.194     1.500     1.948     2.830
2671.001    195977         0    195992           0.244     0.660     0.830     1.021     1.167     1.436     1.850     2.810
2672.001    196004         0    195998           0.237     0.659     0.829     1.027     1.178     1.467     1.914     2.652
2673.001    196018         0    196013           0.245     0.664     0.839     1.050     1.215     1.521     1.959     2.851
2674.001    195986         0    195998           0.234     0.658     0.829     1.033     1.195     1.510     1.994     3.545
2675.001    196037         0    196015           0.245     0.653     0.818     1.005     1.151     1.423     1.866     2.986
2676.001    195989         0    196004           0.235     0.650     0.814     0.999     1.143     1.405     1.827     2.806
2677.001    195992         0    195990           0.235     0.653     0.820     1.011     1.164     1.467     1.913     3.117
2678.001    195987         0    195991           0.238     0.661     0.831     1.030     1.182     1.485     1.930     3.441
2679.001    196035         0    196024           0.238     0.651     0.814     0.997     1.143     1.413     1.827     3.279
2680.001    195969         0    195977           0.243     0.665     0.844     1.063     1.231     1.563     2.019     3.346
2681.001    196021         0    196015           0.247     0.670     0.851     1.084     1.258     1.595     2.045     2.941
2682.001    196003         0    196004           0.237     0.659     0.833     1.040     1.200     1.507     1.926     3.588
2683.001    196009         0    196001           0.238     0.657     0.826     1.021     1.170     1.458     1.880     3.299
2684.001    195990         0    196007           0.235     0.661     0.843     1.080     1.275     1.783     3.004     7.098
2685.001    196017         0    196009           0.234     0.652     0.822     1.026     1.184     1.493     1.959     4.207
2686.001    195978         0    195980           0.242     0.658     0.842     1.080     1.269     1.729     2.931     7.762
2687.001    196010         0    196014           0.232     0.661     0.841     1.070     1.246     1.637     2.576     5.771
2688.001    195994         0    195989           0.246     0.657     0.833     1.045     1.212     1.532     1.979     4.045
2689.001    196000         0    195994           0.227     0.659     0.837     1.057     1.228     1.563     2.091     3.998
2690.001    196002         0    196007           0.237     0.653     0.819     1.014     1.172     1.480     1.872     3.361
2691.001    196025         0    196007           0.249     0.656     0.826     1.029     1.196     1.508     1.959     3.183
2692.001    195979         0    195998           0.224     0.647     0.808     0.993     1.137     1.412     1.880     3.750
2693.001    196017         0    196025           0.231     0.638     0.799     0.977     1.119     1.398     1.829     2.879
2694.001    195994         0    195992           0.236     0.647     0.810     0.996     1.145     1.434     1.867     2.781
2695.001    196011         0    195999           0.244     0.650     0.815     1.007     1.162     1.449     1.843     3.101
2696.001    195980         0    195989           0.230     0.649     0.817     1.017     1.181     1.508     1.959     3.195
2697.001    195992         0    196003           0.232     0.648     0.814     1.014     1.178     1.499     1.945     2.812
2698.001    196013         0    196011           0.245     0.649     0.814     1.010     1.168     1.486     1.957     2.994
2699.001    196008         0    196008           0.232     0.635     0.795     0.970     1.109     1.386     1.801     2.716
2700.001    196015         0    196001           0.237     0.643     0.806     0.991     1.145     1.438     1.845     2.884
2701.001    195988         0    195996           0.233     0.646     0.813     1.014     1.181     1.511     1.898     2.771
2702.001    195988         0    195989           0.240     0.651     0.818     1.019     1.185     1.514     1.940     2.966
2703.001    196014         0    196018           0.243     0.653     0.827     1.046     1.224     1.575     2.028     2.857
2704.001    196003         0    195982           0.247     0.649     0.814     1.009     1.174     1.481     1.895     2.660
2705.001    196021         0    196033           0.243     0.637     0.800     0.983     1.133     1.415     1.822     2.828
2706.001    196003         0    195996           0.235     0.644     0.805     0.988     1.139     1.436     1.850     2.757
2707.001    195979         0    195992           0.241     0.640     0.800     0.977     1.116     1.388     1.837     2.843
2708.001    196006         0    195979           0.232     0.653     0.824     1.037     1.213     1.540     1.983     3.289
2709.001    195987         0    196021           0.237     0.650     0.819     1.020     1.178     1.508     4.547    31.425
2710.001    196031         0    196005           0.243     0.645     0.810     1.006     1.170     1.586     2.845     5.444
2711.001    195978         0    195998           0.241     0.650     0.823     1.032     1.200     1.538     2.468     7.000
2712.001    195999         0    196004           0.230     0.647     0.819     1.031     1.207     1.564     2.243     4.514
2713.001    196004         0    195987           0.242     0.652     0.828     1.050     1.227     1.559     2.041     2.857
2714.001    195989         0    196002           0.242     0.644     0.811     1.011     1.179     1.521     2.070     3.944
2715.001    196009         0    196004           0.231     0.642     0.803     0.989     1.140     1.424     1.827     3.101
2716.001    196007         0    196019           0.244     0.641     0.798     0.974     1.118     1.397     1.781     2.816
2717.001    196045         0    196000           0.244     0.641     0.806     1.004     1.176     1.525     1.986     2.937
2718.001    195965         0    195996           0.242     0.641     0.801     0.984     1.142     1.458     1.857     3.582
2719.001    196006         0    195995           0.239     0.643     0.808     1.009     1.181     1.506     1.916     2.767
2720.001    195998         0    196014           0.222     0.637     0.794     0.971     1.116     1.407     1.815     2.513
2721.001    196006         0    195996           0.249     0.637     0.794     0.967     1.106     1.383     1.763     2.839
2722.001    195976         0    195990           0.235     0.644     0.805     0.993     1.157     1.460     1.861     3.224
2723.001    196020         0    196012           0.236     0.634     0.791     0.966     1.108     1.394     1.781     3.011
2724.001    196014         0    196003           0.242     0.637     0.792     0.958     1.090     1.356     1.748     2.671
2725.001    195979         0    195997           0.231     0.636     0.795     0.972     1.122     1.414     1.802     2.673
2726.001    196005         0    196003           0.230     0.640     0.799     0.985     1.150     1.459     1.842     3.031
2727.001    196024         0    196020           0.233     0.631     0.789     0.970     1.120     1.425     1.838     2.556
2728.001    195986         0    195974           0.249     0.643     0.808     1.018     1.202     1.528     1.901     2.820
2729.001    196027         0    196022           0.237     0.642     0.809     1.012     1.191     1.531     2.044     3.475
2730.001    195942         0    195957           0.253     0.639     0.802     0.990     1.148     1.450     1.879     3.252
2731.001    196042         0    196043           0.238     0.642     0.808     1.012     1.191     1.541     2.263     4.583
2732.001    195994         0    195995           0.223     0.632     0.790     0.966     1.109     1.409     1.833     2.658
2733.001    196033         0    196008           0.230     0.641     0.808     1.012     1.192     1.543     2.005     3.250
2734.001    195967         0    195988           0.231     0.634     0.800     0.998     1.164     1.533     2.290     3.885
2735.001    196006         0    196004           0.238     0.639     0.806     1.011     1.188     1.558     2.404     5.296
2736.001    196015         0    196015           0.248     0.635     0.796     0.980     1.135     1.431     1.831     3.072
2737.001    195986         0    196004           0.227     0.627     0.786     0.963     1.109     1.405     1.821     2.628
2738.001    196003         0    195989           0.222     0.629     0.787     0.963     1.104     1.390     1.830     2.779
2739.001    196027         0    196014           0.241     0.633     0.791     0.967     1.111     1.406     1.805     3.516
2740.001    195989         0    195993           0.243     0.638     0.796     0.973     1.120     1.403     1.804     2.669
2741.001    195997         0    196015           0.245     0.632     0.786     0.954     1.092     1.370     1.778     3.119
2742.001    195978         0    195981           0.244     0.630     0.785     0.952     1.086     1.355     1.716     2.656
2743.001    196015         0    196005           0.240     0.631     0.790     0.972     1.128     1.453     1.893     3.529
2744.001    196030         0    196017           0.239     0.636     0.796     0.978     1.137     1.447     1.824     2.492
2745.001    195968         0    195971           0.243     0.644     0.805     1.000     1.170     1.505     1.914     2.540
2746.001    196013         0    196020           0.240     0.641     0.800     0.987     1.149     1.460     1.858     2.789
2747.001    195987         0    195990           0.234     0.641     0.804     1.011     1.195     1.532     1.913     2.810
2748.001    196056         0    196021           0.232     0.633     0.793     0.977     1.145     1.470     1.864     2.544
2749.001    195981         0    195987           0.237     0.635     0.797     0.995     1.177     1.516     1.894     2.771
2750.001    195998         0    196019           0.234     0.626     0.782     0.957     1.105     1.424     1.834     2.922
2751.001    195971         0    195979           0.234     0.627     0.779     0.940     1.071     1.342     1.715     2.896
2752.001    196025         0    196020           0.238     0.635     0.797     0.988     1.158     1.487     1.901     2.861
2753.001    195992         0    195996           0.240     0.629     0.785     0.962     1.111     1.420     1.816     2.656
2754.001    196023         0    196022           0.231     0.624     0.775     0.935     1.066     1.338     1.717     2.490
2755.001    195965         0    195966           0.231     0.628     0.786     0.964     1.112     1.417     1.800     2.828
2756.001    196025         0    196013           0.239     0.629     0.786     0.963     1.112     1.416     1.831     2.636
2757.001    196020         0    196024           0.233     0.618     0.772     0.933     1.062     1.340     1.716     2.681
2758.001    195963         0    195976           0.233     0.625     0.779     0.950     1.092     1.385     1.756     2.507
2759.001    196026         0    196015           0.246     0.626     0.784     0.965     1.124     1.466     2.288     4.960
2760.001    195992         0    195995           0.233     0.626     0.783     0.957     1.103     1.400     1.786     3.181
2761.001    195996         0    196009           0.234     0.626     0.787     0.977     1.145     1.506     2.388     5.190
2762.001    196015         0    195987           0.244     0.635     0.797     0.991     1.165     1.513     2.386     5.919
2763.001    195992         0    196005           0.244     0.628     0.791     0.985     1.158     1.503     1.975     3.936
2764.001    196012         0    196013           0.236     0.624     0.780     0.952     1.099     1.403     1.784     2.472
2765.001    196009         0    195995           0.239     0.624     0.782     0.969     1.139     1.475     1.878     2.615
2766.001    195984         0    195998           0.237     0.626     0.783     0.961     1.118     1.439     1.842     2.556
2767.001    196001         0    196004           0.236     0.631     0.788     0.967     1.121     1.436     1.803     2.820
2768.001    195996         0    195984           0.243     0.632     0.792     0.979     1.146     1.462     1.878     3.103
2769.001    196021         0    196015           0.237     0.625     0.778     0.943     1.084     1.394     4.547    31.588
2770.001    196008         0    196026           0.241     0.618     0.770     0.930     1.064     1.348     1.722     2.697
2771.001    196001         0    195978           0.229     0.631     0.786     0.960     1.112     1.419     1.807     2.726
2772.001    195990         0    196010           0.237     0.632     0.791     0.975     1.143     1.471     1.862     2.824
2773.001    195992         0    196004           0.243     0.625     0.777     0.937     1.068     1.345     1.711     2.314
2774.001    196006         0    195999           0.243     0.624     0.776     0.942     1.078     1.377     1.804     2.671
2775.001    196014         0    196003           0.238     0.631     0.786     0.959     1.111     1.416     1.793     2.814
2776.001    196007         0    195998           0.235     0.627     0.779     0.944     1.077     1.361     1.757     2.865
2777.001    195990         0    196009           0.245     0.627     0.783     0.958     1.109     1.419     1.822     2.904
2778.001    195993         0    195988           0.232     0.629     0.790     0.976     1.142     1.469     1.863     2.875
2779.001    196010         0    196018           0.241     0.623     0.776     0.945     1.085     1.392     1.810     2.556
2780.001    196030         0    196001           0.237     0.625     0.783     0.962     1.120     1.447     1.919     2.816
2781.001    195964         0    195985           0.242     0.616     0.769     0.933     1.073     1.388     1.780     2.544
2782.001    196012         0    196015           0.227     0.628     0.788     0.979     1.151     1.502     1.931     2.748
2783.001    196006         0    195994           0.245     0.623     0.783     0.965     1.125     1.460     1.911     2.814
2784.001    195993         0    196006           0.239     0.636     0.801     1.009     1.195     1.540     2.003     3.273
2785.001    195995         0    195997           0.240     0.625     0.781     0.959     1.115     1.442     1.836     3.303
2786.001    196003         0    195998           0.235     0.630     0.792     0.982     1.153     1.502     2.398     5.325
2787.001    196002         0    196010           0.233     0.622     0.778     0.952     1.101     1.412     1.839     2.820
2788.001    196011         0    196016           0.238     0.624     0.779     0.947     1.091     1.382     1.783     2.873
2789.001    195992         0    195989           0.234     0.614     0.768     0.936     1.092     1.445     2.347     4.751
2790.001    196039         0    196007           0.234     0.618     0.769     0.925     1.050     1.317     1.649     2.865
2791.001    195970         0    196007           0.240     0.626     0.782     0.958     1.113     1.427     1.849     3.293
2792.001    196004         0    195994           0.236     0.616     0.763     0.916     1.036     1.297     1.610     2.494
2793.001    195976         0    195980           0.243     0.624     0.781     0.964     1.128     1.458     1.853     2.687
2794.001    196027         0    196025           0.233     0.624     0.780     0.959     1.125     1.452     1.883     2.925
2795.001    196040         0    196006           0.241     0.620     0.770     0.927     1.055     1.343     1.714     2.687
2796.001    195957         0    195991           0.238     0.625     0.781     0.958     1.124     1.453     1.833     2.570
2797.001    195983         0    195986           0.241     0.616     0.771     0.941     1.095     1.423     1.801     2.732
2798.001    196031         0    196035           0.233     0.619     0.772     0.938     1.087     1.397     1.788     2.701
2799.001    195998         0    195990           0.243     0.624     0.782     0.964     1.134     1.469     1.893     2.742
2800.001    196002         0    195996           0.231     0.626     0.779     0.948     1.092     1.407     1.849     2.427
2801.001    196016         0    196006           0.226     0.616     0.767     0.928     1.063     1.367     1.741     2.527
2802.001    195978         0    195977           0.241     0.619     0.770     0.931     1.068     1.364     1.739     2.470
2803.001    196008         0    196018           0.223     0.624     0.777     0.944     1.090     1.413     1.817     2.712
2804.001    195992         0    195998           0.213     0.620     0.773     0.940     1.085     1.390     1.747     2.556
2805.001    196016         0    196016           0.240     0.618     0.769     0.937     1.084     1.426     2.245     6.574
2806.001    195995         0    195999           0.232     0.614     0.766     0.933     1.081     1.406     1.804     2.679
2807.001    196000         0    195989           0.250     0.615     0.765     0.923     1.053     1.330     1.711     2.357
2808.001    196018         0    196011           0.244     0.615     0.764     0.915     1.030     1.288     1.636     3.213
2809.001    195997         0    196002           0.235     0.620     0.777     0.957     1.115     1.440     1.879     3.037
2810.001    196014         0    196002           0.238     0.613     0.763     0.922     1.058     1.361     1.730     2.607
2811.001    195962         0    195985           0.225     0.615     0.767     0.932     1.072     1.384     2.318     5.050
2812.001    196023         0    196018           0.234     0.625     0.784     0.970     1.144     1.485     1.864     2.626
2813.001    196003         0    196015           0.246     0.618     0.772     0.936     1.077     1.382     1.767     2.738
2814.001    196011         0    195988           0.237     0.619     0.772     0.942     1.094     1.437     2.216     4.653
2815.001    195991         0    196004           0.236     0.621     0.774     0.940     1.084     1.389     1.783     2.949
2816.001    196012         0    196014           0.238     0.625     0.779     0.958     1.114     1.440     1.824     2.658
2817.001    195989         0    195995           0.236     0.611     0.757     0.912     1.036     1.328     1.693     2.417
2818.001    196008         0    196005           0.243     0.615     0.765     0.925     1.064     1.362     1.740     2.746
2819.001    195979         0    195988           0.237     0.609     0.755     0.909     1.033     1.325     1.703     2.759
2820.001    195988         0    195987           0.234     0.608     0.754     0.909     1.030     1.329     1.691     2.773
2821.001    196039         0    196020           0.237     0.612     0.761     0.921     1.056     1.366     1.745     2.480
2822.001    195973         0    195994           0.244     0.610     0.759     0.924     1.065     1.381     1.727     2.697
2823.001    196010         0    195997           0.238     0.611     0.758     0.916     1.043     1.341     1.716     2.642
2824.001    196042         0    196018           0.241     0.618     0.773     0.947     1.106     1.438     1.819     2.812
2825.001    195957         0    195968           0.237     0.610     0.759     0.921     1.058     1.372     1.755     2.365
2826.001    196007         0    196021           0.232     0.609     0.757     0.915     1.046     1.357     1.756     2.515
2827.001    195989         0    195996           0.242     0.605     0.750     0.902     1.021     1.310     1.667     3.412
2828.001    196036         0    196023           0.228     0.611     0.762     0.928     1.078     1.413     1.812     2.779
2829.001    195980         0    195987           0.226     0.613     0.763     0.929     1.082     1.423     4.088    31.097
2830.001    196005         0    196009           0.235     0.614     0.766     0.934     1.090     1.422     1.824     2.761
2831.001    196001         0    195989           0.241     0.612     0.762     0.922     1.062     1.381     1.767     2.722
2832.001    195992         0    195999           0.247     0.620     0.776     0.955     1.124     1.473     1.911     2.867
2833.001    196021         0    196027           0.244     0.616     0.770     0.940     1.093     1.432     1.871     2.826
2834.001    196001         0    195991           0.241     0.616     0.771     0.946     1.107     1.457     2.257     4.915
2835.001    195978         0    195988           0.227     0.612     0.762     0.926     1.071     1.403     2.265     5.235
2836.001    196019         0    196011           0.230     0.612     0.763     0.931     1.080     1.410     2.084     4.002
2837.001    195997         0    195996           0.245     0.611     0.761     0.922     1.062     1.381     1.766     2.638
2838.001    195997         0    196009           0.244     0.616     0.767     0.932     1.073     1.388     1.763     2.793
2839.001    196036         0    196021           0.246     0.610     0.759     0.923     1.068     1.386     1.754     2.548
2840.001    195966         0    195980           0.238     0.608     0.756     0.915     1.041     1.337     1.696     2.503
2841.001    195999         0    195982           0.235     0.609     0.759     0.927     1.084     1.451     2.279     6.009
2842.001    196023         0    196028           0.240     0.611     0.758     0.919     1.054     1.366     1.787     3.514
2843.001    195994         0    195994           0.226     0.607     0.750     0.899     1.012     1.290     1.640     2.546
2844.001    195997         0    196009           0.238     0.609     0.760     0.924     1.069     1.401     1.798     2.851
2845.001    196021         0    196014           0.237     0.605     0.753     0.913     1.051     1.381     1.759     2.841
2846.001    195988         0    195988           0.238     0.606     0.753     0.913     1.049     1.377     1.740     3.316
2847.001    196016         0    196002           0.243     0.604     0.745     0.894     1.010     1.291     1.642     2.339
2848.001    195989         0    196005           0.234     0.605     0.750     0.904     1.030     1.339     1.746     2.429
2849.001    196014         0    195999           0.231     0.607     0.753     0.914     1.056     1.384     1.778     2.666
2850.001    195989         0    195996           0.242     0.610     0.756     0.914     1.047     1.363     1.746     2.836
2851.001    196004         0    196011           0.242     0.612     0.758     0.911     1.036     1.330     1.694     2.593
2852.001    196012         0    196003           0.236     0.613     0.760     0.916     1.043     1.347     1.744     2.593
2853.001    195986         0    196002           0.244     0.608     0.751     0.900     1.012     1.278     1.613     2.726
2854.001    195996         0    195974           0.237     0.616     0.772     0.950     1.118     1.459     1.849     2.742
2855.001    196035         0    196032           0.243     0.610     0.757     0.911     1.037     1.334     1.702     2.398
2856.001    195964         0    195986           0.244     0.605     0.748     0.898     1.012     1.287     1.637     2.478
2857.001    196002         0    196002           0.232     0.610     0.758     0.917     1.046     1.349     1.745     2.535
2858.001    196023         0    196007           0.245     0.612     0.761     0.918     1.047     1.349     1.722     2.593
2859.001    196001         0    195999           0.237     0.609     0.762     0.934     1.084     1.443     2.290     4.018
2860.001    195971         0    195972           0.233     0.609     0.760     0.923     1.063     1.374     1.865     4.997
2861.001    196009         0    196030           0.235     0.619     0.776     0.957     1.129     1.524     2.439     4.592
2862.001    196020         0    196009           0.231     0.611     0.761     0.927     1.079     1.424     1.980     6.296
2863.001    195987         0    195995           0.228     0.607     0.753     0.907     1.030     1.317     1.710     2.669
2864.001    196011         0    195999           0.234     0.611     0.760     0.924     1.068     1.414     1.814     2.779
2865.001    195978         0    195988           0.251     0.609     0.756     0.912     1.037     1.336     1.713     3.109
2866.001    196041         0    196035           0.236     0.612     0.769     0.949     1.120     1.459     1.820     2.980
2867.001    196009         0    196000           0.237     0.613     0.760     0.920     1.049     1.357     1.753     2.623
2868.001    195989         0    195993           0.236     0.606     0.756     0.921     1.066     1.408     1.800     3.135
2869.001    195999         0    196004           0.236     0.610     0.754     0.904     1.022     1.307     1.653     3.158
2870.001    195977         0    195979           0.234     0.607     0.753     0.914     1.051     1.386     1.780     3.039
2871.001    196026         0    196021           0.234     0.602     0.746     0.901     1.030     1.347     1.701     2.435
2872.001    195998         0    196012           0.222     0.604     0.745     0.890     0.995     1.270     1.598     2.324
2873.001    195992         0    195973           0.231     0.610     0.758     0.919     1.056     1.384     1.786     2.646
2874.001    196026         0    196025           0.248     0.606     0.750     0.900     1.016     1.307     1.639     2.382
2875.001    195985         0    195996           0.233     0.610     0.761     0.925     1.077     1.418     1.846     2.783
2876.001    196014         0    196009           0.243     0.603     0.744     0.895     1.015     1.320     1.693     2.851
2877.001    195997         0    195998           0.241     0.610     0.757     0.914     1.046     1.365     1.741     2.558
2878.001    196001         0    196003           0.242     0.609     0.758     0.921     1.066     1.409     1.768     2.748
2879.001    196000         0    195993           0.235     0.605     0.746     0.894     1.005     1.281     1.641     2.580
2880.001    195976         0    195994           0.242     0.606     0.753     0.916     1.061     1.398     1.783     2.863
2881.001    196037         0    196016           0.243     0.605     0.748     0.901     1.020     1.317     1.682     2.417
2882.001    195981         0    195991           0.245     0.604     0.750     0.908     1.037     1.364     1.800     2.748
2883.001    195994         0    196003           0.243     0.605     0.750     0.904     1.029     1.337     1.689     2.499
2884.001    196017         0    196003           0.246     0.612     0.765     0.937     1.095     1.461     2.523     4.616
2885.001    196006         0    196017           0.235     0.605     0.754     0.918     1.061     1.392     1.778     3.092
2886.001    195995         0    195984           0.235     0.606     0.758     0.931     1.091     1.446     2.035     4.071
2887.001    196009         0    196011           0.233     0.607     0.755     0.916     1.058     1.386     1.765     2.681
2888.001    195984         0    195999           0.232     0.601     0.744     0.897     1.015     1.305     1.671     2.482
2889.001    196007         0    196008           0.245     0.609     0.761     0.935     1.104     1.490     2.929    30.687
2890.001    195998         0    195987           0.236     0.600     0.741     0.892     1.008     1.298     1.649     2.609
2891.001    196011         0    196000           0.225     0.607     0.761     0.938     1.110     1.479     2.302     5.562
2892.001    195970         0    195991           0.239     0.608     0.752     0.902     1.020     1.317     1.689     2.472
2893.001    196030         0    196020           0.244     0.605     0.754     0.918     1.067     1.407     1.794     2.759
2894.001    195995         0    196000           0.242     0.606     0.754     0.914     1.054     1.397     1.793     2.675
2895.001    196010         0    196010           0.238     0.600     0.739     0.884     0.987     1.256     1.547     2.646
2896.001    195999         0    195973           0.239     0.611     0.755     0.907     1.030     1.331     1.714     2.474
2897.001    196016         0    196029           0.225     0.607     0.753     0.909     1.038     1.352     1.741     2.914
2898.001    196000         0    196004           0.242     0.602     0.741     0.883     0.986     1.239     1.520     2.331
2899.001    195993         0    195999           0.230     0.600     0.745     0.905     1.041     1.369     1.722     2.533
2900.001    196001         0    196000           0.229     0.612     0.762     0.936     1.102     1.462     1.851     2.640
2901.001    196010         0    195996           0.229     0.603     0.749     0.909     1.053     1.401     1.793     2.662
2902.001    196015         0    195993           0.239     0.600     0.743     0.896     1.022     1.341     1.727     2.386
2903.001    196000         0    196009           0.232     0.597     0.737     0.883     0.991     1.268     1.611     2.454
2904.001    195970         0    195989           0.230     0.606     0.750     0.904     1.028     1.339     1.712     2.488
2905.001    196010         0    196017           0.225     0.604     0.749     0.906     1.034     1.348     1.736     2.513
2906.001    196012         0    196015           0.238     0.605     0.753     0.915     1.061     1.413     1.825     2.775
2907.001    196018         0    195998           0.239     0.602     0.746     0.905     1.034     1.351     1.729     2.531
2908.001    195981         0    195985           0.233     0.600     0.743     0.893     1.015     1.323     1.996     4.940
2909.001    195973         0    195980           0.242     0.600     0.745     0.903     1.032     1.364     1.744     2.451
2910.001    196041         0    196039           0.230     0.610     0.762     0.929     1.086     1.440     2.091     3.629
2911.001    195989         0    195989           0.229     0.600     0.745     0.900     1.023     1.320     1.818     3.424
2912.001    195991         0    195981           0.237     0.604     0.750     0.905     1.035     1.349     1.724     2.417
2913.001    196013         0    196026           0.223     0.597     0.741     0.896     1.021     1.353     1.714     2.445
2914.001    195987         0    195997           0.237     0.602     0.741     0.884     0.989     1.256     1.577     2.367
2915.001    196030         0    196008           0.240     0.596     0.736     0.879     0.984     1.256     1.568     2.402
2916.001    196002         0    195998           0.235     0.599     0.746     0.909     1.050     1.393     1.774     2.580
2917.001    195978         0    195981           0.236     0.611     0.762     0.929     1.086     1.428     1.798     3.086
2918.001    196018         0    196025           0.242     0.608     0.757     0.923     1.077     1.424     1.821     2.990
2919.001    195998         0    196000           0.225     0.602     0.743     0.895     1.014     1.321     1.659     2.294
2920.001    195998         0    196022           0.247     0.602     0.743     0.892     1.007     1.296     1.662     2.306
2921.001    195993         0    195979           0.250     0.606     0.750     0.903     1.026     1.336     1.706     2.531
2922.001    196010         0    195992           0.231     0.608     0.756     0.924     1.082     1.434     1.794     2.447
2923.001    195992         0    196013           0.224     0.605     0.752     0.912     1.048     1.378     1.765     2.611
2924.001    196015         0    196005           0.222     0.601     0.748     0.909     1.047     1.395     1.792     3.058
2925.001    196003         0    195998           0.232     0.599     0.739     0.889     1.006     1.318     1.695     2.406
2926.001    195984         0    195996           0.238     0.598     0.741     0.895     1.019     1.347     1.732     2.490
2927.001    196034         0    196019           0.242     0.605     0.754     0.916     1.065     1.410     1.769     3.240
2928.001    195963         0    195985           0.235     0.605     0.752     0.918     1.072     1.412     1.794     2.773
2929.001    196006         0    196010           0.246     0.596     0.737     0.886     1.002     1.308     1.698     3.009
2930.001    196031         0    196009           0.235     0.591     0.732     0.880     0.988     1.277     1.625     2.464
2931.001    195992         0    196002           0.234     0.589     0.728     0.870     0.972     1.247     1.576     2.421
2932.001    195982         0    195990           0.234     0.596     0.737     0.886     1.006     1.326     1.699     2.634
2933.001    196009         0    196003           0.243     0.605     0.753     0.921     1.075     1.424     1.853     2.615
2934.001    196022         0    196014           0.244     0.602     0.754     0.928     1.096     1.462     1.879     2.841
2935.001    195972         0    195982           0.239     0.598     0.746     0.914     1.079     1.501     2.644     4.567
2936.001    196014         0    196011           0.234     0.604     0.751     0.910     1.048     1.376     1.750     3.181
2937.001    196006         0    196000           0.234     0.595     0.734     0.878     0.980     1.252     1.567     2.492
2938.001    195987         0    195992           0.237     0.600     0.744     0.899     1.027     1.370     1.795     2.890
2939.001    196005         0    196017           0.232     0.598     0.741     0.895     1.025     1.351     1.725     2.705
2940.001    196008         0    196000           0.237     0.597     0.741     0.901     1.034     1.368     1.755     3.191
2941.001    195989         0    195984           0.240     0.600     0.741     0.893     1.020     1.348     1.730     3.207
2942.001    196051         0    196017           0.237     0.597     0.739     0.887     1.004     1.319     1.703     2.869
2943.001    195966         0    196002           0.232     0.598     0.741     0.899     1.029     1.366     1.723     2.728
2944.001    196008         0    195998           0.235     0.600     0.746     0.908     1.051     1.399     1.758     2.449
2945.001    195992         0    195997           0.231     0.592     0.734     0.884     1.004     1.338     1.716     2.650
2946.001    196004         0    196004           0.243     0.596     0.734     0.874     0.975     1.248     1.844     4.829
2947.001    195997         0    195998           0.239     0.596     0.734     0.876     0.978     1.255     1.591     2.449
2948.001    196000         0    195994           0.239     0.596     0.736     0.882     0.992     1.285     1.612     2.415
2949.001    195991         0    196002           0.227     0.596     0.737     0.887     1.003     1.329     2.259    28.344
2950.001    196022         0    196016           0.227     0.600     0.740     0.891     1.013     1.337     1.730     2.384
2951.001    195991         0    195989           0.224     0.600     0.742     0.896     1.028     1.370     1.748     2.507
2952.001    196019         0    196005           0.234     0.593     0.730     0.871     0.971     1.252     1.578     2.249
2953.001    195995         0    196011           0.237     0.592     0.735     0.889     1.022     1.386     1.741     2.497
2954.001    195992         0    195993           0.242     0.590     0.726     0.863     0.958     1.205     1.464     2.421
2955.001    195992         0    195993           0.230     0.599     0.742     0.895     1.021     1.388     2.548     4.776
2956.001    196023         0    196011           0.237     0.600     0.744     0.901     1.035     1.403     2.193     4.215
2957.001    195997         0    196005           0.244     0.596     0.735     0.876     0.976     1.246     1.574     2.259
2958.001    196007         0    195988           0.240     0.604     0.750     0.911     1.052     1.394     1.752     2.472
2959.001    195995         0    196017           0.239     0.596     0.743     0.906     1.051     1.409     1.912     4.047
2960.001    196004         0    195989           0.243     0.605     0.755     0.932     1.100     1.477     2.308     4.432
2961.001    195992         0    196001           0.243     0.605     0.753     0.916     1.058     1.398     1.794     2.732
2962.001    196007         0    196028           0.240     0.596     0.736     0.879     0.985     1.263     1.606     2.406
2963.001    195989         0    195975           0.238     0.594     0.732     0.872     0.973     1.251     1.613     2.392
2964.001    196010         0    196016           0.227     0.595     0.734     0.874     0.975     1.246     1.564     2.462
2965.001    196026         0    196009           0.237     0.593     0.732     0.872     0.974     1.242     1.550     2.281
2966.001    195986         0    195996           0.237     0.600     0.747     0.915     1.081     1.451     1.835     2.710
2967.001    196006         0    196001           0.236     0.595     0.739     0.895     1.030     1.372     1.741     2.464
2968.001    195977         0    195999           0.237     0.593     0.735     0.886     1.010     1.336     1.713     2.433
2969.001    196033         0    196003           0.232     0.591     0.730     0.872     0.980     1.284     1.649     2.310
2970.001    195982         0    196000           0.244     0.600     0.739     0.887     0.999     1.309     1.673     2.449
2971.001    196008         0    196007           0.229     0.593     0.734     0.878     0.986     1.279     1.632     2.564
2972.001    195983         0    195978           0.243     0.594     0.736     0.886     1.005     1.331     1.748     2.535
2973.001    196005         0    196005           0.240     0.596     0.736     0.883     0.992     1.287     1.640     2.435
2974.001    196008         0    196014           0.240     0.599     0.742     0.895     1.028     1.365     1.726     2.851
2975.001    196013         0    195999           0.234     0.592     0.732     0.876     0.989     1.307     1.665     2.615
2976.001    196000         0    196005           0.234     0.589     0.728     0.873     0.986     1.311     1.687     2.609
2977.001    196012         0    196000           0.225     0.600     0.746     0.910     1.064     1.422     1.781     2.574
2978.001    195979         0    195989           0.240     0.594     0.734     0.878     0.984     1.281     1.641     2.208
2979.001    196013         0    196019           0.236     0.595     0.733     0.873     0.976     1.269     1.615     2.378
2980.001    196006         0    196005           0.233     0.588     0.727     0.868     0.974     1.279     2.187     4.391
2981.001    196017         0    195999           0.231     0.593     0.730     0.867     0.968     1.233     1.573     2.413
2982.001    195971         0    195988           0.222     0.602     0.753     0.931     1.120     1.477     1.850     2.791
2983.001    195969         0    195988           0.230     0.595     0.736     0.890     1.015     1.353     1.920     4.739
2984.001    196047         0    196031           0.233     0.598     0.745     0.913     1.070     1.459     2.443     5.591
2985.001    196001         0    195980           0.239     0.594     0.741     0.905     1.050     1.389     1.746     2.482
2986.001    195976         0    196009           0.230     0.596     0.738     0.891     1.019     1.371     2.322     4.948
2987.001    196031         0    196020           0.243     0.589     0.730     0.880     1.001     1.339     1.703     2.499
2988.001    196027         0    195995           0.232     0.591     0.730     0.873     0.980     1.292     1.644     2.247
2989.001    195970         0    196000           0.232     0.592     0.730     0.871     0.975     1.267     1.633     2.359
2990.001    196006         0    195984           0.233     0.596     0.735     0.881     0.991     1.295     1.668     2.114
2991.001    196010         0    196008           0.234     0.599     0.746     0.918     1.089     1.454     1.822     2.636
2992.001    195992         0    196009           0.236     0.600     0.740     0.895     1.021     1.359     1.716     2.376
2993.001    195989         0    196008           0.230     0.598     0.738     0.890     1.011     1.331     1.704     3.019
2994.001    196015         0    195990           0.240     0.599     0.744     0.909     1.060     1.407     1.757     2.454
2995.001    195985         0    196012           0.223     0.595     0.734     0.877     0.983     1.282     1.641     2.900
2996.001    196004         0    196005           0.234     0.590     0.727     0.864     0.967     1.235     1.533     2.402
2997.001    196014         0    196006           0.229     0.593     0.732     0.873     0.979     1.264     1.607     2.503
2998.001    196002         0    195995           0.235     0.590     0.730     0.874     0.984     1.297     1.653     2.367
2999.001    195990         0    195998           0.238     0.592     0.736     0.898     1.049     1.411     1.769     2.560
3000.001    196008         0    196011           0.238     0.593     0.734     0.886     1.009     1.346     1.738     2.951
3001.001    196003         0    195991           0.233     0.589     0.731     0.881     1.006     1.361     1.723     2.404
3002.001    196009         0    196014           0.242     0.595     0.735     0.881     0.994     1.331     1.730     2.763
3003.001    195975         0    195981           0.233     0.585     0.721     0.862     0.969     1.274     1.652     2.570
3004.001    196018         0    196013           0.231     0.593     0.734     0.886     1.012     1.360     1.727     2.617
3005.001    196011         0    195999           0.225     0.587     0.727     0.873     0.987     1.312     2.107     3.324
3006.001    195995         0    196012           0.222     0.594     0.735     0.884     1.007     1.338     1.693     2.380
3007.001    196017         0    196005           0.227     0.600     0.744     0.906     1.052     1.409     1.778     2.673
3008.001    195977         0    195981           0.230     0.600     0.744     0.903     1.044     1.391     1.746     2.494
3009.001    196001         0    195999           0.239     0.596     0.740     0.899     1.035     1.402     4.784    29.557
3010.001    196006         0    196002           0.236     0.597     0.740     0.893     1.014     1.334     1.719     2.748
3011.001    196010         0    196018           0.234     0.593     0.735     0.887     1.012     1.349     1.745     2.445
3012.001    195997         0    195991           0.238     0.590     0.727     0.866     0.968     1.256     1.584     2.763
3013.001    196013         0    196008           0.246     0.586     0.721     0.857     0.950     1.207     1.500     2.294
3014.001    195995         0    196009           0.230     0.588     0.722     0.857     0.948     1.190     1.443     2.187
3015.001    195988         0    195992           0.245     0.595     0.736     0.889     1.020     1.390     1.763     3.084
3016.001    196005         0    196008           0.227     0.593     0.733     0.882     1.000     1.332     1.708     2.486
3017.001    196026         0    196011           0.238     0.589     0.727     0.871     0.984     1.317     1.702     2.466
3018.001    196007         0    195997           0.235     0.587     0.730     0.882     1.012     1.368     1.733     2.464
3019.001    195981         0    195991           0.238     0.589     0.729     0.878     0.998     1.335     1.701     2.454
3020.001    196003         0    195989           0.230     0.590     0.729     0.874     0.983     1.294     1.641     2.306
3021.001    195997         0    196023           0.233     0.585     0.722     0.865     0.971     1.281     1.624     2.345
3022.001    196035         0    195988           0.234     0.589     0.727     0.868     0.969     1.247     1.566     2.327
3023.001    195963         0    195999           0.238     0.595     0.736     0.888     1.017     1.359     1.731     2.497
3024.001    196009         0    196006           0.235     0.596     0.743     0.913     1.089     1.457     1.816     2.810
3025.001    196005         0    196001           0.235     0.589     0.730     0.876     0.992     1.330     1.693     2.310
3026.001    195975         0    195987           0.240     0.592     0.731     0.876     0.988     1.317     1.684     2.431
3027.001    196022         0    196023           0.239     0.587     0.724     0.866     0.977     1.289     1.638     2.382
3028.001    195983         0    195995           0.235     0.586     0.724     0.863     0.963     1.254     1.611     2.499
3029.001    196018         0    196001           0.242     0.597     0.735     0.879     0.992     1.322     1.664     2.263
3030.001    196033         0    196026           0.224     0.590     0.727     0.868     0.971     1.262     1.902     4.223
3031.001    195979         0    195984           0.235     0.591     0.728     0.871     0.978     1.289     1.701     3.199
3032.001    195985         0    195992           0.242     0.591     0.729     0.868     0.971     1.274     1.636     2.355
3033.001    196017         0    196011           0.236     0.592     0.736     0.897     1.047     1.458     2.447     4.078
3034.001    195983         0    195982           0.228     0.591     0.730     0.876     0.991     1.379     2.642     5.300
3035.001    196035         0    196025           0.244     0.593     0.739     0.901     1.046     1.405     1.815     4.436
3036.001    195980         0    195991           0.236     0.587     0.728     0.878     0.995     1.325     1.684     2.572
3037.001    196004         0    196007           0.231     0.586     0.723     0.864     0.969     1.303     2.562     5.235
3038.001    196008         0    196006           0.231     0.597     0.738     0.890     1.020     1.368     1.756     2.710
3039.001    195973         0    195990           0.236     0.590     0.726     0.864     0.968     1.266     1.674     2.601
3040.001    196017         0    195997           0.229     0.596     0.740     0.907     1.065     1.423     1.816     2.519
3041.001    196009         0    196015           0.244     0.593     0.736     0.895     1.037     1.400     1.760     2.404
3042.001    196023         0    195995           0.240     0.591     0.732     0.882     1.011     1.376     1.736     2.382
3043.001    195983         0    196016           0.232     0.595     0.735     0.881     0.996     1.329     1.692     2.259
3044.001    195994         0    195985           0.239     0.587     0.723     0.864     0.966     1.271     1.606     2.245
3045.001    196011         0    196010           0.243     0.597     0.740     0.893     1.025     1.372     1.763     3.441
3046.001    196003         0    196003           0.232     0.590     0.724     0.859     0.952     1.207     1.512     2.361
3047.001    195993         0    195998           0.232     0.589     0.726     0.865     0.965     1.249     1.610     2.449
3048.001    196000         0    195997           0.243     0.589     0.730     0.877     0.993     1.330     1.682     2.439
3049.001    196006         0    195998           0.237     0.594     0.735     0.884     1.010     1.363     1.723     2.433
3050.001    196017         0    196020           0.233     0.591     0.730     0.883     1.012     1.375     1.759     2.550
3051.001    195972         0    195987           0.229     0.589     0.725     0.863     0.961     1.240     1.588     2.417
3052.001    195994         0    195993           0.230     0.593     0.735     0.889     1.026     1.381     1.748     2.388
3053.001    196023         0    196013           0.243     0.587     0.724     0.865     0.973     1.304     1.720     2.660
3054.001    195993         0    196006           0.237     0.585     0.723     0.867     0.982     1.332     1.681     2.253
3055.001    196008         0    196003           0.233     0.586     0.723     0.865     0.973     1.280     1.646     2.296
3056.001    196007         0    195982           0.232     0.588     0.727     0.874     0.994     1.346     1.797     3.027
3057.001    195998         0    196001           0.241     0.594     0.735     0.887     1.021     1.377     1.751     2.427
3058.001    196001         0    196020           0.227     0.590     0.731     0.887     1.029     1.442     2.478     4.235
3059.001    195994         0    195999           0.234     0.591     0.729     0.870     0.977     1.277     1.655     2.916
3060.001    196028         0    196007           0.242     0.583     0.721     0.865     0.971     1.288     1.852     3.424
3061.001    195984         0    195999           0.236     0.586     0.725     0.870     0.984     1.324     1.895     3.037
3062.001    196001         0    196009           0.244     0.591     0.733     0.889     1.025     1.391     1.817     3.092
3063.001    196006         0    195999           0.240     0.582     0.716     0.850     0.941     1.202     1.913     4.215
3064.001    195998         0    196000           0.229     0.583     0.716     0.848     0.936     1.181     1.459     2.148
3065.001    195996         0    196014           0.229     0.586     0.726     0.878     1.001     1.364     1.750     2.400
3066.001    196002         0    195984           0.228     0.583     0.718     0.853     0.948     1.215     1.550     2.306
3067.001    196027         0    196013           0.227     0.585     0.726     0.876     0.998     1.361     1.694     2.462
3068.001    195981         0    196000           0.233     0.589     0.724     0.862     0.963     1.257     1.606     2.353
3069.001    195999         0    195992           0.239     0.587     0.730     0.889     1.035     1.413     2.939    30.048
3070.001    195981         0    196001           0.230     0.578     0.712     0.846     0.938     1.213     1.528     2.490
3071.001    196022         0    196004           0.239     0.582     0.720     0.865     0.979     1.321     1.690     2.763
3072.001    196015         0    196002           0.236     0.587     0.725     0.870     0.985     1.328     1.695     2.331
3073.001    195997         0    196009           0.242     0.591     0.732     0.886     1.014     1.381     1.769     2.705
3074.001    195989         0    195980           0.230     0.590     0.731     0.884     1.015     1.379     1.749     2.476
3075.001    196025         0    196024           0.230     0.593     0.734     0.888     1.018     1.376     1.748     2.503
3076.001    195986         0    195999           0.240     0.587     0.723     0.863     0.969     1.286     1.654     2.392
3077.001    196012         0    196008           0.231     0.586     0.722     0.863     0.969     1.284     1.670     5.997
3078.001    195981         0    195985           0.239     0.592     0.737     0.903     1.061     1.433     1.780     2.843
3079.001    195995         0    195993           0.230     0.585     0.720     0.857     0.954     1.235     1.583     2.136
3080.001    196036         0    196027           0.235     0.583     0.719     0.855     0.952     1.225     2.051     4.817
3081.001    195975         0    195990           0.240     0.583     0.719     0.856     0.955     1.238     1.565     2.417
3082.001    196004         0    195991           0.233     0.585     0.723     0.869     0.983     1.318     1.659     2.238
3083.001    196005         0    196010           0.233     0.589     0.727     0.871     0.982     1.311     1.661     2.365
3084.001    196016         0    196008           0.243     0.587     0.723     0.860     0.961     1.243     1.572     2.281
3085.001    195988         0    196012           0.238     0.587     0.729     0.876     0.993     1.350     2.394     5.358
3086.001    196008         0    196003           0.235     0.589     0.732     0.891     1.032     1.394     1.796     2.679
3087.001    195978         0    195978           0.247     0.584     0.720     0.860     0.964     1.269     1.731     3.279
3088.001    195996         0    196001           0.241     0.591     0.730     0.879     1.001     1.352     1.710     2.781
3089.001    196028         0    196022           0.231     0.584     0.722     0.866     0.979     1.317     1.679     2.847
3090.001    195992         0    195972           0.239     0.585     0.724     0.872     0.994     1.357     1.725     2.703
3091.001    195997         0    196001           0.234     0.592     0.736     0.902     1.066     1.437     1.799     3.056
3092.001    196017         0    196006           0.242     0.595     0.739     0.904     1.058     1.427     1.799     2.454
3093.002    196006         0    196021           0.246     0.588     0.725     0.866     0.971     1.284     1.644     2.398
3094.001    196009         0    196010           0.228     0.581     0.718     0.857     0.958     1.245     1.590     2.226
3095.001    195982         0    195990           0.237     0.588     0.726     0.872     0.986     1.326     1.700     2.331
3096.001    196000         0    196000           0.227     0.584     0.720     0.859     0.963     1.258     1.627     2.748
3097.001    196009         0    195998           0.241     0.581     0.716     0.855     0.955     1.237     1.580     2.374
3098.001    195963         0    195984           0.243     0.588     0.726     0.869     0.979     1.297     1.652     2.413
3099.001    196051         0    196028           0.228     0.588     0.726     0.871     0.987     1.338     1.732     2.593
3100.001    195982         0    195982           0.243     0.590     0.727     0.870     0.984     1.312     1.672     2.824
3101.001    196005         0    196005           0.243     0.584     0.717     0.848     0.938     1.169     1.411     2.017
3102.001    196011         0    196010           0.236     0.582     0.721     0.866     0.984     1.333     1.696     2.607
3103.001    196011         0    196011           0.232     0.589     0.729     0.876     0.997     1.343     1.699     2.816
3104.001    195994         0    196000           0.234     0.584     0.721     0.860     0.963     1.267     1.593     2.265
3105.001    195976         0    195988           0.247     0.595     0.735     0.880     0.996     1.337     1.713     2.271
3106.001    196006         0    196003           0.229     0.582     0.717     0.852     0.947     1.218     1.542     2.611
3107.001    196009         0    195999           0.243     0.590     0.732     0.892     1.037     1.426     1.879     2.808
3108.001    195999         0    196010           0.241     0.590     0.733     0.889     1.025     1.393     1.802     2.808
3109.001    196016         0    196013           0.232     0.593     0.735     0.892     1.030     1.431     2.318     7.336
3110.001    195999         0    195996           0.228     0.584     0.722     0.867     0.979     1.352     2.775     5.407
3111.001    195995         0    195999           0.225     0.584     0.724     0.878     1.007     1.355     1.717     2.544
3112.001    196002         0    196001           0.233     0.587     0.728     0.881     1.009     1.369     1.747     2.562
3113.001    196010         0    196007           0.243     0.583     0.715     0.851     0.944     1.212     1.534     2.281
3114.001    196010         0    195990           0.230     0.580     0.713     0.844     0.930     1.166     1.412     2.159
3115.001    195986         0    196004           0.229     0.589     0.727     0.870     0.984     1.321     1.688     2.675
3116.001    196006         0    196017           0.237     0.582     0.721     0.870     0.996     1.359     1.719     2.634
3117.001    195997         0    195987           0.234     0.577     0.708     0.841     0.925     1.153     1.417     2.101
3118.001    196000         0    195998           0.244     0.585     0.717     0.853     0.944     1.194     1.483     2.072
3119.001    196007         0    195997           0.235     0.585     0.720     0.860     0.964     1.268     1.616     2.345
3120.001    195994         0    196003           0.227     0.584     0.722     0.868     0.987     1.347     1.714     2.669
3121.001    196010         0    196010           0.241     0.583     0.719     0.860     0.967     1.283     1.649     2.666
3122.001    195993         0    195996           0.226     0.581     0.716     0.857     0.964     1.288     1.669     2.640
3123.001    196008         0    195979           0.242     0.587     0.727     0.878     1.002     1.369     1.753     3.627
3124.001    196004         0    196030           0.224     0.584     0.724     0.881     1.022     1.408     1.781     2.818
3125.001    195996         0    195991           0.240     0.587     0.728     0.876     1.004     1.374     1.716     2.427
3126.001    196009         0    196010           0.242     0.588     0.726     0.873     0.991     1.348     1.707     2.529
3127.001    195979         0    195991           0.240     0.581     0.714     0.846     0.934     1.184     1.456     2.031
3128.001    196031         0    196020           0.224     0.587     0.728     0.883     1.021     1.401     1.755     2.540
3129.001    196025         0    196015           0.238     0.587     0.723     0.864     0.972     1.313     3.250    30.212
3130.001    195981         0    195987           0.228     0.582     0.717     0.853     0.948     1.208     1.501     2.206
3131.001    195997         0    195992           0.224     0.583     0.718     0.854     0.950     1.224     1.546     2.177
3132.001    196007         0    196004           0.229     0.587     0.727     0.878     1.006     1.365     1.717     2.423
3133.001    195968         0    195979           0.238     0.583     0.718     0.854     0.950     1.224     1.533     2.232
3134.001    195985         0    196005           0.233     0.581     0.716     0.850     0.941     1.184     1.424     2.120
3135.001    196034         0    196024           0.235     0.577     0.712     0.854     0.952     1.226     1.522     2.433
3136.001    196010         0    196010           0.228     0.585     0.720     0.859     0.959     1.256     1.609     2.306
3137.001    195975         0    195974           0.234     0.586     0.726     0.875     1.002     1.371     1.742     2.785
3138.001    196030         0    196016           0.229     0.585     0.721     0.865     0.976     1.319     1.680     2.992
3139.001    195994         0    196006           0.234     0.575     0.708     0.841     0.929     1.191     1.519     2.232
3140.001    195961         0    195968           0.226     0.581     0.717     0.856     0.961     1.284     1.657     2.474
3141.001    196046         0    196039           0.235     0.588     0.734     0.904     1.085     1.467     1.859     3.461
3142.001    195981         0    195981           0.236     0.582     0.721     0.868     0.991     1.368     1.736     2.658
3143.001    196025         0    196022           0.233     0.585     0.723     0.867     0.980     1.311     1.669     2.306
3144.001    196016         0    195988           0.236     0.584     0.720     0.857     0.954     1.253     1.607     2.167
3145.001    195984         0    196013           0.231     0.587     0.728     0.877     1.002     1.348     1.701     2.757
3146.001    195993         0    196000           0.237     0.591     0.729     0.874     0.992     1.339     1.714     2.558
3147.001    195998         0    195995           0.243     0.582     0.717     0.854     0.952     1.248     1.583     2.372
3148.001    196012         0    195987           0.234     0.582     0.717     0.851     0.946     1.226     1.559     2.267
3149.001    195995         0    196006           0.230     0.586     0.724     0.867     0.982     1.329     1.688     2.802
3150.001    196007         0    196028           0.238     0.580     0.715     0.856     0.958     1.280     1.614     2.267
3151.001    195996         0    195986           0.228     0.578     0.709     0.839     0.921     1.139     1.380     1.942
3152.001    196004         0    196010           0.241     0.586     0.720     0.857     0.955     1.270     1.635     2.378
3153.001    196001         0    195987           0.235     0.582     0.717     0.856     0.956     1.261     1.626     2.343
3154.001    195986         0    195981           0.246     0.585     0.723     0.869     0.987     1.341     1.706     2.349
3155.001    195992         0    195999           0.238     0.588     0.731     0.893     1.053     1.453     2.191     5.497
3156.001    196033         0    196037           0.238     0.581     0.719     0.868     0.991     1.394     2.294     3.969
3157.001    196016         0    195996           0.239     0.587     0.729     0.884     1.020     1.404     1.759     2.484
3158.001    195980         0    195991           0.241     0.584     0.728     0.892     1.048     1.419     1.792     2.523
3159.001    196011         0    196011           0.226     0.588     0.730     0.888     1.035     1.416     1.801     2.771
3160.001    195986         0    196014           0.239     0.584     0.723     0.873     0.992     1.355     2.281     5.054
3161.001    196011         0    195986           0.243     0.582     0.717     0.853     0.951     1.230     1.541     2.152
3162.001    196000         0    195999           0.235     0.586     0.727     0.882     1.023     1.400     1.749     2.595
3163.001    196005         0    196017           0.242     0.579     0.711     0.841     0.926     1.155     1.416     1.895
3164.001    196003         0    195987           0.228     0.583     0.717     0.854     0.953     1.249     1.609     3.078
3165.001    196008         0    195993           0.226     0.582     0.720     0.866     0.990     1.358     1.737     2.626
3166.001    195991         0    196016           0.232     0.582     0.716     0.852     0.951     1.247     1.580     2.279
3167.001    195994         0    196006           0.233     0.576     0.708     0.841     0.929     1.192     1.501     2.284
3168.001    196010         0    195995           0.241     0.579     0.711     0.845     0.935     1.201     1.496     1.930
3169.001    195990         0    195998           0.241     0.578     0.712     0.847     0.944     1.243     1.577     2.992
3170.001    196021         0    196016           0.245     0.582     0.716     0.855     0.955     1.253     1.612     2.499
3171.001    196013         0    196003           0.248     0.584     0.719     0.860     0.964     1.282     1.632     2.370
3172.001    195975         0    195985           0.241     0.587     0.725     0.872     0.994     1.346     1.702     2.374
3173.001    195995         0    196005           0.232     0.589     0.732     0.890     1.037     1.425     1.790     2.515
3174.001    195989         0    195994           0.243     0.589     0.733     0.895     1.052     1.434     1.821     2.818
3175.001    196022         0    196011           0.237     0.589     0.733     0.899     1.074     1.448     1.772     2.400
3176.001    196006         0    196011           0.240     0.588     0.734     0.905     1.094     1.457     1.770     2.734
3177.001    196003         0    196000           0.236     0.582     0.715     0.848     0.940     1.213     1.535     2.216
3178.001    195995         0    195993           0.241     0.585     0.723     0.868     0.990     1.357     1.714     2.335
3179.001    196023         0    196012           0.244     0.586     0.723     0.869     0.986     1.345     1.699     2.654
3180.001    196003         0    195995           0.239     0.581     0.713     0.844     0.932     1.169     1.443     2.134
3181.001    195983         0    196003           0.223     0.579     0.716     0.857     0.964     1.294     1.676     2.464
3182.001    196046         0    196003           0.231     0.586     0.726     0.878     1.012     1.381     1.723     2.617
3183.001    195958         0    196001           0.227     0.578     0.715     0.861     0.972     1.319     1.667     2.333
3184.001    196005         0    195992           0.230     0.581     0.713     0.845     0.934     1.194     2.236     4.370
3185.001    195990         0    196000           0.233     0.581     0.718     0.863     0.978     1.361     2.578     4.043
3186.001    195992         0    195996           0.243     0.580     0.716     0.856     0.961     1.277     1.634     2.198
3187.001    196024         0    196012           0.231     0.586     0.722     0.865     0.977     1.313     1.655     2.404
3188.001    196012         0    196021           0.240     0.583     0.718     0.857     0.958     1.269     1.609     2.550
3189.001    195986         0    195991           0.233     0.580     0.716     0.858     0.967     1.332     4.461    28.787
3190.001    196000         0    195993           0.220     0.584     0.728     0.890     1.055     1.437     1.793     2.904
3191.001    195995         0    195990           0.240     0.579     0.719     0.870     1.003     1.392     1.766     2.748
3192.001    196035         0    196018           0.240     0.584     0.727     0.890     1.058     1.450     1.928     2.836
3193.001    195963         0    195989           0.233     0.583     0.719     0.862     0.975     1.333     1.683     2.454
3194.001    196051         0    196029           0.223     0.579     0.710     0.842     0.928     1.178     1.487     2.122
3195.001    195974         0    195987           0.238     0.584     0.722     0.868     0.988     1.361     1.718     2.439
3196.001    196017         0    196001           0.243     0.585     0.724     0.870     0.992     1.349     1.753     2.466
3197.001    195988         0    196001           0.231     0.575     0.710     0.848     0.946     1.257     1.617     2.722
3198.001    195995         0    196008           0.231     0.583     0.719     0.858     0.963     1.296     1.676     2.828
3199.001    195996         0    196001           0.242     0.575     0.709     0.844     0.933     1.196     1.514     2.057
3200.001    196001         0    195999           0.224     0.579     0.714     0.850     0.950     1.263     1.613     2.288
3201.001    196041         0    196011           0.229     0.582     0.714     0.845     0.932     1.181     1.475     2.238
3202.001    195986         0    195993           0.235     0.587     0.724     0.868     0.980     1.329     1.680     2.941
3203.001    195981         0    195990           0.235     0.575     0.709     0.845     0.944     1.253     1.614     2.212
3204.001    196023         0    196015           0.232     0.575     0.709     0.843     0.934     1.212     1.546     2.341
3205.001    195995         0    195997           0.232     0.583     0.718     0.856     0.957     1.268     1.604     2.394
3206.001    195975         0    195983           0.239     0.581     0.717     0.858     0.967     1.296     1.647     2.413
3207.001    196003         0    196012           0.247     0.589     0.731     0.890     1.041     1.410     1.747     2.755
3208.001    196014         0    195993           0.237     0.579     0.716     0.858     0.966     1.300     1.748     5.870
3209.001    196008         0    196003           0.232     0.591     0.736     0.905     1.080     1.459     1.795     2.449
3210.001    195986         0    196009           0.237     0.585     0.725     0.878     1.009     1.364     1.722     3.103
3211.001    196001         0    195997           0.246     0.579     0.712     0.848     0.944     1.240     1.575     2.140
3212.001    196001         0    196013           0.234     0.581     0.719     0.863     0.977     1.336     1.691     2.388
3213.001    196010         0    196001           0.238     0.575     0.711     0.849     0.947     1.277     1.618     2.849
3214.001    196021         0    196010           0.237     0.581     0.718     0.862     0.975     1.328     1.724     2.515
3215.001    195986         0    195985           0.230     0.578     0.712     0.849     0.945     1.247     1.586     2.333
3216.001    195995         0    196016           0.229     0.577     0.710     0.846     0.936     1.209     1.536     2.345
3217.001    196022         0    196000           0.241     0.581     0.711     0.842     0.927     1.157     1.407     2.044
3218.001    195982         0    196000           0.236     0.577     0.708     0.838     0.920     1.153     1.398     1.871
3219.001    196014         0    196000           0.227     0.583     0.720     0.864     0.980     1.340     1.684     2.718
3220.001    195993         0    196000           0.243     0.582     0.715     0.850     0.945     1.221     1.546     2.406
3221.001    196013         0    196011           0.232     0.582     0.716     0.854     0.953     1.252     1.594     2.556
3222.001    195984         0    195991           0.230     0.575     0.709     0.845     0.941     1.249     1.604     2.306
3223.001    195997         0    195989           0.234     0.583     0.724     0.883     1.033     1.422     1.797     2.615
3224.001    195998         0    196004           0.238     0.582     0.722     0.877     1.025     1.405     1.767     2.615
3225.001    196011         0    195998           0.234     0.581     0.719     0.863     0.983     1.357     1.696     2.589
3226.001    196007         0    196023           0.237     0.582     0.718     0.864     0.987     1.358     1.703     2.335
3227.001    195994         0    195990           0.242     0.582     0.716     0.852     0.952     1.261     1.609     2.390
3228.001    195998         0    195998           0.235     0.583     0.717     0.856     0.961     1.291     1.659     2.212
3229.001    196016         0    196015           0.232     0.591     0.733     0.892     1.043     1.425     1.791     2.716
3230.001    195969         0    195980           0.235     0.586     0.723     0.867     0.982     1.330     1.692     2.433
3231.001    196041         0    196028           0.224     0.582     0.718     0.859     0.969     1.330     1.684     2.638
3232.001    195982         0    195985           0.235     0.580     0.718     0.867     0.998     1.386     1.849     3.283
3233.001    196011         0    195995           0.238     0.581     0.718     0.863     0.979     1.341     1.715     2.480
3234.001    195990         0    196004           0.230     0.578     0.712     0.848     0.943     1.226     1.544     2.417
3235.001    195981         0    195987           0.234     0.578     0.713     0.854     0.962     1.314     2.200     4.114
3236.001    196018         0    196027           0.234     0.574     0.710     0.850     0.956     1.317     2.169     4.592
3237.001    196005         0    195994           0.233     0.576     0.709     0.842     0.932     1.196     1.525     2.179
3238.001    196019         0    196012           0.241     0.578     0.710     0.847     0.941     1.243     1.578     2.052
3239.001    196005         0    196008           0.241     0.577     0.715     0.863     0.984     1.355     1.693     2.425
3240.001    195991         0    195995           0.247     0.581     0.720     0.869     0.994     1.366     1.724     2.593
3241.001    195995         0    195998           0.228     0.578     0.720     0.877     1.025     1.410     1.780     2.558
3242.001    196011         0    196004           0.239     0.580     0.720     0.872     1.012     1.402     1.758     2.617
3243.001    196000         0    196006           0.246     0.581     0.716     0.858     0.967     1.320     1.666     2.355
3244.001    195998         0    196012           0.233     0.577     0.710     0.843     0.937     1.229     1.562     2.349
3245.001    195980         0    195974           0.241     0.578     0.712     0.850     0.951     1.272     1.626     2.431
3246.001    196018         0    196010           0.232     0.583     0.718     0.857     0.964     1.286     1.657     2.439
3247.001    195999         0    195990           0.236     0.583     0.719     0.862     0.974     1.328     1.680     2.302
3248.001    196008         0    196000           0.232     0.579     0.714     0.851     0.952     1.275     1.622     2.314
3249.001    196006         0    196026           0.242     0.585     0.722     0.866     0.982     1.356     2.761    28.721
3250.001    195996         0    195981           0.241     0.577     0.709     0.844     0.937     1.212     1.523     2.111
3251.001    195999         0    196027           0.234     0.580     0.714     0.851     0.951     1.256     1.598     2.542
3252.001    195999         0    195986           0.226     0.579     0.715     0.857     0.964     1.308     1.664     2.314
3253.001    196017         0    196007           0.233     0.579     0.712     0.848     0.948     1.254     1.616     2.734
3254.001    196008         0    195992           0.230     0.579     0.709     0.841     0.927     1.175     1.477     2.454
3255.001    195977         0    196010           0.243     0.578     0.711     0.847     0.945     1.239     1.581     2.101
3256.001    196021         0    196006           0.231     0.575     0.709     0.846     0.944     1.271     1.633     2.320
3257.001    195991         0    195999           0.240     0.585     0.724     0.872     0.998     1.374     1.806     2.685
3258.001    196028         0    196007           0.237     0.587     0.735     0.909     1.106     1.475     1.843     2.689
3259.001    195975         0    195992           0.232     0.583     0.722     0.873     1.007     1.399     2.047     4.669
3260.001    196011         0    196015           0.238     0.584     0.720     0.861     0.970     1.291     1.660     2.587
3261.001    196016         0    195993           0.227     0.570     0.706     0.848     0.953     1.299     1.652     2.689
3262.001    195990         0    196004           0.239     0.574     0.705     0.836     0.923     1.178     1.502     2.107
3263.001    196003         0    195995           0.235     0.586     0.721     0.863     0.974     1.316     1.681     2.370
3264.001    195995         0    196005           0.234     0.580     0.719     0.872     1.011     1.391     1.737     2.572
3265.001    195991         0    195989           0.234     0.581     0.724     0.882     1.031     1.421     1.815     2.599
3266.001    196010         0    196008           0.240     0.583     0.723     0.874     1.010     1.392     1.739     2.613
3267.001    195993         0    196001           0.236     0.579     0.711     0.844     0.934     1.202     1.525     2.109
3268.001    195996         0    196011           0.229     0.579     0.712     0.846     0.941     1.232     1.577     2.458
3269.001    196010         0    195990           0.242     0.579     0.712     0.849     0.949     1.272     1.633     2.695
3270.001    196004         0    196001           0.239     0.575     0.709     0.845     0.938     1.247     1.592     2.271
3271.001    196005         0    196018           0.239     0.578     0.711     0.846     0.942     1.241     1.579     2.028
3272.001    195999         0    195984           0.236     0.577     0.709     0.843     0.935     1.211     1.555     2.605
3273.001    195991         0    195994           0.233     0.576     0.712     0.855     0.968     1.331     1.677     2.556
3274.001    196006         0    196005           0.235     0.582     0.719     0.863     0.978     1.333     1.702     2.775
3275.001    196016         0    196026           0.227     0.580     0.718     0.866     0.991     1.361     1.718     2.544
3276.001    195975         0    195975           0.225     0.579     0.718     0.866     0.989     1.356     1.716     2.552
3277.001    196009         0    196013           0.241     0.575     0.709     0.847     0.946     1.265     1.608     2.070
3278.001    195996         0    195993           0.239     0.572     0.703     0.837     0.927     1.206     1.527     2.527
3279.001    196015         0    196024           0.227     0.578     0.712     0.851     0.954     1.270     1.610     2.238
3280.001    196005         0    195989           0.237     0.583     0.720     0.867     0.989     1.352     1.711     2.818
3281.001    196010         0    196006           0.234     0.580     0.720     0.870     1.002     1.377     1.721     2.566
3282.001    195986         0    195992           0.240     0.580     0.716     0.858     0.968     1.323     1.672     2.941
3283.001    196027         0    196016           0.235     0.581     0.718     0.868     0.993     1.367     1.708     2.761
3284.001    195971         0    195982           0.224     0.581     0.713     0.847     0.940     1.201     1.513     2.370
3285.001    196012         0    196020           0.235     0.577     0.714     0.858     0.971     1.335     2.148     4.170
3286.001    196004         0    196001           0.227     0.579     0.717     0.863     0.987     1.397     2.232     3.682
3287.001    196003         0    195999           0.241     0.573     0.705     0.836     0.921     1.154     1.439     2.116
3288.001    196033         0    196000           0.217     0.573     0.706     0.839     0.928     1.210     1.549     2.179
3289.001    195955         0    196000           0.234     0.581     0.717     0.862     0.977     1.346     1.684     2.537
3290.001    196019         0    196006           0.237     0.583     0.719     0.861     0.976     1.335     1.692     3.021
3291.001    195990         0    195987           0.229     0.582     0.717     0.856     0.960     1.298     1.667     2.449
3292.001    196007         0    196008           0.254     0.581     0.716     0.858     0.965     1.303     1.649     2.447
3293.001    195996         0    195999           0.240     0.583     0.719     0.863     0.980     1.340     1.681     2.425
3294.001    196017         0    196005           0.239     0.575     0.706     0.837     0.925     1.182     1.517     2.288
3295.001    195998         0    196009           0.237     0.581     0.717     0.863     0.979     1.347     1.689     2.509
3296.001    195984         0    195991           0.240     0.584     0.721     0.863     0.977     1.332     1.707     2.703
3297.001    196038         0    196013           0.234     0.578     0.715     0.862     0.985     1.355     1.688     2.349
3298.001    195957         0    195985           0.238     0.574     0.706     0.839     0.928     1.210     1.542     2.161
3299.001    196013         0    196010           0.226     0.580     0.716     0.860     0.975     1.340     1.690     2.757
3300.001    196021         0    196018           0.234     0.577     0.710     0.843     0.935     1.218     1.578     2.478
3301.001    195989         0    195984           0.213     0.574     0.710     0.854     0.970     1.329     1.681     2.497
3302.001    195989         0    195996           0.230     0.575     0.709     0.845     0.943     1.271     1.624     2.076
3303.001    196014         0    196007           0.234     0.575     0.709     0.846     0.945     1.270     1.619     2.454
3304.001    196001         0    196012           0.239     0.578     0.712     0.851     0.956     1.284     1.644     2.249
3305.001    195988         0    195984           0.241     0.578     0.713     0.851     0.954     1.292     1.651     2.243
3306.001    195998         0    196000           0.232     0.577     0.713     0.856     0.967     1.333     1.742     2.720
3307.001    196040         0    196023           0.239     0.581     0.718     0.867     0.991     1.360     1.705     2.898
3308.001    195978         0    196000           0.228     0.573     0.709     0.850     0.963     1.331     1.680     2.417
3309.001    196006         0    195978           0.225     0.580     0.720     0.876     1.023     1.418     3.011    28.541
3310.001    196007         0    196030           0.231     0.577     0.716     0.866     0.996     1.377     1.731     2.523
3311.001    195998         0    196002           0.232     0.574     0.705     0.837     0.925     1.190     1.522     2.499
3312.001    195996         0    195998           0.231     0.579     0.715     0.857     0.968     1.331     1.680     2.236
3313.001    195997         0    195998           0.233     0.575     0.708     0.842     0.932     1.218     1.553     2.372
3314.001    196008         0    195992           0.232     0.577     0.715     0.861     0.986     1.362     1.690     2.826
3315.001    196007         0    195997           0.232     0.581     0.716     0.856     0.962     1.281     1.621     2.542
3316.001    196012         0    196012           0.227     0.579     0.719     0.871     1.011     1.395     1.737     2.820
3317.001    195997         0    195995           0.233     0.578     0.713     0.851     0.955     1.281     1.627     2.302
3318.001    196005         0    196003           0.231     0.578     0.718     0.878     1.034     1.441     1.820     2.800
3319.001    195990         0    196000           0.241     0.581     0.721     0.877     1.025     1.421     1.785     2.619
3320.001    196001         0    196012           0.233     0.573     0.705     0.837     0.925     1.191     1.508     2.122
3321.001    195998         0    196001           0.243     0.573     0.707     0.843     0.941     1.260     1.606     2.468
3322.001    196024         0    195995           0.234     0.579     0.715     0.855     0.958     1.307     1.672     2.703
3323.001    195995         0    196003           0.234     0.575     0.710     0.848     0.951     1.290     1.648     2.355
3324.001    195982         0    196004           0.227     0.580     0.715     0.855     0.960     1.297     1.652     2.398
3325.001    196013         0    196003           0.234     0.569     0.700     0.836     0.923     1.184     1.517     2.245
3326.001    195995         0    195996           0.244     0.578     0.713     0.850     0.950     1.257     1.624     2.486
3327.001    195993         0    196006           0.230     0.580     0.715     0.855     0.964     1.317     1.675     2.421
3328.001    196004         0    195992           0.245     0.572     0.707     0.844     0.941     1.254     1.610     2.281
3329.001    196012         0    196017           0.240     0.575     0.711     0.851     0.960     1.334     2.355     4.301
3330.001    196005         0    195998           0.233     0.585     0.724     0.879     1.025     1.409     1.747     2.490
3331.001    196005         0    196003           0.236     0.579     0.713     0.848     0.946     1.249     1.598     2.286
3332.001    196003         0    196007           0.239     0.573     0.707     0.845     0.947     1.271     1.624     2.144
3333.001    195978         0    195980           0.233     0.582     0.718     0.860     0.969     1.311     1.658     2.785
3334.001    196028         0    196020           0.230     0.584     0.721     0.866     0.978     1.328     1.727     2.656
3335.001    195991         0    195993           0.229     0.579     0.721     0.883     1.047     1.447     1.869     3.222
3336.002    196004         0    196006           0.235     0.581     0.717     0.863     0.979     1.340     1.688     2.441
3337.002    195987         0    195998           0.234     0.573     0.708     0.848     0.954     1.308     1.661     3.777
3338.001    196014         0    196003           0.229     0.575     0.709     0.845     0.942     1.252     1.612     2.404
3339.001    195992         0    196010           0.227     0.575     0.707     0.842     0.937     1.244     1.582     2.372
3340.001    196010         0    195988           0.242     0.577     0.712     0.853     0.962     1.326     1.756     2.603
3341.001    196025         0    196024           0.238     0.579     0.713     0.850     0.950     1.278     1.664     2.314
3342.001    195985         0    195987           0.224     0.574     0.706     0.843     0.938     1.244     1.589     2.212
3343.001    195971         0    195974           0.235     0.579     0.713     0.851     0.955     1.285     1.649     2.497
3344.001    196028         0    196021           0.239     0.584     0.725     0.884     1.038     1.425     1.791     2.638
3345.001    195993         0    195987           0.237     0.578     0.711     0.847     0.946     1.254     1.594     2.372
3346.001    196024         0    196020           0.237     0.583     0.721     0.870     0.999     1.371     1.734     3.391
3347.001    195986         0    196010           0.232     0.585     0.726     0.883     1.031     1.426     1.806     3.193
3348.001    196014         0    196006           0.230     0.570     0.701     0.833     0.921     1.186     1.518     2.214
3349.001    195974         0    195982           0.238     0.579     0.715     0.860     0.979     1.359     1.746     2.779
3350.001    196017         0    195996           0.243     0.575     0.707     0.841     0.931     1.222     1.593     2.157
3351.001    196013         0    196012           0.242     0.580     0.715     0.862     0.985     1.365     1.718     2.757
3352.001    195986         0    196000           0.233     0.570     0.707     0.852     0.969     1.343     1.700     2.451
3353.001    196008         0    195990           0.223     0.579     0.717     0.863     0.983     1.352     1.707     2.507
3354.001    195990         0    196015           0.231     0.581     0.718     0.861     0.972     1.327     1.663     2.388
3355.001    196009         0    196005           0.232     0.577     0.713     0.856     0.970     1.340     1.703     2.781
3356.001    196011         0    196007           0.230     0.572     0.709     0.856     0.978     1.438     5.038     7.352
3357.001    195995         0    196007           0.218     0.566     0.696     0.830     0.918     1.181     1.516     1.939
3358.001    196006         0    195992           0.230     0.573     0.709     0.854     0.967     1.331     1.665     2.286
3359.001    195991         0    196006           0.228     0.572     0.705     0.841     0.935     1.241     2.218     4.686
3360.001    196001         0    195996           0.231     0.570     0.706     0.850     0.960     1.319     1.809     3.355
3361.001    196003         0    195986           0.223     0.572     0.708     0.849     0.953     1.287     1.637     2.398
3362.001    195993         0    196011           0.222     0.572     0.705     0.844     0.943     1.270     1.652     2.355
3363.001    196033         0    196028           0.211     0.568     0.704     0.848     0.958     1.324     1.669     2.574
3364.001    195979         0    195978           0.238     0.566     0.695     0.824     0.907     1.143     1.466     2.318
3365.001    195994         0    196001           0.235     0.572     0.710     0.857     0.980     1.369     1.713     2.249
3366.001    195997         0    195998           0.236     0.568     0.705     0.849     0.962     1.350     1.915     3.871
3367.001    196023         0    196028           0.233     0.568     0.697     0.828     0.912     1.144     1.446     2.053
3368.001    195987         0    195982           0.231     0.569     0.703     0.843     0.946     1.295     1.646     2.359
3369.001    196016         0    196006           0.219     0.571     0.709     0.856     0.983     1.397     3.207    29.802
3370.001    195981         0    195999           0.238     0.563     0.696     0.834     0.930     1.267     1.654     2.490
3371.001    196004         0    195988           0.234     0.568     0.703     0.848     0.961     1.328     1.675     2.542
3372.001    196029         0    196018           0.231     0.572     0.705     0.843     0.941     1.271     1.618     2.415
3373.001    195981         0    195991           0.235     0.578     0.714     0.863     0.989     1.373     1.747     2.894
3374.001    196009         0    196010           0.231     0.573     0.707     0.845     0.946     1.280     1.614     2.439
3375.001    196012         0    196014           0.246     0.570     0.702     0.837     0.927     1.225     1.571     2.324
3376.001    196013         0    195990           0.232     0.575     0.709     0.847     0.948     1.289     1.655     2.329
3377.001    195964         0    195984           0.229     0.575     0.713     0.856     0.969     1.334     1.677     2.157
3378.001    196020         0    196025           0.231     0.572     0.710     0.859     0.983     1.374     1.736     2.871
3379.001    195994         0    195988           0.220     0.570     0.705     0.845     0.952     1.328     1.882     3.856
3380.001    195997         0    195999           0.239     0.571     0.705     0.840     0.935     1.251     1.608     2.675
3381.001    196013         0    195999           0.242     0.565     0.701     0.846     0.959     1.345     1.710     2.511
3382.001    196008         0    196016           0.236     0.563     0.695     0.834     0.931     1.252     1.605     2.296
3383.001    195990         0    196001           0.237     0.562     0.696     0.838     0.942     1.295     1.648     2.247
3384.001    196018         0    196010           0.236     0.568     0.701     0.841     0.942     1.292     1.644     2.341
3385.001    195987         0    195987           0.232     0.574     0.710     0.852     0.961     1.331     2.431     4.755
3386.001    196010         0    196001           0.238     0.570     0.700     0.831     0.913     1.133     1.411     2.238
3387.001    195992         0    196004           0.220     0.564     0.692     0.821     0.902     1.120     1.402     2.048
3388.001    196004         0    195995           0.234     0.571     0.705     0.843     0.942     1.291     1.631     2.398
3389.001    195983         0    195993           0.235     0.573     0.710     0.850     0.959     1.319     1.850     3.224
3390.001    196012         0    196012           0.231     0.571     0.703     0.839     0.935     1.248     1.615     2.238
3391.001    196008         0    196017           0.230     0.566     0.697     0.833     0.924     1.218     1.577     2.202
3392.001    195999         0    195996           0.237     0.569     0.701     0.837     0.929     1.243     1.607     2.281
3393.001    196012         0    196017           0.226     0.571     0.703     0.837     0.925     1.220     1.579     2.359
3394.001    196002         0    195988           0.234     0.562     0.693     0.828     0.919     1.234     1.594     2.429
3395.001    196001         0    196005           0.232     0.567     0.699     0.837     0.932     1.266     1.608     2.249
3396.001    196006         0    195985           0.241     0.573     0.707     0.845     0.943     1.267     1.617     3.109
3397.001    196000         0    196019           0.238     0.570     0.699     0.827     0.910     1.129     1.395     2.009
3398.001    195990         0    196001           0.237     0.573     0.708     0.850     0.959     1.312     1.667     2.812
3399.001    196000         0    195984           0.233     0.565     0.692     0.822     0.905     1.135     1.444     1.971
3400.001    196054         0    196018           0.235     0.573     0.705     0.836     0.924     1.190     1.536     2.263
3401.001    195952         0    195991           0.216     0.571     0.705     0.846     0.951     1.310     1.678     2.847
3402.001    196008         0    196002           0.238     0.568     0.700     0.837     0.932     1.260     1.655     2.408
3403.001    195988         0    196003           0.231     0.568     0.701     0.843     0.946     1.298     1.638     2.249
3404.001    196009         0    196001           0.232     0.565     0.695     0.828     0.914     1.162     1.469     2.226
3405.001    195998         0    196002           0.236     0.571     0.702     0.834     0.920     1.178     1.539     2.124
3406.001    196005         0    196006           0.232     0.572     0.706     0.845     0.944     1.272     1.628     2.384
3407.001    196003         0    196014           0.236     0.560     0.688     0.819     0.906     1.170     1.521     2.234
3408.001    195992         0    195989           0.235     0.568     0.697     0.828     0.913     1.152     1.445     2.177
3409.001    196039         0    196016           0.234     0.564     0.695     0.829     0.918     1.187     1.524     2.263
3410.001    195968         0    195983           0.228     0.571     0.706     0.846     0.947     1.270     1.627     2.374
3411.001    196004         0    196007           0.229     0.571     0.708     0.855     0.975     1.364     1.760     2.560
3412.001    196006         0    196004           0.230     0.567     0.697     0.831     0.922     1.226     1.572     2.195
3413.001    196006         0    196007           0.240     0.575     0.708     0.844     0.943     1.284     1.641     2.035
3414.001    195994         0    195994           0.234     0.568     0.701     0.839     0.937     1.276     1.694     2.494
3415.001    196010         0    196003           0.233     0.567     0.695     0.822     0.902     1.103     1.368     1.834
3416.001    195993         0    196001           0.214     0.571     0.701     0.831     0.916     1.176     1.511     2.078
3417.001    196003         0    195995           0.232     0.570     0.703     0.839     0.932     1.251     1.610     2.406
3418.001    196011         0    195997           0.241     0.562     0.692     0.828     0.915     1.207     1.568     2.214
3419.001    195981         0    195998           0.237     0.566     0.695     0.826     0.910     1.154     1.465     2.261
3420.001    196000         0    195995           0.221     0.568     0.699     0.835     0.927     1.246     1.589     2.243
3421.001    196041         0    196032           0.231     0.573     0.709     0.851     0.963     1.334     1.675     2.386
3422.001    195965         0    195985           0.238     0.571     0.703     0.835     0.923     1.207     1.560     2.441
3423.001    196017         0    196005           0.234     0.572     0.703     0.839     0.932     1.244     1.574     2.292
3424.001    195996         0    196011           0.226     0.568     0.698     0.831     0.916     1.180     1.511     2.288
3425.001    196005         0    195993           0.234     0.568     0.699     0.833     0.921     1.187     1.514     2.267
3426.001    195993         0    195996           0.232     0.570     0.700     0.827     0.906     1.115     1.359     1.756
3427.001    196014         0    196010           0.232     0.569     0.698     0.827     0.909     1.133     1.403     1.991
3428.001    195992         0    195999           0.241     0.568     0.698     0.831     0.918     1.179     1.507     2.183
3429.001    195998         0    195985           0.235     0.568     0.705     0.854     0.983     1.384     4.452    30.278
3430.001    196007         0    196019           0.230     0.564     0.697     0.833     0.925     1.232     1.583     2.228
3431.001    196021         0    195997           0.235     0.567     0.696     0.826     0.910     1.152     1.467     2.318
3432.001    195968         0    195989           0.238     0.566     0.695     0.826     0.910     1.142     1.428     1.989
3433.001    196023         0    196012           0.241     0.566     0.698     0.836     0.929     1.227     1.571     2.261
3434.001    195980         0    196003           0.231     0.570     0.702     0.837     0.925     1.200     1.535     2.251
3435.001    196006         0    196009           0.230     0.572     0.702     0.833     0.916     1.150     1.594     3.228
3436.001    196006         0    195999           0.238     0.569     0.698     0.827     0.910     1.125     1.375     1.930
3437.001    196011         0    195998           0.233     0.568     0.697     0.826     0.907     1.129     1.415     2.074
3438.001    196010         0    195993           0.227     0.566     0.696     0.827     0.913     1.167     1.506     2.601
3439.001    195986         0    196020           0.232     0.571     0.701     0.836     0.923     1.210     1.583     2.355
3440.001    196005         0    195991           0.232     0.565     0.693     0.822     0.905     1.141     1.460     2.093
3441.001    195986         0    195997           0.236     0.577     0.714     0.862     0.989     1.377     1.704     2.400
3442.001    196030         0    196016           0.238     0.573     0.705     0.842     0.939     1.253     1.604     2.341
3443.001    196001         0    196009           0.230     0.571     0.700     0.831     0.915     1.155     1.440     2.241
3444.001    195999         0    195983           0.229     0.569     0.698     0.827     0.911     1.141     1.451     2.039
3445.001    195985         0    195998           0.234     0.565     0.693     0.822     0.903     1.102     1.369     2.238
3446.001    196006         0    196001           0.225     0.572     0.703     0.838     0.930     1.231     1.604     2.333
3447.001    196016         0    196008           0.237     0.564     0.692     0.820     0.903     1.133     1.435     2.296
3448.001    195984         0    195998           0.238     0.567     0.696     0.826     0.912     1.161     1.504     1.958
3449.001    196031         0    196030           0.226     0.566     0.695     0.826     0.913     1.160     1.478     2.439
3450.001    195971         0    195975           0.238     0.573     0.705     0.844     0.942     1.269     1.624     2.431
3451.001    196013         0    195999           0.223     0.577     0.709     0.847     0.947     1.280     1.636     2.580
3452.001    195998         0    196005           0.230     0.565     0.696     0.828     0.915     1.175     1.505     2.308
3453.001    196004         0    195988           0.242     0.570     0.701     0.836     0.926     1.218     1.571     2.359
3454.001    196020         0    196018           0.236     0.569     0.700     0.834     0.920     1.164     1.474     2.136
3455.001    195980         0    196000           0.233     0.565     0.693     0.823     0.906     1.135     1.423     1.872
3456.001    196011         0    195997           0.237     0.566     0.696     0.827     0.914     1.174     1.581     3.074
3457.001    196005         0    196010           0.237     0.574     0.712     0.864     1.000     1.406     2.072     4.710
3458.001    195984         0    196000           0.220     0.568     0.702     0.842     0.943     1.265     1.624     2.511
3459.001    195998         0    195997           0.232     0.572     0.703     0.836     0.922     1.182     1.796     3.777
3460.001    195994         0    195999           0.234     0.574     0.709     0.852     0.959     1.349     2.550     3.830
3461.001    196027         0    196005           0.233     0.580     0.713     0.849     0.948     1.266     1.619     2.507
3462.001    196002         0    196010           0.232     0.565     0.693     0.821     0.899     1.097     1.351     1.723
3463.001    196014         0    195993           0.232     0.571     0.701     0.831     0.913     1.152     1.471     2.275
3464.001    195973         0    195998           0.229     0.566     0.694     0.824     0.908     1.149     1.452     1.892
3465.001    196030         0    196026           0.242     0.565     0.694     0.824     0.907     1.138     1.433     1.905
3466.001    195984         0    195990           0.239     0.571     0.701     0.831     0.914     1.144     1.416     2.449
3467.001    196001         0    195998           0.229     0.564     0.691     0.818     0.897     1.095     1.349     1.910
3468.001    196017         0    196010           0.234     0.570     0.698     0.828     0.908     1.119     1.355     2.019
3469.001    195994         0    195999           0.237     0.572     0.702     0.830     0.912     1.127     1.382     2.261
3470.001    195989         0    195991           0.236     0.567     0.697     0.828     0.915     1.176     1.505     2.386
3471.001    195990         0    196001           0.226     0.568     0.697     0.828     0.912     1.152     1.478     2.114
3472.001    196033         0    196015           0.240     0.566     0.695     0.824     0.906     1.140     1.452     2.195
3473.001    195986         0    195979           0.228     0.565     0.695     0.827     0.913     1.171     1.508     2.028
3474.001    195997         0    196019           0.240     0.572     0.705     0.840     0.932     1.230     1.575     2.382
3475.001    195999         0    195994           0.226     0.569     0.698     0.830     0.916     1.162     1.464     4.170
3476.001    196009         0    196014           0.239     0.568     0.698     0.828     0.912     1.140     1.424     2.126
3477.001    195991         0    195987           0.232     0.570     0.700     0.829     0.911     1.124     1.376     1.891
3478.001    196021         0    196008           0.238     0.572     0.702     0.832     0.915     1.156     1.467     2.339
3479.001    195992         0    195994           0.228     0.570     0.700     0.833     0.918     1.166     1.467     2.126
3480.001    196020         0    196022           0.231     0.571     0.702     0.836     0.922     1.194     1.508     2.263
3481.001    195981         0    195984           0.230     0.566     0.696     0.830     0.920     1.199     1.559     2.183
3482.001    195999         0    196010           0.237     0.571     0.703     0.838     0.928     1.212     1.563     2.154
3483.001    195996         0    195991           0.233     0.569     0.700     0.835     0.923     1.189     1.498     2.521
3484.001    196017         0    196014           0.233     0.561     0.690     0.821     0.905     1.138     1.738     2.974
3485.001    195988         0    195986           0.232     0.569     0.707     0.855     0.972     1.324     1.719     2.615
3486.001    196035         0    196016           0.227     0.571     0.702     0.835     0.921     1.185     1.520     2.470
3487.001    195968         0    195993           0.230     0.573     0.708     0.847     0.950     1.280     1.667     3.092
3488.001    196006         0    196009           0.237     0.568     0.698     0.829     0.915     1.175     1.517     2.236
3489.001    195980         0    195988           0.228     0.568     0.696     0.825     0.907     1.135     3.844    30.786
3490.001    196014         0    196002           0.237     0.564     0.692     0.823     0.907     1.151     1.467     4.069
3491.001    195998         0    195993           0.238     0.572     0.704     0.837     0.928     1.217     2.292     3.318
3492.001    196036         0    196022           0.222     0.572     0.703     0.833     0.918     1.157     1.473     2.130
3493.001    195979         0    195999           0.234     0.577     0.709     0.844     0.940     1.251     1.593     2.067
3494.001    196015         0    196013           0.239     0.572     0.702     0.834     0.916     1.169     1.502     2.343
3495.001    196030         0    195984           0.232     0.569     0.698     0.830     0.913     1.164     1.505     3.279
3496.001    195967         0    196012           0.235     0.567     0.696     0.828     0.912     1.167     1.522     2.537
3497.001    195992         0    196003           0.229     0.567     0.695     0.822     0.901     1.097     1.341     1.796
3498.001    196019         0    196011           0.240     0.574     0.703     0.833     0.918     1.161     1.494     2.429
3499.001    195990         0    195991           0.220     0.571     0.700     0.829     0.911     1.132     1.404     1.985
3500.001    196001         0    195979           0.226     0.576     0.707     0.838     0.927     1.193     1.521     2.345
3501.001    196000         0    196025           0.233     0.569     0.698     0.826     0.906     1.114     1.386     3.846
3502.001    195990         0    195990           0.234     0.571     0.700     0.830     0.914     1.139     1.403     2.349
3503.001    196004         0    196003           0.230     0.575     0.707     0.840     0.927     1.203     1.546     2.540
3504.001    196018         0    196010           0.236     0.571     0.704     0.844     0.944     1.269     1.635     4.575
3505.001    196004         0    195996           0.231     0.574     0.705     0.837     0.924     1.176     1.474     2.503
3506.001    196009         0    196008           0.241     0.570     0.700     0.830     0.914     1.149     1.439     2.327
3507.001    195976         0    195987           0.237     0.562     0.691     0.822     0.904     1.105     1.359     2.355
3508.002    196003         0    196014           0.234     0.574     0.705     0.838     0.923     1.163     1.465     2.441
3509.001    196022         0    196009           0.236     0.573     0.706     0.843     0.939     1.242     1.567     2.118
3510.001    195993         0    195984           0.227     0.569     0.702     0.837     0.928     1.193     1.519     2.277
3511.001    196002         0    196015           0.224     0.565     0.694     0.825     0.909     1.143     1.418     2.140
3512.001    196000         0    195993           0.241     0.567     0.696     0.827     0.915     1.178     1.519     2.466
3513.001    195994         0    196000           0.224     0.568     0.698     0.830     0.916     1.190     1.525     2.431
3514.001    195997         0    196000           0.228     0.573     0.704     0.838     0.927     1.223     1.587     2.400
3515.001    196006         0    195999           0.228     0.569     0.699     0.829     0.914     1.162     1.468     2.320
3516.001    196004         0    196007           0.232     0.570     0.701     0.834     0.922     1.192     1.521     2.359
3517.001    196003         0    196004           0.229     0.572     0.702     0.832     0.916     1.164     1.485     2.218
3518.001    196035         0    196000           0.237     0.573     0.703     0.831     0.911     1.141     1.435     2.029
3519.001    195977         0    196007           0.238     0.572     0.703     0.838     0.926     1.217     1.599     2.222
3520.001    195996         0    196000           0.238     0.569     0.697     0.823     0.903     1.101     1.351     1.833
3521.001    195999         0    196000           0.231     0.575     0.705     0.834     0.918     1.154     1.468     3.891
3522.001    195986         0    195998           0.239     0.567     0.695     0.825     0.908     1.136     1.449     1.977
3523.001    196020         0    195999           0.228     0.569     0.696     0.824     0.907     1.114     1.363     1.884
3524.001    196003         0    196014           0.228     0.570     0.698     0.827     0.910     1.136     1.412     2.061
3525.001    195995         0    196002           0.236     0.569     0.697     0.828     0.910     1.136     1.414     2.222
3526.001    196002         0    196007           0.233     0.564     0.691     0.818     0.899     1.097     1.348     1.823
3527.001    196000         0    195995           0.238     0.566     0.693     0.820     0.898     1.093     1.335     2.167
3528.001    196036         0    196001           0.225     0.568     0.697     0.829     0.916     1.177     1.524     2.302
3529.001    195972         0    196000           0.244     0.571     0.703     0.841     0.938     1.265     1.623     3.447
3530.001    195982         0    195978           0.223     0.572     0.703     0.835     0.920     1.177     1.494     2.406
3531.001    196021         0    196022           0.232     0.570     0.699     0.827     0.908     1.119     1.367     3.138
3532.001    196001         0    196002           0.227     0.571     0.701     0.832     0.918     1.153     1.485     2.949
3533.001    195994         0    196004           0.235     0.566     0.694     0.826     0.911     1.146     1.439     1.963
3534.001    196004         0    195992           0.232     0.573     0.705     0.837     0.926     1.193     1.526     2.261
3535.001    195979         0    195997           0.241     0.566     0.700     0.845     0.952     1.393     2.613     3.723
3536.001    196021         0    196011           0.238     0.571     0.701     0.835     0.922     1.178     1.485     2.232
3537.001    196034         0    196017           0.237     0.568     0.696     0.824     0.907     1.123     1.433     2.257
3538.001    195969         0    195984           0.235     0.570     0.698     0.825     0.904     1.105     1.356     2.066
3539.001    196008         0    196001           0.224     0.574     0.702     0.832     0.914     1.146     1.423     2.324
3540.001    196016         0    196011           0.237     0.577     0.707     0.837     0.920     1.161     1.447     2.077
3541.001    195999         0    196013           0.244     0.576     0.707     0.843     0.937     1.271     2.388     4.592
3542.001    195982         0    195977           0.235     0.567     0.697     0.826     0.908     1.118     1.396     2.134
3543.001    195994         0    195997           0.231     0.577     0.708     0.838     0.925     1.194     1.548     2.318
3544.001    196030         0    196021           0.240     0.573     0.702     0.833     0.916     1.155     1.497     5.001
3545.001    195997         0    196002           0.229     0.573     0.704     0.835     0.919     1.166     1.492     2.763
3546.001    195995         0    195996           0.234     0.568     0.697     0.829     0.914     1.180     1.536     2.404
3547.001    195975         0    195980           0.235     0.574     0.708     0.848     0.952     1.290     1.663     2.265
3548.001    196021         0    196016           0.229     0.567     0.695     0.822     0.902     1.103     1.360     2.245
3549.001    196010         0    196016           0.239     0.575     0.708     0.840     0.931     1.231     3.858    30.704
3550.001    195980         0    195984           0.246     0.577     0.708     0.841     0.930     1.211     1.576     2.466
3551.001    196005         0    195999           0.226     0.576     0.707     0.839     0.926     1.189     1.512     2.345
3552.001    196029         0    196010           0.241     0.573     0.703     0.834     0.919     1.162     1.447     1.905
3553.001    195989         0    196008           0.239     0.570     0.702     0.836     0.925     1.206     1.536     2.388
3554.001    196000         0    195991           0.235     0.572     0.701     0.830     0.913     1.137     1.385     2.059
3555.001    195999         0    196010           0.227     0.568     0.699     0.832     0.919     1.183     1.512     2.300
3556.001    196010         0    196008           0.241     0.568     0.696     0.825     0.907     1.118     1.374     2.056
3557.001    196009         0    196002           0.221     0.570     0.701     0.834     0.918     1.152     1.423     2.024
3558.001    195995         0    195994           0.236     0.573     0.705     0.840     0.928     1.202     1.523     2.666
3559.001    196007         0    196001           0.227     0.570     0.700     0.834     0.920     1.178     1.481     2.314
3560.001    195988         0    195991           0.230     0.576     0.708     0.840     0.926     1.179     2.267     3.383
3561.001    196020         0    196017           0.203     0.575     0.709     0.844     0.940     1.240     1.619     3.756
3562.001    195995         0    196001           0.232     0.567     0.697     0.831     0.921     1.198     1.556     2.167
3563.001    195991         0    196007           0.238     0.565     0.693     0.820     0.900     1.104     1.356     2.114
3564.001    196019         0    195996           0.239     0.568     0.696     0.825     0.905     1.110     1.366     1.815
3565.001    195975         0    195988           0.237     0.570     0.702     0.837     0.928     1.230     1.592     2.769
3566.001    196008         0    196011           0.244     0.567     0.695     0.823     0.905     1.111     1.360     1.810
3567.001    195997         0    195991           0.230     0.572     0.702     0.833     0.920     1.183     1.521     2.429
3568.001    196003         0    196002           0.232     0.573     0.701     0.829     0.911     1.121     1.354     1.890
3569.001    195991         0    195998           0.238     0.570     0.698     0.827     0.908     1.122     1.386     3.781
3570.001    196019         0    196013           0.228     0.576     0.707     0.837     0.922     1.175     1.511     2.257
3571.001    195999         0    196001           0.230     0.574     0.706     0.837     0.921     1.155     1.443     2.116
3572.001    196001         0    196007           0.238     0.573     0.703     0.833     0.918     1.160     1.473     2.302
3573.001    196016         0    196000           0.229     0.569     0.699     0.831     0.918     1.167     1.463     2.308
3574.001    195990         0    196003           0.243     0.578     0.708     0.839     0.925     1.185     1.498     2.849
3575.002    196006         0    196004           0.215     0.578     0.711     0.851     0.954     1.275     1.629     3.197
3576.001    195996         0    195989           0.234     0.581     0.717     0.863     0.980     1.352     1.707     2.247
3577.001    196020         0    195996           0.214     0.572     0.704     0.839     0.930     1.228     1.586     2.433
3578.001    195957         0    195999           0.235     0.571     0.700     0.831     0.916     1.160     1.476     2.167
3579.001    196022         0    196003           0.231     0.571     0.699     0.829     0.910     1.121     1.391     2.357
3580.001    196008         0    196008           0.235     0.574     0.708     0.845     0.944     1.255     1.603     2.537
3581.001    196006         0    196013           0.234     0.575     0.707     0.841     0.930     1.200     1.526     2.339
3582.001    196000         0    195998           0.239     0.573     0.702     0.831     0.913     1.125     1.361     1.905
3583.001    195992         0    196002           0.237     0.575     0.708     0.843     0.934     1.201     1.508     2.376
3584.001    196037         0    196004           0.232     0.571     0.702     0.836     0.925     1.194     1.522     4.192
3585.001    195968         0    195992           0.230     0.581     0.715     0.851     0.950     1.251     2.259     4.706
3586.001    195995         0    195989           0.235     0.573     0.704     0.836     0.925     1.179     1.491     2.480
3587.001    196018         0    196021           0.227     0.575     0.706     0.838     0.926     1.194     1.521     2.124
3588.001    196002         0    195993           0.250     0.568     0.697     0.827     0.910     1.139     1.440     2.255
3589.001    196001         0    196001           0.239     0.572     0.701     0.831     0.914     1.146     1.437     2.045
3590.001    196007         0    196008           0.237     0.571     0.701     0.834     0.924     1.196     1.531     2.154
3591.001    196010         0    196007           0.224     0.572     0.701     0.833     0.917     1.164     1.452     2.161
3592.001    195977         0    195990           0.227     0.574     0.706     0.839     0.925     1.200     1.522     2.515
3593.001    196003         0    196015           0.236     0.570     0.700     0.829     0.911     1.157     1.462     2.357
3594.001    196017         0    196005           0.232     0.574     0.703     0.836     0.922     1.185     1.523     2.320
3595.001    195994         0    195995           0.238     0.568     0.697     0.825     0.907     1.135     1.418     2.267
3596.001    196001         0    196006           0.228     0.562     0.691     0.821     0.904     1.145     1.479     2.462
3597.001    196001         0    195991           0.234     0.572     0.700     0.829     0.910     1.138     1.420     2.034
3598.001    196007         0    196011           0.230     0.568     0.697     0.825     0.907     1.112     1.362     2.008
3599.001    195986         0    195987           0.243     0.571     0.701     0.834     0.922     1.198     1.550     2.169
3600.001    195999         0    196003           0.225     0.574     0.703     0.831     0.912     1.116     1.372     2.054
3601.001    196005         0    195999           0.207     0.571     0.701     0.833     0.919     1.164     1.471     4.366
3602.001    196026         0    196003           0.233     0.564     0.692     0.820     0.902     1.129     1.427     2.286
3603.001    195958         0    195994           0.233     0.569     0.699     0.828     0.910     1.128     1.390     3.863
3604.001    196021         0    196017           0.230     0.568     0.698     0.829     0.912     1.133     1.384     1.975
3605.001    196002         0    195991           0.238     0.577     0.706     0.837     0.921     1.158     1.981     3.131
3606.001    196002         0    196016           0.236     0.566     0.695     0.827     0.911     1.144     1.426     2.365
3607.001    195984         0    195978           0.241     0.570     0.705     0.844     0.939     1.244     1.920     3.592
3608.001    196035         0    196023           0.238     0.568     0.700     0.835     0.923     1.190     1.556     3.439
3609.001    195996         0    195992           0.235     0.572     0.705     0.839     0.929     1.197     3.527    29.442
3610.001    196001         0    196014           0.238     0.572     0.707     0.843     0.934     1.203     1.496     2.230
3611.001    196013         0    195990           0.239     0.571     0.702     0.838     0.927     1.212     1.567     2.226
3612.001    196017         0    196018           0.236     0.571     0.699     0.828     0.911     1.126     1.381     1.876
3613.001    195975         0    195991           0.240     0.577     0.710     0.849     0.952     1.283     1.638     2.316
3614.001    195986         0    195992           0.223     0.577     0.708     0.837     0.921     1.164     1.456     2.277
3615.001    196016         0    196018           0.237     0.570     0.700     0.834     0.922     1.184     1.492     2.329
3616.001    195982         0    195987           0.240     0.574     0.706     0.839     0.927     1.175     1.469     2.154
3617.001    196039         0    196017           0.233     0.575     0.706     0.839     0.925     1.183     1.480     2.402
3618.001    195991         0    195995           0.229     0.571     0.699     0.827     0.911     1.124     1.385     1.855
3619.001    195992         0    196003           0.245     0.570     0.700     0.829     0.913     1.134     1.406     1.943
3620.001    196002         0    195998           0.226     0.571     0.701     0.834     0.924     1.212     1.563     2.294
3621.001    195977         0    195985           0.231     0.571     0.699     0.829     0.910     1.126     1.396     1.917
3622.001    196009         0    196002           0.236     0.571     0.702     0.835     0.924     1.203     1.541     2.275
3623.001    196026         0    196013           0.241     0.572     0.700     0.829     0.912     1.132     1.398     2.005
3624.001    195991         0    195997           0.234     0.571     0.702     0.834     0.920     1.168     1.470     4.538
3625.001    196024         0    196015           0.237     0.565     0.695     0.828     0.917     1.193     1.517     2.431
3626.001    195975         0    195989           0.242     0.567     0.697     0.826     0.909     1.137     1.416     2.116
3627.001    196003         0    196009           0.229     0.568     0.696     0.826     0.910     1.135     1.638     3.408
3628.001    196014         0    196003           0.240     0.574     0.703     0.832     0.914     1.128     1.365     1.805
3629.001    196009         0    196008           0.232     0.571     0.701     0.834     0.924     1.184     1.500     2.570
3630.001    195993         0    196005           0.243     0.569     0.701     0.836     0.926     1.204     1.521     2.406
3631.001    196001         0    195994           0.242     0.570     0.701     0.837     0.929     1.203     1.526     2.353
3632.001    195990         0    196002           0.237     0.573     0.705     0.838     0.924     1.184     1.761     3.906
3633.001    196007         0    196003           0.226     0.572     0.704     0.839     0.929     1.184     1.479     2.800
3634.001    195983         0    195992           0.228     0.571     0.703     0.836     0.923     1.166     1.453     2.189
3635.001    196032         0    196012           0.244     0.569     0.700     0.833     0.921     1.153     1.417     2.072
3636.001    195992         0    195996           0.238     0.573     0.706     0.838     0.924     1.171     1.444     2.335
3637.001    196004         0    196008           0.228     0.572     0.703     0.832     0.916     1.155     1.437     2.036
3638.001    196006         0    196003           0.236     0.567     0.696     0.826     0.908     1.121     1.385     1.840
3639.001    195982         0    195997           0.237     0.574     0.706     0.840     0.931     1.210     1.551     2.456
3640.001    196034         0    196013           0.236     0.577     0.712     0.854     0.958     1.270     1.626     2.372
3641.001    195986         0    196004           0.226     0.573     0.702     0.833     0.917     1.149     1.410     2.122
3642.001    195994         0    195989           0.234     0.571     0.700     0.828     0.912     1.126     1.367     1.936
3643.001    195991         0    195991           0.238     0.573     0.702     0.834     0.920     1.162     1.453     2.120
3644.001    196006         0    196010           0.236     0.579     0.708     0.839     0.924     1.167     1.462     2.359
3645.001    196014         0    196002           0.225     0.574     0.704     0.836     0.922     1.164     1.454     2.273
3646.001    195994         0    195994           0.242     0.575     0.706     0.838     0.924     1.183     1.498     2.408
3647.001    195993         0    196001           0.235     0.574     0.703     0.833     0.916     1.146     1.398     2.478
3648.001    196023         0    196006           0.232     0.573     0.702     0.831     0.912     1.139     1.397     2.398
3649.001    195991         0    196001           0.234     0.572     0.702     0.834     0.921     1.169     1.464     2.798
3650.001    195978         0    195981           0.229     0.571     0.701     0.832     0.916     1.156     1.444     2.341
3651.001    196021         0    196036           0.231     0.574     0.708     0.847     0.947     1.260     1.591     2.314
3652.001    196005         0    195993           0.222     0.570     0.701     0.835     0.921     1.163     1.449     2.351
3653.001    195991         0    195987           0.230     0.576     0.706     0.836     0.921     1.151     1.408     1.949
3654.001    196010         0    196010           0.243     0.572     0.701     0.835     0.920     1.177     1.504     3.371
3655.001    196007         0    196004           0.241     0.577     0.710     0.841     0.927     1.158     1.418     2.286
3656.001    196003         0    196011           0.235     0.566     0.696     0.829     0.915     1.150     1.405     1.832
3657.001    195989         0    195988           0.232     0.574     0.707     0.841     0.932     1.207     1.532     2.474
3658.001    196006         0    196002           0.237     0.572     0.705     0.843     0.936     1.214     2.114     3.160
3659.001    196001         0    195996           0.230     0.571     0.703     0.837     0.923     1.168     1.455     2.068
3660.001    196027         0    196018           0.242     0.578     0.713     0.855     0.963     1.324     2.380     3.344
3661.001    195992         0    196009           0.240     0.572     0.703     0.835     0.919     1.151     1.421     2.243
3662.001    195996         0    195989           0.240     0.578     0.709     0.842     0.930     1.202     1.512     2.159
3663.001    196003         0    196009           0.243     0.573     0.702     0.833     0.914     1.139     1.391     1.940
3664.001    195997         0    195993           0.242     0.568     0.697     0.828     0.913     1.141     1.411     1.878
3665.001    196020         0    196003           0.237     0.569     0.697     0.827     0.911     1.130     1.384     1.835
3666.001    195975         0    196000           0.241     0.573     0.703     0.835     0.920     1.156     1.414     2.320
3667.001    195999         0    196002           0.230     0.578     0.712     0.852     0.961     1.296     1.636     2.247
3668.001    196028         0    196000           0.215     0.580     0.711     0.844     0.933     1.194     1.492     2.341
3669.001    195969         0    195995           0.239     0.573     0.705     0.837     0.923     1.179     4.702    29.393
3670.001    196027         0    196008           0.237     0.572     0.702     0.833     0.917     1.150     1.405     1.957
3671.001    195998         0    195998           0.229     0.570     0.700     0.833     0.922     1.181     1.479     2.357
3672.001    196004         0    196018           0.223     0.569     0.699     0.830     0.916     1.161     1.459     2.294
3673.001    195999         0    195994           0.234     0.572     0.705     0.842     0.937     1.240     1.584     2.273
3674.001    195995         0    195998           0.221     0.570     0.701     0.831     0.917     1.145     1.394     1.903
3675.001    195985         0    195997           0.227     0.573     0.703     0.834     0.920     1.147     1.405     1.921
3676.001    196016         0    196012           0.239     0.579     0.714     0.857     0.968     1.305     1.660     2.652
3677.001    196008         0    196005           0.228     0.564     0.694     0.826     0.912     1.150     1.444     2.419
3678.001    196012         0    196005           0.236     0.569     0.698     0.833     0.920     1.192     1.498     2.458
3679.001    195996         0    195995           0.238     0.571     0.701     0.833     0.916     1.139     1.397     1.848
3680.001    195990         0    195998           0.225     0.572     0.702     0.833     0.917     1.139     1.379     2.040
3681.001    195994         0    195991           0.234     0.568     0.701     0.838     0.930     1.217     1.548     2.505
3682.001    196012         0    195997           0.239     0.575     0.706     0.839     0.927     1.175     1.461     2.140
3683.001    196043         0    196022           0.234     0.578     0.712     0.850     0.946     1.220     1.576     3.510
3684.001    195961         0    195990           0.243     0.578     0.713     0.854     0.956     1.257     1.645     2.482
3685.001    195995         0    196009           0.241     0.574     0.707     0.842     0.931     1.174     1.425     2.460
3686.001    196043         0    196009           0.245     0.567     0.696     0.829     0.914     1.161     1.961     3.365
3687.001    195975         0    196000           0.246     0.577     0.709     0.843     0.932     1.185     1.467     2.200
3688.001    195992         0    195982           0.244     0.575     0.707     0.836     0.920     1.149     1.401     1.907
3689.001    195992         0    196007           0.241     0.577     0.709     0.840     0.925     1.160     1.411     2.063
3690.001    196017         0    196009           0.238     0.574     0.705     0.838     0.924     1.163     1.426     1.966
3691.001    196004         0    195999           0.236     0.579     0.711     0.846     0.937     1.213     1.549     2.501
3692.001    195985         0    195983           0.236     0.572     0.702     0.835     0.922     1.162     1.465     2.417
3693.001    196020         0    196024           0.241     0.575     0.706     0.841     0.934     1.211     1.527     2.273
3694.001    195992         0    195996           0.231     0.570     0.699     0.830     0.913     1.139     1.403     1.921
3695.001    196020         0    196004           0.233     0.568     0.698     0.831     0.919     1.164     1.451     2.224
3696.001    195962         0    195986           0.229     0.573     0.705     0.840     0.933     1.213     1.547     2.388
3697.001    196013         0    196009           0.228     0.571     0.702     0.834     0.920     1.163     1.448     2.353
3698.001    196012         0    196004           0.227     0.572     0.702     0.833     0.917     1.142     1.403     2.406
3699.001    195989         0    196002           0.240     0.579     0.710     0.844     0.936     1.217     1.538     2.171
3700.001    196017         0    196004           0.233     0.570     0.701     0.834     0.923     1.177     1.489     2.114
3701.001    195995         0    196011           0.235     0.572     0.703     0.836     0.924     1.177     1.465     2.218
3702.001    196014         0    196000           0.232     0.579     0.712     0.848     0.944     1.232     1.564     2.060
3703.001    196012         0    196006           0.238     0.572     0.702     0.835     0.922     1.167     1.620     3.353
3704.001    196002         0    195998           0.234     0.573     0.704     0.840     0.935     1.219     1.552     2.286
3705.001    195981         0    195988           0.236     0.573     0.705     0.836     0.923     1.154     1.410     1.957
3706.001    196008         0    195999           0.228     0.572     0.704     0.840     0.927     1.178     1.455     2.017
3707.001    196005         0    196021           0.244     0.573     0.708     0.847     0.947     1.265     1.635     2.363
3708.001    196000         0    195993           0.222     0.568     0.702     0.841     0.935     1.204     1.498     2.070
3709.001    196010         0    196009           0.234     0.574     0.706     0.840     0.928     1.162     1.415     2.136
3710.001    195968         0    195977           0.239     0.571     0.710     0.858     0.973     1.329     2.001     3.185
3711.001    196026         0    196020           0.240     0.573     0.703     0.835     0.919     1.150     1.392     1.791
3712.001    195990         0    195997           0.241     0.566     0.696     0.828     0.912     1.157     1.460     2.374
3713.001    195990         0    195996           0.242     0.573     0.702     0.833     0.916     1.141     1.398     2.335
3714.001    196039         0    196028           0.231     0.572     0.702     0.834     0.919     1.152     1.399     2.000
3715.001    195995         0    195983           0.240     0.570     0.700     0.831     0.916     1.148     1.409     2.255
3716.001    195971         0    195981           0.241     0.574     0.705     0.836     0.922     1.157     1.425     2.537
3717.001    196033         0    196028           0.235     0.570     0.704     0.845     0.952     1.300     1.979     3.629
3718.001    195984         0    195993           0.224     0.575     0.706     0.839     0.927     1.172     1.457     2.191
3719.001    195992         0    196003           0.232     0.566     0.696     0.829     0.919     1.180     1.484     2.126
3720.001    196027         0    196004           0.240     0.573     0.705     0.834     0.918     1.147     1.400     2.431
3721.001    195970         0    195981           0.228     0.562     0.691     0.825     0.912     1.168     1.479     2.284
3722.001    196013         0    196019           0.238     0.569     0.698     0.833     0.922     1.221     3.748     6.881
3723.001    195995         0    195996           0.230     0.573     0.703     0.834     0.918     1.145     1.402     1.965
3724.001    196009         0    196000           0.231     0.570     0.698     0.828     0.912     1.136     1.396     2.146
3725.001    195990         0    195996           0.233     0.569     0.698     0.828     0.912     1.140     1.392     2.024
3726.001    196008         0    196018           0.232     0.564     0.693     0.824     0.908     1.135     1.392     3.224
3727.001    196016         0    196009           0.220     0.563     0.692     0.823     0.905     1.124     1.393     1.955
3728.001    195988         0    195994           0.235     0.571     0.703     0.837     0.924     1.175     1.462     2.154
3729.001    195999         0    196000           0.247     0.569     0.700     0.833     0.920     1.181     4.194    28.885
3730.001    196016         0    196001           0.235     0.576     0.708     0.841     0.929     1.163     1.419     2.159
3731.001    196014         0    196005           0.234     0.569     0.701     0.834     0.920     1.150     1.395     1.875
3732.001    195982         0    196000           0.233     0.568     0.699     0.834     0.922     1.179     1.499     2.884
3733.001    195992         0    195990           0.234     0.571     0.703     0.842     0.938     1.271     2.613     4.350
3734.001    195998         0    195998           0.235     0.567     0.699     0.833     0.922     1.164     1.458     4.428
3735.001    196027         0    196013           0.244     0.582     0.717     0.855     0.951     1.215     1.510     2.744
3736.001    196021         0    196014           0.232     0.572     0.706     0.842     0.937     1.237     2.021     3.607
3737.001    195984         0    195991           0.239     0.572     0.701     0.832     0.915     1.147     1.390     1.945
3738.001    195975         0    196007           0.244     0.570     0.700     0.833     0.923     1.192     1.563     2.740
3739.001    196005         0    195988           0.243     0.574     0.705     0.839     0.927     1.191     1.503     2.177
3740.001    196025         0    196015           0.239     0.571     0.701     0.833     0.919     1.149     1.404     1.845
3741.001    196001         0    196001           0.238     0.570     0.703     0.845     0.949     1.278     1.640     2.374
3742.001    195997         0    195997           0.223     0.565     0.696     0.831     0.922     1.211     1.559     2.294
3743.001    196001         0    195994           0.230     0.574     0.703     0.836     0.923     1.175     1.455     1.881
3744.001    195990         0    196012           0.241     0.571     0.702     0.837     0.928     1.206     1.531     2.349
3745.001    196001         0    195988           0.239     0.568     0.700     0.834     0.921     1.175     1.500     2.613
3746.001    196010         0    196008           0.225     0.568     0.697     0.829     0.914     1.148     1.414     2.202
3747.001    196010         0    196015           0.230     0.571     0.701     0.833     0.920     1.166     1.459     2.367
3748.001    196000         0    195981           0.247     0.573     0.707     0.842     0.935     1.222     1.546     2.202
3749.001    195991         0    196013           0.246     0.571     0.702     0.834     0.921     1.169     1.463     4.301
3750.001    196024         0    195998           0.231     0.572     0.702     0.837     0.923     1.177     1.468     2.275
3751.001    195986         0    196008           0.236     0.568     0.696     0.827     0.911     1.140     1.389     1.834
3752.001    195991         0    195996           0.233     0.569     0.700     0.835     0.927     1.212     1.527     2.195
3753.001    196006         0    196001           0.235     0.569     0.702     0.841     0.937     1.237     1.564     2.501
3754.001    196002         0    196004           0.220     0.572     0.703     0.838     0.926     1.194     1.511     2.845
3755.001    195993         0    196003           0.235     0.569     0.699     0.832     0.919     1.151     1.421     1.981
3756.001    196009         0    196003           0.237     0.570     0.700     0.833     0.918     1.149     1.409     1.903
3757.001    196029         0    196019           0.236     0.575     0.708     0.847     0.947     1.261     1.711     4.641
3758.001    195979         0    195993           0.228     0.566     0.697     0.833     0.920     1.155     1.405     1.854
3759.001    195999         0    195990           0.234     0.568     0.701     0.840     0.930     1.184     1.467     2.271
3760.001    195982         0    195985           0.231     0.577     0.712     0.854     0.956     1.258     1.709     4.436
3761.001    196035         0    196028           0.241     0.573     0.705     0.842     0.936     1.222     1.542     2.732
3762.001    195982         0    195987           0.236     0.574     0.708     0.841     0.931     1.192     1.493     2.107
3763.001    196025         0    196009           0.232     0.571     0.702     0.835     0.920     1.150     1.412     1.867
3764.001    195991         0    196010           0.234     0.568     0.698     0.830     0.915     1.148     1.401     2.404
3765.001    195982         0    195993           0.228     0.570     0.699     0.831     0.916     1.150     1.401     1.884
3766.001    196020         0    196007           0.212     0.570     0.699     0.831     0.915     1.145     1.395     1.867
3767.001    195995         0    195992           0.233     0.571     0.702     0.833     0.916     1.146     1.406     2.057
3768.001    196023         0    196002           0.233     0.567     0.696     0.828     0.912     1.144     1.405     1.924
3769.001    195975         0    195996           0.235     0.570     0.700     0.831     0.916     1.156     1.423     2.288
3770.001    196008         0    196000           0.230     0.575     0.706     0.839     0.929     1.186     1.471     2.157
3771.001    196011         0    196004           0.232     0.573     0.703     0.835     0.922     1.168     1.464     2.140
3772.001    196009         0    196013           0.234     0.577     0.706     0.837     0.922     1.154     1.421     2.010
3773.001    195988         0    195991           0.224     0.568     0.701     0.838     0.933     1.233     1.572     2.748
3774.001    196021         0    196000           0.237     0.569     0.701     0.837     0.929     1.208     1.519     2.431
3775.001    195979         0    196004           0.231     0.571     0.701     0.835     0.922     1.170     1.455     2.185
3776.001    196014         0    196010           0.239     0.572     0.706     0.842     0.941     1.277     3.652     5.505
3777.001    195997         0    195993           0.232     0.562     0.692     0.827     0.915     1.178     1.496     2.380
3778.001    196009         0    196004           0.238     0.567     0.699     0.839     0.935     1.232     1.586     2.451
3779.001    195984         0    196009           0.234     0.564     0.694     0.827     0.912     1.148     1.410     2.277
3780.001    195990         0    195990           0.238     0.568     0.699     0.836     0.926     1.203     1.859     3.910
3781.001    196007         0    196005           0.223     0.567     0.699     0.834     0.923     1.180     1.467     2.408
3782.001    196011         0    196004           0.228     0.564     0.692     0.825     0.910     1.140     1.385     1.991
3783.001    196001         0    196010           0.226     0.575     0.709     0.845     0.941     1.249     2.466     4.678
3784.001    195984         0    195970           0.236     0.567     0.699     0.835     0.922     1.166     1.486     4.792
3785.001    196029         0    196017           0.226     0.573     0.705     0.841     0.931     1.181     1.483     4.067
3786.001    195994         0    196014           0.239     0.567     0.698     0.833     0.920     1.164     1.548     2.632
3787.001    196001         0    195994           0.238     0.565     0.697     0.833     0.922     1.195     1.546     2.935
3788.001    195980         0    195986           0.230     0.570     0.702     0.841     0.939     1.249     1.577     2.519
3789.001    196040         0    196025           0.225     0.563     0.694     0.829     0.921     1.213     4.444    29.082
3790.001    195990         0    195999           0.217     0.562     0.692     0.823     0.908     1.149     1.438     2.339
3791.001    196012         0    196000           0.226     0.572     0.707     0.846     0.949     1.273     1.627     3.195
3792.001    195986         0    195992           0.243     0.563     0.692     0.824     0.910     1.158     1.453     2.517
3793.001    196010         0    196019           0.241     0.566     0.695     0.828     0.912     1.136     1.398     1.764
3794.001    195993         0    195995           0.239     0.567     0.697     0.829     0.913     1.147     1.408     2.177
3795.001    196009         0    196018           0.237     0.573     0.709     0.852     0.965     1.318     1.660     2.390
3796.001    195993         0    195985           0.236     0.568     0.698     0.832     0.919     1.166     1.458     2.245
3797.001    195990         0    195996           0.242     0.568     0.698     0.831     0.920     1.186     1.511     2.298
3798.001    196019         0    196010           0.239     0.568     0.699     0.834     0.925     1.212     1.542     2.222
3799.001    195998         0    195996           0.235     0.561     0.690     0.820     0.904     1.127     1.397     2.251
3800.001    195981         0    195990           0.238     0.559     0.689     0.822     0.910     1.159     1.466     2.329
3801.001    196001         0    196009           0.245     0.569     0.700     0.835     0.927     1.209     1.532     2.076
3802.001    196032         0    196015           0.238     0.565     0.694     0.825     0.908     1.129     1.383     2.049
3803.001    195975         0    195989           0.234     0.569     0.702     0.838     0.932     1.230     1.563     3.060
3804.001    196020         0    196016           0.224     0.569     0.701     0.838     0.931     1.213     1.520     2.429
3805.001    196008         0    195994           0.237     0.567     0.696     0.827     0.913     1.148     1.405     1.960
3806.001    195989         0    196010           0.241     0.570     0.702     0.841     0.934     1.228     1.774     3.752
3807.001    195999         0    195994           0.235     0.566     0.697     0.828     0.916     1.162     1.441     2.351
3808.001    196012         0    196003           0.241     0.566     0.696     0.832     0.921     1.179     1.911     4.932
3809.001    196007         0    196009           0.238     0.560     0.692     0.827     0.916     1.156     1.434     2.392
3810.001    195990         0    195993           0.236     0.564     0.695     0.831     0.921     1.181     1.955     3.979
3811.001    196016         0    196007           0.230     0.562     0.691     0.825     0.911     1.141     1.401     1.918
3812.001    196009         0    196005           0.236     0.564     0.694     0.828     0.915     1.164     1.450     2.402
3813.001    195998         0    195987           0.233     0.567     0.697     0.828     0.912     1.143     1.392     2.006
3814.001    195982         0    196014           0.230     0.567     0.697     0.829     0.913     1.139     1.391     2.086
3815.001    196018         0    196004           0.246     0.568     0.698     0.831     0.918     1.176     1.492     3.396
3816.001    195990         0    195996           0.239     0.568     0.700     0.833     0.920     1.163     1.431     2.134
3817.001    195995         0    195990           0.240     0.569     0.703     0.844     0.945     1.269     1.605     2.398
3818.001    196002         0    196004           0.239     0.566     0.695     0.827     0.913     1.168     1.461     2.187
3819.001    196007         0    196010           0.236     0.572     0.704     0.839     0.929     1.192     1.488     2.161
3820.001    195998         0    195998           0.241     0.568     0.699     0.836     0.927     1.211     1.543     2.169
3821.001    195988         0    196003           0.234     0.569     0.701     0.839     0.932     1.217     1.554     2.392
3822.001    196019         0    196003           0.232     0.571     0.702     0.837     0.923     1.166     1.453     2.198
3823.001    195997         0    195997           0.241     0.570     0.700     0.833     0.916     1.149     1.403     2.247
3824.001    196015         0    196002           0.239     0.572     0.704     0.839     0.930     1.207     1.518     2.109
3825.001    196001         0    196012           0.239     0.564     0.697     0.835     0.927     1.217     1.564     2.296
3826.001    195968         0    195981           0.233     0.565     0.694     0.828     0.913     1.159     1.458     2.202
3827.001    196019         0    196014           0.240     0.565     0.694     0.826     0.909     1.132     1.398     2.304
3828.001    196010         0    195996           0.235     0.567     0.698     0.835     0.925     1.202     1.520     2.918
3829.001    195994         0    196002           0.227     0.570     0.700     0.834     0.920     1.162     1.434     3.596
3830.001    196019         0    196012           0.225     0.572     0.706     0.844     0.944     1.249     1.865     3.871
3831.001    195993         0    195994           0.236     0.568     0.701     0.838     0.930     1.207     1.543     2.322
3832.001    196000         0    196017           0.243     0.572     0.705     0.837     0.925     1.160     1.426     1.989
3833.001    195995         0    195984           0.238     0.568     0.700     0.836     0.926     1.194     1.680     5.689
3834.001    195996         0    196001           0.230     0.569     0.701     0.836     0.924     1.172     1.743     4.735
3835.001    196023         0    196013           0.229     0.567     0.699     0.837     0.926     1.176     1.443     2.329
3836.001    195970         0    195987           0.222     0.574     0.707     0.846     0.941     1.215     1.527     2.609
3837.001    196006         0    195997           0.240     0.569     0.702     0.839     0.935     1.218     1.531     2.316
3838.001    196021         0    196020           0.231     0.568     0.700     0.833     0.921     1.158     1.437     2.005
3839.001    195988         0    195996           0.242     0.565     0.697     0.831     0.921     1.198     1.514     2.374
3840.001    196018         0    195999           0.236     0.569     0.701     0.838     0.928     1.203     1.522     2.443
3841.001    195984         0    195994           0.227     0.573     0.707     0.846     0.946     1.272     1.644     2.507
3842.001    196031         0    196012           0.235     0.572     0.705     0.842     0.935     1.230     1.575     2.720
3843.001    195987         0    196002           0.222     0.567     0.698     0.832     0.920     1.184     1.505     2.216
3844.001    195985         0    195991           0.245     0.567     0.698     0.834     0.928     1.222     1.586     2.605
3845.001    196014         0    196003           0.228     0.562     0.690     0.819     0.903     1.122     1.390     1.937
3846.001    196021         0    196013           0.227     0.563     0.691     0.822     0.908     1.126     1.388     2.132
3847.001    195995         0    195991           0.229     0.568     0.697     0.830     0.914     1.161     1.445     2.056
3848.001    195983         0    196001           0.239     0.570     0.700     0.831     0.913     1.136     1.404     1.861
3849.001    196009         0    196006           0.222     0.568     0.697     0.832     0.920     1.171     4.067    29.458
3850.001    196010         0    196009           0.225     0.566     0.696     0.829     0.914     1.144     1.423     2.154
3851.001    195994         0    195997           0.235     0.567     0.696     0.826     0.910     1.141     1.407     2.427
3852.001    196008         0    196011           0.235     0.564     0.693     0.826     0.910     1.143     1.410     2.012
3853.001    195997         0    196000           0.237     0.568     0.700     0.839     0.930     1.209     1.538     2.253
3854.001    196006         0    195995           0.235     0.574     0.706     0.839     0.928     1.181     1.466     2.320
3855.001    196014         0    196010           0.232     0.571     0.703     0.840     0.931     1.188     1.471     2.216
3856.001    195970         0    195985           0.241     0.567     0.698     0.833     0.920     1.162     1.407     2.036
3857.001    196014         0    196002           0.230     0.572     0.706     0.844     0.937     1.213     1.544     2.263
3858.001    195987         0    196000           0.242     0.573     0.708     0.848     0.948     1.237     1.564     2.521
3859.001    196027         0    196018           0.234     0.570     0.707     0.852     0.963     1.309     2.037     4.858
3860.001    195988         0    195999           0.226     0.565     0.699     0.839     0.935     1.246     1.933     4.243
3861.001    196004         0    195990           0.238     0.567     0.701     0.841     0.941     1.270     2.084     4.329
3862.001    195994         0    196007           0.232     0.566     0.695     0.827     0.911     1.137     1.393     1.802
3863.001    196021         0    195983           0.232     0.572     0.703     0.836     0.925     1.172     1.475     2.122
3864.001    195988         0    196028           0.232     0.569     0.700     0.834     0.918     1.153     1.403     1.952
3865.001    195998         0    195993           0.239     0.569     0.701     0.836     0.926     1.178     1.481     2.402
3866.001    196009         0    196000           0.246     0.578     0.711     0.846     0.938     1.207     1.529     2.439
3867.001    195991         0    196004           0.231     0.570     0.701     0.835     0.921     1.168     1.488     2.341
3868.001    196014         0    196000           0.239     0.574     0.710     0.851     0.957     1.287     1.654     2.939
3869.001    196001         0    196009           0.224     0.572     0.703     0.837     0.923     1.164     1.431     2.236
3870.001    196008         0    196003           0.233     0.570     0.701     0.833     0.919     1.163     1.460     2.306
3871.001    195983         0    195989           0.241     0.572     0.705     0.839     0.927     1.175     1.455     2.226
3872.001    195987         0    196000           0.239     0.582     0.717     0.858     0.962     1.268     1.625     2.550
3873.001    196032         0    196014           0.225     0.574     0.706     0.838     0.925     1.167     1.437     2.208
3874.001    196008         0    195991           0.239     0.570     0.700     0.833     0.916     1.141     1.399     1.845
3875.001    195977         0    195983           0.235     0.563     0.692     0.824     0.909     1.148     1.409     2.208
3876.001    196009         0    196010           0.244     0.575     0.706     0.837     0.922     1.153     1.411     2.013
3877.001    196005         0    196010           0.235     0.574     0.706     0.838     0.926     1.183     1.469     2.099
3878.001    195986         0    195996           0.231     0.571     0.705     0.843     0.937     1.221     1.551     2.523
3879.001    196012         0    196009           0.240     0.573     0.703     0.836     0.921     1.164     1.440     2.208
3880.001    196002         0    195992           0.229     0.574     0.709     0.848     0.948     1.245     1.579     2.273
3881.001    195998         0    196006           0.237     0.571     0.705     0.841     0.934     1.193     1.470     2.462
3882.001    196023         0    196009           0.232     0.571     0.706     0.846     0.946     1.258     2.175     4.399
3883.001    196009         0    195987           0.235     0.571     0.703     0.841     0.933     1.189     1.458     3.582
3884.001    195977         0    196008           0.230     0.575     0.711     0.855     0.964     1.287     1.651     2.535
3885.001    196014         0    196024           0.238     0.573     0.708     0.846     0.944     1.240     2.103     4.313
3886.001    195992         0    195986           0.243     0.570     0.700     0.834     0.922     1.163     1.450     4.944
3887.001    195999         0    196002           0.233     0.573     0.703     0.837     0.923     1.160     1.418     2.048
3888.001    195992         0    195996           0.240     0.571     0.701     0.834     0.921     1.159     1.405     1.951
3889.001    196003         0    196003           0.234     0.572     0.703     0.838     0.928     1.193     1.501     2.198
3890.001    196009         0    196001           0.239     0.569     0.701     0.836     0.925     1.185     1.481     2.294
3891.001    195995         0    195995           0.236     0.571     0.706     0.847     0.954     1.277     1.636     2.443
3892.001    195999         0    196020           0.240     0.581     0.720     0.870     0.996     1.343     1.688     2.619
3893.001    196003         0    195991           0.228     0.580     0.719     0.870     1.002     1.353     1.701     2.513
3894.001    196004         0    196004           0.244     0.573     0.709     0.854     0.966     1.300     1.666     2.544
3895.001    196013         0    195984           0.244     0.582     0.717     0.862     0.975     1.310     1.666     2.441
3896.001    195994         0    196014           0.242     0.583     0.720     0.864     0.978     1.307     1.659     2.413
3897.001    196003         0    195995           0.236     0.574     0.713     0.860     0.983     1.357     1.711     2.443
3898.001    195996         0    195992           0.227     0.580     0.718     0.862     0.976     1.313     1.666     2.447
3899.001    195977         0    196004           0.239     0.575     0.712     0.855     0.963     1.284     1.649     2.447
3900.001    196028         0    196024           0.244     0.574     0.709     0.850     0.954     1.268     1.599     2.832
3901.001    195986         0    195989           0.243     0.570     0.703     0.839     0.932     1.225     1.569     2.507
3902.001    196038         0    196006           0.241     0.572     0.703     0.836     0.925     1.178     1.479     2.195
3903.001    195988         0    196007           0.229     0.566     0.698     0.836     0.929     1.206     1.520     2.230
3904.001    195983         0    195995           0.234     0.573     0.707     0.847     0.948     1.269     1.679     2.839
3905.001    196009         0    195997           0.241     0.571     0.701     0.837     0.926     1.185     1.485     2.400
3906.001    196045         0    196025           0.235     0.574     0.709     0.846     0.940     1.200     1.487     2.279
3907.001    195962         0    195998           0.227     0.568     0.701     0.839     0.934     1.226     2.238     5.059
3908.001    195994         0    195983           0.235     0.578     0.710     0.846     0.940     1.199     1.485     2.067
3909.002    196031         0    196004           0.236     0.580     0.716     0.858     0.964     1.283     2.922    30.228
3910.001    195988         0    195998           0.227     0.574     0.708     0.848     0.949     1.263     1.955     6.103
3911.001    196009         0    196018           0.238     0.577     0.709     0.845     0.935     1.190     1.486     2.345
3912.001    195983         0    195993           0.242     0.572     0.705     0.837     0.926     1.171     1.438     2.183
3913.001    195999         0    195999           0.238     0.580     0.713     0.850     0.947     1.239     1.587     2.425
3914.001    196021         0    196008           0.234     0.572     0.707     0.850     0.955     1.278     1.633     2.292
3915.001    195999         0    196009           0.237     0.578     0.712     0.851     0.956     1.281     1.657     3.305
3916.001    195992         0    195985           0.237     0.575     0.710     0.852     0.961     1.296     1.663     2.867
3917.001    196003         0    196004           0.228     0.568     0.700     0.836     0.927     1.206     1.528     2.634
3918.001    196008         0    196002           0.243     0.572     0.704     0.836     0.922     1.154     1.405     2.277
3919.001    195991         0    196010           0.246     0.574     0.708     0.843     0.940     1.244     1.593     2.284
3920.001    196011         0    195992           0.234     0.574     0.705     0.837     0.922     1.170     1.440     2.257
3921.001    196022         0    196005           0.240     0.571     0.706     0.848     0.959     1.306     1.667     2.312
3922.001    195983         0    195993           0.241     0.575     0.712     0.854     0.963     1.309     1.670     2.527
3923.001    196020         0    196024           0.241     0.577     0.711     0.851     0.957     1.293     1.651     2.712
3924.001    195969         0    195989           0.234     0.568     0.700     0.837     0.930     1.222     1.564     2.357
3925.001    196008         0    196005           0.246     0.575     0.710     0.849     0.950     1.254     1.598     2.193
3926.001    196003         0    196006           0.238     0.578     0.713     0.851     0.954     1.257     1.611     2.224
3927.001    195996         0    195984           0.238     0.575     0.708     0.845     0.940     1.230     1.579     2.390
3928.001    196000         0    196000           0.235     0.574     0.709     0.851     0.956     1.307     2.146     4.710
3929.001    195995         0    195995           0.240     0.576     0.714     0.865     0.992     1.360     1.735     2.529
3930.001    196007         0    196022           0.237     0.576     0.715     0.867     0.999     1.368     1.708     2.568
3931.001    196021         0    195989           0.233     0.569     0.707     0.853     0.964     1.312     1.665     2.691
3932.001    196001         0    196016           0.233     0.571     0.709     0.854     0.967     1.313     1.683     2.445
3933.001    195999         0    196004           0.240     0.578     0.718     0.878     1.029     1.397     1.944     4.325
3934.001    195981         0    195979           0.246     0.586     0.728     0.891     1.046     1.411     1.854     4.094
3935.001    196001         0    196007           0.232     0.575     0.714     0.861     0.983     1.348     1.961     5.112
3936.001    196004         0    196006           0.240     0.575     0.713     0.860     0.977     1.323     1.667     2.386
3937.001    196023         0    195994           0.234     0.588     0.727     0.876     1.004     1.355     1.721     2.374
3938.001    195994         0    195996           0.239     0.579     0.717     0.867     0.995     1.360     1.721     2.720
3939.001    195996         0    196017           0.249     0.582     0.721     0.874     1.008     1.372     1.712     2.777
3940.001    195986         0    195988           0.244     0.578     0.710     0.847     0.943     1.223     1.534     2.464
3941.001    196004         0    196009           0.241     0.577     0.709     0.847     0.945     1.245     1.587     2.341
3942.001    196022         0    196021           0.237     0.574     0.707     0.841     0.933     1.208     1.527     2.154
3943.001    195992         0    195990           0.234     0.577     0.709     0.847     0.946     1.253     1.611     2.773
3944.001    196010         0    195999           0.227     0.575     0.707     0.840     0.929     1.183     1.485     2.361
3945.001    195986         0    196003           0.230     0.579     0.713     0.851     0.952     1.253     1.607     2.417
3946.001    196011         0    196006           0.229     0.572     0.702     0.837     0.925     1.172     1.449     2.488
3947.001    196009         0    196009           0.236     0.578     0.711     0.848     0.945     1.249     1.609     2.726
3948.001    195998         0    195999           0.241     0.577     0.713     0.856     0.967     1.303     1.638     2.208
3949.001    195995         0    195995           0.242     0.571     0.702     0.834     0.921     1.163     1.442     2.051
3950.001    196001         0    195996           0.239     0.575     0.709     0.845     0.942     1.235     1.562     2.847
3951.001    196008         0    196013           0.246     0.579     0.713     0.850     0.951     1.274     1.633     2.425
3952.001    195995         0    195991           0.231     0.571     0.703     0.841     0.934     1.223     1.550     2.189
3953.001    195988         0    195992           0.229     0.574     0.711     0.856     0.969     1.322     1.680     2.773
3954.001    196002         0    196010           0.235     0.582     0.719     0.867     0.992     1.351     1.759     2.476
3955.001    196011         0    196000           0.234     0.579     0.710     0.843     0.932     1.197     1.491     2.314
3956.001    196004         0    196007           0.238     0.580     0.716     0.856     0.961     1.277     1.599     2.548
3957.001    195996         0    196000           0.236     0.574     0.706     0.844     0.938     1.240     1.861     5.030
3958.001    196033         0    196012           0.232     0.578     0.712     0.851     0.949     1.234     1.560     2.734
3959.001    195970         0    195992           0.241     0.572     0.704     0.841     0.932     1.202     1.519     2.247
3960.001    196007         0    195997           0.241     0.577     0.709     0.847     0.946     1.257     2.279     5.452
3961.001    196016         0    196024           0.240     0.574     0.709     0.849     0.953     1.267     1.620     2.394
3962.001    195970         0    195979           0.235     0.576     0.712     0.853     0.961     1.290     1.641     2.458
3963.001    196038         0    196021           0.244     0.581     0.721     0.872     1.005     1.376     1.724     2.671
3964.001    195995         0    195996           0.246     0.571     0.705     0.845     0.948     1.277     1.637     2.335
3965.001    196001         0    195994           0.226     0.570     0.701     0.834     0.920     1.167     1.455     2.128
3966.001    196004         0    196009           0.231     0.578     0.710     0.846     0.941     1.233     1.575     2.478
3967.001    195987         0    195990           0.238     0.566     0.696     0.833     0.922     1.192     1.511     2.107
3968.001    196037         0    196017           0.226     0.569     0.700     0.835     0.924     1.203     1.519     2.132
3969.001    195981         0    195998           0.239     0.576     0.711     0.855     0.968     1.347     5.112    30.425
3970.001    195968         0    195984           0.226     0.571     0.705     0.845     0.946     1.278     1.637     2.408
3971.001    196027         0    196016           0.235     0.571     0.702     0.834     0.924     1.187     1.510     2.181
3972.001    196029         0    196009           0.247     0.573     0.705     0.839     0.930     1.209     1.539     2.503
3973.001    195972         0    195991           0.240     0.572     0.703     0.839     0.929     1.208     1.537     2.191
3974.001    196004         0    195998           0.235     0.577     0.714     0.861     0.982     1.353     1.788     2.966
3975.001    196004         0    196007           0.227     0.572     0.707     0.847     0.950     1.280     1.618     2.421
3976.001    196010         0    196003           0.240     0.574     0.706     0.839     0.928     1.186     1.487     2.501
3977.001    195995         0    196003           0.229     0.580     0.714     0.852     0.952     1.244     1.575     2.216
3978.001    196015         0    196013           0.240     0.580     0.712     0.846     0.939     1.202     1.491     2.267
3979.001    195978         0    195986           0.233     0.582     0.719     0.866     0.982     1.329     1.704     2.816
3980.001    196003         0    196009           0.237     0.581     0.720     0.869     0.996     1.353     1.830     2.558
3981.001    195998         0    196001           0.239     0.579     0.715     0.859     0.974     1.313     1.686     2.693
3982.001    195995         0    195989           0.236     0.575     0.710     0.852     0.960     1.315     2.255     4.813
3983.001    196013         0    196006           0.234     0.575     0.710     0.846     0.943     1.227     1.551     2.296
3984.001    195993         0    196000           0.231     0.577     0.712     0.851     0.950     1.241     1.579     2.165
3985.001    196012         0    195997           0.245     0.577     0.710     0.848     0.944     1.229     1.575     2.314
3986.001    195976         0    195983           0.232     0.575     0.709     0.848     0.948     1.251     1.601     2.765
3987.001    196027         0    196030           0.242     0.570     0.702     0.839     0.935     1.234     1.574     2.111
3988.001    195992         0    195998           0.234     0.575     0.711     0.850     0.953     1.279     1.644     2.529
3989.001    196024         0    196010           0.236     0.576     0.708     0.843     0.935     1.208     1.544     2.200
3990.001    195994         0    195988           0.248     0.579     0.716     0.862     0.980     1.333     1.697     2.445
3991.001    195988         0    196004           0.236     0.578     0.715     0.861     0.979     1.327     1.681     2.320
3992.001    196015         0    196001           0.242     0.572     0.705     0.843     0.939     1.244     1.590     2.824
3993.001    195990         0    195999           0.244     0.575     0.707     0.842     0.933     1.213     1.534     2.065
3994.001    196021         0    196017           0.224     0.579     0.715     0.862     0.987     1.356     1.720     2.904
3995.001    195992         0    196007           0.239     0.568     0.700     0.835     0.926     1.208     1.538     2.415
3996.001    196019         0    195984           0.229     0.573     0.707     0.844     0.938     1.233     1.570     2.331
3997.001    195976         0    195991           0.235     0.570     0.703     0.843     0.947     1.288     1.658     2.462
3998.001    195998         0    196013           0.236     0.575     0.712     0.857     0.974     1.350     1.706     2.562
3999.001    196023         0    195998           0.235     0.574     0.709     0.850     0.954     1.281     1.627     2.413
4000.001    195976         0    196002           0.232     0.577     0.714     0.860     0.976     1.334     1.687     2.390
4001.001    196014         0    196003           0.240     0.573     0.706     0.844     0.940     1.249     1.577     2.298
4002.001    195995         0    195999           0.241     0.574     0.708     0.845     0.939     1.227     1.560     2.566
4003.001    196017         0    196006           0.235     0.581     0.722     0.881     1.027     1.407     1.784     2.785
4004.001    196000         0    195995           0.222     0.575     0.706     0.841     0.930     1.176     1.454     2.509
4005.001    195998         0    196021           0.231     0.579     0.712     0.846     0.938     1.203     1.482     2.445
4006.001    196003         0    195996           0.223     0.574     0.711     0.858     0.973     1.323     1.660     2.765
4007.001    195990         0    195986           0.240     0.575     0.713     0.860     0.983     1.359     2.033     5.628
4008.001    196022         0    196005           0.238     0.580     0.720     0.868     0.991     1.342     1.713     2.546
4009.001    195995         0    196010           0.247     0.575     0.715     0.866     0.994     1.357     1.721     3.019
4010.001    196022         0    196007           0.231     0.577     0.708     0.842     0.930     1.170     1.436     2.542
4011.001    195959         0    195987           0.246     0.580     0.712     0.847     0.940     1.206     1.548     2.468
4012.001    196007         0    196005           0.217     0.580     0.716     0.866     0.996     1.374     1.729     2.597
4013.001    196010         0    196008           0.234     0.582     0.720     0.872     0.999     1.364     1.713     2.699
4014.001    195993         0    195996           0.225     0.573     0.706     0.841     0.934     1.205     1.596     3.647
4015.001    196000         0    195988           0.227     0.581     0.718     0.866     0.987     1.349     1.709     2.761
4016.001    196004         0    196010           0.238     0.574     0.706     0.840     0.929     1.190     1.491     2.603
4017.001    196002         0    196000           0.246     0.580     0.715     0.855     0.962     1.305     1.670     2.449
4018.001    196007         0    196009           0.234     0.577     0.709     0.843     0.933     1.217     1.570     2.720
4019.001    195998         0    196001           0.230     0.573     0.707     0.844     0.947     1.302     3.250     5.943
4020.001    195987         0    195994           0.222     0.568     0.699     0.834     0.922     1.169     1.450     2.269
4021.001    196008         0    196012           0.239     0.572     0.704     0.841     0.937     1.239     1.592     2.732
4022.001    196032         0    196006           0.235     0.577     0.713     0.856     0.967     1.314     1.688     2.484
4023.001    195987         0    195993           0.215     0.570     0.700     0.834     0.921     1.174     1.448     2.415
4024.001    196000         0    196003           0.241     0.569     0.700     0.836     0.927     1.201     1.507     2.527
4025.001    196009         0    196006           0.233     0.573     0.706     0.841     0.934     1.211     1.544     2.404
4026.001    195987         0    195990           0.241     0.580     0.718     0.868     0.995     1.365     1.720     2.476
4027.001    196011         0    196002           0.238     0.575     0.713     0.865     0.992     1.365     1.725     2.623
4028.001    196015         0    196025           0.233     0.571     0.706     0.846     0.945     1.255     1.609     2.275
4029.001    195992         0    195983           0.239     0.575     0.711     0.855     0.962     1.309     4.760    29.377
4030.001    196015         0    196010           0.241     0.574     0.710     0.853     0.958     1.302     1.839     4.731
4031.001    195987         0    195996           0.236     0.569     0.700     0.835     0.922     1.166     1.455     2.257
4032.001    196002         0    195986           0.233     0.580     0.716     0.859     0.969     1.314     1.665     2.210
4033.001    196001         0    196020           0.242     0.573     0.706     0.843     0.937     1.235     1.872     6.820
4034.001    195989         0    195999           0.239     0.571     0.703     0.839     0.931     1.203     1.509     2.308
4035.001    196001         0    196003           0.242     0.578     0.720     0.881     1.028     1.390     1.768     2.769
4036.001    196030         0    196011           0.233     0.570     0.704     0.844     0.946     1.264     1.613     2.310
4037.001    195986         0    195994           0.239     0.571     0.702     0.836     0.924     1.191     1.503     2.140
4038.001    195996         0    195994           0.233     0.577     0.712     0.854     0.959     1.284     1.644     2.736
4039.001    196012         0    196011           0.239     0.577     0.711     0.849     0.949     1.249     1.594     2.636
4040.001    196002         0    195989           0.233     0.583     0.725     0.885     1.039     1.417     1.790     2.683
4041.001    195975         0    195989           0.235     0.581     0.715     0.856     0.961     1.276     1.660     2.714
4042.001    196016         0    196006           0.227     0.578     0.713     0.856     0.961     1.288     1.656     2.490
4043.001    196022         0    196014           0.243     0.576     0.712     0.854     0.962     1.298     1.668     2.570
4044.001    195983         0    196011           0.230     0.579     0.714     0.854     0.959     1.296     1.727     3.283
4045.001    195992         0    195988           0.244     0.572     0.710     0.858     0.975     1.340     1.703     2.503
4046.001    196018         0    196026           0.239     0.571     0.703     0.840     0.930     1.193     1.506     2.570
4047.001    195998         0    195983           0.242     0.583     0.718     0.858     0.963     1.304     1.708     2.363
4048.001    196001         0    195997           0.219     0.582     0.719     0.864     0.979     1.345     1.690     2.429
4049.001    195997         0    195998           0.244     0.576     0.710     0.846     0.943     1.254     1.586     2.357
4050.001    195992         0    196002           0.241     0.573     0.706     0.845     0.944     1.267     1.627     2.365
4051.001    196013         0    195999           0.232     0.566     0.697     0.836     0.930     1.239     1.632     2.724
4052.001    196002         0    196018           0.236     0.569     0.705     0.845     0.950     1.281     1.627     2.812
4053.001    195991         0    195975           0.236     0.576     0.711     0.852     0.959     1.296     1.666     2.537
4054.001    196000         0    196009           0.237     0.574     0.710     0.856     0.965     1.318     1.689     2.699
4055.001    196006         0    195998           0.238     0.579     0.716     0.862     0.975     1.326     1.710     2.976
4056.001    195999         0    196006           0.231     0.571     0.708     0.850     0.961     1.292     1.648     2.232
4057.001    196026         0    196019           0.231     0.573     0.706     0.842     0.935     1.212     1.542     3.979
4058.001    195996         0    195986           0.243     0.581     0.720     0.869     0.997     1.366     1.756     4.682
4059.001    196020         0    195997           0.246     0.573     0.709     0.849     0.950     1.241     1.576     2.636
4060.001    195968         0    196012           0.240     0.574     0.709     0.849     0.950     1.261     1.611     2.410
4061.001    196006         0    196004           0.219     0.572     0.708     0.849     0.951     1.270     1.617     2.910
4062.001    195987         0    195993           0.237     0.579     0.717     0.864     0.990     1.359     1.742     2.974
4063.001    195999         0    195995           0.247     0.581     0.716     0.855     0.957     1.276     1.650     2.349
4064.001    196028         0    196025           0.241     0.578     0.717     0.868     0.996     1.375     1.833     4.080
4065.001    195999         0    195988           0.240     0.582     0.718     0.861     0.976     1.316     1.690     2.359
4066.001    195997         0    196013           0.221     0.573     0.710     0.855     0.967     1.312     1.669     2.261
4067.001    195996         0    195995           0.241     0.579     0.719     0.876     1.018     1.397     1.751     2.644
4068.001    196020         0    195999           0.231     0.579     0.716     0.864     0.984     1.335     1.718     3.019
4069.001    195975         0    196005           0.240     0.583     0.724     0.882     1.027     1.392     1.744     2.550
4070.001    196001         0    195992           0.235     0.573     0.710     0.857     0.974     1.331     1.689     2.435
4071.001    196002         0    196002           0.236     0.577     0.717     0.871     1.012     1.381     1.735     2.730
4072.001    196008         0    196010           0.227     0.580     0.717     0.863     0.983     1.332     1.682     2.677
4073.001    196004         0    196012           0.234     0.573     0.710     0.854     0.966     1.317     1.710     3.908
4074.001    195992         0    195972           0.233     0.583     0.732     0.912     1.117     1.476     1.886     2.763
4075.001    196024         0    196032           0.243     0.585     0.726     0.886     1.037     1.413     1.778     2.556
4076.001    196004         0    195992           0.230     0.567     0.702     0.847     0.958     1.313     1.694     6.148
4077.001    196031         0    196014           0.237     0.569     0.701     0.838     0.928     1.204     1.520     2.290
4078.001    195986         0    195995           0.238     0.567     0.698     0.830     0.915     1.148     1.415     2.076
4079.001    195974         0    195994           0.232     0.578     0.713     0.855     0.959     1.261     1.623     2.636
4080.001    196004         0    195999           0.242     0.578     0.712     0.855     0.963     1.294     1.661     2.589
4081.001    195994         0    196002           0.237     0.579     0.718     0.868     0.995     1.353     1.697     2.490
4082.001    196006         0    196001           0.244     0.576     0.713     0.854     0.956     1.266     1.638     4.219
4083.001    196007         0    196021           0.234     0.580     0.717     0.865     0.986     1.351     1.864     4.078
4084.001    196016         0    195982           0.227     0.575     0.710     0.848     0.946     1.236     1.818     4.583
4085.001    195995         0    196000           0.227     0.576     0.710     0.848     0.945     1.232     1.569     2.331
4086.001    196003         0    196005           0.235     0.583     0.721     0.867     0.985     1.335     1.703     3.123
4087.001    196019         0    196008           0.240     0.577     0.711     0.851     0.955     1.273     1.614     2.337
4088.001    195984         0    195998           0.247     0.581     0.714     0.849     0.944     1.240     1.586     2.564
4089.001    195973         0    195990           0.240     0.581     0.721     0.877     1.018     1.404     3.387    30.163
4090.001    195998         0    196001           0.231     0.582     0.719     0.869     0.997     1.361     1.770     2.808
4091.001    196025         0    196012           0.227     0.581     0.724     0.886     1.043     1.418     1.791     3.045
4092.001    196013         0    196003           0.228     0.577     0.715     0.866     0.996     1.383     1.750     3.099
4093.001    195977         0    195989           0.244     0.579     0.719     0.871     1.011     1.382     1.744     2.654
4094.001    196008         0    196015           0.239     0.580     0.721     0.882     1.042     1.424     1.812     3.037
4095.001    195997         0    195989           0.247     0.580     0.719     0.872     1.013     1.394     1.757     2.691
4096.001    196000         0    195990           0.238     0.586     0.732     0.902     1.082     1.455     1.821     3.244
4097.001    196031         0    196027           0.239     0.579     0.720     0.882     1.047     1.422     1.798     3.084
4098.001    195974         0    195983           0.241     0.582     0.725     0.890     1.058     1.437     1.801     2.509
4099.001    196012         0    196019           0.236     0.582     0.729     0.907     1.105     1.474     1.834     2.990
4100.001    195996         0    196000           0.237     0.574     0.716     0.876     1.028     1.404     1.805     2.986
4101.001    196008         0    195996           0.236     0.580     0.727     0.902     1.098     1.459     1.808     2.812
4102.001    196001         0    196005           0.232     0.581     0.721     0.878     1.029     1.410     1.760     2.722
4103.001    196018         0    196007           0.225     0.577     0.720     0.881     1.041     1.430     1.821     2.671
4104.001    195971         0    195993           0.232     0.586     0.727     0.886     1.039     1.422     1.769     2.621
4105.001    196017         0    196020           0.237     0.579     0.716     0.862     0.978     1.345     1.857     5.005
4106.001    195985         0    195980           0.235     0.579     0.719     0.877     1.020     1.386     1.749     2.972
4107.001    196014         0    196005           0.234     0.576     0.718     0.872     1.014     1.403     1.790     2.611
4108.001    195995         0    196010           0.233     0.581     0.722     0.879     1.026     1.406     1.787     2.589
4109.001    195997         0    195982           0.235     0.574     0.715     0.868     1.008     1.377     1.743     2.601
4110.001    196013         0    196024           0.237     0.579     0.717     0.867     0.992     1.370     1.925     4.485
4111.001    196000         0    196006           0.235     0.579     0.716     0.862     0.986     1.351     1.709     2.664
4112.001    195991         0    195988           0.237     0.580     0.718     0.869     0.999     1.374     1.732     2.454
4113.001    196024         0    196017           0.234     0.577     0.715     0.863     0.988     1.359     1.720     2.886
4114.001    195984         0    195971           0.235     0.574     0.714     0.868     1.005     1.390     1.753     2.603
4115.001    196002         0    196005           0.233     0.585     0.729     0.899     1.083     1.455     1.846     2.523
4116.001    196000         0    196016           0.237     0.581     0.719     0.866     0.984     1.337     1.718     2.402
4117.001    196005         0    195991           0.248     0.586     0.726     0.880     1.020     1.394     1.753     2.677
4118.001    196006         0    196013           0.242     0.574     0.711     0.855     0.967     1.313     1.675     2.415
4119.001    195986         0    195990           0.236     0.583     0.724     0.881     1.028     1.409     1.766     2.525
4120.001    196004         0    196006           0.237     0.579     0.714     0.858     0.970     1.322     1.672     2.329
4121.001    196018         0    196005           0.248     0.582     0.719     0.867     0.988     1.358     1.736     3.064
4122.001    195990         0    195999           0.243     0.577     0.711     0.856     0.970     1.326     1.673     2.322
4123.001    196000         0    196007           0.236     0.580     0.717     0.865     0.990     1.371     1.723     2.419
4124.001    196024         0    196013           0.238     0.573     0.705     0.842     0.940     1.248     1.611     2.793
4125.001    196014         0    196002           0.228     0.573     0.707     0.846     0.947     1.275     1.631     2.320
4126.001    195984         0    195998           0.236     0.571     0.703     0.837     0.926     1.192     1.536     2.249
4127.001    195998         0    195993           0.234     0.580     0.716     0.859     0.969     1.310     1.656     2.894
4128.001    196014         0    196009           0.248     0.575     0.710     0.848     0.950     1.275     1.638     2.275
4129.001    196008         0    196002           0.243     0.573     0.708     0.846     0.940     1.224     1.537     2.445
4130.001    195977         0    195988           0.236     0.577     0.711     0.848     0.948     1.263     1.602     2.357
4131.001    196015         0    196019           0.239     0.577     0.716     0.870     1.006     1.397     1.795     2.666
4132.001    196004         0    196002           0.221     0.567     0.698     0.834     0.922     1.189     1.485     2.071
4133.001    195984         0    195966           0.242     0.575     0.713     0.862     0.988     1.359     1.734     2.662
4134.001    196025         0    196031           0.231     0.575     0.709     0.849     0.947     1.247     1.593     2.933
4135.001    195982         0    196000           0.237     0.570     0.704     0.841     0.935     1.224     1.548     2.179
4136.001    196004         0    195993           0.239     0.577     0.715     0.864     0.989     1.360     1.780     3.535
4137.001    195990         0    195998           0.229     0.576     0.717     0.870     1.005     1.389     1.788     2.785
4138.001    196010         0    196006           0.231     0.584     0.726     0.886     1.040     1.417     1.759     2.847
4139.001    195989         0    196001           0.239     0.583     0.721     0.866     0.982     1.336     1.715     2.562
4140.001    196047         0    196020           0.234     0.584     0.725     0.884     1.034     1.417     1.877     2.677
4141.001    195963         0    195976           0.242     0.578     0.718     0.871     1.010     1.388     1.750     2.830
4142.001    195999         0    196016           0.241     0.582     0.722     0.882     1.032     1.402     1.774     2.505
4143.001    196019         0    195993           0.231     0.584     0.726     0.883     1.030     1.412     1.829     2.699
4144.001    195985         0    195997           0.226     0.582     0.727     0.898     1.081     1.450     1.821     3.234
4145.001    196011         0    196007           0.234     0.580     0.721     0.877     1.020     1.394     1.776     2.814
4146.001    196029         0    196009           0.241     0.582     0.717     0.860     0.972     1.324     1.710     2.460
4147.001    195982         0    196001           0.233     0.580     0.716     0.861     0.983     1.348     1.689     2.175
4148.001    195996         0    196005           0.231     0.573     0.707     0.844     0.943     1.247     1.594     2.353
4149.001    195975         0    195981           0.237     0.578     0.710     0.847     0.943     1.251     4.637    30.589
4150.001    196025         0    196016           0.240     0.573     0.705     0.838     0.926     1.183     1.474     2.144
4151.001    196007         0    196011           0.236     0.581     0.715     0.854     0.955     1.268     1.609     2.333
4152.001    195997         0    195989           0.229     0.579     0.712     0.848     0.946     1.239     1.613     2.322
4153.001    196010         0    196008           0.239     0.574     0.710     0.854     0.964     1.313     1.660     2.329
4154.001    195970         0    195979           0.231     0.586     0.728     0.888     1.039     1.414     1.772     2.959
4155.001    196050         0    196032           0.239     0.579     0.717     0.863     0.978     1.333     1.715     2.662
4156.001    195958         0    195981           0.245     0.577     0.715     0.863     0.984     1.347     1.732     3.080
4157.001    196008         0    196000           0.235     0.577     0.716     0.864     0.986     1.352     1.743     2.920
4158.001    196018         0    196018           0.241     0.581     0.721     0.875     1.010     1.375     1.747     3.127
4159.001    196000         0    195992           0.237     0.584     0.727     0.890     1.043     1.419     1.796     2.863
4160.001    195993         0    196007           0.231     0.581     0.722     0.883     1.037     1.413     1.821     3.215
4161.001    196033         0    196002           0.238     0.583     0.726     0.886     1.041     1.422     1.797     2.793
4162.001    195989         0    196005           0.240     0.580     0.719     0.866     0.986     1.352     1.724     2.609
4163.001    196016         0    196005           0.241     0.579     0.717     0.865     0.986     1.348     1.729     2.732
4164.001    195973         0    195992           0.243     0.583     0.723     0.880     1.026     1.398     1.768     2.939
4165.001    196000         0    196014           0.237     0.581     0.723     0.880     1.024     1.392     1.754     2.875
4166.001    195996         0    195987           0.236     0.579     0.715     0.857     0.967     1.300     1.674     2.742
4167.001    196003         0    196007           0.239     0.578     0.714     0.856     0.969     1.321     1.681     2.437
4168.001    196018         0    196013           0.239     0.577     0.715     0.864     0.991     1.355     1.720     2.470
4169.001    195988         0    195980           0.241     0.577     0.716     0.866     0.996     1.370     1.736     2.845
4170.001    196007         0    196009           0.242     0.578     0.717     0.869     1.001     1.372     1.742     2.761
4171.001    195997         0    196009           0.234     0.577     0.716     0.867     0.996     1.373     1.705     2.716
4172.001    196004         0    195996           0.228     0.580     0.721     0.882     1.038     1.415     1.811     2.636
4173.001    196009         0    196004           0.234     0.580     0.720     0.875     1.018     1.394     1.774     2.728
4174.001    195979         0    195992           0.238     0.578     0.718     0.873     1.019     1.405     1.851     2.720
4175.001    196012         0    196012           0.236     0.579     0.718     0.873     1.013     1.391     1.780     2.755
4176.001    196019         0    196011           0.227     0.577     0.716     0.865     0.992     1.373     1.750     2.568
4177.001    196003         0    195997           0.235     0.573     0.711     0.855     0.974     1.336     1.724     2.675
4178.001    195993         0    196002           0.236     0.568     0.697     0.828     0.912     1.139     1.400     1.887
4179.001    196002         0    195993           0.234     0.572     0.704     0.838     0.928     1.204     1.756     4.743
4180.001    195985         0    195998           0.235     0.576     0.710     0.846     0.943     1.240     1.584     2.429
4181.001    196017         0    196016           0.236     0.575     0.711     0.858     0.973     1.346     1.783     2.675
4182.001    195978         0    195984           0.239     0.579     0.717     0.863     0.985     1.337     1.699     2.906
4183.001    196043         0    196035           0.242     0.578     0.711     0.849     0.947     1.225     1.542     2.179
4184.001    195982         0    195986           0.234     0.569     0.703     0.840     0.934     1.225     1.547     2.492
4185.001    195979         0    195979           0.239     0.580     0.714     0.854     0.955     1.263     1.592     2.353
4186.001    196018         0    196014           0.251     0.579     0.710     0.846     0.935     1.180     1.440     2.020
4187.001    196007         0    196006           0.231     0.581     0.718     0.864     0.983     1.333     1.703     2.513
4188.001    195999         0    196002           0.241     0.583     0.718     0.859     0.969     1.286     1.618     2.472
4189.001    195997         0    195985           0.236     0.577     0.713     0.859     0.968     1.309     1.707     2.662
4190.001    196010         0    196023           0.235     0.577     0.708     0.842     0.932     1.193     1.484     2.146
4191.001    195986         0    195986           0.245     0.578     0.709     0.841     0.929     1.169     1.415     2.060
4192.001    196017         0    196019           0.230     0.579     0.713     0.854     0.957     1.271     1.629     2.922
4193.001    195985         0    195987           0.230     0.579     0.713     0.854     0.958     1.273     1.641     2.669
4194.001    196020         0    196005           0.239     0.581     0.717     0.860     0.973     1.319     1.668     3.326
4195.001    195994         0    195995           0.237     0.579     0.717     0.866     0.991     1.359     1.707     2.427
4196.001    195997         0    196006           0.233     0.574     0.707     0.843     0.937     1.226     1.561     2.454
4197.001    196008         0    196013           0.228     0.574     0.705     0.840     0.930     1.200     1.512     2.503
4198.001    195999         0    195997           0.225     0.577     0.710     0.846     0.944     1.240     1.581     2.343
4199.001    195999         0    195987           0.239     0.571     0.706     0.847     0.953     1.282     1.658     2.640
4200.001    195991         0    196001           0.234     0.574     0.713     0.860     0.985     1.350     1.716     2.433
4201.001    196038         0    196022           0.223     0.568     0.699     0.836     0.929     1.213     1.551     2.374
4202.001    196001         0    196001           0.242     0.568     0.698     0.830     0.914     1.144     1.405     1.951
4203.001    195992         0    195995           0.239     0.577     0.708     0.839     0.924     1.159     1.420     2.468
4204.001    195997         0    196002           0.237     0.577     0.710     0.846     0.937     1.194     1.547     4.714
4205.001    195992         0    195989           0.233     0.573     0.708     0.849     0.954     1.293     1.649     2.380
4206.001    195993         0    196013           0.232     0.581     0.716     0.859     0.970     1.312     1.676     2.372
4207.001    196020         0    196002           0.244     0.573     0.706     0.839     0.928     1.183     1.456     2.710
4208.001    196005         0    196000           0.233     0.585     0.724     0.879     1.019     1.393     1.762     2.669
4209.001    195995         0    196009           0.246     0.580     0.716     0.862     0.978     1.342     5.927    30.622
4210.001    196002         0    195988           0.234     0.575     0.711     0.853     0.958     1.295     1.854     5.382
4211.001    195990         0    196010           0.236     0.580     0.718     0.864     0.987     1.346     1.699     2.728
4212.001    196019         0    196005           0.247     0.569     0.705     0.846     0.950     1.274     1.637     2.478
4213.001    195978         0    195994           0.240     0.571     0.705     0.846     0.953     1.290     1.649     2.759
4214.001    196035         0    196008           0.245     0.580     0.715     0.855     0.962     1.297     1.657     2.542
4215.001    195987         0    195997           0.248     0.580     0.715     0.859     0.973     1.340     1.839     2.611
4216.001    196004         0    196008           0.242     0.573     0.707     0.846     0.942     1.234     1.558     2.361
4217.001    195989         0    195981           0.247     0.574     0.708     0.847     0.947     1.258     1.602     2.439
4218.001    195993         0    196008           0.242     0.577     0.712     0.852     0.957     1.290     1.732     2.732
4219.001    196057         0    196012           0.239     0.572     0.703     0.838     0.927     1.194     1.518     2.535
4220.001    195958         0    195985           0.229     0.575     0.708     0.845     0.941     1.235     1.590     2.454
4221.001    196022         0    196017           0.241     0.571     0.706     0.846     0.946     1.271     1.658     2.550
4222.001    195993         0    196004           0.235     0.578     0.710     0.846     0.942     1.230     1.562     2.482
4223.001    195994         0    195998           0.238     0.570     0.701     0.837     0.926     1.186     1.498     2.011
4224.001    196001         0    196004           0.246     0.571     0.704     0.841     0.935     1.227     1.580     2.970
4225.001    195991         0    195987           0.239     0.571     0.704     0.841     0.936     1.233     1.569     2.163
4226.001    196025         0    196018           0.227     0.568     0.697     0.829     0.913     1.149     1.411     1.940
4227.001    195986         0    196000           0.231     0.580     0.711     0.844     0.933     1.191     1.483     2.146
4228.001    196001         0    195979           0.228     0.577     0.708     0.840     0.926     1.156     1.408     2.261
4229.001    196018         0    196026           0.233     0.578     0.710     0.847     0.942     1.230     1.562     2.198
4230.001    195982         0    195990           0.236     0.582     0.722     0.876     1.014     1.380     1.741     2.904
4231.001    196018         0    196009           0.234     0.583     0.722     0.874     1.005     1.373     1.750     2.503
4232.001    196012         0    196010           0.234     0.576     0.714     0.863     0.986     1.339     1.722     2.714
4233.001    195982         0    195989           0.239     0.576     0.714     0.860     0.979     1.326     1.705     2.486
4234.001    196006         0    196000           0.234     0.584     0.727     0.893     1.058     1.439     1.860     3.248
4235.001    195986         0    195994           0.244     0.588     0.737     0.918     1.128     1.510     2.004     3.092
4236.001    196006         0    196005           0.223     0.585     0.734     0.920     1.142     1.540     2.234     4.702
4237.001    196000         0    196008           0.244     0.584     0.732     0.912     1.122     1.496     1.982     3.627
4238.001    195994         0    196004           0.240     0.588     0.730     0.896     1.062     1.432     1.852     3.328
4239.001    196020         0    195997           0.237     0.576     0.719     0.881     1.039     1.427     1.848     3.453
4240.001    195999         0    196000           0.246     0.590     0.736     0.912     1.100     1.480     1.898     2.830
4241.001    195997         0    196000           0.239     0.583     0.728     0.898     1.076     1.453     1.853     3.037
4242.001    196009         0    196010           0.235     0.575     0.715     0.865     0.994     1.369     1.756     3.398
4243.001    195981         0    195987           0.224     0.582     0.726     0.893     1.067     1.448     1.911     2.828
4244.001    196006         0    196006           0.235     0.582     0.720     0.873     1.006     1.384     2.009     4.469
4245.001    195996         0    195993           0.229     0.575     0.706     0.840     0.929     1.192     1.486     2.376
4246.001    196023         0    196018           0.234     0.575     0.710     0.847     0.948     1.267     1.629     2.640
4247.001    195997         0    196002           0.236     0.569     0.699     0.833     0.918     1.163     1.434     2.269
4248.001    196010         0    196005           0.238     0.573     0.704     0.839     0.932     1.207     1.530     2.540
4249.001    195990         0    195990           0.232     0.585     0.723     0.873     1.004     1.375     1.756     2.736
4250.001    196014         0    196011           0.234     0.573     0.705     0.838     0.923     1.162     1.422     2.093
4251.001    195980         0    195984           0.231     0.580     0.715     0.854     0.959     1.279     1.619     2.494
4252.001    196013         0    196015           0.241     0.576     0.713     0.859     0.975     1.327     1.697     2.261
4253.001    196003         0    196004           0.234     0.580     0.717     0.864     0.985     1.371     2.222     4.583
4254.001    196026         0    196011           0.223     0.575     0.713     0.858     0.971     1.308     1.658     2.720
4255.001    195990         0    196009           0.233     0.579     0.715     0.858     0.965     1.290     1.656     2.546
4256.001    195992         0    195992           0.238     0.573     0.707     0.845     0.942     1.235     1.588     2.523
4257.001    196002         0    195994           0.231     0.575     0.709     0.847     0.945     1.232     1.566     2.464
4258.001    195993         0    195993           0.245     0.580     0.715     0.854     0.955     1.264     1.639     2.329
4259.001    196000         0    196010           0.227     0.577     0.711     0.845     0.935     1.179     1.437     2.259
4260.001    196018         0    196008           0.236     0.575     0.709     0.845     0.938     1.207     1.506     2.578
4261.001    196025         0    195999           0.237     0.575     0.710     0.849     0.947     1.241     1.574     2.312
4262.001    195958         0    195990           0.244     0.584     0.721     0.868     0.986     1.353     1.811     4.280
4263.001    196000         0    196005           0.223     0.580     0.715     0.856     0.962     1.270     1.621     2.515
4264.001    196013         0    196005           0.234     0.574     0.707     0.843     0.934     1.195     1.474     2.363
4265.001    195978         0    195981           0.235     0.572     0.705     0.841     0.931     1.208     1.542     2.476
4266.001    196035         0    196023           0.229     0.579     0.714     0.856     0.965     1.289     1.648     2.744
4267.001    195997         0    195995           0.230     0.577     0.716     0.867     0.993     1.363     1.754     2.914
4268.001    195992         0    195994           0.217     0.583     0.723     0.874     1.007     1.376     1.802     2.718
4269.001    196005         0    196006           0.235     0.578     0.715     0.859     0.971     1.324     3.211    28.688
4270.001    195993         0    196001           0.232     0.578     0.718     0.875     1.021     1.423     2.718     4.841
4271.001    196013         0    196017           0.235     0.581     0.720     0.867     0.994     1.353     1.745     2.896
4272.001    195991         0    195993           0.242     0.576     0.713     0.857     0.968     1.309     1.707     3.254
4273.001    196008         0    195996           0.233     0.573     0.711     0.860     0.985     1.345     1.709     2.613
4274.001    196006         0    196006           0.224     0.573     0.713     0.864     0.993     1.373     1.717     2.521
4275.001    196006         0    196007           0.228     0.577     0.719     0.884     1.046     1.422     1.773     2.433
4276.001    195992         0    195996           0.236     0.583     0.723     0.882     1.028     1.405     1.883     2.755
4277.001    196012         0    196010           0.245     0.584     0.723     0.877     1.012     1.368     1.752     2.634
4278.001    196000         0    195997           0.232     0.583     0.727     0.888     1.046     1.424     1.794     2.611
4279.001    195979         0    196000           0.227     0.580     0.713     0.852     0.951     1.247     1.609     2.419
4280.001    196013         0    195996           0.240     0.575     0.708     0.846     0.945     1.242     1.595     2.310
4281.001    195983         0    195996           0.243     0.585     0.724     0.880     1.019     1.385     1.750     2.447
4282.001    196020         0    196008           0.242     0.580     0.721     0.879     1.028     1.430     2.103     4.252
4283.001    196008         0    196006           0.234     0.581     0.721     0.874     1.007     1.398     1.992     5.071
4284.001    196010         0    196004           0.241     0.586     0.730     0.897     1.063     1.436     1.826     3.123
4285.001    195982         0    195994           0.229     0.585     0.729     0.896     1.059     1.423     1.786     2.634
4286.001    196003         0    195989           0.230     0.582     0.725     0.890     1.057     1.432     1.767     2.564
4287.001    196011         0    196008           0.243     0.582     0.726     0.893     1.065     1.434     1.795     2.666
4288.001    196002         0    196018           0.236     0.586     0.729     0.892     1.046     1.425     1.791     2.746
4289.001    196008         0    195993           0.239     0.583     0.731     0.914     1.126     1.475     1.832     2.456
4290.001    196008         0    196004           0.229     0.585     0.734     0.914     1.119     1.487     1.888     3.156
4291.001    195988         0    196018           0.229     0.578     0.720     0.879     1.035     1.421     1.767     2.787
4292.001    195979         0    195986           0.228     0.579     0.720     0.878     1.023     1.401     1.780     2.511
4293.001    196012         0    196002           0.230     0.576     0.711     0.854     0.964     1.303     1.665     2.562
4294.001    196009         0    195989           0.235     0.571     0.704     0.846     0.952     1.278     1.617     2.574
4295.001    195988         0    196009           0.241     0.565     0.697     0.833     0.926     1.212     1.539     2.243
4296.001    196020         0    196012           0.233     0.569     0.702     0.842     0.940     1.258     1.631     2.447
4297.001    196008         0    195987           0.230     0.571     0.704     0.840     0.936     1.231     1.564     2.367
4298.001    195980         0    196000           0.241     0.570     0.702     0.837     0.928     1.199     1.526     2.351
4299.001    196020         0    196006           0.239     0.570     0.701     0.836     0.926     1.204     1.523     2.413
4300.001    195992         0    195999           0.245     0.566     0.700     0.841     0.943     1.276     1.618     2.402
4301.001    196032         0    196005           0.227     0.566     0.696     0.831     0.921     1.177     1.464     2.480
4302.001    195986         0    196017           0.228     0.567     0.697     0.829     0.914     1.145     1.425     2.128
4303.001    195984         0    195997           0.228     0.571     0.703     0.839     0.930     1.189     1.482     2.257
4304.001    196026         0    196001           0.238     0.575     0.709     0.848     0.950     1.273     2.007     4.821
4305.001    196004         0    196000           0.231     0.569     0.699     0.831     0.916     1.154     1.420     2.224
4306.001    195997         0    196016           0.236     0.571     0.702     0.836     0.920     1.155     1.418     2.384
4307.001    195978         0    195978           0.235     0.572     0.706     0.842     0.938     1.232     1.568     2.966
4308.001    196018         0    196007           0.233     0.574     0.712     0.860     0.975     1.320     1.692     2.589
4309.001    196002         0    196009           0.231     0.580     0.719     0.869     0.998     1.355     1.731     2.533
4310.001    195998         0    195995           0.239     0.575     0.712     0.858     0.971     1.304     1.716     2.773
4311.001    195992         0    195995           0.219     0.566     0.701     0.841     0.940     1.251     1.595     2.251
4312.001    196012         0    195996           0.220     0.579     0.717     0.867     0.994     1.373     1.766     2.746
4313.001    196003         0    196018           0.226     0.579     0.717     0.865     0.984     1.347     1.920     4.407
4314.001    195981         0    195987           0.243     0.581     0.721     0.874     1.011     1.380     1.757     2.638
4315.001    196028         0    196013           0.236     0.579     0.723     0.889     1.049     1.434     1.879     3.283
4316.001    195982         0    195995           0.225     0.580     0.718     0.867     0.993     1.351     1.734     2.537
4317.001    195992         0    195993           0.236     0.582     0.721     0.869     0.996     1.359     1.735     2.789
4318.001    196022         0    196020           0.233     0.582     0.724     0.885     1.046     1.425     1.787     2.820
4319.001    195989         0    195986           0.225     0.575     0.712     0.857     0.970     1.317     1.693     2.712
4320.001    196016         0    196009           0.234     0.575     0.712     0.859     0.979     1.333     1.705     2.505
4321.001    195997         0    196008           0.239     0.571     0.707     0.850     0.959     1.297     1.650     2.347
4322.001    195995         0    195982           0.244     0.589     0.731     0.894     1.053     1.424     1.796     2.730
4323.001    196006         0    196017           0.232     0.575     0.709     0.845     0.944     1.250     1.596     2.390
4324.001    196007         0    196012           0.242     0.570     0.701     0.835     0.922     1.177     1.485     2.761
4325.001    196008         0    196003           0.242     0.573     0.706     0.841     0.934     1.244     1.576     2.712
4326.001    195991         0    195994           0.247     0.582     0.720     0.868     0.994     1.361     1.761     2.578
4327.001    195996         0    195982           0.239     0.578     0.714     0.856     0.964     1.297     1.650     2.410
4328.001    196005         0    196033           0.240     0.574     0.708     0.846     0.941     1.231     1.584     2.490
4329.001    196022         0    195993           0.235     0.573     0.711     0.857     0.970     1.351     3.496    29.721
4330.001    195977         0    195993           0.227     0.577     0.711     0.850     0.953     1.321     3.924     6.083
4331.001    196017         0    196003           0.235     0.566     0.698     0.840     0.937     1.246     1.571     2.449
4332.001    195988         0    195997           0.234     0.563     0.696     0.834     0.926     1.202     1.546     2.148
4333.001    196003         0    196003           0.243     0.573     0.710     0.854     0.967     1.320     1.700     2.636
4334.001    196005         0    196007           0.240     0.570     0.706     0.847     0.949     1.266     1.681     5.165
4335.001    195989         0    195990           0.241     0.567     0.700     0.838     0.932     1.214     1.551     2.382
4336.001    196028         0    196020           0.239     0.569     0.704     0.847     0.955     1.288     1.649     2.429
4337.001    195998         0    195997           0.242     0.570     0.705     0.845     0.946     1.272     1.633     2.492
4338.001    195994         0    196005           0.236     0.563     0.693     0.828     0.919     1.208     1.532     2.302
4339.001    195999         0    195999           0.234     0.572     0.703     0.836     0.921     1.167     1.454     2.002
4340.001    196001         0    195995           0.236     0.567     0.698     0.832     0.919     1.169     1.459     2.173
4341.001    196011         0    196014           0.236     0.570     0.707     0.854     0.972     1.335     1.694     3.303
4342.001    195981         0    195988           0.246     0.566     0.699     0.840     0.942     1.269     1.630     2.697
4343.001    196012         0    196004           0.232     0.563     0.692     0.824     0.909     1.139     1.397     1.827
4344.001    196006         0    195996           0.235     0.569     0.702     0.839     0.931     1.229     1.562     2.529
4345.001    196018         0    196023           0.233     0.569     0.699     0.833     0.918     1.149     1.431     2.335
4346.001    195983         0    195989           0.230     0.562     0.694     0.833     0.930     1.234     1.576     2.413
4347.001    195989         0    195980           0.236     0.565     0.695     0.827     0.913     1.148     1.412     2.020
4348.001    196017         0    196025           0.230     0.574     0.713     0.864     0.995     1.362     1.706     2.572
4349.001    195985         0    196008           0.241     0.573     0.709     0.848     0.948     1.263     1.667     2.435
4350.001    196012         0    195994           0.233     0.565     0.701     0.849     0.962     1.318     1.674     2.630
4351.001    196006         0    196010           0.238     0.562     0.693     0.828     0.919     1.194     1.532     2.165
4352.001    195998         0    195999           0.233     0.569     0.706     0.854     0.972     1.329     1.686     2.370
4353.001    196000         0    195975           0.234     0.571     0.710     0.860     0.982     1.337     1.720     3.000
4354.001    196026         0    196027           0.229     0.570     0.709     0.861     0.994     1.359     1.717     2.636
4355.001    195989         0    195980           0.223     0.570     0.705     0.848     0.953     1.288     1.652     2.664
4356.001    195990         0    196008           0.241     0.575     0.714     0.863     0.987     1.355     1.719     3.025
4357.001    196002         0    196009           0.238     0.570     0.711     0.865     1.004     1.381     1.744     2.523
4358.001    196005         0    196008           0.240     0.570     0.709     0.862     0.997     1.376     1.751     2.992
4359.001    195993         0    196001           0.236     0.567     0.703     0.848     0.959     1.309     1.705     3.279
4360.001    196000         0    195994           0.233     0.571     0.708     0.852     0.962     1.298     1.679     2.568
4361.001    196002         0    196004           0.237     0.566     0.705     0.859     0.991     1.369     1.748     2.644
4362.001    195987         0    195993           0.238     0.577     0.716     0.868     1.000     1.368     1.750     2.666
4363.001    196023         0    196013           0.231     0.569     0.707     0.857     0.980     1.346     1.709     3.017
4364.001    195983         0    195985           0.234     0.564     0.695     0.832     0.924     1.207     1.556     2.435
4365.001    196037         0    196026           0.233     0.562     0.695     0.839     0.940     1.285     1.648     2.292
4366.001    195988         0    195996           0.229     0.565     0.698     0.842     0.949     1.331     2.130     5.014
4367.001    196008         0    195997           0.245     0.563     0.695     0.836     0.935     1.260     1.607     2.191
4368.001    196002         0    196003           0.236     0.561     0.692     0.829     0.919     1.198     1.523     2.076
4369.001    195994         0    195990           0.230     0.572     0.708     0.849     0.955     1.315     1.665     2.421
4370.001    195995         0    196015           0.236     0.564     0.694     0.826     0.911     1.157     1.476     2.251
4371.001    195987         0    195986           0.238     0.565     0.695     0.827     0.914     1.161     1.475     2.259
4372.002    196017         0    196014           0.233     0.568     0.700     0.838     0.933     1.254     1.806     3.174
4373.001    196011         0    196010           0.226     0.569     0.702     0.842     0.943     1.258     1.594     2.277
4374.001    195991         0    196000           0.229     0.567     0.697     0.833     0.920     1.175     1.490     2.198
4375.001    196025         0    195997           0.221     0.566     0.701     0.844     0.950     1.282     1.670     2.408
4376.001    195972         0    195989           0.236     0.563     0.696     0.837     0.933     1.255     1.631     2.781
4377.001    195995         0    196003           0.239     0.568     0.702     0.844     0.946     1.276     1.625     2.388
4378.001    196003         0    196005           0.238     0.562     0.695     0.830     0.920     1.176     1.497     2.292
4379.001    195999         0    195988           0.229     0.564     0.695     0.831     0.921     1.180     1.485     2.435
4380.001    196025         0    196022           0.233     0.565     0.696     0.829     0.916     1.151     1.430     2.241
4381.001    195989         0    195996           0.236     0.570     0.701     0.835     0.921     1.161     1.443     2.228
4382.001    196010         0    196005           0.230     0.571     0.706     0.846     0.945     1.261     1.610     2.333
4383.001    196024         0    196013           0.231     0.575     0.711     0.856     0.967     1.293     1.660     2.861
4384.001    195965         0    195992           0.234     0.570     0.703     0.839     0.927     1.174     1.448     2.675
4385.001    196006         0    196001           0.237     0.570     0.703     0.840     0.932     1.200     1.516     2.304
4386.001    196010         0    196001           0.237     0.566     0.701     0.843     0.950     1.284     1.644     2.771
4387.001    195993         0    195991           0.238     0.565     0.696     0.834     0.925     1.201     1.514     2.339
4388.001    196013         0    196014           0.229     0.572     0.708     0.850     0.962     1.305     1.660     2.623
4389.001    196006         0    196002           0.220     0.567     0.701     0.842     0.941     1.285     5.100    30.065
4390.001    195999         0    195994           0.222     0.568     0.701     0.840     0.938     1.251     1.623     2.437
4391.001    195991         0    196010           0.223     0.572     0.708     0.850     0.956     1.283     1.645     2.525
4392.001    196016         0    195999           0.243     0.571     0.704     0.840     0.936     1.243     1.587     2.222
4393.001    196003         0    196016           0.236     0.569     0.705     0.847     0.955     1.295     1.653     2.286
4394.001    196006         0    196001           0.242     0.568     0.699     0.832     0.917     1.156     1.433     1.883
4395.001    195975         0    195990           0.243     0.571     0.707     0.853     0.966     1.321     1.694     2.851
4396.001    196008         0    195990           0.235     0.568     0.703     0.844     0.948     1.289     1.749     2.750
4397.001    196029         0    196024           0.237     0.572     0.707     0.843     0.935     1.206     1.530     2.208
4398.001    195971         0    195976           0.235     0.574     0.708     0.845     0.945     1.251     1.590     2.329
4399.001    196024         0    196015           0.237     0.575     0.712     0.858     0.971     1.320     1.698     2.482
4400.001    195986         0    195992           0.241     0.582     0.723     0.878     1.018     1.381     1.762     2.771
4401.001    196012         0    196011           0.240     0.572     0.712     0.861     0.985     1.339     1.731     2.714
4402.001    195979         0    195966           0.242     0.575     0.716     0.869     1.007     1.381     1.754     2.525
4403.001    196018         0    196043           0.237     0.577     0.717     0.871     1.005     1.383     1.747     2.830
4404.001    196002         0    196003           0.238     0.575     0.718     0.882     1.038     1.411     1.809     2.460
4405.001    196003         0    195992           0.235     0.574     0.714     0.867     1.000     1.371     1.767     2.894
4406.001    196008         0    196012           0.236     0.580     0.722     0.884     1.039     1.421     1.808     2.914
4407.001    195978         0    195998           0.238     0.571     0.707     0.852     0.961     1.300     1.727     2.617
4408.001    195992         0    195974           0.240     0.577     0.715     0.860     0.976     1.327     1.817     6.590
4409.001    196032         0    196032           0.243     0.569     0.705     0.845     0.944     1.265     1.661     2.472
4410.001    196011         0    196001           0.239     0.574     0.706     0.841     0.931     1.184     1.467     2.415
4411.001    196000         0    196005           0.234     0.565     0.697     0.834     0.925     1.204     1.527     2.509
4412.001    195973         0    195988           0.244     0.571     0.700     0.833     0.920     1.161     1.446     2.052
4413.001    196008         0    196002           0.237     0.568     0.702     0.846     0.956     1.308     1.659     2.380
4414.001    195988         0    195991           0.244     0.566     0.698     0.831     0.921     1.163     1.442     2.179
4415.001    196016         0    196011           0.237     0.572     0.709     0.852     0.963     1.297     1.671     2.488
4416.001    196009         0    196004           0.231     0.566     0.698     0.837     0.930     1.223     1.568     2.439
4417.001    195996         0    195998           0.235     0.567     0.699     0.838     0.931     1.220     1.563     2.288
4418.001    196000         0    195994           0.228     0.566     0.697     0.830     0.914     1.150     1.399     1.804
4419.001    195986         0    195994           0.223     0.566     0.699     0.837     0.932     1.229     1.562     2.740
4420.001    196019         0    196020           0.210     0.569     0.707     0.849     0.958     1.306     1.675     2.789
4421.001    195999         0    195992           0.245     0.573     0.706     0.841     0.934     1.224     1.564     2.343
4422.001    196018         0    196019           0.229     0.565     0.702     0.848     0.961     1.312     1.680     2.492
4423.001    195979         0    195987           0.233     0.570     0.707     0.852     0.962     1.304     1.677     2.869
4424.001    196009         0    195998           0.237     0.581     0.724     0.887     1.044     1.424     1.784     2.853
4425.001    196016         0    196017           0.233     0.576     0.713     0.856     0.968     1.303     1.695     3.887
4426.001    196006         0    196003           0.244     0.575     0.714     0.863     0.984     1.348     1.708     3.029
4427.001    195995         0    195991           0.240     0.577     0.713     0.857     0.969     1.317     1.680     2.421
4428.001    195987         0    196001           0.244     0.581     0.726     0.890     1.045     1.420     1.815     2.970
4429.001    196015         0    196017           0.236     0.575     0.713     0.860     0.980     1.359     2.218     5.456
4430.001    195990         0    195985           0.239     0.568     0.703     0.842     0.937     1.227     1.570     2.367
4431.001    196025         0    196017           0.232     0.574     0.711     0.856     0.966     1.292     1.653     2.824
4432.001    195978         0    196002           0.221     0.574     0.709     0.847     0.943     1.246     1.577     2.626
4433.001    196008         0    195996           0.237     0.568     0.702     0.840     0.937     1.250     2.154     5.751
4434.001    196011         0    196007           0.227     0.571     0.704     0.841     0.931     1.193     1.493     2.167
4435.001    195990         0    196006           0.239     0.569     0.702     0.839     0.926     1.194     1.498     2.314
4436.001    196022         0    195986           0.234     0.569     0.703     0.846     0.948     1.270     1.612     2.576
4437.001    195970         0    195992           0.228     0.567     0.700     0.838     0.933     1.231     1.573     2.402
4438.001    196022         0    196012           0.239     0.571     0.702     0.834     0.920     1.153     1.426     1.892
4439.001    196018         0    196003           0.240     0.566     0.697     0.830     0.916     1.152     1.441     2.035
4440.001    195989         0    196011           0.237     0.568     0.700     0.839     0.938     1.253     1.589     2.488
4440.710    139015         0    195974           0.230     0.570     0.702     0.837     0.925     1.169     1.456     2.259

SUMMARY STATS ══════════════════════════════════════════════════════════════════════════════════════════════════════════════
    Elapsed time       [s]   4440.716                                                                 
        CPU time       [s]  37840.234                                                                 
 CPU utilisation       [%]       23.7                                                                 
          Cycles      [op]  870386012                                                                 
          Errors      [op]          0                                                                 
              └─       [%]        0.0                                                                 
        Requests     [req]  870386012                                                                 
              └─  [req/op]        1.0                                                                 
         Retries     [ret]          0                                                                 
              └─ [ret/req]    0.00000                                                                 
            Rows     [row]  696302932                                                                 
              └─ [row/req]        0.8                                                                 
     Concurrency     [req]         16 ± 12                                                            
              └─       [%]         12                                                                 
      Throughput    [op/s]     196001 ± 32                                                            
              ├─   [req/s]     196001 ± 32                                                            
              └─   [row/s]     156800 ± 25                                                            
   Cycle latency      [ms]      1.364 ± 0.661                                                         
 Request latency      [ms]      0.999 ± 0.002                                                         

CYCLE LATENCY for standard1_insert_cache [ms]  ═════════════════════════════════════════════════════════════════════════════
          Min                   0.238 ± 0.056                                                         
           25                   0.517 ± 0.032                                                         
           50                   0.642 ± 0.043                                                         
           75                   0.833 ± 0.076                                                         
           90                   1.186 ± 0.177                                                         
           95                   1.418 ± 0.214                                                         
           98                   1.766 ± 0.613                                                         
           99                   2.322 ± 8.224                                                         
           99.9               103.875 ± 164.825                                                       
           99.99              172.491 ± 164.825                                                       
          Max                 300.941 ± 164.825                                                       

CYCLE LATENCY for standard1_insert [ms]  ═══════════════════════════════════════════════════════════════════════════════════
          Min                   0.233 ± 0.058                                                         
           25                   0.516 ± 0.026                                                         
           50                   0.641 ± 0.037                                                         
           75                   0.832 ± 0.071                                                         
           90                   1.186 ± 0.161                                                         
           95                   1.418 ± 0.193                                                         
           98                   1.766 ± 0.515                                                         
           99                   2.324 ± 8.329                                                         
           99.9               104.137 ± 147.592                                                       
           99.99              172.622 ± 147.592                                                       
          Max                 300.417 ± 147.592                                                       

CYCLE LATENCY for standard1_select_cache [ms]  ═════════════════════════════════════════════════════════════════════════════
          Min                   0.203 ± 0.054                                                         
           25                   0.531 ± 0.036                                                         
           50                   0.694 ± 0.070                                                         
           75                   1.045 ± 0.184                                                         
           90                   1.598 ± 0.237                                                         
           95                   2.105 ± 0.556                                                         
           98                   3.215 ± 1.822                                                         
           99                   5.550 ± 15.422                                                        
           99.9               107.610 ± 177.273                                                       
           99.99              180.224 ± 177.273                                                       
          Max                 326.894 ± 177.273                                                       

CYCLE LATENCY for standard1_select [ms]  ═══════════════════════════════════════════════════════════════════════════════════
          Min                   0.381 ± 0.085                                                         
           25                   0.800 ± 0.075                                                         
           50                   1.095 ± 0.167                                                         
           75                   1.741 ± 0.323                                                         
           90                   2.664 ± 1.041                                                         
           95                   4.395 ± 5.506                                                         
           98                  12.493 ± 21.724                                                        
           99                  22.544 ± 66.439                                                        
           99.9               132.710 ± 183.553                                                       
           99.99              202.506 ± 183.553                                                       
          Max                 341.836 ± 183.553                                                       

