CONFIG ═════════════════════════════════════════════════════════════════════════════════════════════════════════════════════
            Date            Wed, 09 Jul 2025                                                          
            Time            01:18:20 +0000                                                            
         Cluster                                                                                      
      Datacenter                                                                                      
   Cass. version            3.0.8                                                                     
        Workload            uniform.rn                                                                
     Function(s)            standard1_select:1                                                        
     Consistency            LocalQuorum                                                               
            Tags                                                                                      
────────────────────────────────────────────────────────────────────────────────────────────────────────────────────────────
         Threads                    4                                                                 
     Connections                    1                                                                 
     Concurrency     [req]        128                                                                 
        Max rate    [op/s]      28000                                                                 
          Warmup       [s]         20                                                                 
              └─      [op]                                                                            
        Run time       [s]     1800.0                                                                 
              └─      [op]                                                                            
        Sampling       [s]        1.0                                                                 
              └─      [op]                                                                            
 Request timeout       [s]          5                                                                 
         Retries                                                                                      
  ┌──────┴number                   10                                                                 
  ├─min interval      [ms]        100                                                                 
  └─max interval      [ms]       5000                                                                 

LOG ════════════════════════════════════════════════════════════════════════════════════════════════════════════════════════
    Time    Cycles    Errors    Thrpt.     ────────────────────────────────── Latency [ms/op] ──────────────────────────────
     [s]      [op]      [op]    [op/s]             Min        50        75        90        95        99      99.9       Max
   1.001     27991         0     27978           0.242     0.611     0.788     1.043     1.246     1.619     2.161     2.621
   2.001     28002         0     28003           0.247     0.604     0.765     0.986     1.147     1.475     1.931     3.125
   3.001     27999         0     27997           0.247     0.594     0.742     0.925     1.065     1.406     2.044     2.990
   4.001     27999         0     28001           0.251     0.598     0.743     0.923     1.062     1.380     1.927     2.707
   5.001     28000         0     28001           0.253     0.665     0.826     1.023     1.183     1.509     1.989     3.119
   6.001     28001         0     28001           0.263     0.656     0.807     0.981     1.113     1.408     1.828     2.728
   7.001     27996         0     27996           0.257     0.650     0.799     0.986     1.130     1.463     1.872     2.449
   8.001     28003         0     28003           0.264     0.659     0.813     0.988     1.121     1.438     1.830     2.912
   9.001     28003         0     28002           0.279     0.668     0.822     1.004     1.143     1.470     1.921     2.882
  10.001     27996         0     27994           0.262     0.654     0.807     0.982     1.116     1.425     1.889     3.019
  11.001     28000         0     28000           0.259     0.656     0.809     0.989     1.134     1.451     1.915     2.826
  12.001     28001         0     28004           0.240     0.652     0.802     0.971     1.112     1.424     1.866     2.834
  13.001     28001         0     28001           0.254     0.649     0.800     0.975     1.115     1.432     1.861     2.691
  14.001     27998         0     27997           0.253     0.644     0.788     0.946     1.061     1.369     1.741     2.615
  15.001     28004         0     28004           0.263     0.654     0.797     0.960     1.082     1.372     1.740     2.566
  16.001     28000         0     28001           0.246     0.650     0.794     0.954     1.077     1.381     1.760     2.179
  17.001     27997         0     27997           0.271     0.658     0.805     0.976     1.106     1.410     1.959     2.849
  18.001     28002         0     28002           0.243     0.648     0.791     0.948     1.066     1.381     2.053     2.626
  19.001     28000         0     27999           0.253     0.637     0.778     0.938     1.057     1.356     1.792     2.560
  20.001     27995         0     27997           0.240     0.645     0.787     0.947     1.060     1.376     1.921     2.822
  21.001     28005         0     28004           0.269     0.651     0.796     0.957     1.081     1.404     1.849     2.363
  22.001     28000         0     28000           0.247     0.649     0.797     0.962     1.094     1.441     1.875     2.394
  23.001     27998         0     27997           0.268     0.648     0.795     0.953     1.073     1.363     1.782     2.413
  24.001     28000         0     27999           0.255     0.649     0.794     0.955     1.078     1.376     1.838     3.023
  25.001     27998         0     28000           0.259     0.649     0.788     0.950     1.068     1.361     1.833     3.056
  26.001     28004         0     28003           0.268     0.646     0.788     0.946     1.067     1.373     1.770     2.828
  27.001     27997         0     27997           0.265     0.647     0.787     0.944     1.065     1.348     1.675     2.918
  28.001     27999         0     27999           0.263     0.641     0.780     0.940     1.058     1.369     1.739     2.656
  29.001     28002         0     28002           0.268     0.645     0.794     0.965     1.091     1.408     1.869     3.047
  30.001     28001         0     28001           0.262     0.650     0.794     0.949     1.069     1.355     1.779     2.306
  31.001     28001         0     28001           0.268     0.647     0.795     0.956     1.080     1.399     1.850     2.525
  32.001     27999         0     28000           0.265     0.642     0.781     0.945     1.067     1.388     1.844     3.099
  33.001     28001         0     28000           0.252     0.643     0.786     0.953     1.079     1.384     1.829     2.404
  34.001     27997         0     27997           0.248     0.642     0.785     0.944     1.071     1.409     1.789     2.662
  35.001     28004         0     28004           0.252     0.660     0.804     0.959     1.074     1.346     1.722     2.304
  36.001     28001         0     28001           0.249     0.667     0.813     0.979     1.108     1.418     1.894     2.869
  37.001     27997         0     27997           0.256     0.654     0.798     0.964     1.090     1.398     1.838     2.400
  38.001     27995         0     27995           0.258     0.646     0.792     0.962     1.111     1.461     1.826     3.090
  39.001     28000         0     28000           0.262     0.686     0.870     1.130     1.326     1.639     2.140     3.531
  40.001     28006         0     28006           0.268     0.693     0.891     1.181     1.383     1.747     2.333     3.645
  41.001     27998         0     27998           0.264     0.699     0.909     1.221     1.448     1.898     2.601     3.486
  42.001     28000         0     27999           0.266     0.729     0.957     1.269     1.463     1.832     2.482     3.269
  43.001     27999         0     28000           0.252     0.723     0.948     1.268     1.471     1.869     2.490     3.686
  44.001     27997         0     27997           0.245     0.713     0.934     1.253     1.452     1.887     2.490     3.394
  45.001     28005         0     28005           0.244     0.734     0.971     1.299     1.501     1.916     2.542     4.321
  46.001     27997         0     27995           0.268     0.730     0.963     1.287     1.488     1.897     2.521     3.576
  47.001     28003         0     28005           0.258     0.720     0.953     1.280     1.480     1.880     2.484     3.357
  48.001     28000         0     27998           0.276     0.726     0.956     1.283     1.483     1.868     2.417     3.783
  49.001     28000         0     28001           0.270     0.714     0.937     1.269     1.464     1.880     2.445     3.746
  50.001     27999         0     27999           0.268     0.713     0.922     1.250     1.455     1.886     2.447     3.482
  51.001     27995         0     27995           0.265     0.728     0.958     1.283     1.492     1.934     2.603     3.619
  52.001     28001         0     28001           0.275     0.699     0.906     1.202     1.396     1.752     2.347     3.183
  53.001     28000         0     28000           0.242     0.702     0.923     1.264     1.473     1.909     2.570     3.686
  54.001     28002         0     28002           0.265     0.712     0.936     1.252     1.452     1.884     2.492     3.668
  55.001     28001         0     28000           0.271     0.733     0.969     1.294     1.499     1.933     2.626     5.689
  56.001     28001         0     28000           0.247     0.728     0.973     1.328     1.547     2.099     3.101     4.317
  57.001     28000         0     28002           0.263     0.709     0.927     1.241     1.435     1.814     2.533     3.494
  58.001     27992         0     27991           0.255     0.708     0.926     1.249     1.448     1.869     2.634     4.035
  59.001     28007         0     28006           0.255     0.707     0.919     1.232     1.423     1.778     2.296     2.902
  60.001     28002         0     28003           0.274     0.705     0.923     1.252     1.458     1.873     2.601     3.574
  61.001     27992         0     27992           0.265     0.745     0.984     1.311     1.519     1.929     2.593     4.207
  62.001     28004         0     28003           0.275     0.724     0.947     1.275     1.476     1.918     2.640     4.665
  63.001     28001         0     27998           0.268     0.707     0.917     1.215     1.408     1.774     2.378     3.607
  64.001     28001         0     28004           0.258     0.724     0.932     1.245     1.444     1.812     2.410     2.771
  65.001     28000         0     28000           0.243     0.715     0.936     1.263     1.461     1.862     2.435     3.437
  66.001     27999         0     27998           0.249     0.711     0.925     1.258     1.470     1.901     2.542     4.094
  67.001     28000         0     27999           0.274     0.711     0.932     1.256     1.448     1.830     2.484     3.791
  68.001     28002         0     28002           0.255     0.692     0.898     1.193     1.399     1.775     2.370     3.418
  69.001     27998         0     27999           0.266     0.714     0.932     1.250     1.443     1.795     2.390     3.228
  70.001     28000         0     27999           0.263     0.728     0.942     1.243     1.435     1.791     2.329     3.088
  71.001     27995         0     27993           0.237     0.710     0.925     1.245     1.441     1.814     2.415     3.471
  72.001     28007         0     28010           0.238     0.710     0.927     1.238     1.451     1.866     2.529     3.461
  73.001     28001         0     28001           0.255     0.731     0.970     1.306     1.511     1.898     2.519     3.713
  74.001     28000         0     28000           0.264     0.709     0.918     1.214     1.401     1.750     2.337     3.201
  75.001     28000         0     27999           0.284     0.720     0.936     1.237     1.430     1.788     2.429     3.267
  76.001     28000         0     28000           0.264     0.727     0.932     1.234     1.436     1.826     2.374     3.885
  77.001     27997         0     27998           0.267     0.712     0.924     1.260     1.450     1.882     2.638     4.436
  78.001     27994         0     27994           0.274     0.713     0.912     1.201     1.415     1.797     2.513     3.492
  79.001     28001         0     28000           0.245     0.727     0.950     1.256     1.444     1.825     2.413     3.135
  80.001     28003         0     28002           0.253     0.708     0.911     1.217     1.427     1.809     2.384     3.469
  81.001     28005         0     28005           0.243     0.725     0.943     1.257     1.441     1.814     2.429     3.185
  82.001     28001         0     28002           0.258     0.729     0.952     1.262     1.459     1.828     2.439     3.373
  83.001     27994         0     27994           0.264     0.720     0.940     1.252     1.440     1.798     2.423     3.359
  84.001     28004         0     28004           0.263     0.718     0.948     1.271     1.467     1.873     2.515     3.531
  85.001     27988         0     27988           0.278     0.934     1.208     1.522     1.699     2.122     2.636     3.449
  86.001     28005         0     28005           0.457     0.965     1.277     1.589     1.782     2.255     2.816     3.535
  87.001     27999         0     27998           0.478     0.981     1.318     1.635     1.833     2.296     2.863     3.793
  88.001     28005         0     28004           0.489     0.986     1.316     1.633     1.831     2.281     2.753     3.908
  89.001     27998         0     27999           0.481     0.939     1.244     1.563     1.758     2.247     2.871     3.781
  90.001     27997         0     27998           0.445     0.943     1.235     1.534     1.704     2.094     2.527     3.342
  91.001     28002         0     27998           0.480     0.983     1.311     1.611     1.810     2.273     2.718     3.492
  92.001     27999         0     28002           0.488     0.970     1.280     1.582     1.781     2.198     2.759     3.828
  93.001     27997         0     27996           0.480     0.992     1.291     1.608     1.800     2.265     2.781     4.289
  94.001     28009         0     28010           0.450     0.988     1.307     1.607     1.794     2.263     2.869     3.518
  95.001     27988         0     27989           0.436     0.968     1.261     1.571     1.758     2.220     2.712     3.621
  96.001     28005         0     28005           0.490     0.972     1.287     1.587     1.788     2.261     2.908     4.178
  97.001     28002         0     28000           0.466     0.981     1.307     1.626     1.840     2.347     2.886     3.875
  98.001     27991         0     27993           0.444     0.976     1.292     1.598     1.779     2.232     2.738     4.035
  99.001     28005         0     28004           0.494     0.994     1.303     1.629     1.841     2.310     2.886     3.779
 100.001     28001         0     28001           0.490     1.014     1.324     1.624     1.809     2.265     2.896     4.243
 101.001     28003         0     28004           0.483     0.987     1.309     1.613     1.797     2.243     2.820     3.518
 102.001     27995         0     27995           0.444     0.942     1.230     1.549     1.757     2.263     2.775     3.566
 103.001     28007         0     28007           0.451     0.976     1.293     1.599     1.819     2.296     2.791     3.658
 104.001     27997         0     27997           0.483     0.949     1.244     1.547     1.724     2.161     2.750     3.533
 105.001     28000         0     28000           0.455     0.953     1.268     1.579     1.759     2.195     2.689     3.688
 106.001     27993         0     27992           0.484     0.951     1.249     1.568     1.754     2.202     2.734     3.475
 107.001     28008         0     28010           0.465     0.950     1.262     1.590     1.814     2.314     2.865     4.907
 108.001     28003         0     28002           0.443     0.946     1.244     1.579     1.773     2.275     2.888     3.564
 109.001     27996         0     27996           0.447     0.942     1.246     1.562     1.745     2.161     2.820     3.590
 110.001     27996         0     27996           0.458     0.997     1.319     1.632     1.829     2.271     2.841     4.276
 111.001     28004         0     28004           0.482     0.932     1.197     1.520     1.713     2.163     2.777     3.594
 112.001     28002         0     28002           0.471     0.953     1.274     1.609     1.822     2.327     2.906     4.346
 113.001     28001         0     28001           0.441     0.971     1.283     1.601     1.798     2.249     2.820     3.932
 114.001     27994         0     27992           0.459     0.955     1.257     1.553     1.732     2.165     2.712     3.523
 115.001     28006         0     28008           0.472     0.928     1.201     1.522     1.711     2.200     2.818     4.106
 116.001     27998         0     27998           0.430     0.967     1.277     1.577     1.765     2.212     2.736     3.391
 117.001     27999         0     28000           0.478     0.968     1.279     1.605     1.825     2.308     2.841     4.102
 118.001     27999         0     27999           0.466     0.939     1.237     1.563     1.757     2.236     2.769     3.584
 119.001     28004         0     28001           0.475     0.944     1.249     1.573     1.767     2.210     2.689     3.895
 120.001     27998         0     27999           0.475     0.936     1.232     1.545     1.735     2.216     2.785     3.736
 121.001     28003         0     28004           0.444     0.915     1.186     1.501     1.675     2.072     2.648     3.357
 122.001     27996         0     27996           0.478     0.921     1.194     1.510     1.686     2.074     2.638     3.332
 123.001     27993         0     27993           0.483     0.988     1.313     1.621     1.829     2.275     2.896     3.666
 124.001     28012         0     28012           0.468     0.968     1.288     1.610     1.803     2.259     2.939     5.779
 125.001     27996         0     27996           0.495     0.944     1.229     1.529     1.714     2.175     2.728     4.182
 126.001     27998         0     27998           0.437     0.935     1.235     1.561     1.755     2.206     2.785     3.750
 127.001     27998         0     27998           0.470     0.952     1.248     1.548     1.726     2.134     2.679     3.623
 128.001     28000         0     27999           0.456     0.945     1.254     1.559     1.746     2.206     2.816     3.764
 129.001     28004         0     28005           0.473     0.942     1.246     1.565     1.746     2.208     2.738     3.572
 130.001     27996         0     27996           0.467     0.915     1.174     1.479     1.648     2.024     2.486     3.262
 131.001     28003         0     28003           0.477     0.935     1.230     1.539     1.715     2.191     2.720     3.752
 132.001     28005         0     28005           0.480     0.973     1.302     1.621     1.806     2.253     2.873     3.789
 133.001     27990         0     27990           0.449     0.950     1.257     1.581     1.766     2.191     2.777     3.332
 134.001     28009         0     28007           0.453     0.938     1.247     1.564     1.742     2.154     2.703     4.153
 135.001     27998         0     28000           0.483     0.936     1.219     1.531     1.725     2.152     2.712     3.918
 136.001     28001         0     28000           0.480     0.948     1.257     1.565     1.748     2.161     2.695     3.762
 137.001     28004         0     28003           0.481     0.934     1.224     1.536     1.715     2.126     2.732     3.840
 138.001     27995         0     27994           0.461     0.928     1.207     1.528     1.719     2.169     2.644     3.369
 139.001     28005         0     28005           0.499     0.958     1.282     1.602     1.796     2.265     2.742     3.678
 140.001     27996         0     27997           0.482     0.953     1.252     1.573     1.782     2.292     2.826     3.840
 141.001     27998         0     27998           0.452     0.952     1.271     1.580     1.758     2.183     2.687     4.350
 142.001     27995         0     27995           0.481     0.944     1.227     1.541     1.729     2.183     2.839     3.860
 143.001     28011         0     28011           0.487     0.943     1.228     1.549     1.740     2.181     2.767     3.652
 144.001     27994         0     27994           0.465     0.942     1.239     1.544     1.715     2.090     2.574     3.551
 145.001     28005         0     28003           0.471     0.940     1.235     1.574     1.777     2.257     2.826     3.576
 146.001     27996         0     27997           0.453     0.941     1.226     1.533     1.696     2.058     2.636     3.105
 147.001     28005         0     28004           0.484     0.959     1.264     1.568     1.745     2.187     2.671     3.414
 148.001     27996         0     27995           0.475     0.948     1.260     1.574     1.749     2.189     2.816     3.742
 149.001     27997         0     28000           0.463     0.941     1.242     1.552     1.736     2.183     2.791     3.553
 150.001     28004         0     28003           0.484     0.931     1.203     1.507     1.684     2.092     2.728     3.488
 151.001     27996         0     27996           0.479     0.927     1.196     1.505     1.673     2.049     2.564     3.287
 152.001     28005         0     28006           0.473     0.931     1.223     1.532     1.723     2.167     2.666     4.168
 153.001     27996         0     27995           0.476     0.948     1.245     1.551     1.746     2.187     2.707     3.365
 154.001     27995         0     27995           0.470     0.954     1.251     1.580     1.788     2.294     2.808     3.738
 155.001     28010         0     28010           0.438     0.938     1.222     1.527     1.699     2.089     2.646     3.482
 156.001     27994         0     27994           0.466     0.934     1.207     1.508     1.687     2.075     2.544     3.109
 157.001     28007         0     28007           0.494     0.951     1.260     1.560     1.748     2.165     2.636     3.158
 158.001     27994         0     27993           0.449     0.894     1.153     1.482     1.651     2.088     2.591     3.316
 159.001     28004         0     28005           0.484     0.913     1.175     1.490     1.656     1.987     2.474     3.488
 160.001     27999         0     27998           0.476     0.932     1.222     1.528     1.709     2.175     2.736     3.713
 161.001     27995         0     27994           0.474     0.946     1.240     1.537     1.699     2.037     2.632     3.291
 162.001     27994         0     27995           0.470     0.951     1.242     1.542     1.720     2.159     2.648     3.940
 163.001     28005         0     28005           0.453     0.925     1.189     1.501     1.690     2.105     2.648     3.631
 164.001     27999         0     27998           0.475     0.936     1.248     1.536     1.707     2.105     2.675     3.492
 165.001     28009         0     28010           0.444     0.933     1.215     1.517     1.687     2.073     2.570     3.039
 166.001     27991         0     27992           0.467     0.922     1.207     1.504     1.671     2.043     2.646     4.006
 167.001     28008         0     28007           0.478     0.910     1.155     1.482     1.662     2.059     2.537     3.600
 168.001     28000         0     28001           0.473     0.938     1.231     1.542     1.724     2.177     2.650     3.990
 169.001     27986         0     27987           0.446     0.948     1.241     1.560     1.749     2.226     2.750     3.394
 170.001     28018         0     28017           0.479     0.925     1.187     1.511     1.709     2.232     2.828     4.256
 171.001     27997         0     27997           0.477     0.931     1.205     1.517     1.690     2.083     2.552     3.817
 172.001     27997         0     27996           0.458     0.915     1.172     1.495     1.673     2.126     2.605     3.748
 173.001     27998         0     28000           0.492     0.934     1.206     1.517     1.707     2.163     2.683     3.602
 174.001     27999         0     27997           0.454     0.907     1.163     1.488     1.663     2.037     2.562     3.381
 175.001     28003         0     28000           0.438     0.938     1.236     1.531     1.700     2.070     2.570     3.979
 176.001     28001         0     28006           0.454     0.943     1.236     1.532     1.701     2.089     2.619     3.424
 177.001     27996         0     27996           0.433     0.930     1.201     1.517     1.692     2.128     2.587     2.890
 178.001     28005         0     28004           0.430     0.946     1.227     1.536     1.698     2.057     2.583     3.598
 179.001     27997         0     27997           0.475     0.966     1.286     1.576     1.743     2.136     2.654     3.592
 180.001     28004         0     28004           0.465     0.923     1.196     1.516     1.691     2.105     2.593     3.598
 181.001     28000         0     27999           0.462     0.966     1.262     1.569     1.751     2.148     2.648     3.439
 182.001     27998         0     27999           0.478     0.947     1.253     1.547     1.715     2.082     2.527     3.369
 183.001     27996         0     27998           0.486     0.951     1.248     1.539     1.708     2.101     2.652     3.787
 184.001     28007         0     28004           0.422     0.923     1.193     1.502     1.675     2.043     2.681     4.166
 185.001     27996         0     27998           0.487     0.950     1.250     1.541     1.720     2.122     2.701     3.297
 186.001     28002         0     28003           0.458     0.960     1.256     1.562     1.747     2.198     2.836     3.985
 187.001     28005         0     28005           0.450     0.925     1.195     1.530     1.725     2.187     2.746     3.783
 188.001     27993         0     27992           0.456     0.940     1.238     1.547     1.719     2.101     2.652     3.551
 189.001     27999         0     28000           0.465     0.929     1.209     1.525     1.702     2.090     2.632     3.541
 190.001     28003         0     28002           0.476     0.952     1.258     1.567     1.740     2.181     2.683     3.133
 191.001     28000         0     28001           0.429     0.934     1.222     1.520     1.683     2.040     2.474     2.879
 192.001     27997         0     27996           0.476     0.953     1.266     1.571     1.756     2.185     2.621     3.291
 193.001     27999         0     28000           0.473     0.948     1.248     1.545     1.724     2.134     2.574     3.193
 194.001     28003         0     28003           0.448     0.958     1.281     1.592     1.768     2.212     2.765     3.762
 195.001     27995         0     27995           0.469     0.937     1.218     1.531     1.704     2.111     2.601     3.373
 196.001     28006         0     28006           0.465     0.931     1.219     1.536     1.723     2.134     2.683     3.289
 197.001     28002         0     28001           0.477     0.915     1.177     1.507     1.693     2.124     2.621     3.682
 198.001     27996         0     27997           0.497     0.925     1.195     1.530     1.733     2.202     2.736     4.149
 199.001     28003         0     28000           0.481     0.916     1.181     1.508     1.690     2.118     2.644     3.983
 200.001     27995         0     27998           0.476     0.933     1.224     1.570     1.775     2.247     2.724     4.358
 201.001     28002         0     28001           0.493     1.011     1.358     1.656     1.836     2.222     2.730     4.252
 202.001     28000         0     27999           0.496     0.963     1.283     1.599     1.772     2.165     2.726     3.639
 203.001     28002         0     28003           0.481     0.923     1.203     1.525     1.705     2.193     2.644     3.402
 204.001     27993         0     27993           0.481     0.978     1.292     1.607     1.808     2.247     2.929     3.668
 205.001     28007         0     28007           0.486     0.940     1.224     1.526     1.693     2.116     2.630     3.981
 206.001     27989         0     27988           0.459     0.959     1.279     1.583     1.755     2.167     2.714     3.514
 207.001     28003         0     28004           0.471     0.950     1.258     1.562     1.758     2.183     2.757     5.493
 208.001     28013         0     28010           0.471     0.930     1.220     1.517     1.678     2.075     2.603     3.207
 209.001     27991         0     27994           0.461     0.920     1.199     1.511     1.676     2.060     2.574     3.762
 210.001     28000         0     27999           0.452     0.935     1.229     1.552     1.757     2.214     2.658     3.271
 211.001     28003         0     28004           0.488     0.977     1.310     1.607     1.792     2.214     2.789     3.338
 212.001     27994         0     27994           0.452     0.935     1.209     1.537     1.727     2.128     2.628     3.340
 213.001     28007         0     28005           0.482     0.989     1.321     1.619     1.805     2.245     2.890     4.086
 214.001     28001         0     28003           0.474     0.950     1.245     1.551     1.732     2.126     2.632     3.586
 215.001     27998         0     27998           0.470     0.948     1.238     1.538     1.707     2.101     2.593     3.631
 216.001     27999         0     27998           0.475     0.959     1.280     1.589     1.770     2.191     2.863     3.721
 217.001     28005         0     28005           0.464     0.944     1.235     1.534     1.695     2.052     2.517     3.518
 218.001     27998         0     27999           0.482     0.940     1.227     1.548     1.730     2.120     2.759     3.850
 219.001     27994         0     27992           0.461     0.940     1.229     1.544     1.731     2.173     2.691     4.207
 220.001     27998         0     27999           0.470     0.954     1.261     1.573     1.763     2.206     2.759     3.365
 221.001     28006         0     28006           0.449     0.965     1.284     1.588     1.777     2.204     2.658     3.508
 222.001     28000         0     27999           0.477     0.922     1.192     1.526     1.710     2.118     2.683     4.252
 223.001     27999         0     27998           0.472     0.985     1.319     1.625     1.814     2.238     2.748     3.840
 224.001     28003         0     28004           0.493     0.984     1.273     1.584     1.776     2.259     2.740     3.619
 225.001     27993         0     27993           0.458     0.915     1.162     1.488     1.659     2.081     2.566     3.410
 226.001     28011         0     28012           0.468     0.945     1.246     1.556     1.743     2.183     2.685     3.254
 227.001     27992         0     27992           0.461     0.935     1.229     1.531     1.701     2.082     2.628     4.030
 228.001     28006         0     28006           0.490     0.959     1.280     1.596     1.780     2.232     2.707     3.391
 229.001     27991         0     27988           0.464     0.955     1.265     1.569     1.744     2.146     2.720     3.375
 230.001     28007         0     28009           0.467     0.949     1.251     1.567     1.757     2.179     2.755     4.002
 231.001     27999         0     27999           0.462     0.969     1.266     1.568     1.745     2.142     2.591     3.508
 232.001     27997         0     27997           0.448     0.990     1.319     1.622     1.818     2.230     2.761     3.303
 233.001     27999         0     27999           0.452     0.916     1.164     1.481     1.644     1.994     2.548     3.346
 234.001     27999         0     28000           0.446     0.960     1.278     1.587     1.760     2.177     2.648     3.860
 235.001     28001         0     28001           0.458     0.937     1.233     1.539     1.712     2.109     2.527     3.273
 236.001     27995         0     27995           0.472     0.917     1.201     1.523     1.686     2.087     2.603     3.246
 237.001     28010         0     28006           0.473     0.940     1.230     1.536     1.712     2.114     2.662     3.357
 238.001     27998         0     28001           0.471     0.986     1.339     1.654     1.861     2.286     2.902     3.932
 239.001     28001         0     28002           0.449     0.937     1.227     1.544     1.723     2.118     2.587     3.469
 240.001     28001         0     27999           0.480     0.951     1.261     1.571     1.744     2.191     2.832     4.041
 241.001     27993         0     27995           0.481     0.978     1.288     1.604     1.804     2.243     2.728     3.852
 242.001     28002         0     28000           0.481     0.978     1.302     1.613     1.800     2.208     2.732     3.619
 243.001     28001         0     28003           0.440     0.972     1.292     1.594     1.775     2.183     2.660     3.521
 244.001     28004         0     28004           0.489     0.974     1.274     1.578     1.759     2.169     2.660     3.484
 245.001     27999         0     27998           0.465     0.973     1.313     1.625     1.830     2.263     2.779     3.402
 246.001     27999         0     28000           0.448     0.938     1.218     1.539     1.725     2.185     2.720     3.498
 247.001     27995         0     27993           0.460     0.960     1.293     1.598     1.781     2.208     2.785     4.024
 248.001     28010         0     28011           0.465     0.934     1.223     1.537     1.715     2.138     2.642     3.518
 249.001     27986         0     27985           0.465     0.970     1.273     1.568     1.747     2.148     2.671     3.146
 250.001     28010         0     28010           0.464     0.979     1.297     1.581     1.750     2.094     2.558     3.582
 251.001     28001         0     27999           0.471     0.973     1.297     1.608     1.800     2.263     2.687     3.682
 252.001     27990         0     27993           0.472     0.980     1.302     1.613     1.807     2.269     2.763     4.053
 253.001     28003         0     28002           0.477     0.972     1.297     1.615     1.809     2.271     2.804     4.211
 254.001     28004         0     28004           0.475     0.946     1.248     1.563     1.751     2.150     2.666     3.219
 255.001     28001         0     28000           0.479     0.956     1.252     1.561     1.745     2.154     2.644     3.439
 256.001     27996         0     27997           0.474     0.933     1.225     1.543     1.719     2.128     2.617     3.105
 257.001     28002         0     27998           0.481     0.950     1.229     1.544     1.715     2.088     2.621     3.512
 258.001     28003         0     28007           0.469     0.972     1.289     1.599     1.794     2.241     2.689     3.201
 259.001     27996         0     27996           0.468     0.952     1.272     1.589     1.788     2.257     2.816     4.776
 260.001     28002         0     28002           0.482     0.962     1.270     1.587     1.798     2.230     2.705     3.475
 261.001     28003         0     28004           0.474     0.962     1.264     1.572     1.755     2.173     2.636     3.467
 262.001     27998         0     27998           0.472     0.946     1.245     1.571     1.789     2.267     2.761     3.418
 263.001     28002         0     28001           0.472     0.924     1.204     1.534     1.725     2.175     2.705     3.279
 264.001     27998         0     27998           0.491     0.983     1.309     1.616     1.810     2.251     2.742     3.506
 265.001     27998         0     27997           0.474     0.953     1.229     1.567     1.766     2.247     2.814     5.145
 266.001     28001         0     28003           0.484     0.993     1.308     1.626     1.834     2.288     2.783     3.783
 267.001     28005         0     28001           0.476     0.944     1.261     1.571     1.741     2.146     2.638     3.408
 268.001     27996         0     27999           0.467     0.950     1.255     1.558     1.731     2.122     2.652     3.129
 269.001     28001         0     28000           0.447     0.954     1.250     1.566     1.756     2.187     2.589     3.420
 270.001     27999         0     28000           0.466     0.941     1.240     1.544     1.711     2.122     2.597     3.039
 271.001     27999         0     27999           0.477     0.961     1.258     1.566     1.742     2.157     2.660     3.289
 272.001     27994         0     27993           0.482     0.955     1.252     1.558     1.737     2.152     2.644     3.723
 273.001     28012         0     28013           0.467     0.953     1.257     1.562     1.737     2.124     2.623     3.228
 274.001     27996         0     27996           0.481     0.971     1.295     1.622     1.830     2.318     2.900     4.207
 275.001     28005         0     28005           0.441     0.964     1.270     1.568     1.732     2.118     2.658     3.836
 276.001     27993         0     27993           0.467     0.935     1.213     1.514     1.698     2.103     2.673     3.473
 277.001     28007         0     28006           0.470     0.948     1.266     1.570     1.736     2.116     2.550     3.148
 278.001     27995         0     27996           0.464     0.926     1.219     1.539     1.712     2.126     2.591     3.320
 279.001     27997         0     27997           0.433     0.920     1.205     1.523     1.691     2.050     2.494     3.359
 280.001     28007         0     28006           0.468     0.971     1.308     1.629     1.818     2.241     2.912     4.362
 281.001     27996         0     27995           0.476     0.930     1.207     1.521     1.697     2.118     2.595     3.490
 282.001     28002         0     28004           0.458     0.961     1.300     1.619     1.826     2.298     2.859     3.695
 283.001     27999         0     28000           0.475     0.967     1.284     1.587     1.760     2.169     2.673     3.963
 284.001     27999         0     27996           0.479     0.941     1.254     1.561     1.729     2.128     2.540     3.191
 285.001     28003         0     28007           0.456     0.982     1.321     1.607     1.774     2.148     2.615     3.965
 286.001     27999         0     27998           0.478     0.961     1.278     1.575     1.765     2.210     2.654     3.600
 287.001     27989         0     27989           0.462     0.998     1.340     1.636     1.815     2.232     2.937     4.895
 288.001     28001         0     28001           0.461     0.961     1.290     1.606     1.809     2.310     3.033     4.776
 289.001     28012         0     28009           0.465     0.942     1.239     1.535     1.706     2.107     2.683     4.139
 290.001     27999         0     28003           0.484     0.931     1.221     1.535     1.724     2.146     2.642     3.750
 291.001     27997         0     27996           0.481     0.941     1.242     1.560     1.744     2.161     2.642     3.303
 292.001     27995         0     27995           0.462     0.967     1.275     1.584     1.761     2.140     2.611     3.090
 293.001     28006         0     28005           0.456     0.982     1.322     1.631     1.822     2.255     2.773     3.289
 294.001     28001         0     28000           0.488     0.986     1.314     1.616     1.792     2.193     2.720     3.545
 295.001     27997         0     27997           0.480     0.977     1.306     1.598     1.774     2.177     2.632     3.254
 296.001     28003         0     28005           0.484     0.966     1.289     1.583     1.769     2.165     2.574     3.344
 297.001     27997         0     27995           0.458     0.961     1.279     1.567     1.734     2.107     2.523     2.927
 298.001     27999         0     28000           0.467     0.978     1.309     1.621     1.808     2.212     2.726     3.908
 299.001     28001         0     28000           0.463     0.970     1.288     1.593     1.775     2.195     2.648     3.574
 300.001     28004         0     28005           0.480     1.002     1.349     1.652     1.854     2.304     2.824     4.391
 301.001     27996         0     27996           0.462     0.944     1.241     1.543     1.710     2.109     2.560     3.195
 302.001     28002         0     28001           0.485     0.962     1.279     1.584     1.770     2.212     2.677     3.940
 303.001     27994         0     27994           0.474     0.965     1.292     1.598     1.783     2.191     2.671     3.439
 304.001     28001         0     28002           0.491     1.007     1.354     1.653     1.837     2.261     2.755     3.709
 305.001     28003         0     28001           0.456     1.004     1.352     1.664     1.879     2.339     2.912     3.828
 306.001     27990         0     27992           0.472     0.960     1.275     1.582     1.775     2.224     2.673     3.340
 307.001     28010         0     28008           0.468     1.007     1.368     1.715     1.962     2.490     3.170     5.087
 308.001     28002         0     28003           0.484     0.962     1.285     1.589     1.774     2.238     2.669     3.375
 309.001     27997         0     27997           0.493     0.962     1.277     1.583     1.765     2.222     2.759     4.057
 310.001     28003         0     28003           0.471     0.986     1.324     1.612     1.775     2.157     2.562     3.150
 311.001     28001         0     27998           0.441     0.982     1.321     1.626     1.807     2.222     2.773     4.014
 312.001     27994         0     27998           0.458     0.966     1.286     1.595     1.786     2.257     2.718     3.779
 313.001     27996         0     27996           0.458     0.981     1.306     1.622     1.834     2.279     2.714     4.252
 314.001     28005         0     28006           0.483     0.966     1.296     1.593     1.770     2.226     2.703     3.785
 315.001     27995         0     27995           0.470     0.954     1.276     1.596     1.792     2.241     2.755     3.314
 316.001     28006         0     28005           0.481     0.991     1.367     1.733     1.992     2.525     3.244     4.788
 317.001     28000         0     28000           0.482     0.986     1.329     1.638     1.832     2.261     2.693     3.488
 318.001     27998         0     27997           0.450     0.930     1.208     1.523     1.700     2.103     2.595     3.092
 319.001     28009         0     28010           0.468     0.975     1.313     1.611     1.786     2.198     2.634     3.873
 320.001     28000         0     28000           0.464     0.988     1.333     1.644     1.848     2.314     2.771     3.846
 321.001     28000         0     28001           0.476     0.968     1.308     1.603     1.780     2.210     2.693     3.777
 322.001     27994         0     27994           0.485     0.955     1.266     1.554     1.735     2.138     2.646     3.545
 323.001     28003         0     28003           0.468     0.936     1.255     1.556     1.733     2.167     2.689     5.263
 324.001     27997         0     27997           0.446     0.975     1.328     1.624     1.808     2.222     2.675     3.482
 325.001     27999         0     27999           0.486     0.947     1.251     1.562     1.742     2.140     2.611     3.389
 326.001     27999         0     27998           0.486     0.971     1.303     1.611     1.788     2.214     2.718     3.189
 327.001     28006         0     28005           0.479     0.977     1.323     1.605     1.779     2.165     2.652     3.992
 328.001     27988         0     27990           0.483     0.969     1.296     1.594     1.786     2.220     2.767     3.666
 329.001     28019         0     28017           0.470     0.957     1.268     1.572     1.750     2.171     2.574     3.068
 330.001     27990         0     27993           0.475     0.974     1.296     1.599     1.792     2.210     2.671     3.340
 331.001     27997         0     27997           0.478     0.956     1.268     1.582     1.781     2.208     2.822     3.334
 332.001     28002         0     28003           0.447     1.004     1.352     1.655     1.832     2.281     2.808     4.198
 333.001     28006         0     28006           0.484     0.966     1.277     1.579     1.753     2.140     2.654     3.328
 334.001     27992         0     27991           0.477     1.013     1.351     1.647     1.831     2.243     2.779     4.252
 335.001     27998         0     27998           0.457     0.988     1.338     1.635     1.818     2.234     2.716     3.848
 336.001     28007         0     28008           0.476     0.997     1.346     1.630     1.806     2.220     2.732     3.283
 337.001     27997         0     27997           0.450     0.964     1.272     1.577     1.753     2.177     2.771     3.932
 338.001     28002         0     28002           0.481     1.014     1.376     1.657     1.826     2.202     2.763     3.555
 339.001     27997         0     27996           0.464     0.950     1.279     1.587     1.753     2.140     2.595     3.564
 340.001     28001         0     28002           0.481     1.005     1.355     1.649     1.826     2.224     2.724     3.777
 341.001     27996         0     27996           0.486     0.980     1.304     1.597     1.778     2.220     2.681     3.863
 342.001     28003         0     28002           0.472     0.948     1.252     1.566     1.749     2.165     2.656     3.836
 343.001     28008         0     28007           0.482     0.985     1.328     1.631     1.803     2.230     2.785     3.799
 344.001     27992         0     27993           0.486     0.978     1.316     1.625     1.809     2.224     2.814     4.489
 345.001     28008         0     28002           0.481     0.985     1.351     1.667     1.877     2.367     2.914     4.637
 346.001     27998         0     28003           0.478     0.978     1.329     1.615     1.792     2.206     2.722     3.320
 347.001     27998         0     27999           0.498     0.993     1.331     1.620     1.791     2.232     2.652     3.398
 348.001     27995         0     27994           0.448     0.986     1.327     1.621     1.801     2.210     2.720     3.299
 349.001     28003         0     28005           0.478     0.984     1.334     1.629     1.825     2.241     2.695     3.797
 350.001     28004         0     28004           0.453     0.982     1.322     1.611     1.786     2.185     2.681     3.428
 351.001     27993         0     27991           0.487     1.006     1.360     1.638     1.806     2.204     2.703     3.480
 352.001     28007         0     28009           0.494     0.964     1.295     1.595     1.779     2.173     2.626     3.383
 353.001     27999         0     27999           0.449     0.957     1.274     1.581     1.775     2.218     2.734     4.164
 354.001     28004         0     28004           0.478     0.941     1.236     1.537     1.720     2.126     2.675     3.621
 355.001     27996         0     27995           0.468     0.950     1.262     1.547     1.723     2.099     2.580     3.404
 356.001     28000         0     27999           0.484     0.975     1.322     1.597     1.755     2.128     2.548     4.008
 357.001     27999         0     28000           0.453     0.985     1.311     1.591     1.757     2.124     2.603     3.512
 358.001     27999         0     27999           0.450     0.976     1.298     1.608     1.788     2.222     2.638     3.615
 359.001     28002         0     28001           0.465     0.982     1.321     1.613     1.794     2.212     2.673     3.697
 360.001     28000         0     28001           0.464     0.978     1.298     1.587     1.765     2.202     2.656     3.224
 361.001     27993         0     27994           0.476     0.951     1.258     1.559     1.735     2.134     2.564     3.453
 362.001     28007         0     28007           0.449     0.985     1.325     1.624     1.812     2.253     2.765     3.701
 363.001     27994         0     27994           0.500     0.980     1.322     1.618     1.780     2.193     2.695     4.151
 364.001     27997         0     27996           0.483     0.974     1.306     1.607     1.792     2.214     2.648     3.547
 365.001     28007         0     28007           0.451     0.989     1.316     1.631     1.829     2.273     2.810     3.512
 366.001     27990         0     27991           0.455     0.973     1.308     1.605     1.778     2.200     2.671     3.445
 367.001     28013         0     28012           0.487     1.004     1.345     1.656     1.876     2.335     2.898     3.750
 368.001     27999         0     28000           0.467     1.008     1.354     1.645     1.828     2.251     2.802     3.592
 369.001     27994         0     27993           0.446     0.976     1.306     1.597     1.786     2.187     2.628     3.197
 370.001     27998         0     27999           0.455     1.017     1.362     1.652     1.824     2.226     2.701     3.873
 371.001     28008         0     28007           0.467     1.012     1.355     1.645     1.823     2.214     2.748     3.359
 372.001     27999         0     27999           0.476     1.011     1.349     1.640     1.825     2.241     2.685     3.318
 373.001     28001         0     28000           0.471     1.006     1.355     1.656     1.836     2.257     2.705     3.682
 374.001     27999         0     28000           0.493     0.986     1.314     1.614     1.797     2.234     2.699     4.039
 375.001     28002         0     28003           0.496     0.955     1.288     1.607     1.823     2.288     2.705     3.578
 376.001     27992         0     27991           0.481     0.972     1.307     1.623     1.825     2.284     2.800     3.537
 377.001     28010         0     28012           0.478     0.971     1.305     1.629     1.858     2.353     2.865     3.994
 378.001     27992         0     27990           0.452     1.012     1.367     1.670     1.871     2.333     2.941     4.633
 379.001     27998         0     27997           0.481     0.968     1.296     1.599     1.779     2.200     2.664     3.756
 380.001     28005         0     28008           0.479     1.011     1.378     1.692     1.911     2.376     2.943     4.018
 381.001     27995         0     27995           0.491     1.005     1.355     1.671     1.871     2.322     2.800     3.502
 382.001     28007         0     28008           0.468     1.002     1.336     1.650     1.867     2.347     2.857     3.793
 383.001     27999         0     27997           0.465     0.971     1.305     1.606     1.788     2.216     2.683     4.473
 384.001     27992         0     27992           0.458     1.006     1.356     1.661     1.859     2.359     2.925     4.114
 385.001     28009         0     28010           0.466     0.976     1.290     1.598     1.788     2.232     2.675     3.412
 386.001     27997         0     27996           0.487     0.991     1.326     1.622     1.803     2.206     2.691     3.635
 387.001     28003         0     28004           0.479     0.996     1.340     1.639     1.820     2.214     2.664     3.422
 388.001     27998         0     27998           0.474     0.982     1.316     1.631     1.822     2.288     2.804     3.688
 389.001     27999         0     27999           0.483     1.011     1.371     1.668     1.858     2.288     2.818     3.779
 390.001     28005         0     28003           0.496     0.978     1.294     1.592     1.766     2.187     2.628     3.412
 391.001     27995         0     27996           0.473     1.001     1.343     1.636     1.816     2.214     2.728     4.008
 392.001     27992         0     27992           0.474     0.987     1.328     1.642     1.849     2.310     2.847     3.959
 393.001     28008         0     28007           0.446     0.949     1.252     1.546     1.711     2.099     2.552     3.604
 394.001     28007         0     28008           0.487     0.942     1.227     1.537     1.717     2.177     2.710     3.410
 395.001     27993         0     27993           0.488     1.047     1.383     1.673     1.868     2.286     2.810     4.086
 396.001     27999         0     27999           0.488     0.968     1.294     1.591     1.767     2.183     2.730     3.938
 397.001     28006         0     28006           0.495     1.050     1.388     1.665     1.844     2.265     2.814     3.600
 398.001     28002         0     28002           0.478     0.978     1.315     1.601     1.774     2.173     2.623     3.156
 399.001     27992         0     27992           0.459     1.008     1.353     1.640     1.814     2.210     2.662     3.496
 400.001     28002         0     28001           0.477     0.995     1.336     1.642     1.853     2.322     2.812     4.061
 401.001     27999         0     28000           0.465     0.973     1.292     1.588     1.778     2.202     2.738     4.141
 402.001     28002         0     28002           0.504     0.983     1.320     1.618     1.793     2.208     2.722     3.418
 403.001     28001         0     28002           0.487     0.984     1.327     1.630     1.820     2.234     2.746     3.617
 404.001     28000         0     28000           0.488     1.008     1.361     1.660     1.846     2.273     2.841     3.293
 405.001     27983         0     27982           0.494     1.008     1.364     1.651     1.842     2.269     2.902     3.848
 406.001     28020         0     28020           0.482     0.998     1.330     1.636     1.805     2.220     2.714     3.766
 407.001     27999         0     28000           0.463     0.977     1.308     1.603     1.785     2.202     2.634     3.490
 408.001     28004         0     28004           0.465     0.992     1.346     1.666     1.885     2.345     2.787     3.332
 409.001     27997         0     27998           0.480     0.957     1.286     1.616     1.817     2.253     2.738     3.310
 410.001     27994         0     27993           0.483     0.986     1.327     1.621     1.808     2.243     2.697     3.488
 411.001     28000         0     28000           0.438     0.987     1.328     1.650     1.876     2.349     2.947     3.457
 412.001     28000         0     28000           0.472     1.008     1.361     1.671     1.880     2.349     2.896     4.833
 413.001     27993         0     27993           0.500     0.977     1.312     1.608     1.794     2.208     2.638     3.482
 414.001     28004         0     28004           0.469     0.972     1.306     1.594     1.760     2.134     2.630     3.097
 415.001     28010         0     28010           0.446     0.977     1.310     1.601     1.777     2.193     2.748     3.551
 416.001     27996         0     27994           0.481     0.986     1.315     1.617     1.796     2.214     2.699     3.314
 417.001     27999         0     28000           0.486     0.970     1.281     1.570     1.733     2.099     2.574     3.346
 418.001     28000         0     28000           0.478     0.995     1.333     1.640     1.841     2.279     2.716     3.387
 419.001     28001         0     28001           0.447     0.987     1.321     1.611     1.789     2.208     2.734     3.568
 420.001     27998         0     27998           0.482     0.980     1.309     1.594     1.770     2.169     2.718     3.801
 421.001     28006         0     28007           0.474     0.975     1.302     1.590     1.779     2.216     2.742     3.795
 422.001     27996         0     27995           0.470     0.979     1.300     1.589     1.761     2.144     2.687     3.723
 423.001     27995         0     27995           0.466     0.971     1.302     1.579     1.747     2.132     2.609     3.291
 424.001     28002         0     28002           0.473     0.951     1.271     1.572     1.751     2.154     2.560     3.334
 425.001     28006         0     28006           0.471     0.978     1.298     1.590     1.778     2.214     2.990     4.919
 426.001     28000         0     28000           0.461     0.988     1.321     1.613     1.780     2.183     2.656     4.313
 427.001     27997         0     27998           0.462     0.971     1.267     1.572     1.763     2.204     2.769     3.992
 428.001     28001         0     27999           0.479     0.961     1.263     1.560     1.726     2.097     2.587     3.643
 429.001     28003         0     28004           0.452     0.959     1.265     1.556     1.718     2.103     2.503     3.418
 430.001     27993         0     27994           0.467     0.984     1.306     1.604     1.781     2.185     2.621     4.207
 431.001     28001         0     28000           0.477     0.958     1.262     1.565     1.740     2.157     2.601     3.119
 432.001     28003         0     28004           0.449     0.980     1.304     1.602     1.778     2.206     2.755     3.842
 433.001     28000         0     27999           0.480     0.965     1.268     1.567     1.735     2.105     2.564     3.338
 434.001     27998         0     27998           0.473     0.976     1.313     1.586     1.744     2.101     2.591     3.516
 435.001     27999         0     27998           0.498     0.949     1.242     1.571     1.762     2.187     2.687     3.527
 436.001     28004         0     28004           0.464     0.989     1.327     1.622     1.802     2.218     2.634     3.576
 437.001     28000         0     28000           0.487     0.961     1.270     1.585     1.788     2.234     2.654     3.635
 438.001     28005         0     28005           0.488     0.963     1.283     1.580     1.758     2.169     2.640     3.985
 439.001     27993         0     27994           0.461     0.951     1.258     1.553     1.733     2.126     2.574     3.398
 440.001     27993         0     27993           0.448     0.969     1.296     1.574     1.737     2.099     2.507     3.084
 441.001     28002         0     28000           0.496     0.948     1.246     1.543     1.713     2.130     2.585     3.097
 442.001     28009         0     28010           0.474     0.960     1.271     1.565     1.732     2.122     2.574     3.437
 443.001     27995         0     27996           0.487     0.971     1.291     1.594     1.782     2.179     2.619     3.361
 444.001     27999         0     27999           0.479     0.964     1.275     1.561     1.736     2.142     2.556     3.371
 445.001     28008         0     28007           0.484     0.962     1.269     1.581     1.776     2.222     2.648     3.238
 446.001     27990         0     27988           0.489     0.971     1.293     1.593     1.776     2.200     2.673     3.340
 447.001     28004         0     28007           0.475     0.975     1.287     1.574     1.740     2.099     2.562     3.428
 448.001     28000         0     28000           0.474     0.982     1.305     1.602     1.775     2.171     2.642     3.131
 449.001     28002         0     28001           0.497     0.965     1.282     1.562     1.736     2.120     2.683     3.328
 450.001     27995         0     27995           0.466     0.957     1.273     1.553     1.721     2.116     2.578     3.535
 451.001     28004         0     28005           0.452     0.971     1.286     1.578     1.767     2.206     2.628     3.187
 452.001     28000         0     28000           0.483     0.978     1.307     1.601     1.790     2.228     2.744     3.332
 453.001     28004         0     28003           0.476     0.982     1.302     1.591     1.777     2.169     2.597     3.736
 454.001     27998         0     27998           0.485     0.963     1.282     1.602     1.815     2.306     2.802     3.658
 455.001     28001         0     28000           0.466     1.014     1.347     1.654     1.849     2.288     2.894     4.016
 456.001     28000         0     28002           0.473     1.000     1.326     1.612     1.795     2.206     2.748     3.377
 457.001     27994         0     27994           0.500     0.990     1.318     1.601     1.786     2.220     2.681     3.746
 458.001     28007         0     28007           0.471     0.993     1.332     1.630     1.812     2.202     2.644     3.389
 459.001     27994         0     27994           0.465     1.007     1.356     1.647     1.843     2.243     2.705     3.797
 460.001     28000         0     28000           0.474     0.972     1.295     1.587     1.753     2.152     2.722     3.793
 461.001     28005         0     28005           0.476     0.996     1.337     1.628     1.812     2.236     2.712     3.834
 462.001     28000         0     28000           0.463     0.987     1.321     1.604     1.775     2.198     2.675     3.662
 463.001     27995         0     27995           0.486     1.014     1.362     1.645     1.828     2.265     2.720     4.182
 464.001     28004         0     28003           0.467     0.979     1.325     1.610     1.790     2.193     2.814     3.946
 465.001     28000         0     28001           0.484     0.985     1.320     1.628     1.819     2.273     2.750     3.238
 466.001     28000         0     28000           0.464     0.985     1.328     1.620     1.807     2.243     2.679     3.600
 467.001     28003         0     28003           0.452     0.989     1.334     1.640     1.851     2.302     2.763     3.510
 468.001     27994         0     27994           0.476     0.970     1.290     1.591     1.785     2.222     2.750     3.584
 469.001     27999         0     27999           0.439     1.013     1.357     1.641     1.823     2.249     2.740     3.881
 470.001     27997         0     27997           0.496     0.993     1.329     1.621     1.799     2.185     2.689     3.922
 471.001     28006         0     28006           0.461     0.995     1.359     1.686     1.925     2.511     3.209     5.075
 472.001     28006         0     28006           0.480     0.962     1.285     1.588     1.772     2.198     2.691     4.264
 473.001     27999         0     27998           0.479     0.982     1.315     1.611     1.791     2.216     2.726     3.807
 474.001     27998         0     27998           0.471     0.975     1.306     1.582     1.751     2.126     2.537     3.142
 475.001     27996         0     27997           0.477     0.959     1.281     1.570     1.736     2.116     2.613     3.297
 476.001     27996         0     27996           0.448     0.989     1.327     1.607     1.775     2.128     2.580     4.125
 477.001     28007         0     28007           0.487     0.960     1.274     1.575     1.761     2.163     2.609     3.205
 478.001     27998         0     27997           0.487     0.963     1.280     1.565     1.738     2.140     2.703     3.652
 479.001     27996         0     27997           0.485     0.947     1.246     1.544     1.708     2.097     2.497     3.371
 480.001     28003         0     28003           0.485     0.966     1.286     1.576     1.751     2.144     2.601     5.001
 481.001     27999         0     27999           0.475     0.968     1.282     1.575     1.763     2.222     2.634     3.240
 482.001     28002         0     28002           0.482     0.964     1.282     1.578     1.758     2.183     2.683     3.539
 483.001     28001         0     28000           0.466     0.955     1.268     1.582     1.787     2.279     2.789     3.613
 484.001     27998         0     27996           0.466     0.979     1.306     1.603     1.775     2.216     2.710     3.439
 485.001     28006         0     28008           0.478     0.992     1.325     1.627     1.819     2.245     2.697     3.375
 486.001     27998         0     27998           0.438     0.961     1.268     1.562     1.742     2.177     2.583     3.588
 487.001     27990         0     27991           0.491     0.949     1.266     1.572     1.754     2.173     2.724     3.758
 488.001     28005         0     28005           0.474     0.967     1.291     1.592     1.775     2.208     2.769     4.727
 489.001     28003         0     28002           0.487     0.959     1.283     1.581     1.760     2.195     2.693     3.478
 490.001     28000         0     28000           0.479     0.952     1.243     1.535     1.720     2.111     2.513     3.277
 491.001     28004         0     28003           0.442     0.951     1.248     1.544     1.725     2.136     2.576     3.277
 492.001     27995         0     27996           0.467     0.961     1.283     1.572     1.740     2.118     2.646     3.127
 493.001     28002         0     28000           0.484     0.957     1.268     1.554     1.716     2.093     2.636     3.449
 494.001     28002         0     28005           0.487     0.948     1.236     1.553     1.735     2.171     2.556     3.166
 495.001     28001         0     28000           0.453     0.960     1.279     1.575     1.743     2.146     2.617     3.107
 496.001     28001         0     27999           0.478     0.950     1.250     1.549     1.717     2.122     2.605     2.988
 497.001     27995         0     27998           0.487     0.957     1.257     1.554     1.730     2.130     2.632     3.574
 498.001     28001         0     28000           0.467     0.945     1.246     1.542     1.716     2.085     2.548     3.332
 499.001     27994         0     27995           0.486     0.932     1.227     1.534     1.707     2.063     2.593     3.191
 500.001     27998         0     27998           0.472     0.951     1.253     1.562     1.753     2.206     2.662     3.885
 501.001     28007         0     28007           0.479     0.964     1.275     1.580     1.759     2.173     2.734     5.575
 502.001     28000         0     28001           0.478     0.963     1.271     1.568     1.751     2.163     2.568     3.699
 503.001     27994         0     27994           0.470     0.972     1.299     1.606     1.796     2.236     2.777     3.656
 504.001     28009         0     28009           0.497     0.967     1.283     1.589     1.782     2.202     2.675     4.076
 505.001     28002         0     28000           0.483     0.956     1.270     1.559     1.720     2.091     2.501     3.045
 506.001     27996         0     27997           0.474     0.965     1.285     1.584     1.752     2.126     2.593     3.310
 507.001     27998         0     27999           0.463     0.961     1.268     1.560     1.730     2.096     2.544     3.459
 508.001     27998         0     27998           0.488     0.961     1.293     1.580     1.756     2.144     2.558     3.242
 509.001     28004         0     28002           0.474     0.964     1.282     1.587     1.778     2.216     2.716     4.022
 510.001     28000         0     28001           0.470     0.985     1.324     1.615     1.785     2.189     2.632     3.514
 511.001     27989         0     27989           0.496     0.980     1.302     1.589     1.766     2.154     2.703     3.621
 512.001     28000         0     28000           0.461     0.972     1.302     1.586     1.759     2.163     2.632     3.424
 513.001     28002         0     28000           0.480     0.977     1.315     1.625     1.822     2.241     2.771     3.586
 514.001     28009         0     28011           0.483     0.968     1.294     1.585     1.765     2.154     2.617     3.062
 515.001     28000         0     27999           0.468     1.017     1.365     1.648     1.830     2.241     2.761     3.623
 516.001     27998         0     27999           0.425     0.994     1.326     1.629     1.820     2.253     2.830     4.555
 517.001     27997         0     27997           0.496     0.988     1.333     1.635     1.825     2.267     2.720     3.910
 518.001     28003         0     28003           0.486     0.998     1.343     1.653     1.850     2.324     2.804     3.561
 519.001     28001         0     28001           0.451     1.000     1.353     1.646     1.840     2.288     2.757     4.252
 520.001     28001         0     28002           0.493     0.967     1.289     1.576     1.756     2.183     2.753     4.137
 521.001     28005         0     28005           0.473     0.988     1.328     1.611     1.785     2.202     2.650     3.111
 522.001     27989         0     27989           0.485     0.996     1.334     1.638     1.836     2.273     2.748     3.207
 523.001     28005         0     28005           0.454     0.989     1.331     1.611     1.783     2.187     2.666     4.927
 524.001     28004         0     28004           0.496     0.984     1.318     1.606     1.784     2.206     2.615     4.014
 525.001     28002         0     28003           0.472     0.973     1.300     1.614     1.806     2.281     2.716     3.650
 526.001     27993         0     27992           0.470     1.010     1.368     1.701     1.973     2.458     3.023     4.932
 527.001     28001         0     28001           0.479     0.992     1.336     1.659     1.887     2.363     2.908     3.537
 528.001     28002         0     28002           0.477     1.026     1.381     1.665     1.849     2.294     2.750     4.014
 529.001     27993         0     27993           0.468     1.008     1.356     1.642     1.835     2.296     2.808     3.512
 530.001     28005         0     28005           0.448     0.999     1.346     1.641     1.840     2.308     2.779     4.008
 531.001     28001         0     27998           0.482     1.002     1.342     1.626     1.796     2.183     2.724     4.012
 532.001     27995         0     27997           0.479     1.015     1.376     1.686     1.900     2.357     2.810     3.846
 533.001     28001         0     28001           0.479     0.993     1.332     1.635     1.821     2.273     2.681     3.086
 534.001     27996         0     27995           0.491     0.977     1.313     1.610     1.805     2.259     2.720     3.588
 535.001     28000         0     28000           0.481     0.982     1.315     1.593     1.769     2.171     2.609     3.336
 536.001     28012         0     28012           0.477     0.982     1.320     1.612     1.810     2.265     2.746     3.916
 537.001     27992         0     27991           0.479     1.000     1.354     1.647     1.848     2.300     2.830     3.346
 538.001     28001         0     28001           0.466     0.974     1.300     1.597     1.796     2.259     2.746     3.252
 539.001     28000         0     28001           0.478     1.025     1.372     1.655     1.842     2.273     2.728     3.824
 540.001     28003         0     28003           0.493     0.969     1.299     1.593     1.762     2.185     2.710     3.330
 541.001     28002         0     28002           0.478     1.008     1.353     1.644     1.834     2.277     2.873     3.930
 542.001     28000         0     28000           0.475     0.996     1.332     1.623     1.801     2.245     2.738     4.223
 543.001     28001         0     28001           0.476     0.970     1.299     1.602     1.801     2.271     2.750     3.420
 544.001     27999         0     27999           0.465     0.998     1.358     1.664     1.889     2.419     3.027     3.803
 545.001     27993         0     27994           0.463     0.998     1.335     1.630     1.834     2.267     2.699     3.629
 546.001     28008         0     28008           0.483     1.059     1.414     1.716     1.919     2.380     3.031     4.028
 547.001     27991         0     27990           0.468     1.009     1.366     1.677     1.885     2.398     3.205     4.923
 548.001     28008         0     28009           0.481     0.991     1.331     1.627     1.817     2.257     2.781     5.210
 549.001     27998         0     27997           0.499     1.047     1.405     1.704     1.916     2.392     2.902     3.740
 550.001     28001         0     27998           0.484     0.969     1.291     1.583     1.770     2.208     2.656     3.416
 551.001     27990         0     27994           0.452     1.027     1.384     1.689     1.907     2.339     2.796     3.547
 552.001     28010         0     28009           0.489     0.973     1.315     1.624     1.835     2.288     2.746     3.680
 553.001     27999         0     28001           0.483     0.989     1.327     1.612     1.802     2.238     2.726     3.658
 554.001     28003         0     28000           0.486     0.968     1.302     1.607     1.808     2.296     2.744     3.455
 555.001     27995         0     27998           0.457     0.968     1.299     1.603     1.787     2.224     2.669     3.236
 556.001     28000         0     28000           0.492     0.988     1.338     1.649     1.882     2.357     2.826     3.557
 557.001     28000         0     28000           0.475     1.000     1.337     1.631     1.811     2.257     2.677     3.723
 558.001     28001         0     28001           0.483     0.995     1.328     1.626     1.822     2.259     2.689     3.918
 559.001     28001         0     28000           0.479     0.975     1.309     1.625     1.831     2.298     2.812     3.715
 560.001     28004         0     28002           0.472     0.996     1.335     1.622     1.814     2.288     2.699     3.830
 561.001     27997         0     27999           0.486     1.016     1.379     1.682     1.894     2.343     2.920     4.350
 562.001     28000         0     28000           0.447     0.985     1.321     1.613     1.805     2.284     2.736     4.379
 563.001     27988         0     27989           0.474     1.013     1.360     1.671     1.885     2.349     2.779     3.953
 564.001     28010         0     28008           0.433     0.991     1.328     1.616     1.796     2.241     2.691     3.641
 565.001     28003         0     28004           0.490     1.020     1.370     1.686     1.900     2.343     2.890     3.516
 566.001     28001         0     28002           0.472     0.999     1.340     1.625     1.810     2.238     2.716     3.248
 567.001     27998         0     27993           0.503     1.022     1.370     1.675     1.881     2.337     2.912     4.596
 568.001     28001         0     28004           0.490     0.990     1.322     1.621     1.798     2.249     2.689     3.844
 569.001     27994         0     27996           0.486     0.996     1.338     1.637     1.846     2.296     2.734     3.729
 570.001     28003         0     28003           0.484     0.984     1.319     1.606     1.781     2.177     2.605     3.164
 571.001     27994         0     27994           0.489     1.021     1.381     1.689     1.904     2.359     2.890     3.768
 572.001     28007         0     28007           0.485     0.998     1.337     1.644     1.854     2.333     2.791     3.891
 573.001     28000         0     27995           0.464     0.995     1.347     1.676     1.936     2.429     2.972     3.953
 574.001     28001         0     28005           0.499     1.012     1.357     1.657     1.860     2.300     2.748     3.713
 575.001     28001         0     28001           0.429     0.994     1.339     1.641     1.828     2.261     2.746     3.508
 576.001     28001         0     28000           0.488     1.009     1.354     1.645     1.832     2.249     2.791     3.901
 577.001     27989         0     27989           0.495     1.014     1.362     1.670     1.877     2.298     2.806     4.821
 578.001     28006         0     28006           0.482     1.035     1.385     1.691     1.889     2.345     3.066     4.370
 579.001     27996         0     27996           0.488     0.985     1.313     1.610     1.796     2.251     2.716     4.415
 580.001     28009         0     28010           0.505     1.015     1.363     1.660     1.842     2.292     2.777     4.231
 581.001     27995         0     27995           0.466     1.031     1.393     1.700     1.905     2.363     2.894     3.994
 582.001     27999         0     27999           0.485     0.992     1.328     1.620     1.792     2.193     2.642     3.308
 583.001     28008         0     28008           0.493     0.992     1.333     1.620     1.814     2.269     2.714     3.527
 584.001     27997         0     27998           0.483     1.000     1.333     1.628     1.823     2.263     2.771     3.693
 585.001     27991         0     27991           0.497     1.011     1.365     1.657     1.860     2.294     2.882     4.035
 586.001     28007         0     28007           0.476     0.999     1.338     1.631     1.811     2.259     2.728     3.357
 587.001     28001         0     28001           0.451     1.001     1.346     1.636     1.817     2.259     2.669     3.570
 588.001     28000         0     27998           0.455     0.974     1.315     1.614     1.817     2.253     2.722     3.719
 589.001     28001         0     28002           0.487     0.990     1.323     1.631     1.832     2.298     2.705     4.174
 590.001     27999         0     27999           0.468     0.998     1.351     1.652     1.853     2.300     2.830     3.983
 591.001     28004         0     28004           0.482     0.989     1.334     1.620     1.803     2.224     2.677     3.410
 592.001     27990         0     27989           0.472     0.993     1.341     1.631     1.819     2.247     2.771     3.463
 593.001     28006         0     28008           0.458     0.975     1.309     1.616     1.811     2.292     2.759     3.719
 594.001     27995         0     27992           0.460     1.000     1.335     1.626     1.806     2.247     2.695     3.541
 595.001     28004         0     28007           0.455     1.011     1.363     1.655     1.853     2.324     2.841     3.576
 596.001     28000         0     28001           0.494     1.006     1.358     1.665     1.870     2.335     2.859     3.895
 597.001     28005         0     28002           0.467     0.977     1.313     1.613     1.802     2.243     2.724     3.355
 598.001     27994         0     27996           0.486     0.999     1.338     1.632     1.823     2.281     2.761     3.351
 599.001     28000         0     28001           0.443     1.003     1.348     1.645     1.833     2.281     2.763     3.248
 600.001     28004         0     28003           0.481     0.993     1.328     1.614     1.798     2.226     2.742     4.110
 601.001     27992         0     27992           0.484     0.989     1.323     1.615     1.807     2.247     2.705     3.338
 602.001     28002         0     28003           0.473     0.989     1.330     1.607     1.779     2.150     2.591     3.207
 603.001     28000         0     28000           0.476     0.999     1.347     1.629     1.815     2.261     2.693     3.271
 604.001     28003         0     28002           0.467     0.985     1.321     1.615     1.799     2.236     2.732     3.213
 605.001     28000         0     28000           0.455     0.996     1.345     1.636     1.836     2.275     2.773     3.322
 606.001     27998         0     27999           0.469     1.007     1.348     1.659     1.897     2.343     2.900     3.682
 607.001     28002         0     28000           0.464     1.008     1.355     1.657     1.869     2.308     2.748     4.497
 608.001     27993         0     27994           0.440     1.004     1.338     1.630     1.809     2.281     2.855     5.800
 609.001     28011         0     28011           0.439     1.027     1.380     1.687     1.888     2.386     2.992     4.106
 610.001     27993         0     27992           0.495     0.993     1.336     1.630     1.836     2.294     2.720     3.713
 611.001     28003         0     28003           0.475     0.981     1.323     1.620     1.802     2.255     2.699     3.539
 612.001     28001         0     28001           0.483     1.001     1.353     1.637     1.820     2.236     2.662     3.267
 613.001     28001         0     28001           0.492     1.003     1.352     1.646     1.845     2.300     2.785     5.038
 614.001     27999         0     27998           0.503     0.981     1.321     1.622     1.824     2.284     2.753     3.156
 615.001     28001         0     28004           0.489     0.988     1.330     1.634     1.843     2.298     2.746     3.877
 616.001     28000         0     27998           0.477     1.016     1.363     1.655     1.844     2.277     2.828     3.707
 617.001     27993         0     27995           0.480     0.985     1.328     1.627     1.811     2.255     2.738     3.357
 618.001     28002         0     28001           0.474     0.982     1.313     1.622     1.827     2.333     2.816     3.762
 619.001     28004         0     28005           0.491     1.014     1.354     1.656     1.874     2.314     2.832     3.998
 620.001     28001         0     28001           0.459     0.984     1.327     1.614     1.791     2.238     2.720     4.215
 621.001     27999         0     27998           0.478     0.995     1.347     1.645     1.846     2.296     2.806     3.949
 622.001     28002         0     28002           0.468     0.979     1.338     1.660     1.896     2.392     3.222     4.882
 623.001     27998         0     27999           0.465     1.002     1.353     1.655     1.851     2.302     2.763     3.559
 624.001     28003         0     28003           0.477     0.980     1.309     1.602     1.790     2.228     2.699     3.463
 625.001     28002         0     28001           0.460     0.999     1.347     1.640     1.829     2.284     2.728     3.174
 626.001     27995         0     27995           0.478     0.990     1.331     1.617     1.793     2.245     2.707     3.234
 627.001     28001         0     28001           0.469     0.977     1.319     1.602     1.784     2.228     2.664     4.016
 628.001     27999         0     28000           0.409     1.007     1.361     1.638     1.822     2.267     2.748     3.801
 629.001     28001         0     28000           0.473     0.979     1.320     1.608     1.790     2.214     2.710     3.631
 630.001     28004         0     28004           0.490     0.979     1.317     1.612     1.795     2.228     2.642     3.672
 631.001     27990         0     27990           0.451     0.989     1.341     1.648     1.864     2.349     2.931     3.940
 632.001     28009         0     28009           0.464     1.007     1.350     1.640     1.823     2.259     2.742     3.449
 633.001     28000         0     27999           0.483     0.978     1.321     1.610     1.792     2.243     2.662     3.521
 634.001     27994         0     27995           0.490     0.992     1.340     1.624     1.814     2.247     2.642     3.105
 635.001     28005         0     28005           0.465     0.953     1.271     1.553     1.723     2.130     2.558     3.316
 636.001     27991         0     27991           0.498     1.041     1.380     1.660     1.844     2.265     2.802     3.504
 637.001     28008         0     28008           0.469     0.987     1.308     1.607     1.790     2.220     2.812     3.529
 638.001     27999         0     28000           0.493     0.996     1.339     1.628     1.814     2.277     2.738     3.441
 639.001     28000         0     27999           0.481     1.012     1.359     1.654     1.831     2.267     2.847     3.912
 640.001     28000         0     28000           0.487     0.992     1.334     1.626     1.803     2.236     2.767     3.643
 641.001     28007         0     28005           0.489     1.011     1.354     1.652     1.850     2.306     2.789     3.502
 642.001     27997         0     27999           0.472     0.983     1.313     1.599     1.789     2.216     2.673     3.480
 643.001     28000         0     27999           0.463     1.008     1.362     1.656     1.843     2.261     2.750     3.760
 644.001     27996         0     27996           0.429     0.979     1.321     1.623     1.812     2.255     2.804     3.830
 645.001     27998         0     27999           0.489     1.007     1.347     1.631     1.808     2.228     2.724     4.194
 646.001     27998         0     27998           0.455     0.998     1.349     1.633     1.820     2.269     2.779     3.992
 647.001     28008         0     28007           0.465     0.974     1.312     1.604     1.795     2.226     2.703     3.432
 648.001     27997         0     27997           0.469     0.979     1.314     1.612     1.814     2.281     2.851     5.132
 649.001     27995         0     27996           0.493     0.995     1.326     1.623     1.808     2.257     2.716     3.385
 650.001     28008         0     28007           0.486     0.988     1.325     1.605     1.781     2.206     2.722     3.813
 651.001     27998         0     27998           0.476     0.985     1.331     1.636     1.844     2.316     2.851     3.992
 652.001     27990         0     27990           0.470     0.993     1.346     1.610     1.772     2.175     2.705     3.607
 653.001     28008         0     28008           0.496     0.972     1.298     1.595     1.761     2.226     2.728     3.508
 654.001     27998         0     27998           0.479     1.006     1.364     1.654     1.837     2.275     2.800     3.363
 655.001     27991         0     27990           0.479     0.958     1.274     1.573     1.760     2.183     2.644     3.602
 656.001     28010         0     28011           0.472     1.019     1.360     1.652     1.839     2.269     2.654     3.478
 657.001     28001         0     28001           0.485     0.992     1.326     1.620     1.808     2.253     2.750     3.955
 658.001     27996         0     27996           0.492     1.009     1.366     1.672     1.880     2.335     2.918     4.090
 659.001     28006         0     28006           0.478     0.965     1.294     1.602     1.798     2.269     2.714     4.030
 660.001     28000         0     28000           0.458     0.980     1.324     1.616     1.803     2.226     2.724     4.534
 661.001     27999         0     27999           0.473     0.986     1.324     1.632     1.833     2.324     2.748     3.690
 662.001     27998         0     27998           0.492     0.971     1.294     1.608     1.806     2.275     2.761     3.164
 663.001     28005         0     28002           0.477     0.999     1.343     1.636     1.823     2.279     2.753     3.447
 664.001     27996         0     27999           0.478     0.999     1.346     1.635     1.833     2.249     2.728     3.201
 665.001     27996         0     27996           0.485     0.973     1.313     1.599     1.782     2.232     2.763     3.353
 666.001     28000         0     28000           0.480     1.015     1.364     1.664     1.863     2.288     2.779     3.625
 667.001     28003         0     28002           0.451     1.002     1.340     1.625     1.801     2.232     2.742     3.699
 668.001     28006         0     28002           0.479     0.999     1.350     1.631     1.816     2.253     2.808     3.604
 669.001     27993         0     27995           0.500     1.010     1.361     1.690     1.937     2.437     3.090     4.053
 670.001     28003         0     28005           0.474     0.970     1.295     1.586     1.766     2.212     2.685     3.459
 671.001     27998         0     27999           0.473     0.994     1.338     1.625     1.812     2.251     2.804     3.963
 672.001     28003         0     28003           0.475     0.993     1.324     1.623     1.830     2.281     2.769     3.502
 673.001     28001         0     28000           0.478     0.994     1.337     1.640     1.826     2.269     2.783     3.453
 674.001     27991         0     27992           0.482     0.999     1.332     1.634     1.827     2.263     2.736     3.783
 675.001     28005         0     28005           0.488     0.979     1.321     1.634     1.860     2.341     2.787     3.639
 676.001     27996         0     27996           0.494     0.994     1.333     1.618     1.800     2.249     2.748     3.527
 677.001     28009         0     28010           0.491     0.982     1.325     1.624     1.830     2.281     2.804     3.461
 678.001     27991         0     27990           0.476     1.011     1.358     1.660     1.860     2.298     2.771     3.631
 679.001     28004         0     28004           0.498     1.008     1.343     1.638     1.829     2.265     2.943     4.155
 680.001     28004         0     28003           0.469     0.999     1.334     1.624     1.805     2.214     2.683     3.471
 681.001     28000         0     28001           0.477     0.994     1.324     1.621     1.811     2.261     2.738     3.629
 682.001     28002         0     28002           0.485     0.993     1.350     1.642     1.831     2.257     2.908     4.231
 683.001     27995         0     27994           0.496     1.006     1.369     1.689     1.908     2.357     2.959     5.087
 684.001     27997         0     27997           0.491     0.999     1.346     1.648     1.846     2.302     2.808     3.695
 685.001     28000         0     28001           0.489     0.986     1.309     1.619     1.809     2.273     2.759     3.703
 686.001     28004         0     28003           0.476     1.022     1.376     1.681     1.897     2.355     2.793     4.284
 687.001     27999         0     27998           0.495     0.999     1.348     1.663     1.875     2.329     2.812     3.867
 688.001     28003         0     28005           0.485     1.001     1.340     1.625     1.803     2.247     2.763     3.521
 689.001     27998         0     27999           0.472     0.973     1.309     1.602     1.793     2.243     2.732     3.502
 690.001     28003         0     28003           0.470     1.000     1.334     1.636     1.850     2.324     2.800     3.582
 691.001     27998         0     27995           0.454     0.971     1.300     1.622     1.824     2.279     2.888     3.596
 692.001     27993         0     27996           0.472     0.996     1.336     1.627     1.823     2.281     2.806     3.359
 693.001     28004         0     28005           0.477     0.989     1.331     1.616     1.794     2.210     2.693     3.961
 694.001     27999         0     27998           0.483     0.995     1.340     1.645     1.852     2.327     2.910     4.624
 695.001     28001         0     28002           0.485     0.992     1.345     1.644     1.845     2.318     2.796     3.797
 696.001     28002         0     28002           0.487     0.979     1.317     1.607     1.778     2.200     2.716     3.600
 697.001     28003         0     28003           0.501     1.020     1.355     1.651     1.854     2.298     2.861     3.965
 698.001     28003         0     28002           0.470     0.985     1.329     1.624     1.828     2.298     2.822     3.537
 699.001     27998         0     28000           0.485     1.015     1.352     1.619     1.795     2.218     2.789     3.891
 700.001     27998         0     27997           0.452     1.013     1.363     1.644     1.816     2.251     2.791     3.570
 701.001     27997         0     27997           0.484     0.985     1.309     1.620     1.826     2.298     2.826     3.820
 702.001     28001         0     28001           0.480     0.990     1.327     1.631     1.827     2.253     2.793     5.992
 703.001     27996         0     27994           0.450     0.986     1.318     1.608     1.781     2.220     2.693     3.617
 704.001     28003         0     28005           0.490     1.018     1.363     1.652     1.834     2.284     2.912     3.795
 705.001     28006         0     28006           0.488     0.982     1.315     1.627     1.833     2.271     2.714     4.706
 706.001     27993         0     27992           0.475     0.991     1.336     1.652     1.864     2.316     2.812     3.957
 707.001     28006         0     28006           0.493     0.990     1.333     1.639     1.863     2.335     2.746     3.787
 708.001     27992         0     27992           0.494     0.972     1.298     1.579     1.765     2.187     2.732     3.484
 709.001     28006         0     28006           0.492     0.985     1.320     1.616     1.802     2.261     2.726     3.578
 710.001     27998         0     27999           0.483     0.993     1.342     1.640     1.843     2.322     2.906     3.650
 711.001     27996         0     27996           0.477     0.993     1.339     1.644     1.857     2.294     2.710     3.394
 712.001     28000         0     27998           0.477     0.994     1.343     1.631     1.819     2.249     2.777     3.930
 713.001     28004         0     28005           0.476     0.974     1.310     1.616     1.816     2.306     2.793     3.856
 714.001     28000         0     27999           0.490     1.003     1.349     1.644     1.843     2.310     2.820     4.432
 715.001     27993         0     27993           0.429     0.962     1.289     1.562     1.736     2.132     2.601     3.674
 716.001     28010         0     28010           0.479     1.019     1.361     1.647     1.851     2.271     2.808     3.449
 717.001     27996         0     27997           0.460     0.988     1.335     1.629     1.837     2.279     2.724     3.283
 718.001     28001         0     28001           0.482     0.985     1.321     1.610     1.791     2.247     2.796     4.080
 719.001     28001         0     27999           0.476     0.989     1.331     1.632     1.829     2.265     2.775     4.866
 720.001     27998         0     28000           0.481     1.004     1.353     1.626     1.795     2.189     2.757     6.513
 721.001     28001         0     28000           0.487     0.972     1.302     1.597     1.776     2.222     2.697     4.227
 722.001     28001         0     28002           0.492     0.975     1.319     1.627     1.834     2.290     2.804     3.633
 723.001     28004         0     28003           0.475     1.007     1.345     1.625     1.810     2.226     2.673     3.570
 724.001     28000         0     28001           0.462     1.000     1.348     1.660     1.868     2.324     2.873     4.065
 725.001     28003         0     28000           0.480     0.987     1.328     1.622     1.811     2.236     2.718     4.112
 726.001     28000         0     27999           0.478     1.016     1.367     1.669     1.862     2.308     2.849     4.301
 727.001     27983         0     27986           0.489     1.038     1.393     1.691     1.890     2.349     2.998     4.194
 728.001     28012         0     28013           0.474     0.971     1.285     1.593     1.799     2.288     2.873     3.961
 729.001     28003         0     28002           0.461     1.041     1.391     1.692     1.896     2.314     2.894     3.588
 730.001     28001         0     28001           0.477     0.970     1.316     1.621     1.818     2.288     2.875     3.396
 731.001     27994         0     27992           0.481     0.962     1.298     1.592     1.774     2.226     2.632     4.219
 732.001     28001         0     28000           0.486     1.027     1.380     1.675     1.885     2.329     2.789     3.777
 733.001     27998         0     28000           0.482     0.980     1.321     1.612     1.792     2.193     2.671     3.400
 734.001     28001         0     28000           0.487     0.987     1.329     1.631     1.836     2.288     2.716     3.496
 735.001     27999         0     27999           0.488     0.972     1.315     1.605     1.784     2.187     2.691     4.030
 736.001     27997         0     27998           0.456     1.023     1.367     1.646     1.827     2.224     2.767     3.584
 737.001     28007         0     28004           0.485     0.963     1.287     1.579     1.757     2.204     2.695     3.754
 738.001     27998         0     28000           0.485     1.006     1.353     1.647     1.855     2.284     2.734     3.508
 739.001     28001         0     28001           0.445     0.986     1.324     1.590     1.754     2.152     2.728     3.504
 740.001     28003         0     28003           0.467     0.984     1.328     1.625     1.815     2.267     2.736     3.572
 741.001     27997         0     27996           0.481     0.984     1.335     1.630     1.833     2.292     2.710     3.170
 742.001     27995         0     27996           0.508     0.999     1.346     1.624     1.793     2.200     2.728     3.930
 743.001     28004         0     28002           0.476     0.995     1.339     1.640     1.857     2.339     2.873     3.443
 744.001     27996         0     27998           0.481     1.003     1.348     1.642     1.821     2.241     2.750     3.598
 745.001     27996         0     27996           0.498     0.982     1.317     1.601     1.783     2.189     2.685     3.453
 746.001     27999         0     28000           0.465     1.004     1.357     1.641     1.820     2.226     2.621     2.959
 747.001     28006         0     28005           0.477     0.963     1.286     1.577     1.754     2.206     2.666     3.224
 748.001     28002         0     28002           0.489     1.035     1.382     1.655     1.830     2.238     2.793     3.797
 749.001     28004         0     28003           0.477     0.985     1.320     1.617     1.802     2.251     2.765     3.826
 750.001     28000         0     27999           0.492     0.995     1.341     1.639     1.819     2.230     2.710     3.889
 751.001     28000         0     28002           0.488     1.011     1.351     1.639     1.825     2.255     2.830     4.395
 752.001     27994         0     27994           0.476     0.996     1.340     1.635     1.822     2.249     2.744     3.363
 753.001     28001         0     28002           0.488     0.979     1.313     1.610     1.796     2.236     2.681     4.633
 754.001     27999         0     27999           0.489     0.999     1.356     1.650     1.849     2.290     2.800     4.571
 755.001     27999         0     27999           0.483     0.959     1.287     1.583     1.779     2.228     2.693     3.328
 756.001     28003         0     28002           0.484     1.002     1.349     1.625     1.799     2.238     2.736     3.922
 757.001     28002         0     28003           0.477     1.008     1.356     1.665     1.878     2.345     2.933     4.119
 758.001     27997         0     27997           0.481     1.011     1.354     1.652     1.851     2.279     2.785     4.076
 759.001     28003         0     28002           0.474     0.983     1.327     1.621     1.812     2.259     2.806     3.772
 760.001     27999         0     27999           0.495     1.027     1.365     1.651     1.851     2.294     2.820     4.309
 761.001     27999         0     27999           0.476     1.004     1.356     1.653     1.852     2.281     2.810     3.752
 762.001     28004         0     28004           0.485     0.990     1.332     1.611     1.786     2.214     2.742     4.028
 763.001     27993         0     27992           0.481     0.992     1.338     1.635     1.827     2.269     2.822     5.300
 764.001     28012         0     28014           0.454     1.006     1.356     1.653     1.842     2.312     2.793     3.459
 765.001     27994         0     27990           0.484     1.006     1.357     1.645     1.832     2.277     2.748     3.883
 766.001     27993         0     27996           0.483     0.988     1.335     1.650     1.863     2.322     2.750     3.555
 767.001     28005         0     28004           0.465     0.975     1.304     1.594     1.776     2.236     2.769     3.682
 768.001     27996         0     27997           0.481     1.001     1.345     1.650     1.847     2.331     2.888     3.690
 769.001     27999         0     27995           0.440     0.989     1.325     1.612     1.790     2.251     2.761     3.572
 770.001     28005         0     28008           0.495     1.004     1.357     1.652     1.855     2.284     2.748     3.674
 771.001     28001         0     28002           0.477     0.986     1.334     1.647     1.860     2.310     2.777     3.817
 772.001     27990         0     27990           0.479     0.979     1.307     1.591     1.776     2.206     2.736     4.878
 773.001     28010         0     28010           0.489     1.017     1.367     1.681     1.916     2.355     2.920     3.609
 774.001     27999         0     27999           0.486     0.986     1.332     1.628     1.828     2.271     2.812     4.448
 775.001     28000         0     27999           0.479     0.982     1.314     1.595     1.772     2.195     2.671     3.750
 776.001     28001         0     28003           0.495     1.018     1.369     1.668     1.879     2.347     2.810     4.020
 777.001     27999         0     27999           0.477     0.966     1.295     1.582     1.754     2.189     2.695     3.312
 778.001     28001         0     28000           0.480     1.003     1.350     1.645     1.839     2.284     2.714     3.375
 779.001     27999         0     27999           0.455     0.991     1.334     1.635     1.829     2.281     2.765     3.385
 780.001     27997         0     27997           0.485     0.995     1.353     1.649     1.834     2.269     2.734     3.426
 781.001     28005         0     28006           0.456     0.980     1.308     1.595     1.775     2.210     2.720     3.860
 782.001     27998         0     27999           0.451     1.014     1.376     1.682     1.885     2.349     2.910     4.010
 783.001     28002         0     28002           0.485     0.988     1.326     1.630     1.816     2.265     2.728     3.883
 784.001     27999         0     27999           0.478     0.972     1.306     1.589     1.779     2.257     2.734     3.594
 785.001     27996         0     27995           0.445     0.991     1.328     1.609     1.788     2.216     2.785     4.391
 786.001     28004         0     28003           0.483     0.993     1.333     1.633     1.827     2.269     2.773     3.793
 787.001     27995         0     27996           0.494     1.027     1.360     1.647     1.841     2.284     2.879     4.420
 788.001     28004         0     28004           0.484     1.017     1.345     1.630     1.819     2.261     2.865     5.419
 789.001     28002         0     28001           0.498     1.013     1.358     1.641     1.820     2.251     2.699     3.348
 790.001     28001         0     28002           0.492     1.005     1.323     1.625     1.810     2.261     2.857     3.697
 791.001     27995         0     27993           0.493     1.016     1.365     1.673     1.875     2.335     2.812     3.680
 792.001     28003         0     28003           0.476     0.996     1.335     1.632     1.827     2.284     2.810     3.906
 793.001     28001         0     28001           0.474     1.014     1.360     1.647     1.825     2.238     2.812     3.627
 794.001     28001         0     28002           0.471     0.994     1.333     1.633     1.809     2.234     2.664     3.754
 795.001     28006         0     28006           0.499     0.982     1.326     1.608     1.798     2.222     2.769     3.430
 796.001     27988         0     27989           0.484     0.993     1.340     1.631     1.819     2.212     2.728     3.258
 797.001     28006         0     28001           0.487     0.984     1.321     1.614     1.793     2.228     2.724     4.067
 798.001     28000         0     28002           0.474     1.022     1.363     1.652     1.841     2.290     2.750     3.301
 799.001     27988         0     27991           0.483     0.979     1.313     1.592     1.758     2.165     2.716     3.344
 800.001     28013         0     28013           0.476     1.021     1.362     1.653     1.839     2.277     2.734     4.137
 801.001     27997         0     27997           0.459     0.979     1.305     1.606     1.801     2.224     2.673     3.439
 802.001     28001         0     28000           0.472     0.992     1.334     1.640     1.839     2.271     2.824     4.069
 803.001     28001         0     28002           0.502     1.006     1.347     1.641     1.841     2.259     2.705     3.299
 804.001     27996         0     27997           0.490     1.022     1.372     1.675     1.871     2.300     2.875     3.854
 805.001     28006         0     28004           0.451     0.972     1.299     1.604     1.800     2.230     2.695     3.652
 806.001     27998         0     27999           0.504     1.021     1.367     1.659     1.835     2.257     2.832     3.834
 807.001     28005         0     28006           0.493     0.988     1.318     1.606     1.788     2.181     2.652     3.666
 808.001     27999         0     27998           0.496     0.996     1.336     1.648     1.852     2.257     2.685     3.588
 809.001     27999         0     27999           0.486     0.992     1.325     1.621     1.811     2.241     2.806     3.643
 810.001     27991         0     27989           0.467     1.012     1.360     1.651     1.842     2.267     2.798     3.942
 811.001     28006         0     28008           0.468     0.995     1.343     1.646     1.839     2.253     2.736     3.492
 812.001     28003         0     28003           0.482     0.985     1.328     1.623     1.819     2.249     2.730     3.586
 813.001     28000         0     28000           0.486     0.995     1.337     1.621     1.803     2.204     2.679     3.285
 814.001     27994         0     27994           0.485     0.995     1.346     1.628     1.807     2.204     2.703     4.116
 815.001     28003         0     27998           0.452     0.989     1.327     1.608     1.779     2.183     2.703     4.276
 816.001     27998         0     28001           0.490     0.984     1.317     1.609     1.792     2.191     2.677     3.453
 817.001     27999         0     28000           0.461     1.034     1.375     1.665     1.848     2.281     2.789     4.026
 818.001     28003         0     28004           0.474     1.039     1.388     1.675     1.860     2.265     2.789     4.375
 819.001     28002         0     28002           0.447     1.014     1.362     1.656     1.835     2.261     2.767     4.235
 820.001     27999         0     27997           0.480     1.046     1.398     1.695     1.900     2.345     3.115     4.628
 821.001     27996         0     27998           0.468     0.987     1.319     1.610     1.780     2.175     2.646     3.668
 822.001     27999         0     28000           0.487     1.017     1.377     1.689     1.904     2.355     3.170     4.813
 823.001     28008         0     28008           0.490     1.002     1.339     1.640     1.828     2.265     2.781     4.047
 824.001     27991         0     27990           0.479     0.992     1.329     1.624     1.822     2.222     2.707     3.590
 825.001     28001         0     28002           0.482     0.996     1.335     1.632     1.823     2.224     2.800     3.944
 826.001     27993         0     27992           0.491     1.003     1.342     1.628     1.800     2.208     2.652     4.176
 827.001     28009         0     28010           0.476     0.994     1.337     1.617     1.789     2.208     2.753     5.648
 828.001     27999         0     28000           0.487     0.997     1.329     1.608     1.779     2.142     2.677     3.619
 829.001     28003         0     28002           0.485     0.982     1.328     1.617     1.795     2.204     2.671     3.588
 830.001     27997         0     27995           0.477     0.997     1.338     1.617     1.790     2.185     2.660     3.285
 831.001     28001         0     28004           0.481     1.010     1.356     1.647     1.827     2.247     2.660     3.684
 832.001     27994         0     27992           0.501     1.011     1.362     1.657     1.850     2.288     2.826     3.797
 833.001     28010         0     28012           0.479     0.972     1.317     1.620     1.819     2.220     2.828     3.545
 834.001     27993         0     27993           0.498     0.991     1.340     1.616     1.790     2.183     2.714     3.973
 835.001     28011         0     28009           0.472     0.986     1.321     1.618     1.818     2.251     2.707     3.873
 836.001     27991         0     27993           0.486     0.992     1.329     1.617     1.804     2.206     2.716     3.881
 837.001     27998         0     27998           0.497     0.988     1.337     1.622     1.811     2.236     2.701     3.170
 838.001     28010         0     28010           0.475     0.973     1.306     1.610     1.791     2.234     2.699     4.452
 839.001     28001         0     28001           0.476     0.988     1.333     1.624     1.804     2.249     2.812     3.490
 840.001     27988         0     27988           0.454     1.004     1.347     1.646     1.840     2.265     2.707     3.140
 841.001     28003         0     28003           0.472     0.985     1.314     1.605     1.794     2.208     2.681     2.980
 842.001     27999         0     27999           0.462     1.010     1.366     1.664     1.863     2.284     2.793     4.747
 843.001     28006         0     28006           0.489     0.990     1.329     1.618     1.804     2.224     2.695     4.669
 844.001     28001         0     28000           0.469     0.986     1.326     1.620     1.805     2.236     2.695     4.119
 845.001     27999         0     27998           0.492     0.982     1.318     1.597     1.769     2.179     2.599     3.629
 846.001     27996         0     27998           0.463     1.005     1.350     1.626     1.796     2.185     2.757     3.574
 847.001     28003         0     28003           0.494     0.979     1.313     1.615     1.811     2.230     2.750     3.690
 848.001     27986         0     27986           0.502     1.032     1.371     1.658     1.857     2.302     3.164     4.547
 849.001     28008         0     28006           0.470     0.994     1.337     1.644     1.857     2.335     2.916     4.080
 850.001     28009         0     28010           0.492     1.021     1.371     1.672     1.880     2.337     3.033     4.903
 851.001     27998         0     27998           0.464     0.989     1.330     1.632     1.845     2.275     2.691     3.901
 852.001     27999         0     27996           0.478     1.005     1.352     1.640     1.826     2.257     2.671     3.365
 853.001     27999         0     28001           0.453     0.988     1.321     1.606     1.788     2.212     2.791     3.643
 854.001     27996         0     27997           0.495     1.001     1.351     1.653     1.835     2.238     2.755     3.697
 855.001     27999         0     27996           0.476     0.997     1.342     1.625     1.805     2.222     2.742     3.140
 856.001     28004         0     28007           0.474     0.992     1.335     1.627     1.827     2.236     2.841     3.748
 857.001     27998         0     27996           0.464     0.995     1.339     1.636     1.825     2.238     2.748     3.539
 858.001     28005         0     28004           0.485     1.000     1.350     1.647     1.846     2.292     2.763     3.910
 859.001     27999         0     28001           0.480     1.005     1.342     1.630     1.807     2.208     2.601     3.277
 860.001     27996         0     27996           0.470     0.992     1.326     1.635     1.830     2.288     2.814     3.521
 861.001     28001         0     28001           0.500     1.023     1.372     1.675     1.874     2.310     2.865     3.590
 862.001     28001         0     28001           0.493     1.038     1.382     1.677     1.865     2.292     2.847     4.039
 863.001     27994         0     27994           0.493     1.023     1.368     1.662     1.844     2.245     2.695     4.053
 864.001     28003         0     28004           0.499     1.029     1.375     1.661     1.851     2.281     2.886     4.041
 865.001     28001         0     27995           0.482     1.001     1.350     1.645     1.839     2.269     2.744     4.014
 866.001     27999         0     28006           0.461     1.000     1.348     1.647     1.843     2.263     2.666     3.633
 867.001     28001         0     28001           0.484     0.989     1.329     1.624     1.806     2.210     2.675     4.260
 868.001     28002         0     27999           0.471     1.002     1.347     1.650     1.850     2.298     2.781     4.028
 869.001     28002         0     28005           0.486     0.968     1.295     1.586     1.753     2.114     2.564     3.949
 870.001     27997         0     27997           0.473     1.002     1.349     1.646     1.842     2.247     2.699     3.647
 871.001     28006         0     28006           0.487     0.987     1.325     1.613     1.792     2.202     2.736     3.394
 872.001     28000         0     28000           0.490     1.002     1.351     1.638     1.832     2.253     2.744     3.854
 873.001     27998         0     27998           0.477     0.992     1.340     1.651     1.849     2.324     3.283     4.551
 874.001     27997         0     27998           0.471     0.998     1.349     1.625     1.792     2.175     2.746     3.516
 875.001     28001         0     28001           0.472     0.986     1.319     1.599     1.768     2.157     2.626     3.600
 876.001     28001         0     28000           0.490     1.021     1.374     1.662     1.860     2.263     2.892     3.662
 877.001     28002         0     28000           0.482     0.997     1.345     1.642     1.830     2.290     2.849     3.701
 878.001     27998         0     28000           0.482     1.040     1.389     1.681     1.879     2.304     2.857     3.824
 879.001     28000         0     28000           0.475     1.022     1.382     1.694     1.927     2.384     2.982     4.370
 880.001     28000         0     28000           0.482     0.997     1.329     1.617     1.798     2.210     2.808     3.791
 881.001     27996         0     27995           0.484     1.006     1.366     1.646     1.831     2.228     2.744     3.473
 882.001     28001         0     28003           0.493     0.995     1.340     1.629     1.821     2.247     2.732     3.176
 883.001     27999         0     27998           0.482     1.003     1.362     1.650     1.839     2.259     2.761     3.809
 884.001     27999         0     28000           0.471     0.989     1.332     1.640     1.853     2.304     2.779     3.758
 885.001     28003         0     28002           0.445     0.987     1.326     1.613     1.781     2.169     2.617     3.975
 886.001     28002         0     28003           0.475     0.995     1.346     1.628     1.817     2.251     2.785     3.488
 887.001     28003         0     28002           0.484     0.980     1.324     1.619     1.808     2.220     2.724     3.430
 888.001     27997         0     27998           0.490     0.989     1.337     1.632     1.817     2.257     2.728     3.275
 889.001     28000         0     28000           0.477     1.001     1.345     1.627     1.807     2.228     2.724     3.351
 890.001     28000         0     28000           0.478     1.002     1.351     1.638     1.818     2.232     2.666     3.174
 891.001     27998         0     27998           0.496     0.998     1.341     1.632     1.815     2.222     2.791     4.489
 892.001     28000         0     27997           0.482     0.997     1.336     1.633     1.839     2.288     2.793     5.947
 893.001     28003         0     28006           0.471     1.005     1.348     1.626     1.803     2.200     2.730     3.928
 894.001     28000         0     28000           0.500     1.008     1.348     1.632     1.825     2.271     2.777     4.012
 895.001     28000         0     28000           0.487     0.991     1.333     1.629     1.797     2.226     2.671     3.340
 896.001     28002         0     28002           0.476     0.991     1.325     1.605     1.783     2.198     2.796     3.629
 897.001     27989         0     27989           0.457     0.996     1.345     1.641     1.843     2.269     2.781     3.690
 898.001     28010         0     28010           0.487     0.991     1.341     1.615     1.786     2.202     2.755     3.654
 899.001     27998         0     27998           0.482     1.005     1.352     1.628     1.794     2.214     2.726     3.371
 900.001     28001         0     28001           0.492     1.018     1.371     1.659     1.852     2.286     2.894     3.977
 901.001     27995         0     27995           0.490     0.992     1.332     1.624     1.806     2.210     2.750     3.158
 902.001     28003         0     28004           0.486     1.026     1.367     1.661     1.865     2.302     2.843     3.830
 903.001     28001         0     28000           0.488     0.991     1.328     1.616     1.794     2.183     2.621     3.480
 904.001     28000         0     27999           0.480     0.995     1.340     1.624     1.807     2.216     2.765     3.543
 905.001     28005         0     28006           0.488     0.996     1.333     1.626     1.806     2.236     2.800     3.629
 906.001     27996         0     27996           0.481     1.014     1.371     1.670     1.886     2.365     3.125     4.567
 907.001     28000         0     27999           0.461     1.001     1.351     1.648     1.833     2.251     2.812     4.065
 908.001     28001         0     28002           0.507     1.055     1.406     1.700     1.901     2.331     2.902     4.932
 909.001     27995         0     27994           0.483     1.013     1.365     1.660     1.855     2.333     2.966     3.893
 910.001     28006         0     28006           0.473     1.013     1.364     1.652     1.836     2.255     2.785     3.338
 911.001     27995         0     27995           0.496     1.029     1.379     1.686     1.894     2.341     2.961     4.452
 912.001     28002         0     28001           0.471     1.005     1.342     1.617     1.787     2.177     2.714     3.166
 913.001     27999         0     28000           0.488     1.009     1.358     1.650     1.837     2.247     2.705     3.219
 914.001     28006         0     28004           0.494     1.014     1.364     1.660     1.846     2.271     2.716     3.660
 915.001     27987         0     27989           0.489     0.998     1.343     1.637     1.830     2.286     2.775     3.633
 916.001     28012         0     28012           0.474     1.027     1.381     1.670     1.872     2.281     2.839     4.035
 917.001     27993         0     27993           0.494     0.980     1.306     1.607     1.787     2.253     2.695     4.260
 918.001     27999         0     27999           0.497     1.010     1.352     1.634     1.812     2.226     2.691     3.432
 919.001     28002         0     28002           0.467     1.010     1.356     1.633     1.808     2.228     2.710     3.920
 920.001     28004         0     28004           0.457     0.994     1.341     1.621     1.801     2.193     2.636     3.406
 921.001     27999         0     27998           0.470     0.994     1.350     1.656     1.854     2.290     2.714     3.674
 922.001     28000         0     28001           0.483     0.991     1.336     1.622     1.800     2.195     2.619     4.735
 923.001     27994         0     27994           0.489     1.004     1.346     1.637     1.824     2.265     2.734     3.308
 924.001     28009         0     28008           0.477     1.011     1.360     1.652     1.851     2.263     2.705     3.584
 925.001     27997         0     27997           0.479     0.986     1.325     1.616     1.794     2.218     2.722     3.869
 926.001     28003         0     28002           0.500     1.019     1.371     1.650     1.838     2.267     2.707     3.269
 927.001     27993         0     27994           0.467     1.005     1.355     1.657     1.850     2.259     2.748     3.402
 928.001     27999         0     27999           0.458     0.982     1.311     1.603     1.782     2.193     2.726     4.033
 929.001     28005         0     28004           0.487     1.003     1.365     1.645     1.833     2.261     2.800     4.686
 930.001     28001         0     28001           0.492     0.998     1.350     1.626     1.806     2.214     2.734     3.406
 931.001     27997         0     27997           0.484     0.982     1.316     1.612     1.799     2.212     2.710     3.643
 932.001     27998         0     27997           0.490     0.999     1.351     1.634     1.810     2.238     2.802     4.743
 933.001     28002         0     28004           0.486     0.998     1.345     1.642     1.844     2.279     2.810     3.783
 934.001     28002         0     28002           0.458     1.012     1.366     1.634     1.806     2.189     2.669     3.449
 935.001     28002         0     28000           0.457     0.990     1.334     1.621     1.800     2.238     2.697     3.344
 936.001     27996         0     27998           0.501     0.973     1.314     1.585     1.748     2.122     2.595     3.539
 937.001     28003         0     28003           0.497     0.999     1.343     1.621     1.790     2.220     2.710     3.482
 938.001     27997         0     27997           0.455     1.018     1.374     1.676     1.882     2.353     3.004     4.112
 939.001     28002         0     28001           0.452     1.017     1.361     1.647     1.825     2.238     2.691     3.740
 940.001     27996         0     27996           0.473     0.987     1.320     1.616     1.803     2.216     2.595     4.174
 941.001     28007         0     28007           0.429     1.052     1.392     1.673     1.862     2.277     2.873     3.770
 942.001     27990         0     27990           0.493     0.996     1.327     1.615     1.796     2.230     2.755     3.537
 943.001     28008         0     28008           0.491     1.007     1.352     1.636     1.807     2.214     2.710     4.497
 944.001     27998         0     27996           0.483     1.008     1.364     1.653     1.835     2.261     2.865     3.666
 945.001     28002         0     28002           0.482     1.005     1.356     1.649     1.844     2.269     2.714     4.051
 946.001     27997         0     27998           0.476     0.990     1.331     1.612     1.781     2.181     2.662     3.265
 947.001     28000         0     27999           0.455     1.005     1.356     1.645     1.830     2.324     2.806     4.366
 948.001     27995         0     27994           0.474     0.997     1.343     1.625     1.799     2.195     2.669     3.809
 949.001     28004         0     28005           0.486     1.019     1.367     1.678     1.890     2.308     2.791     3.647
 950.001     27995         0     27995           0.490     1.000     1.339     1.620     1.799     2.214     2.793     3.547
 951.001     28012         0     28011           0.477     1.030     1.382     1.687     1.907     2.394     3.060     4.002
 952.001     27997         0     27998           0.481     0.987     1.323     1.607     1.783     2.216     2.701     4.180
 953.001     27997         0     27994           0.491     1.005     1.348     1.638     1.831     2.255     2.720     3.463
 954.001     28007         0     28009           0.498     0.996     1.331     1.623     1.816     2.255     2.691     3.783
 955.001     27992         0     27990           0.471     1.006     1.359     1.658     1.854     2.275     2.787     3.916
 956.001     27996         0     27998           0.492     0.979     1.325     1.610     1.783     2.187     2.695     3.510
 957.001     28006         0     28005           0.476     0.998     1.347     1.631     1.820     2.241     2.753     3.193
 958.001     28000         0     28001           0.404     0.994     1.347     1.649     1.852     2.261     2.796     4.256
 959.001     27998         0     27998           0.483     0.995     1.334     1.625     1.811     2.241     2.742     3.774
 960.001     28005         0     28005           0.499     0.990     1.332     1.616     1.791     2.193     2.691     3.078
 961.001     27998         0     27997           0.492     1.011     1.361     1.672     1.885     2.333     2.853     4.403
 962.001     27999         0     28000           0.478     1.009     1.364     1.660     1.859     2.318     2.955     4.473
 963.001     28006         0     28006           0.451     0.978     1.322     1.623     1.809     2.243     2.707     3.322
 964.001     27998         0     27997           0.492     0.998     1.350     1.631     1.812     2.255     2.830     3.854
 965.001     27999         0     27999           0.485     0.999     1.351     1.646     1.843     2.273     2.679     3.447
 966.001     28001         0     27999           0.468     0.969     1.302     1.602     1.799     2.241     2.693     3.756
 967.001     27995         0     27997           0.478     0.997     1.341     1.625     1.809     2.234     2.716     3.332
 968.001     27995         0     27995           0.468     0.996     1.338     1.644     1.849     2.294     2.814     3.242
 969.001     28000         0     28000           0.493     1.053     1.396     1.697     1.908     2.359     3.049     3.891
 970.001     28001         0     28001           0.493     1.007     1.350     1.645     1.849     2.292     2.796     3.551
 971.001     28004         0     28005           0.480     1.062     1.413     1.706     1.898     2.316     2.935     5.202
 972.001     27996         0     27996           0.480     1.007     1.347     1.640     1.840     2.259     2.775     4.538
 973.001     28011         0     28007           0.482     1.002     1.355     1.652     1.863     2.306     2.730     4.127
 974.001     27994         0     27998           0.483     1.004     1.339     1.637     1.839     2.265     2.765     3.668
 975.001     28005         0     28005           0.449     1.011     1.357     1.642     1.851     2.290     2.765     3.523
 976.001     27995         0     27995           0.500     0.992     1.328     1.626     1.819     2.234     2.730     3.705
 977.001     27999         0     27999           0.458     1.021     1.365     1.667     1.882     2.329     2.810     3.987
 978.001     28003         0     28003           0.433     0.988     1.330     1.630     1.817     2.224     2.677     3.912
 979.001     27995         0     27995           0.490     1.028     1.379     1.683     1.888     2.322     2.871     4.045
 980.001     28004         0     28004           0.496     0.995     1.345     1.635     1.832     2.296     2.798     3.998
 981.001     28004         0     28003           0.470     1.018     1.372     1.689     1.914     2.341     2.865     3.901
 982.001     28000         0     28000           0.491     1.010     1.361     1.654     1.841     2.263     2.826     3.490
 983.001     27997         0     27998           0.478     0.983     1.320     1.639     1.871     2.347     2.791     3.568
 984.001     28002         0     28002           0.479     1.010     1.361     1.652     1.852     2.290     2.793     3.658
 985.001     27995         0     27995           0.485     0.994     1.333     1.623     1.807     2.224     2.730     4.033
 986.001     28003         0     28002           0.478     1.011     1.365     1.655     1.850     2.279     2.820     4.768
 987.001     28004         0     28006           0.487     0.999     1.348     1.645     1.829     2.251     2.750     3.437
 988.001     27997         0     27996           0.464     1.015     1.375     1.684     1.909     2.390     3.076     4.184
 989.001     27997         0     27998           0.466     0.992     1.335     1.625     1.798     2.236     2.656     3.424
 990.001     28000         0     28000           0.483     1.003     1.348     1.635     1.824     2.261     2.787     3.768
 991.001     27999         0     27999           0.484     0.992     1.338     1.633     1.828     2.259     2.830     3.754
 992.001     28001         0     28000           0.453     1.002     1.354     1.654     1.853     2.269     2.791     3.439
 993.001     28001         0     28002           0.492     0.988     1.329     1.613     1.785     2.193     2.716     3.170
 994.001     28003         0     28001           0.475     0.998     1.354     1.641     1.824     2.245     2.820     4.159
 995.001     27994         0     27996           0.455     1.004     1.345     1.653     1.847     2.284     2.783     3.883
 996.001     28000         0     27997           0.482     1.001     1.349     1.644     1.829     2.236     2.744     4.202
 997.001     28005         0     28006           0.502     1.002     1.360     1.658     1.851     2.312     2.845     3.879
 998.001     28002         0     28003           0.483     1.008     1.367     1.655     1.858     2.286     2.802     3.490
 999.001     27997         0     27997           0.483     1.055     1.399     1.696     1.898     2.329     3.000     5.124
1000.001     28002         0     28002           0.451     0.988     1.309     1.591     1.778     2.216     2.710     3.340
1001.001     27998         0     27996           0.489     1.053     1.403     1.691     1.891     2.329     2.927     3.895
1002.001     28001         0     28004           0.469     0.995     1.326     1.602     1.767     2.138     2.605     3.357
1003.001     27996         0     27995           0.459     1.028     1.391     1.700     1.917     2.423     3.138     4.903
1004.001     28005         0     28003           0.479     1.010     1.351     1.630     1.794     2.171     2.689     3.879
1005.001     27999         0     27996           0.488     1.010     1.354     1.645     1.831     2.243     2.675     3.389
1006.001     27996         0     28000           0.492     1.001     1.361     1.644     1.830     2.255     2.769     3.789
1007.001     28002         0     28002           0.482     1.006     1.341     1.634     1.823     2.249     2.650     3.553
1008.001     28002         0     28003           0.468     1.012     1.365     1.658     1.850     2.281     2.857     4.170
1009.001     28005         0     28004           0.471     0.988     1.329     1.615     1.793     2.208     2.730     3.629
1010.001     28000         0     28000           0.467     0.994     1.330     1.609     1.785     2.187     2.660     3.273
1011.001     28001         0     27996           0.481     0.989     1.337     1.619     1.798     2.200     2.664     3.852
1012.001     27994         0     28000           0.467     0.984     1.335     1.622     1.805     2.228     2.781     4.469
1013.001     27997         0     27997           0.462     0.994     1.347     1.631     1.823     2.243     2.765     3.187
1014.001     28000         0     27997           0.490     1.024     1.380     1.668     1.855     2.265     2.816     4.387
1015.001     27990         0     27993           0.481     0.974     1.285     1.580     1.758     2.179     2.701     3.951
1016.001     28013         0     28013           0.463     1.036     1.383     1.676     1.873     2.273     2.703     3.391
1017.001     28002         0     28000           0.476     0.988     1.329     1.633     1.842     2.306     2.839     3.826
1018.001     27997         0     27998           0.473     1.042     1.391     1.671     1.857     2.249     2.822     3.594
1019.001     27997         0     27998           0.485     0.992     1.318     1.611     1.791     2.245     2.664     3.555
1020.001     27998         0     27999           0.483     1.026     1.378     1.671     1.853     2.290     2.775     4.162
1021.001     28009         0     28008           0.489     1.006     1.350     1.633     1.799     2.191     2.689     3.705
1022.001     27994         0     27994           0.487     1.010     1.357     1.639     1.824     2.236     2.740     3.514
1023.001     27997         0     27997           0.474     1.020     1.364     1.657     1.851     2.288     2.808     3.713
1024.001     28009         0     28009           0.469     1.000     1.346     1.641     1.830     2.277     2.740     3.893
1025.001     28003         0     28003           0.494     0.998     1.347     1.629     1.810     2.245     2.722     3.830
1026.001     27999         0     27998           0.497     0.996     1.351     1.638     1.837     2.298     2.791     3.684
1027.001     27997         0     27998           0.496     0.990     1.326     1.612     1.783     2.185     2.695     3.428
1028.001     28002         0     28003           0.483     1.013     1.353     1.651     1.841     2.263     2.730     3.881
1029.001     27994         0     27994           0.494     1.040     1.385     1.680     1.894     2.322     2.789     3.803
1030.001     28005         0     28005           0.501     1.033     1.375     1.675     1.888     2.324     2.918     3.713
1031.001     27998         0     27996           0.501     1.016     1.355     1.647     1.857     2.294     2.796     3.883
1032.001     27999         0     27996           0.504     1.054     1.413     1.707     1.910     2.343     2.918     4.022
1033.001     27999         0     28003           0.491     0.991     1.333     1.616     1.798     2.193     2.703     3.971
1034.001     28006         0     28006           0.475     0.991     1.335     1.621     1.799     2.220     2.701     3.449
1035.001     27998         0     27999           0.469     1.006     1.349     1.650     1.855     2.290     2.767     3.715
1036.001     27995         0     27995           0.489     0.989     1.343     1.646     1.864     2.324     2.951     3.936
1037.001     28004         0     28004           0.473     0.984     1.332     1.620     1.791     2.208     2.744     3.404
1038.001     27996         0     27994           0.477     0.985     1.332     1.629     1.826     2.290     2.777     3.992
1039.001     28001         0     28002           0.474     1.032     1.385     1.688     1.917     2.388     2.894     4.334
1040.001     27997         0     27996           0.491     0.992     1.328     1.625     1.817     2.245     2.710     3.830
1041.001     27999         0     28000           0.461     1.018     1.372     1.668     1.886     2.318     2.830     4.841
1042.001     27997         0     27996           0.480     1.006     1.349     1.632     1.808     2.210     2.632     3.924
1043.001     28004         0     28004           0.466     1.023     1.379     1.690     1.906     2.329     2.841     3.994
1044.001     27992         0     27993           0.477     1.000     1.346     1.634     1.821     2.241     2.771     3.709
1045.001     28015         0     28015           0.490     0.991     1.335     1.609     1.788     2.202     2.691     3.131
1046.001     27992         0     27991           0.493     1.011     1.361     1.653     1.847     2.263     2.832     4.243
1047.001     27999         0     28000           0.487     1.000     1.350     1.656     1.865     2.306     2.791     3.303
1048.001     28002         0     28002           0.487     1.007     1.353     1.651     1.843     2.259     2.654     3.543
1049.001     28006         0     28006           0.464     0.990     1.319     1.617     1.818     2.294     2.736     3.729
1050.001     28005         0     28004           0.465     1.012     1.366     1.668     1.877     2.288     2.750     3.817
1051.001     27998         0     27998           0.453     0.990     1.333     1.611     1.780     2.189     2.666     3.926
1052.001     27999         0     27998           0.487     1.016     1.372     1.661     1.852     2.265     2.750     3.486
1053.001     27997         0     27998           0.483     0.988     1.335     1.631     1.818     2.259     2.839     4.780
1054.001     28000         0     28000           0.455     1.011     1.363     1.656     1.844     2.306     2.791     4.248
1055.001     27996         0     27996           0.499     1.001     1.341     1.623     1.795     2.183     2.726     3.701
1056.001     28006         0     28005           0.488     1.020     1.374     1.649     1.833     2.247     2.740     4.477
1057.001     27997         0     27998           0.440     0.994     1.339     1.619     1.796     2.195     2.648     4.166
1058.001     27998         0     27998           0.476     0.991     1.342     1.651     1.874     2.331     2.845     3.385
1059.001     28008         0     28007           0.454     1.026     1.370     1.653     1.832     2.249     2.714     3.478
1060.001     27988         0     27989           0.484     1.006     1.353     1.650     1.848     2.277     2.855     3.967
1061.001     28006         0     28005           0.460     1.033     1.390     1.668     1.847     2.257     2.839     4.147
1062.001     27999         0     27999           0.473     1.012     1.366     1.672     1.893     2.339     2.834     3.721
1063.001     28000         0     27999           0.493     1.004     1.355     1.639     1.818     2.257     2.812     3.375
1064.001     28001         0     28002           0.477     0.994     1.333     1.614     1.793     2.191     2.640     3.250
1065.001     28004         0     28005           0.470     1.019     1.368     1.656     1.833     2.269     2.789     3.719
1066.001     27993         0     27991           0.483     1.005     1.353     1.650     1.842     2.269     2.849     4.047
1067.001     28006         0     28007           0.456     1.001     1.350     1.638     1.822     2.212     2.603     3.424
1068.001     28000         0     27999           0.499     1.023     1.378     1.681     1.900     2.370     3.082     4.620
1069.001     27992         0     27991           0.475     0.993     1.329     1.619     1.804     2.218     2.757     3.826
1070.001     28009         0     28011           0.486     1.020     1.376     1.664     1.852     2.265     2.769     5.448
1071.001     27999         0     27999           0.484     1.000     1.348     1.633     1.817     2.255     2.826     3.752
1072.001     27995         0     27995           0.503     1.019     1.372     1.665     1.849     2.269     2.767     3.670
1073.001     28004         0     28003           0.476     0.991     1.338     1.637     1.837     2.263     2.755     3.803
1074.001     28001         0     28001           0.500     1.052     1.404     1.709     1.921     2.382     3.064     4.432
1075.001     28004         0     28004           0.460     1.007     1.351     1.634     1.802     2.214     2.775     3.369
1076.001     27996         0     27996           0.484     1.026     1.390     1.714     1.953     2.447     2.984     4.510
1077.001     28002         0     28002           0.477     0.975     1.297     1.577     1.746     2.111     2.542     3.310
1078.001     27997         0     27997           0.483     1.014     1.354     1.640     1.831     2.259     2.689     6.287
1079.001     28004         0     28002           0.469     1.018     1.363     1.656     1.837     2.249     2.740     3.756
1080.001     27995         0     27995           0.496     0.996     1.335     1.636     1.833     2.279     2.748     3.459
1081.001     28006         0     28007           0.504     0.990     1.324     1.628     1.832     2.265     2.732     3.596
1082.001     27993         0     27993           0.481     1.029     1.378     1.670     1.857     2.255     2.775     3.879
1083.001     28002         0     28002           0.494     1.009     1.358     1.644     1.841     2.265     2.769     3.490
1084.001     28005         0     28005           0.480     1.024     1.373     1.651     1.820     2.204     2.662     3.572
1085.001     27994         0     27994           0.472     1.004     1.350     1.620     1.780     2.189     2.701     4.155
1086.001     28004         0     28004           0.486     1.009     1.358     1.638     1.818     2.243     2.728     4.559
1087.001     27993         0     27994           0.476     1.020     1.357     1.646     1.818     2.234     2.697     3.381
1088.001     27995         0     27994           0.471     1.001     1.341     1.618     1.789     2.202     2.769     3.934
1089.001     28002         0     28002           0.483     1.050     1.403     1.713     1.929     2.386     3.033     4.534
1090.001     28004         0     28004           0.495     1.047     1.396     1.693     1.900     2.318     2.933     4.162
1091.001     28004         0     28003           0.491     1.022     1.375     1.675     1.893     2.320     2.765     3.811
1092.001     27994         0     27995           0.461     1.047     1.397     1.711     1.925     2.413     3.127     4.964
1093.001     28009         0     28009           0.487     1.007     1.370     1.669     1.869     2.312     2.875     4.796
1094.001     27997         0     27997           0.487     1.016     1.357     1.635     1.804     2.204     2.736     3.873
1095.001     27997         0     27996           0.505     1.026     1.381     1.655     1.831     2.263     2.832     4.192
1096.001     28002         0     28003           0.489     1.003     1.347     1.623     1.796     2.183     2.671     3.856
1097.001     28007         0     28008           0.482     1.005     1.353     1.640     1.835     2.261     2.783     3.568
1098.001     27996         0     27995           0.500     1.008     1.362     1.661     1.843     2.247     2.765     4.012
1099.001     27995         0     27996           0.483     1.006     1.356     1.639     1.818     2.224     2.736     3.906
1100.001     27997         0     27994           0.495     1.009     1.363     1.654     1.830     2.230     2.703     3.936
1101.001     28009         0     28011           0.457     1.011     1.352     1.631     1.816     2.214     2.628     3.508
1102.001     27994         0     27994           0.478     1.031     1.381     1.679     1.866     2.263     2.763     3.852
1103.001     28003         0     28004           0.488     1.030     1.376     1.666     1.858     2.263     2.738     4.086
1104.001     27998         0     27997           0.499     1.036     1.375     1.677     1.867     2.273     2.793     3.592
1105.001     28001         0     28001           0.495     1.036     1.370     1.657     1.845     2.267     2.851     3.621
1106.001     27990         0     27991           0.493     1.024     1.363     1.646     1.827     2.238     2.761     9.880
1107.001     28002         0     28001           0.478     1.082     1.440     1.747     1.957     2.423     2.984     4.608
1108.001     28008         0     28008           0.457     1.018     1.350     1.626     1.804     2.202     2.783     3.906
1109.001     28001         0     28001           0.491     1.032     1.368     1.655     1.826     2.187     2.697     3.803
1110.001     27998         0     27998           0.496     1.040     1.392     1.679     1.868     2.267     2.695     3.408
1111.001     28002         0     28002           0.496     1.022     1.363     1.642     1.816     2.214     2.707     3.668
1112.001     27996         0     27997           0.468     1.034     1.383     1.683     1.887     2.351     2.859     3.578
1113.001     28009         0     28008           0.491     1.017     1.358     1.647     1.837     2.253     2.832     3.926
1114.001     27998         0     27999           0.481     1.044     1.407     1.705     1.914     2.365     2.941     4.874
1115.001     27998         0     27998           0.488     1.003     1.348     1.642     1.843     2.279     2.738     3.760
1116.001     27991         0     27990           0.471     1.009     1.352     1.657     1.848     2.277     2.748     3.559
1117.001     28012         0     28013           0.484     1.013     1.359     1.652     1.845     2.288     2.785     3.836
1118.001     27996         0     27996           0.448     0.998     1.354     1.651     1.841     2.277     2.931     3.785
1119.001     27998         0     27990           0.493     1.009     1.355     1.641     1.823     2.241     2.697     3.424
1120.001     28003         0     28011           0.494     1.060     1.396     1.684     1.891     2.324     2.927     3.930
1121.001     28000         0     27999           0.479     1.000     1.351     1.634     1.808     2.269     2.693     3.799
1122.001     28002         0     28002           0.501     1.040     1.380     1.652     1.832     2.220     2.793     4.399
1123.001     27993         0     27993           0.498     1.001     1.346     1.619     1.781     2.183     2.650     3.969
1124.001     27997         0     27997           0.494     1.027     1.378     1.658     1.836     2.243     2.703     3.600
1125.001     28006         0     28005           0.492     0.982     1.316     1.598     1.770     2.191     2.654     3.873
1126.001     28005         0     28004           0.468     1.009     1.367     1.650     1.836     2.261     2.773     3.432
1127.001     27992         0     27994           0.442     0.984     1.323     1.612     1.816     2.267     2.822     4.760
1128.001     28006         0     28002           0.472     1.004     1.349     1.630     1.799     2.208     2.673     3.394
1129.001     27994         0     27997           0.468     0.998     1.352     1.648     1.833     2.271     2.914     3.891
1130.001     28006         0     28004           0.491     0.991     1.342     1.632     1.830     2.261     2.763     4.342
1131.001     27999         0     28001           0.492     0.982     1.315     1.598     1.788     2.198     2.648     3.598
1132.001     28000         0     27999           0.489     1.012     1.362     1.661     1.872     2.273     2.716     3.893
1133.001     27995         0     27996           0.478     0.976     1.303     1.591     1.780     2.206     2.673     3.451
1134.001     28010         0     28008           0.449     1.002     1.364     1.654     1.846     2.281     2.802     4.665
1135.001     27998         0     27999           0.487     1.008     1.361     1.633     1.803     2.208     2.769     3.537
1136.001     28000         0     28000           0.459     1.008     1.357     1.640     1.829     2.255     2.820     4.682
1137.001     27994         0     27992           0.452     1.001     1.357     1.626     1.796     2.191     2.673     4.276
1138.001     28000         0     28001           0.486     1.007     1.365     1.667     1.867     2.327     2.933     4.473
1139.001     27999         0     27999           0.477     1.007     1.351     1.616     1.784     2.181     2.677     3.326
1140.001     28010         0     28011           0.469     0.990     1.340     1.629     1.816     2.257     2.783     3.371
1141.001     27996         0     27996           0.501     1.004     1.354     1.646     1.821     2.210     2.773     3.994
1142.001     28006         0     28005           0.470     1.017     1.367     1.659     1.841     2.247     2.734     3.734
1143.001     27988         0     27989           0.499     1.007     1.359     1.661     1.858     2.292     2.857     4.162
1144.001     28004         0     28004           0.500     1.025     1.371     1.651     1.821     2.234     2.775     3.725
1145.001     27999         0     27999           0.471     0.982     1.321     1.624     1.822     2.265     2.740     3.336
1146.001     27999         0     27999           0.490     1.025     1.393     1.717     1.958     2.458     3.176     5.775
1147.001     27999         0     27998           0.491     0.984     1.323     1.606     1.777     2.161     2.556     3.062
1148.001     28003         0     28004           0.467     1.027     1.389     1.696     1.912     2.378     2.906     4.977
1149.001     27997         0     27997           0.478     1.009     1.362     1.675     1.882     2.310     2.863     4.575
1150.001     28000         0     28000           0.495     1.029     1.376     1.675     1.872     2.324     3.058     3.961
1151.001     27998         0     27998           0.492     1.021     1.374     1.674     1.882     2.333     3.043     3.901
1152.001     27999         0     28000           0.473     1.040     1.391     1.691     1.890     2.337     2.920     4.078
1153.001     28000         0     27999           0.504     1.010     1.366     1.667     1.848     2.263     2.933     4.268
1154.001     28003         0     28004           0.494     1.034     1.388     1.684     1.882     2.300     2.800     3.963
1155.001     28000         0     27999           0.504     1.015     1.357     1.658     1.839     2.304     2.765     3.523
1156.001     28007         0     28008           0.497     1.033     1.393     1.687     1.875     2.298     2.783     3.461
1157.001     28000         0     27999           0.482     1.005     1.348     1.633     1.818     2.281     2.918     3.813
1158.001     27997         0     27997           0.464     1.018     1.388     1.702     1.907     2.361     2.937     4.174
1159.001     27996         0     27997           0.479     0.975     1.316     1.610     1.792     2.193     2.710     4.309
1160.001     28005         0     28002           0.462     1.015     1.363     1.659     1.854     2.286     2.746     3.903
1161.001     27998         0     27999           0.481     1.010     1.362     1.668     1.869     2.300     2.785     3.471
1162.001     27999         0     28000           0.498     0.993     1.340     1.635     1.838     2.279     2.765     3.277
1163.001     28005         0     28005           0.499     1.014     1.366     1.684     1.923     2.408     3.031     5.087
1164.001     27997         0     27997           0.487     1.000     1.352     1.637     1.818     2.228     2.714     4.305
1165.001     28002         0     28003           0.453     0.992     1.347     1.641     1.826     2.273     2.861     5.239
1166.001     28001         0     28000           0.451     1.029     1.376     1.650     1.821     2.245     2.736     3.617
1167.001     27998         0     28000           0.471     1.004     1.350     1.641     1.824     2.267     2.808     3.617
1168.001     28000         0     28000           0.478     1.002     1.346     1.637     1.829     2.263     2.796     4.657
1169.001     27993         0     27993           0.497     0.995     1.342     1.621     1.802     2.230     2.814     4.633
1170.001     28007         0     28004           0.487     1.021     1.382     1.684     1.888     2.370     3.041     7.733
1171.001     28000         0     28004           0.487     0.985     1.327     1.611     1.779     2.183     2.716     3.936
1172.001     28001         0     28001           0.489     1.015     1.377     1.682     1.918     2.351     2.843     3.744
1173.001     27992         0     27992           0.473     0.973     1.312     1.630     1.837     2.318     2.920     5.116
1174.001     28005         0     28002           0.484     0.998     1.349     1.658     1.881     2.353     2.937     4.874
1175.001     27996         0     27999           0.496     1.022     1.370     1.651     1.836     2.263     2.810     3.463
1176.001     28004         0     28003           0.486     1.005     1.354     1.644     1.823     2.257     2.701     3.348
1177.001     27999         0     28000           0.479     1.026     1.378     1.655     1.837     2.275     2.730     3.412
1178.001     27998         0     27998           0.466     0.990     1.329     1.619     1.803     2.243     2.755     3.768
1179.001     28002         0     28001           0.471     0.988     1.326     1.608     1.777     2.177     2.675     3.533
1180.001     28002         0     28003           0.480     1.043     1.389     1.681     1.891     2.322     2.828     3.877
1181.001     28000         0     27999           0.485     1.044     1.382     1.672     1.874     2.341     3.039     4.317
1182.001     27997         0     27991           0.481     1.008     1.341     1.625     1.816     2.249     2.705     4.088
1183.001     28010         0     28015           0.479     1.046     1.390     1.676     1.879     2.302     2.845     3.463
1184.001     27995         0     27995           0.489     1.023     1.372     1.686     1.894     2.367     3.086     5.394
1185.001     28004         0     28004           0.471     0.983     1.325     1.628     1.826     2.269     2.804     4.506
1186.001     27997         0     27998           0.480     1.019     1.365     1.673     1.880     2.318     2.834     4.465
1187.001     27992         0     27991           0.495     1.009     1.360     1.665     1.865     2.302     2.789     4.817
1188.001     28005         0     28005           0.468     1.008     1.346     1.632     1.815     2.226     2.693     3.570
1189.001     27992         0     27989           0.506     1.014     1.362     1.650     1.839     2.222     2.724     3.611
1190.001     28009         0     28011           0.467     0.999     1.346     1.625     1.804     2.212     2.710     4.207
1191.001     27996         0     27996           0.483     1.013     1.366     1.662     1.849     2.275     2.793     4.086
1192.001     28007         0     28006           0.492     1.005     1.359     1.651     1.829     2.249     2.685     3.723
1193.001     27999         0     28001           0.501     1.007     1.359     1.642     1.825     2.224     2.675     3.852
1194.001     28003         0     28002           0.477     0.987     1.327     1.615     1.807     2.247     2.769     3.754
1195.001     27996         0     27996           0.467     1.032     1.394     1.696     1.909     2.370     2.941     4.082
1196.001     28000         0     28000           0.479     1.001     1.348     1.634     1.815     2.218     2.806     3.572
1197.001     27993         0     27993           0.492     0.997     1.346     1.616     1.783     2.210     2.687     3.357
1198.001     28006         0     28007           0.461     0.998     1.340     1.632     1.808     2.220     2.628     3.478
1199.001     27992         0     27992           0.488     1.012     1.362     1.646     1.826     2.281     2.814     3.811
1200.001     28001         0     28000           0.481     0.998     1.348     1.634     1.820     2.241     2.791     4.063
1201.001     28007         0     28007           0.485     1.019     1.364     1.658     1.860     2.292     2.785     3.416
1202.001     27994         0     27995           0.484     1.030     1.374     1.672     1.863     2.324     2.832     3.557
1203.001     28003         0     28003           0.497     0.994     1.332     1.630     1.823     2.249     2.712     3.736
1204.001     27997         0     27996           0.466     1.021     1.366     1.659     1.849     2.259     2.857     4.248
1205.001     28008         0     28007           0.486     0.990     1.330     1.627     1.828     2.267     2.693     3.478
1206.001     27998         0     27999           0.482     1.025     1.363     1.648     1.835     2.265     2.802     3.660
1207.001     27998         0     27999           0.457     0.996     1.335     1.624     1.803     2.214     2.722     3.666
1208.001     28000         0     27996           0.440     1.008     1.360     1.670     1.878     2.349     2.929     4.223
1209.001     28005         0     28003           0.484     1.015     1.363     1.659     1.850     2.288     2.779     4.612
1210.001     27998         0     28002           0.485     1.049     1.406     1.726     1.958     2.425     3.308     5.358
1211.001     27999         0     28000           0.493     1.046     1.397     1.694     1.900     2.320     2.820     3.445
1212.001     28005         0     28003           0.480     1.002     1.348     1.633     1.819     2.267     2.695     3.537
1213.001     28000         0     28001           0.481     1.060     1.412     1.709     1.923     2.396     3.074     4.350
1214.001     27998         0     27999           0.460     0.984     1.311     1.610     1.789     2.218     2.722     3.635
1215.001     27995         0     27995           0.479     1.006     1.365     1.653     1.837     2.251     2.822     4.379
1216.001     28011         0     28012           0.478     0.988     1.339     1.651     1.838     2.277     2.757     3.762
1217.001     27991         0     27991           0.489     1.010     1.370     1.670     1.886     2.312     2.789     3.779
1218.001     28001         0     28001           0.484     1.003     1.359     1.657     1.838     2.263     2.847     4.231
1219.001     28002         0     28002           0.490     1.033     1.384     1.678     1.885     2.331     2.886     3.758
1220.001     28002         0     28002           0.496     0.988     1.340     1.647     1.839     2.296     2.957     4.776
1221.001     27995         0     27994           0.500     1.022     1.378     1.668     1.853     2.275     2.832     5.206
1222.001     27995         0     27996           0.490     1.012     1.361     1.662     1.854     2.271     2.787     4.395
1223.001     28002         0     28002           0.464     1.030     1.397     1.696     1.895     2.349     2.951     4.166
1224.001     28002         0     28002           0.462     0.991     1.337     1.635     1.819     2.241     2.691     3.723
1225.001     28004         0     28004           0.500     1.017     1.375     1.667     1.865     2.281     2.798     3.490
1226.001     27999         0     27998           0.504     1.000     1.350     1.649     1.852     2.314     2.796     3.267
1227.001     27993         0     27993           0.468     1.009     1.368     1.670     1.869     2.335     2.896     3.985
1228.001     28002         0     28002           0.484     1.022     1.378     1.674     1.878     2.304     2.798     3.645
1229.001     27996         0     27996           0.464     0.998     1.342     1.656     1.872     2.378     3.033     3.912
1230.001     28005         0     28005           0.515     1.047     1.403     1.721     1.947     2.404     2.972     4.776
1231.001     28000         0     28000           0.500     1.027     1.383     1.694     1.898     2.351     3.006     4.219
1232.001     28004         0     28004           0.482     1.014     1.384     1.710     1.970     2.570     3.449     5.362
1233.001     28000         0     28000           0.451     1.008     1.364     1.664     1.881     2.318     2.865     4.194
1234.001     28000         0     27999           0.487     0.998     1.339     1.629     1.832     2.275     2.800     3.717
1235.001     27994         0     27996           0.472     1.016     1.366     1.666     1.866     2.320     3.006     4.809
1236.001     28007         0     28006           0.478     1.010     1.363     1.635     1.815     2.216     2.750     4.502
1237.001     28000         0     28000           0.492     1.009     1.375     1.681     1.906     2.406     3.066     5.288
1238.001     28000         0     28000           0.486     1.005     1.348     1.627     1.791     2.185     2.662     3.561
1239.001     27996         0     27996           0.493     1.020     1.369     1.651     1.821     2.220     2.716     4.133
1240.001     27997         0     27998           0.475     1.025     1.365     1.648     1.824     2.241     2.730     3.959
1241.001     28003         0     28001           0.483     1.079     1.435     1.737     1.947     2.390     2.966     4.063
1242.001     27996         0     27997           0.520     1.018     1.362     1.641     1.821     2.222     2.884     4.293
1243.001     28005         0     28005           0.497     1.035     1.391     1.711     1.936     2.370     2.988     4.411
1244.001     27996         0     27996           0.482     0.995     1.334     1.623     1.799     2.230     2.630     3.582
1245.001     27997         0     27996           0.493     1.014     1.370     1.656     1.849     2.277     2.824     3.926
1246.001     28009         0     28010           0.488     1.029     1.381     1.682     1.885     2.341     2.816     3.598
1247.001     27997         0     27997           0.481     0.985     1.325     1.626     1.829     2.294     2.793     4.061
1248.001     27998         0     27998           0.450     1.032     1.385     1.684     1.902     2.343     2.849     3.535
1249.001     27998         0     27998           0.495     1.007     1.345     1.630     1.814     2.238     2.714     3.486
1250.001     28002         0     28003           0.489     1.031     1.397     1.711     1.949     2.402     2.988     4.055
1251.001     28005         0     28003           0.468     0.983     1.309     1.602     1.778     2.187     2.644     3.938
1252.001     28003         0     28004           0.471     1.030     1.376     1.680     1.888     2.337     2.910     3.916
1253.001     27992         0     27991           0.502     0.996     1.336     1.616     1.797     2.210     2.738     3.523
1254.001     28004         0     28005           0.474     0.990     1.343     1.634     1.830     2.265     2.818     3.922
1255.001     27998         0     27998           0.473     1.014     1.379     1.688     1.896     2.333     2.855     3.713
1256.001     28001         0     28001           0.466     0.996     1.346     1.652     1.846     2.292     2.834     3.471
1257.001     28007         0     28006           0.493     1.000     1.343     1.629     1.806     2.230     2.740     3.707
1258.001     27992         0     27991           0.495     1.032     1.391     1.695     1.911     2.355     2.920     3.533
1259.001     27995         0     27997           0.481     0.997     1.338     1.642     1.842     2.292     2.814     3.752
1260.001     28010         0     28009           0.503     0.999     1.340     1.638     1.840     2.306     2.773     3.774
1261.001     27998         0     27999           0.470     1.018     1.379     1.688     1.905     2.355     2.949     3.842
1262.001     27996         0     27995           0.494     1.006     1.355     1.641     1.819     2.249     2.707     3.473
1263.001     28002         0     28002           0.482     0.992     1.333     1.632     1.831     2.279     2.779     3.807
1264.001     28002         0     28001           0.497     1.023     1.373     1.674     1.860     2.300     2.746     3.858
1265.001     27996         0     27997           0.461     0.995     1.350     1.655     1.850     2.290     2.769     4.014
1266.001     27999         0     27999           0.489     0.967     1.304     1.580     1.755     2.177     2.705     3.299
1267.001     28005         0     28004           0.471     1.032     1.393     1.712     1.958     2.390     2.886     3.607
1268.001     27990         0     27990           0.488     0.993     1.337     1.631     1.825     2.267     2.728     3.391
1269.001     28006         0     28006           0.481     0.996     1.352     1.655     1.858     2.294     2.753     3.865
1270.001     28001         0     28001           0.483     1.025     1.388     1.678     1.890     2.312     2.845     4.231
1271.001     28001         0     28001           0.499     1.074     1.413     1.702     1.896     2.312     2.998     3.830
1272.001     27998         0     27999           0.505     1.004     1.350     1.631     1.815     2.238     2.755     3.666
1273.001     28000         0     27997           0.499     1.077     1.424     1.704     1.893     2.310     2.853     3.727
1274.001     28005         0     28008           0.489     1.015     1.373     1.677     1.888     2.322     2.863     4.012
1275.001     27997         0     27997           0.478     1.008     1.346     1.638     1.833     2.259     2.726     3.987
1276.001     28000         0     27999           0.472     1.013     1.388     1.714     1.972     2.554     3.420     6.517
1277.001     28003         0     28004           0.503     1.010     1.357     1.636     1.812     2.220     2.796     5.915
1278.001     28000         0     28000           0.471     1.007     1.354     1.639     1.811     2.218     2.744     4.239
1279.001     27988         0     27989           0.483     1.011     1.362     1.675     1.878     2.329     2.982     4.448
1280.001     28012         0     28012           0.485     1.008     1.353     1.640     1.822     2.241     2.701     3.666
1281.001     27995         0     27995           0.468     1.006     1.350     1.647     1.845     2.277     2.820     4.108
1282.001     28011         0     28012           0.502     1.025     1.375     1.661     1.845     2.269     2.748     3.443
1283.001     27990         0     27989           0.459     1.001     1.351     1.645     1.839     2.255     2.697     3.176
1284.001     27999         0     27999           0.476     1.024     1.382     1.689     1.885     2.316     2.912     3.797
1285.001     28002         0     28002           0.465     1.008     1.366     1.664     1.858     2.279     2.916     3.805
1286.001     28003         0     28003           0.499     1.013     1.368     1.659     1.866     2.292     2.859     3.817
1287.001     27996         0     27996           0.484     1.020     1.371     1.661     1.857     2.322     2.832     4.276
1288.001     27999         0     27998           0.485     0.992     1.333     1.638     1.826     2.286     2.798     3.940
1289.001     28002         0     28003           0.478     1.009     1.367     1.676     1.883     2.333     2.847     3.848
1290.001     28005         0     28004           0.481     1.007     1.362     1.657     1.846     2.267     2.796     3.705
1291.001     27991         0     27991           0.473     1.025     1.384     1.658     1.844     2.294     2.822     4.264
1292.001     27998         0     27997           0.485     1.002     1.332     1.637     1.835     2.288     2.832     5.374
1293.001     28007         0     28007           0.496     1.019     1.386     1.670     1.862     2.288     2.816     3.863
1294.001     27996         0     27995           0.495     0.997     1.342     1.641     1.833     2.255     2.726     3.607
1295.001     28003         0     28006           0.501     1.002     1.355     1.623     1.787     2.161     2.662     3.602
1296.001     27998         0     27998           0.494     0.992     1.338     1.631     1.827     2.269     2.787     3.330
1297.001     28006         0     28006           0.503     1.047     1.394     1.689     1.901     2.308     2.826     3.750
1298.001     27995         0     27995           0.481     1.021     1.373     1.673     1.877     2.343     2.908     4.571
1299.001     28003         0     28003           0.472     1.027     1.372     1.664     1.860     2.253     2.712     3.590
1300.001     28002         0     28002           0.449     1.011     1.351     1.635     1.823     2.243     2.730     3.930
1301.001     27982         0     27980           0.495     1.081     1.439     1.745     1.973     2.392     2.982     4.567
1302.001     28018         0     28020           0.491     1.021     1.370     1.675     1.876     2.329     2.828     4.633
1303.001     27998         0     27998           0.492     1.051     1.409     1.709     1.916     2.333     2.916     3.906
1304.001     28001         0     28001           0.489     1.004     1.337     1.612     1.772     2.146     2.671     3.650
1305.001     27994         0     27994           0.508     1.016     1.367     1.646     1.825     2.251     2.726     3.658
1306.001     28001         0     28001           0.471     1.004     1.343     1.630     1.807     2.236     2.707     5.734
1307.001     28000         0     28001           0.488     1.000     1.340     1.634     1.834     2.271     2.707     3.641
1308.001     28004         0     28004           0.457     0.994     1.337     1.628     1.824     2.230     2.660     3.334
1309.001     28003         0     28003           0.494     0.988     1.334     1.610     1.777     2.163     2.740     5.071
1310.001     27996         0     27996           0.482     0.986     1.330     1.615     1.799     2.198     2.746     3.305
1311.001     27998         0     27998           0.464     1.001     1.346     1.645     1.839     2.298     2.845     3.602
1312.001     28001         0     28001           0.490     1.028     1.390     1.710     1.930     2.382     2.896     4.018
1313.001     28001         0     28002           0.493     0.985     1.335     1.621     1.807     2.238     2.728     3.439
1314.001     28003         0     28001           0.474     0.995     1.339     1.625     1.807     2.228     2.681     3.400
1315.001     27996         0     27997           0.484     0.999     1.345     1.619     1.789     2.206     2.730     3.609
1316.001     28006         0     28006           0.494     1.027     1.383     1.679     1.881     2.294     2.736     3.564
1317.001     27985         0     27985           0.474     1.011     1.361     1.648     1.842     2.277     2.726     3.508
1318.001     28010         0     28007           0.496     1.001     1.348     1.648     1.831     2.271     2.798     4.006
1319.001     27992         0     27994           0.451     1.007     1.358     1.674     1.889     2.327     2.763     3.295
1320.001     28005         0     28006           0.474     0.988     1.338     1.617     1.796     2.212     2.638     3.344
1321.001     28009         0     28010           0.473     0.992     1.339     1.650     1.874     2.320     2.744     3.310
1322.001     27992         0     27991           0.476     0.993     1.339     1.621     1.796     2.214     2.703     3.600
1323.001     28004         0     28003           0.469     1.010     1.362     1.672     1.900     2.300     2.802     3.531
1324.001     27997         0     27997           0.484     0.987     1.330     1.624     1.814     2.257     2.726     3.744
1325.001     27998         0     27999           0.485     1.026     1.382     1.687     1.903     2.312     2.828     3.750
1326.001     28004         0     28003           0.495     1.007     1.345     1.642     1.834     2.255     2.707     3.527
1327.001     28004         0     28003           0.461     1.041     1.388     1.682     1.890     2.310     2.767     3.441
1328.001     27998         0     28000           0.477     1.008     1.364     1.654     1.841     2.284     2.855     3.707
1329.001     27999         0     27999           0.504     1.038     1.371     1.658     1.841     2.253     2.748     4.272
1330.001     27999         0     27999           0.488     1.031     1.388     1.690     1.893     2.304     2.804     3.559
1331.001     27992         0     27992           0.479     1.013     1.353     1.644     1.839     2.232     2.793     4.866
1332.001     28007         0     28007           0.490     1.048     1.396     1.683     1.867     2.269     2.800     4.116
1333.001     28002         0     28001           0.505     1.026     1.380     1.679     1.889     2.312     2.791     3.801
1334.001     28001         0     28000           0.495     1.053     1.392     1.674     1.864     2.292     2.896     4.159
1335.001     27998         0     27999           0.485     1.014     1.359     1.642     1.830     2.251     2.757     3.533
1336.001     28006         0     28006           0.493     1.016     1.355     1.652     1.840     2.249     2.773     3.703
1337.001     28002         0     28002           0.504     1.004     1.347     1.645     1.842     2.294     2.793     3.283
1338.001     27986         0     27987           0.495     1.022     1.380     1.675     1.882     2.286     2.834     3.748
1339.001     28007         0     28006           0.455     1.003     1.352     1.658     1.873     2.310     2.851     4.276
1340.001     28001         0     28003           0.488     1.012     1.359     1.657     1.851     2.290     2.793     3.656
1341.001     28000         0     27999           0.486     1.020     1.376     1.656     1.835     2.224     2.697     3.621
1342.001     28002         0     28001           0.489     1.040     1.392     1.669     1.847     2.273     2.742     3.625
1343.001     27993         0     27995           0.489     1.008     1.348     1.641     1.833     2.255     2.765     3.783
1344.001     28007         0     28007           0.487     1.029     1.378     1.670     1.861     2.300     2.738     3.723
1345.001     27997         0     27996           0.459     1.016     1.354     1.644     1.836     2.269     2.783     3.949
1346.001     28001         0     28000           0.460     1.040     1.388     1.678     1.872     2.312     2.871     3.996
1347.001     27996         0     27997           0.473     1.020     1.362     1.662     1.864     2.290     2.871     4.088
1348.001     28003         0     28004           0.432     1.037     1.393     1.683     1.874     2.306     2.734     3.295
1349.001     27995         0     27995           0.456     1.011     1.367     1.658     1.850     2.294     2.918     4.123
1350.001     28002         0     28001           0.475     1.013     1.362     1.655     1.851     2.288     2.820     3.611
1351.001     28000         0     27996           0.493     1.001     1.352     1.636     1.836     2.275     2.828     3.729
1352.001     28006         0     28010           0.503     1.020     1.378     1.681     1.888     2.312     2.847     4.661
1353.001     27999         0     27998           0.456     1.026     1.364     1.635     1.819     2.224     2.783     3.342
1354.001     27992         0     27993           0.481     0.996     1.340     1.625     1.805     2.224     2.714     3.598
1355.001     27997         0     27995           0.479     1.016     1.355     1.645     1.822     2.220     2.750     3.766
1356.001     28007         0     28009           0.494     1.012     1.364     1.659     1.866     2.300     2.791     3.750
1357.001     28002         0     28002           0.511     1.026     1.368     1.667     1.864     2.298     2.814     3.574
1358.001     28004         0     28004           0.478     1.050     1.397     1.677     1.864     2.296     2.836     4.030
1359.001     27995         0     27995           0.478     1.027     1.371     1.660     1.841     2.230     2.710     3.600
1360.001     27998         0     28000           0.443     1.009     1.357     1.654     1.844     2.286     2.972     4.502
1361.001     27992         0     27991           0.502     1.057     1.398     1.723     1.958     2.406     2.925     3.770
1362.001     28019         0     28013           0.485     1.037     1.392     1.708     1.922     2.341     3.004     4.690
1363.001     27989         0     27993           0.473     1.000     1.349     1.629     1.803     2.189     2.716     4.061
1364.001     28003         0     28005           0.492     1.056     1.408     1.700     1.898     2.341     2.947     3.873
1365.001     28002         0     28000           0.458     1.011     1.360     1.641     1.825     2.249     2.843     4.284
1366.001     28002         0     28005           0.490     1.013     1.358     1.636     1.828     2.220     2.697     3.860
1367.001     27997         0     27997           0.492     1.011     1.359     1.654     1.843     2.296     2.822     3.512
1368.001     28000         0     27999           0.486     1.040     1.390     1.683     1.878     2.304     2.935     6.869
1369.001     27996         0     27997           0.497     1.023     1.373     1.659     1.843     2.253     2.757     3.496
1370.001     28004         0     28004           0.489     1.016     1.359     1.645     1.829     2.253     2.740     4.088
1371.001     28000         0     27999           0.486     1.041     1.400     1.681     1.886     2.361     2.998     5.374
1372.001     27996         0     27996           0.487     1.035     1.381     1.661     1.847     2.271     2.746     4.153
1373.001     28006         0     28007           0.491     0.995     1.347     1.648     1.843     2.286     2.810     4.186
1374.001     27999         0     27998           0.494     1.009     1.365     1.675     1.889     2.331     2.775     4.096
1375.001     27998         0     27999           0.495     1.027     1.378     1.663     1.859     2.257     2.755     3.340
1376.001     28002         0     28001           0.455     1.016     1.367     1.654     1.844     2.269     2.746     3.396
1377.001     28001         0     28001           0.483     1.009     1.363     1.648     1.830     2.220     2.775     4.399
1378.001     27996         0     27996           0.490     1.013     1.363     1.649     1.833     2.247     2.851     3.731
1379.001     28001         0     28001           0.469     1.005     1.347     1.630     1.818     2.222     2.685     3.381
1380.001     27995         0     27995           0.473     1.025     1.374     1.657     1.840     2.277     2.736     3.586
1381.001     28004         0     28004           0.497     1.011     1.360     1.650     1.851     2.302     2.800     3.494
1382.001     28005         0     28005           0.498     1.023     1.380     1.672     1.860     2.265     2.781     3.559
1383.001     27996         0     27996           0.506     1.026     1.379     1.683     1.877     2.288     2.820     3.848
1384.001     28005         0     28004           0.487     1.008     1.356     1.657     1.864     2.308     2.828     3.744
1385.001     28000         0     28000           0.488     0.998     1.342     1.621     1.792     2.195     2.691     3.549
1386.001     27994         0     27994           0.493     1.014     1.369     1.654     1.842     2.257     2.951     4.538
1387.001     28003         0     28003           0.485     1.000     1.350     1.631     1.800     2.171     2.740     4.362
1388.001     28005         0     28006           0.493     1.034     1.383     1.694     1.902     2.341     2.968     5.014
1389.001     27998         0     27998           0.458     1.030     1.384     1.680     1.886     2.304     2.710     4.198
1390.001     27999         0     28000           0.485     1.011     1.357     1.657     1.841     2.261     2.806     4.981
1391.001     27994         0     27993           0.493     1.034     1.375     1.661     1.847     2.251     2.920     4.268
1392.001     28000         0     27999           0.495     1.062     1.408     1.694     1.900     2.351     2.963     4.809
1393.001     28002         0     28003           0.494     1.012     1.374     1.666     1.867     2.288     2.740     3.697
1394.001     27991         0     27991           0.500     1.019     1.356     1.637     1.826     2.226     2.699     3.428
1395.001     28011         0     28010           0.489     1.052     1.409     1.693     1.891     2.324     2.750     5.415
1396.001     27992         0     27992           0.478     0.997     1.335     1.614     1.791     2.181     2.648     4.448
1397.001     28002         0     28003           0.482     1.014     1.368     1.645     1.818     2.230     2.664     3.158
1398.001     28007         0     28004           0.493     1.030     1.376     1.656     1.837     2.253     2.695     3.955
1399.001     27993         0     27996           0.471     1.006     1.348     1.624     1.802     2.226     2.650     3.740
1400.001     28005         0     28003           0.467     1.029     1.365     1.653     1.842     2.257     2.765     3.832
1401.001     27994         0     27994           0.486     1.009     1.346     1.629     1.803     2.222     2.759     3.330
1402.001     28002         0     28004           0.493     1.049     1.403     1.702     1.919     2.367     2.933     4.202
1403.001     28006         0     28006           0.492     1.026     1.379     1.666     1.854     2.296     2.843     4.028
1404.001     27991         0     27991           0.501     1.006     1.355     1.650     1.850     2.298     2.777     3.631
1405.001     28006         0     28006           0.445     1.032     1.375     1.661     1.850     2.243     2.675     3.690
1406.001     27996         0     27994           0.476     1.013     1.365     1.670     1.885     2.324     2.857     3.410
1407.001     28007         0     28008           0.493     1.015     1.365     1.651     1.836     2.267     2.845     3.754
1408.001     28002         0     28001           0.492     1.030     1.379     1.681     1.876     2.275     2.861     4.588
1409.001     27999         0     27999           0.439     1.006     1.352     1.641     1.834     2.267     2.683     3.498
1410.001     28001         0     28000           0.452     1.037     1.392     1.704     1.925     2.378     2.900     3.717
1411.001     27990         0     27992           0.480     1.019     1.361     1.634     1.817     2.249     2.759     4.020
1412.001     28006         0     28006           0.464     1.000     1.356     1.655     1.868     2.292     2.783     3.824
1413.001     28000         0     28000           0.496     1.005     1.351     1.653     1.859     2.288     2.787     4.073
1414.001     27991         0     27991           0.470     1.002     1.370     1.701     1.961     2.462     3.131     4.379
1415.001     28014         0     28013           0.460     1.003     1.358     1.648     1.863     2.316     2.798     3.457
1416.001     27990         0     27990           0.479     1.012     1.356     1.660     1.878     2.337     2.910     4.448
1417.001     28004         0     28004           0.491     1.029     1.392     1.700     1.929     2.355     2.871     4.624
1418.001     28007         0     28006           0.473     1.005     1.343     1.624     1.799     2.241     2.732     3.637
1419.001     27999         0     27999           0.496     1.043     1.398     1.698     1.903     2.333     3.000     4.567
1420.001     27990         0     27990           0.503     1.011     1.342     1.633     1.812     2.222     2.836     4.411
1421.001     28012         0     28013           0.486     1.025     1.376     1.678     1.884     2.290     2.830     3.779
1422.001     27993         0     27994           0.471     1.093     1.441     1.753     1.979     2.425     2.990     4.547
1423.001     27994         0     27990           0.448     1.005     1.346     1.645     1.841     2.263     2.750     4.106
1424.001     28005         0     28008           0.493     1.054     1.405     1.703     1.914     2.349     2.904     3.772
1425.001     27999         0     27999           0.456     1.022     1.375     1.676     1.876     2.312     2.804     5.202
1426.001     27996         0     27995           0.473     1.030     1.386     1.687     1.900     2.359     2.955     4.874
1427.001     28005         0     28006           0.482     1.003     1.345     1.621     1.795     2.212     2.654     3.181
1428.001     27997         0     27996           0.494     1.016     1.364     1.669     1.886     2.312     2.759     3.834
1429.001     28007         0     28007           0.483     1.015     1.360     1.671     1.876     2.296     2.728     3.432
1430.001     27991         0     27991           0.461     1.027     1.378     1.679     1.904     2.355     2.898     4.102
1431.001     28005         0     28005           0.436     1.004     1.352     1.652     1.857     2.296     2.740     3.805
1432.001     28000         0     28001           0.504     1.019     1.354     1.658     1.873     2.312     2.748     3.318
1433.001     28001         0     28001           0.503     1.022     1.374     1.671     1.878     2.296     2.701     3.119
1434.001     27999         0     27998           0.487     0.989     1.333     1.624     1.819     2.249     2.701     3.394
1435.001     28003         0     28004           0.443     1.033     1.389     1.672     1.885     2.304     2.808     4.366
1436.001     27995         0     27995           0.462     1.009     1.355     1.658     1.870     2.300     2.728     3.617
1437.001     28001         0     28001           0.482     1.025     1.374     1.655     1.831     2.243     2.767     3.772
1438.001     28005         0     28005           0.487     1.019     1.371     1.667     1.863     2.284     2.791     3.430
1439.001     27994         0     27995           0.477     1.032     1.378     1.671     1.865     2.302     2.763     4.559
1440.001     28004         0     28004           0.474     1.009     1.360     1.654     1.863     2.316     2.789     3.418
1441.001     27999         0     27999           0.492     1.020     1.372     1.678     1.889     2.304     2.796     3.699
1442.001     28003         0     28002           0.470     1.008     1.343     1.649     1.857     2.322     2.894     4.661
1443.001     27997         0     27997           0.470     1.011     1.358     1.652     1.862     2.312     2.826     4.202
1444.001     27999         0     27999           0.467     0.994     1.335     1.644     1.866     2.296     2.793     3.969
1445.001     27999         0     27999           0.474     1.005     1.355     1.651     1.844     2.247     2.748     5.501
1446.001     28004         0     28004           0.484     1.008     1.352     1.625     1.811     2.238     2.707     3.699
1447.001     27997         0     27998           0.469     1.028     1.371     1.659     1.839     2.251     2.804     3.944
1448.001     28003         0     28002           0.495     1.037     1.388     1.688     1.897     2.320     2.812     3.633
1449.001     27999         0     27999           0.482     1.023     1.362     1.640     1.830     2.261     2.757     4.293
1450.001     27997         0     27997           0.499     1.017     1.369     1.666     1.877     2.333     2.765     3.490
1451.001     28006         0     28007           0.497     1.018     1.372     1.668     1.887     2.343     2.775     3.463
1452.001     28001         0     28001           0.468     1.054     1.394     1.687     1.898     2.335     2.953     4.493
1453.001     27997         0     27995           0.474     1.044     1.390     1.676     1.877     2.316     2.824     3.797
1454.001     27996         0     27997           0.478     1.017     1.358     1.663     1.876     2.339     2.929     4.026
1455.001     28006         0     28006           0.478     1.032     1.377     1.660     1.844     2.236     2.726     3.355
1456.001     27999         0     28000           0.467     1.000     1.338     1.622     1.802     2.245     2.658     3.396
1457.001     27999         0     27998           0.478     1.025     1.372     1.658     1.846     2.298     2.857     4.153
1458.001     27998         0     27999           0.481     1.007     1.355     1.639     1.825     2.261     2.777     4.882
1459.001     28002         0     28001           0.462     1.030     1.381     1.668     1.873     2.288     2.816     4.002
1460.001     27993         0     27994           0.457     0.985     1.323     1.596     1.775     2.167     2.697     3.422
1461.001     28010         0     28009           0.484     1.016     1.370     1.680     1.895     2.367     2.939     3.893
1462.001     27996         0     27996           0.496     1.031     1.379     1.661     1.858     2.275     2.720     3.858
1463.001     28000         0     28000           0.472     1.013     1.367     1.639     1.814     2.230     2.759     3.340
1464.001     28001         0     28001           0.485     1.016     1.373     1.670     1.876     2.347     3.232     4.706
1465.001     28000         0     28000           0.475     0.999     1.341     1.624     1.798     2.198     2.671     3.486
1466.001     28003         0     28002           0.476     1.009     1.357     1.666     1.883     2.322     2.800     3.822
1467.001     27987         0     27988           0.497     1.018     1.367     1.652     1.852     2.263     2.683     3.518
1468.001     28007         0     28007           0.481     0.996     1.342     1.628     1.806     2.236     2.664     3.795
1469.001     28000         0     27999           0.503     1.033     1.383     1.658     1.836     2.247     2.787     3.797
1470.001     28005         0     28007           0.474     0.999     1.351     1.637     1.823     2.263     2.736     4.102
1471.001     27999         0     27998           0.475     1.027     1.382     1.673     1.874     2.281     2.757     3.611
1472.001     28003         0     28003           0.487     1.005     1.361     1.645     1.835     2.269     2.796     5.349
1473.001     27991         0     27992           0.457     1.026     1.368     1.645     1.827     2.222     2.656     3.222
1474.001     28000         0     28001           0.461     1.043     1.395     1.682     1.874     2.310     2.900     4.014
1475.001     28005         0     28004           0.464     1.005     1.361     1.655     1.852     2.281     2.787     4.231
1476.001     27999         0     27999           0.495     1.017     1.358     1.632     1.801     2.173     2.748     3.504
1477.001     27998         0     27998           0.513     1.034     1.381     1.667     1.853     2.259     2.796     4.665
1478.001     28001         0     28001           0.496     1.003     1.349     1.625     1.802     2.198     2.642     4.706
1479.001     28003         0     28004           0.483     1.026     1.377     1.668     1.851     2.281     2.806     3.510
1480.001     27998         0     27991           0.484     1.016     1.370     1.657     1.852     2.290     2.841     3.310
1481.001     28006         0     28010           0.488     1.027     1.375     1.666     1.858     2.261     2.753     4.461
1482.001     27992         0     27995           0.482     1.060     1.402     1.692     1.894     2.359     3.035     4.024
1483.001     27998         0     27997           0.447     1.031     1.368     1.647     1.823     2.269     2.744     3.977
1484.001     28002         0     28002           0.478     0.999     1.342     1.635     1.831     2.263     2.814     3.564
1485.001     28004         0     28000           0.485     1.062     1.412     1.700     1.907     2.337     2.857     3.828
1486.001     28003         0     28007           0.483     1.015     1.370     1.660     1.848     2.269     2.738     3.660
1487.001     28001         0     28000           0.498     1.002     1.356     1.644     1.825     2.230     2.748     4.415
1488.001     27999         0     27997           0.491     1.022     1.375     1.666     1.865     2.327     2.746     3.979
1489.001     28000         0     28001           0.491     0.992     1.337     1.630     1.815     2.267     2.826     3.774
1490.001     28000         0     27997           0.497     1.032     1.381     1.672     1.874     2.294     2.822     3.914
1491.001     27992         0     27996           0.496     1.005     1.360     1.663     1.869     2.314     2.806     3.566
1492.001     28009         0     28007           0.486     1.027     1.378     1.674     1.877     2.302     2.761     4.272
1493.001     27998         0     28000           0.466     0.997     1.338     1.620     1.803     2.232     2.683     3.889
1494.001     28001         0     28001           0.473     1.031     1.381     1.656     1.836     2.253     2.828     4.846
1495.001     27995         0     27995           0.488     1.009     1.355     1.641     1.830     2.277     2.834     3.758
1496.001     28003         0     28003           0.513     1.037     1.393     1.693     1.908     2.351     3.119     5.108
1497.001     27993         0     27994           0.498     1.000     1.345     1.626     1.797     2.214     2.777     3.854
1498.001     28002         0     28001           0.504     1.041     1.390     1.666     1.842     2.273     2.701     3.594
1499.001     28007         0     28002           0.485     1.029     1.379     1.678     1.876     2.312     2.787     3.844
1500.001     28002         0     28008           0.478     1.036     1.389     1.667     1.851     2.279     2.830     4.028
1501.001     27996         0     27996           0.491     0.992     1.343     1.640     1.834     2.263     2.779     3.490
1502.001     27999         0     28000           0.494     1.011     1.365     1.653     1.840     2.265     2.933     3.758
1503.001     28000         0     27999           0.486     1.018     1.375     1.672     1.869     2.304     2.867     3.869
1504.001     27998         0     27998           0.452     1.039     1.395     1.697     1.900     2.327     2.847     3.559
1505.001     28004         0     28004           0.487     1.004     1.341     1.621     1.800     2.206     2.681     3.555
1506.001     27994         0     27994           0.483     1.039     1.397     1.709     1.933     2.378     2.896     3.955
1507.001     28008         0     28005           0.458     0.994     1.327     1.599     1.768     2.148     2.621     3.537
1508.001     28001         0     28004           0.495     1.027     1.386     1.693     1.914     2.363     2.902     5.444
1509.001     27998         0     27998           0.494     0.984     1.324     1.596     1.767     2.159     2.648     3.385
1510.001     27998         0     27997           0.474     1.039     1.398     1.698     1.914     2.376     2.972     3.863
1511.001     27994         0     27995           0.501     1.056     1.409     1.693     1.875     2.302     2.867     3.500
1512.001     28004         0     28003           0.475     1.044     1.381     1.681     1.881     2.318     3.121     4.301
1513.001     28002         0     28002           0.450     1.046     1.393     1.690     1.891     2.337     2.824     4.186
1514.001     27997         0     27997           0.486     1.035     1.394     1.686     1.894     2.357     2.980     3.969
1515.001     27995         0     27995           0.484     1.030     1.388     1.705     1.939     2.400     3.127     4.559
1516.001     28007         0     28007           0.483     1.010     1.363     1.645     1.827     2.288     2.808     4.264
1517.001     28004         0     28004           0.490     1.015     1.362     1.657     1.855     2.288     2.806     4.403
1518.001     27998         0     27998           0.501     1.026     1.376     1.670     1.870     2.310     3.006     4.289
1519.001     27996         0     27996           0.496     1.035     1.380     1.664     1.848     2.288     2.793     3.697
1520.001     28004         0     28002           0.471     1.024     1.380     1.678     1.876     2.322     2.798     4.188
1521.001     27994         0     27994           0.462     1.021     1.367     1.648     1.826     2.230     2.750     3.584
1522.001     28006         0     28007           0.488     1.019     1.364     1.661     1.855     2.284     2.812     4.108
1523.001     27996         0     27995           0.503     1.010     1.362     1.652     1.840     2.292     2.728     3.576
1524.001     27997         0     27999           0.495     1.004     1.354     1.642     1.840     2.277     2.793     4.375
1525.001     28004         0     28002           0.478     1.025     1.382     1.672     1.853     2.294     2.734     3.607
1526.001     27994         0     27994           0.482     1.019     1.374     1.659     1.858     2.281     2.855     4.387
1527.001     28009         0     28010           0.508     1.035     1.382     1.673     1.881     2.306     2.771     3.658
1528.001     28003         0     28003           0.491     1.006     1.346     1.620     1.793     2.212     2.818     3.670
1529.001     27996         0     27993           0.479     1.010     1.357     1.637     1.812     2.206     2.755     3.805
1530.001     28003         0     28007           0.498     1.025     1.395     1.677     1.880     2.298     2.789     3.881
1531.001     27998         0     27998           0.472     0.993     1.338     1.635     1.836     2.263     2.720     3.461
1532.001     27998         0     27997           0.479     1.020     1.374     1.659     1.853     2.267     2.707     3.523
1533.001     27995         0     27995           0.490     1.032     1.378     1.661     1.855     2.259     2.806     3.971
1534.001     28006         0     28006           0.493     1.023     1.371     1.660     1.854     2.314     2.826     4.465
1535.001     27988         0     27989           0.491     1.036     1.384     1.665     1.855     2.267     2.765     3.693
1536.001     28002         0     28002           0.487     1.033     1.380     1.667     1.863     2.294     2.826     3.475
1537.001     28006         0     28006           0.502     1.032     1.380     1.667     1.867     2.300     2.755     5.517
1538.001     27998         0     27997           0.498     1.006     1.351     1.647     1.853     2.292     2.793     3.805
1539.001     28009         0     28008           0.463     1.037     1.397     1.671     1.853     2.275     2.822     4.497
1540.001     27999         0     28000           0.473     1.036     1.389     1.703     1.950     2.404     2.976     4.686
1541.001     27992         0     27992           0.486     1.055     1.421     1.736     1.996     2.562     3.512     6.705
1542.001     28000         0     28000           0.499     1.031     1.379     1.686     1.894     2.365     2.892     4.780
1543.001     28003         0     28003           0.502     1.092     1.435     1.742     1.958     2.402     3.066     4.139
1544.001     28004         0     28004           0.496     1.020     1.361     1.642     1.820     2.247     2.785     3.510
1545.001     28001         0     28000           0.477     1.089     1.439     1.745     1.961     2.425     2.984     4.551
1546.001     28002         0     28002           0.478     1.025     1.377     1.665     1.852     2.273     2.796     4.997
1547.001     27998         0     27998           0.468     1.019     1.377     1.664     1.854     2.312     2.935     3.979
1548.001     27990         0     27988           0.517     1.034     1.389     1.662     1.849     2.296     2.886     3.903
1549.001     28011         0     28013           0.506     0.989     1.322     1.621     1.829     2.255     2.716     3.314
1550.001     27999         0     27999           0.503     1.030     1.377     1.667     1.864     2.275     2.875     3.987
1551.001     27994         0     27995           0.475     1.021     1.368     1.666     1.855     2.275     2.861     4.198
1552.001     28006         0     28006           0.478     1.005     1.354     1.632     1.814     2.212     2.740     5.833
1553.001     27997         0     27997           0.484     1.027     1.380     1.665     1.850     2.298     2.896     4.477
1554.001     28006         0     28005           0.464     0.992     1.341     1.627     1.815     2.218     2.695     3.471
1555.001     27997         0     27998           0.457     1.037     1.401     1.692     1.901     2.347     3.035     4.411
1556.001     27999         0     27998           0.497     0.996     1.335     1.636     1.843     2.300     2.789     3.897
1557.001     28001         0     28002           0.478     1.015     1.369     1.656     1.854     2.312     2.898     4.106
1558.001     28002         0     28000           0.490     1.027     1.379     1.664     1.859     2.271     2.718     3.924
1559.001     27999         0     27999           0.502     1.021     1.369     1.654     1.830     2.259     2.806     4.010
1560.001     27996         0     27998           0.474     1.026     1.385     1.684     1.885     2.349     2.941     4.637
1561.001     27998         0     27998           0.498     1.049     1.401     1.682     1.870     2.290     2.814     4.510
1562.001     27999         0     27999           0.489     1.018     1.364     1.644     1.821     2.226     2.767     4.649
1563.001     28003         0     28003           0.485     1.021     1.369     1.656     1.836     2.249     2.742     3.789
1564.001     28004         0     28002           0.483     1.028     1.382     1.687     1.885     2.302     2.820     3.981
1565.001     27998         0     27999           0.490     1.032     1.377     1.667     1.852     2.267     2.927     4.198
1566.001     28005         0     28006           0.483     1.042     1.398     1.682     1.872     2.271     2.744     3.447
1567.001     28001         0     28000           0.509     1.033     1.380     1.670     1.873     2.316     3.041     5.497
1568.001     27992         0     27992           0.478     1.034     1.385     1.689     1.900     2.367     3.009     4.973
1569.001     28006         0     28008           0.435     1.007     1.349     1.634     1.835     2.259     2.757     3.549
1570.001     27997         0     27997           0.451     1.026     1.369     1.664     1.854     2.286     2.920     4.698
1571.001     28000         0     27999           0.452     1.020     1.372     1.649     1.840     2.269     2.785     3.803
1572.001     28003         0     28002           0.498     1.021     1.361     1.652     1.845     2.296     2.800     3.494
1573.001     27993         0     27995           0.484     1.097     1.443     1.767     1.996     2.482     3.219     3.930
1574.001     27998         0     27998           0.476     1.046     1.406     1.715     1.950     2.419     3.178     4.854
1575.001     27999         0     28000           0.492     1.072     1.420     1.727     1.934     2.376     2.968     4.325
1576.001     28004         0     28003           0.464     1.006     1.348     1.637     1.826     2.275     2.804     3.680
1577.001     28000         0     28000           0.448     1.037     1.388     1.703     1.925     2.359     2.779     3.949
1578.001     27995         0     27995           0.459     1.007     1.364     1.662     1.864     2.281     2.800     3.674
1579.001     28006         0     28006           0.467     1.008     1.375     1.676     1.905     2.439     3.068     5.263
1580.001     28001         0     28001           0.498     1.023     1.370     1.660     1.855     2.281     2.755     3.852
1581.001     28000         0     28000           0.484     1.010     1.355     1.636     1.819     2.238     2.767     4.219
1582.001     28003         0     28000           0.495     1.023     1.373     1.656     1.850     2.253     2.765     3.502
1583.001     27996         0     27998           0.497     1.039     1.394     1.688     1.891     2.322     2.894     3.762
1584.001     28000         0     28000           0.501     1.018     1.364     1.661     1.862     2.306     2.914     3.946
1585.001     28003         0     28002           0.477     1.051     1.408     1.711     1.932     2.343     2.861     3.817
1586.001     28000         0     27999           0.498     1.029     1.367     1.649     1.824     2.236     2.673     3.385
1587.001     28001         0     28003           0.498     1.034     1.388     1.676     1.866     2.292     2.841     3.817
1588.001     28003         0     28002           0.483     0.998     1.342     1.631     1.818     2.228     2.662     3.488
1589.001     27996         0     27997           0.484     1.018     1.361     1.642     1.824     2.236     2.707     3.074
1590.001     28003         0     28002           0.497     1.009     1.362     1.636     1.809     2.224     2.734     3.848
1591.001     27992         0     27993           0.468     1.011     1.363     1.655     1.846     2.294     2.810     3.781
1592.000     28007         0     28009           0.481     1.023     1.373     1.652     1.833     2.238     2.730     3.791
1593.001     27994         0     27994           0.490     1.014     1.358     1.661     1.860     2.277     2.830     3.996
1594.001     28006         0     28006           0.470     1.026     1.372     1.655     1.850     2.306     2.771     3.592
1595.001     27996         0     27995           0.446     0.999     1.338     1.615     1.794     2.224     2.769     4.162
1596.001     28004         0     28004           0.477     1.029     1.380     1.657     1.850     2.255     2.753     3.586
1597.001     27993         0     27994           0.485     1.019     1.365     1.657     1.854     2.273     2.724     3.279
1598.001     28003         0     28001           0.477     1.024     1.381     1.687     1.892     2.322     2.812     4.137
1599.001     27999         0     28001           0.478     0.999     1.351     1.645     1.839     2.312     2.968     4.059
1600.001     28003         0     27999           0.485     1.023     1.378     1.663     1.848     2.281     2.822     3.758
1601.001     27999         0     28002           0.486     0.995     1.342     1.623     1.796     2.195     2.662     3.865
1602.001     27993         0     27992           0.498     1.041     1.384     1.666     1.842     2.236     2.785     3.721
1603.001     28006         0     28007           0.487     1.017     1.354     1.636     1.806     2.200     2.675     3.457
1604.001     27998         0     27999           0.475     1.050     1.406     1.698     1.906     2.361     2.988     4.000
1605.001     28004         0     28002           0.508     1.062     1.433     1.750     1.958     2.470     3.371     4.817
1606.001     28000         0     28002           0.485     1.029     1.374     1.659     1.847     2.259     2.798     4.133
1607.001     28003         0     28002           0.481     1.036     1.392     1.678     1.875     2.302     2.920     4.098
1608.001     27988         0     27986           0.489     1.025     1.373     1.659     1.836     2.228     2.869     3.719
1609.001     28008         0     28010           0.488     1.012     1.360     1.647     1.835     2.257     2.836     3.799
1610.001     27997         0     27997           0.491     1.006     1.354     1.630     1.815     2.251     2.927     4.375
1611.001     28003         0     28003           0.503     1.026     1.388     1.680     1.872     2.306     2.793     3.869
1612.001     27998         0     27999           0.474     1.013     1.368     1.661     1.870     2.347     2.931     4.202
1613.001     28000         0     28000           0.512     1.012     1.360     1.636     1.821     2.220     2.765     4.444
1614.001     28001         0     27997           0.481     1.005     1.348     1.637     1.824     2.228     2.724     5.198
1615.001     28007         0     28010           0.480     1.041     1.392     1.675     1.875     2.316     2.961     4.993
1616.001     27988         0     27987           0.468     1.016     1.365     1.645     1.825     2.259     2.931     3.934
1617.001     28006         0     28005           0.500     1.060     1.414     1.702     1.907     2.329     2.939     4.194
1618.001     27995         0     27996           0.462     1.029     1.376     1.664     1.845     2.265     2.783     3.467
1619.001     28009         0     28009           0.478     1.057     1.411     1.699     1.892     2.320     2.826     3.326
1620.001     27995         0     27993           0.497     0.992     1.335     1.625     1.803     2.230     2.673     3.465
1621.001     28001         0     28004           0.488     1.042     1.403     1.704     1.934     2.431     3.129     6.377
1622.001     27998         0     27997           0.482     1.001     1.345     1.622     1.788     2.189     2.681     3.693
1623.001     28006         0     28006           0.486     1.039     1.401     1.696     1.901     2.331     2.808     3.813
1624.001     27991         0     27991           0.495     1.008     1.359     1.649     1.841     2.290     2.826     4.055
1625.001     28007         0     28006           0.509     1.034     1.383     1.669     1.853     2.281     2.812     3.969
1626.001     27999         0     27999           0.478     1.006     1.350     1.632     1.834     2.261     2.705     3.512
1627.001     28003         0     28003           0.491     1.009     1.350     1.650     1.851     2.290     2.816     3.690
1628.001     27998         0     27998           0.480     1.052     1.416     1.727     1.967     2.425     3.056     4.321
1629.001     27998         0     27998           0.494     1.009     1.352     1.647     1.841     2.306     2.748     3.654
1630.001     28000         0     28000           0.496     1.031     1.379     1.667     1.844     2.261     2.820     3.844
1631.001     27994         0     27994           0.510     1.044     1.402     1.703     1.914     2.341     2.804     3.336
1632.001     28004         0     28002           0.483     1.006     1.343     1.627     1.809     2.236     2.660     4.223
1633.001     27992         0     27992           0.503     1.051     1.390     1.682     1.882     2.302     2.804     5.698
1634.001     28013         0     28012           0.489     1.069     1.418     1.722     1.945     2.365     2.939     4.067
1635.001     27992         0     27993           0.453     1.022     1.381     1.699     1.921     2.372     2.974     3.666
1636.001     28004         0     28004           0.501     1.104     1.452     1.776     2.004     2.523     3.414     5.231
1637.001     27999         0     27999           0.471     1.014     1.362     1.647     1.825     2.234     2.785     4.264
1638.001     28002         0     27998           0.470     1.052     1.402     1.688     1.868     2.292     2.904     4.243
1639.001     28003         0     28007           0.465     1.022     1.380     1.672     1.864     2.271     2.781     3.994
1640.001     28000         0     27999           0.497     1.053     1.405     1.710     1.931     2.406     3.117     4.518
1641.001     27998         0     28000           0.487     1.052     1.407     1.697     1.897     2.316     2.853     4.149
1642.001     28003         0     28003           0.495     1.034     1.369     1.654     1.833     2.249     2.753     3.555
1643.001     27999         0     27999           0.460     1.041     1.394     1.688     1.892     2.337     2.922     4.227
1644.001     28000         0     27999           0.494     1.025     1.380     1.665     1.844     2.251     2.683     3.324
1645.001     27995         0     27996           0.491     1.031     1.391     1.699     1.924     2.380     3.011     4.645
1646.001     28000         0     28000           0.496     1.025     1.381     1.682     1.887     2.351     2.859     4.760
1647.001     28005         0     28003           0.477     1.013     1.356     1.634     1.817     2.234     2.697     4.309
1648.001     27991         0     27991           0.483     1.041     1.393     1.684     1.896     2.298     2.826     4.518
1649.001     28002         0     28004           0.481     1.009     1.349     1.633     1.818     2.253     2.728     3.498
1650.001     28004         0     28003           0.495     1.058     1.399     1.690     1.885     2.324     2.853     3.654
1651.001     28001         0     28002           0.473     1.035     1.372     1.650     1.820     2.228     2.736     4.444
1652.001     27995         0     27996           0.484     1.031     1.379     1.663     1.842     2.245     2.781     3.670
1653.001     28011         0     28011           0.476     1.025     1.370     1.663     1.850     2.290     2.839     5.296
1654.001     27997         0     27995           0.507     1.033     1.388     1.675     1.863     2.279     2.753     3.760
1655.001     27995         0     27996           0.496     1.036     1.388     1.675     1.872     2.273     2.826     3.602
1656.001     28005         0     28004           0.459     1.026     1.370     1.637     1.817     2.216     2.687     3.213
1657.001     27998         0     28000           0.487     1.032     1.377     1.665     1.861     2.294     2.857     3.660
1658.001     28002         0     28002           0.479     1.015     1.369     1.663     1.846     2.265     2.898     4.301
1659.001     28004         0     28002           0.486     1.007     1.359     1.641     1.832     2.226     2.687     3.613
1660.001     27999         0     28000           0.487     1.030     1.384     1.664     1.854     2.275     2.777     3.734
1661.001     27982         0     27982           0.492     1.058     1.406     1.708     1.914     2.335     2.996     3.992
1662.001     28017         0     28017           0.466     1.003     1.355     1.665     1.875     2.322     2.775     3.504
1663.001     27993         0     27993           0.496     1.077     1.425     1.721     1.942     2.398     2.988     4.456
1664.001     27993         0     27992           0.474     1.058     1.398     1.698     1.895     2.331     2.953     4.137
1665.001     28004         0     28004           0.468     1.027     1.384     1.687     1.898     2.329     2.920     4.084
1666.001     28007         0     28006           0.509     1.103     1.445     1.730     1.924     2.363     3.037     4.194
1667.001     27998         0     27999           0.477     1.017     1.359     1.660     1.865     2.318     2.867     3.697
1668.001     28001         0     28001           0.483     1.017     1.363     1.652     1.841     2.257     2.836     3.592
1669.001     27997         0     27997           0.510     1.030     1.377     1.651     1.832     2.247     2.734     3.676
1670.001     28007         0     28008           0.457     1.034     1.376     1.652     1.831     2.224     2.744     3.998
1671.001     27995         0     27995           0.497     1.046     1.392     1.683     1.880     2.312     2.908     3.377
1672.001     28003         0     28001           0.508     1.027     1.368     1.641     1.812     2.206     2.671     3.889
1673.001     27992         0     27994           0.497     1.059     1.413     1.697     1.881     2.290     2.853     3.699
1674.001     28001         0     28000           0.473     1.033     1.380     1.676     1.875     2.318     2.808     4.022
1675.001     28004         0     28004           0.492     1.051     1.400     1.683     1.864     2.292     2.746     3.695
1676.001     28004         0     28005           0.474     1.021     1.364     1.654     1.835     2.238     2.771     3.400
1677.001     27998         0     27998           0.509     1.033     1.380     1.654     1.817     2.230     2.851     3.424
1678.001     27997         0     27996           0.490     1.031     1.386     1.665     1.844     2.259     2.701     4.215
1679.001     27993         0     27992           0.457     1.041     1.396     1.664     1.839     2.216     2.755     3.426
1680.001     28009         0     28010           0.504     1.035     1.380     1.669     1.861     2.269     2.746     3.527
1681.001     28005         0     28006           0.482     1.028     1.384     1.688     1.877     2.300     2.834     3.768
1682.001     27997         0     27996           0.498     1.052     1.427     1.749     2.021     2.562     3.428     5.059
1683.001     27999         0     28000           0.496     1.015     1.368     1.684     1.906     2.386     3.035     4.506
1684.001     28006         0     28005           0.495     1.032     1.389     1.683     1.875     2.310     2.740     3.854
1685.001     27995         0     27994           0.463     1.030     1.390     1.691     1.891     2.374     3.187     4.784
1686.001     28004         0     28004           0.495     1.039     1.390     1.679     1.880     2.312     2.873     3.854
1687.001     27995         0     27996           0.510     1.041     1.409     1.727     1.957     2.464     3.226     6.263
1688.001     28007         0     28005           0.478     1.012     1.362     1.657     1.843     2.290     2.871     4.915
1689.001     27989         0     27992           0.495     1.043     1.401     1.721     1.953     2.443     3.025     3.987
1690.001     28002         0     28001           0.472     1.019     1.368     1.660     1.854     2.261     2.732     4.440
1691.001     28004         0     28005           0.490     1.041     1.396     1.695     1.894     2.361     2.906     3.883
1692.001     27996         0     27996           0.493     1.023     1.371     1.661     1.855     2.308     2.929     3.604
1693.001     28002         0     28001           0.466     1.048     1.397     1.704     1.920     2.390     3.084     4.899
1694.001     28003         0     28002           0.484     1.123     1.474     1.781     2.001     2.451     3.105     4.354
1695.001     27992         0     27991           0.473     1.036     1.390     1.701     1.904     2.324     2.939     5.661
1696.001     28001         0     28002           0.495     1.116     1.467     1.789     2.005     2.435     3.039     4.407
1697.001     28008         0     28010           0.466     0.999     1.341     1.629     1.822     2.277     2.791     4.264
1698.001     28000         0     27999           0.486     1.021     1.374     1.683     1.909     2.378     2.886     4.555
1699.001     27997         0     27998           0.473     1.048     1.406     1.698     1.906     2.341     2.908     4.465
1700.001     28000         0     27999           0.499     1.032     1.381     1.667     1.857     2.284     2.845     3.455
1701.001     27997         0     27997           0.499     1.036     1.386     1.705     1.919     2.361     2.908     5.992
1702.001     28001         0     28002           0.497     1.019     1.364     1.654     1.860     2.304     2.783     3.570
1703.001     28001         0     27999           0.483     1.069     1.419     1.726     1.935     2.365     2.910     3.893
1704.001     28001         0     28003           0.468     1.024     1.369     1.668     1.867     2.284     2.841     3.963
1705.001     27997         0     27996           0.499     1.044     1.404     1.709     1.912     2.322     2.955     4.366
1706.001     27999         0     28000           0.479     1.038     1.392     1.689     1.889     2.343     3.047     7.062
1707.001     28007         0     28008           0.496     1.020     1.366     1.665     1.873     2.288     2.830     4.940
1708.001     27999         0     27995           0.491     1.021     1.381     1.697     1.938     2.400     2.922     3.795
1709.001     27970         0     27973           0.512     1.032     1.382     1.677     1.873     2.327     2.982     4.133
1710.001     28027         0     28028           0.498     1.066     1.436     1.780     2.031     2.556     3.353     4.850
1711.001     27999         0     27999           0.480     1.019     1.360     1.646     1.835     2.230     2.767     3.801
1712.001     28004         0     28004           0.447     1.034     1.389     1.676     1.875     2.306     2.779     3.301
1713.001     27999         0     28000           0.496     1.039     1.384     1.670     1.865     2.292     2.814     5.046
1714.001     27998         0     27998           0.488     1.023     1.363     1.651     1.839     2.238     2.783     4.645
1715.001     28001         0     27999           0.489     1.029     1.374     1.662     1.849     2.271     2.740     4.784
1716.001     27990         0     27992           0.486     1.025     1.372     1.652     1.838     2.263     2.843     3.568
1717.001     28002         0     28002           0.485     1.019     1.370     1.682     1.886     2.324     2.873     3.746
1718.001     28008         0     28008           0.490     1.020     1.372     1.662     1.852     2.267     2.806     3.598
1719.001     27999         0     27998           0.500     1.022     1.362     1.650     1.833     2.247     2.712     3.643
1720.001     28003         0     28002           0.462     1.050     1.395     1.710     1.933     2.376     2.916     4.375
1721.001     27996         0     27997           0.469     1.024     1.376     1.668     1.861     2.312     2.746     3.690
1722.001     28004         0     28003           0.489     1.018     1.359     1.634     1.812     2.193     2.671     3.410
1723.001     28001         0     28002           0.483     1.034     1.396     1.698     1.907     2.357     2.918     3.901
1724.001     27993         0     27994           0.482     1.092     1.438     1.743     1.964     2.431     3.213     5.517
1725.001     27999         0     27998           0.492     1.048     1.395     1.705     1.918     2.370     2.918     4.436
1726.001     28007         0     28007           0.493     1.081     1.430     1.738     1.948     2.374     2.843     3.758
1727.001     28003         0     28001           0.496     1.035     1.388     1.682     1.883     2.320     2.888     3.752
1728.001     27997         0     27999           0.490     1.033     1.379     1.669     1.872     2.310     2.892     3.983
1729.001     27998         0     27999           0.476     1.026     1.368     1.677     1.875     2.290     2.771     3.684
1730.001     28003         0     28003           0.506     1.032     1.389     1.708     1.950     2.413     3.144     5.657
1731.001     28000         0     27999           0.484     1.032     1.384     1.688     1.889     2.318     2.849     4.071
1732.001     27995         0     27995           0.505     1.040     1.388     1.693     1.919     2.347     2.818     3.611
1733.001     28004         0     28005           0.496     1.015     1.357     1.646     1.842     2.257     2.771     3.529
1734.001     27997         0     27996           0.499     1.058     1.408     1.701     1.898     2.314     2.933     5.751
1735.001     27998         0     27997           0.492     1.028     1.370     1.658     1.845     2.271     2.775     3.365
1736.001     28007         0     28007           0.483     1.055     1.404     1.701     1.897     2.333     2.904     5.104
1737.001     27995         0     27996           0.502     1.009     1.349     1.639     1.831     2.238     2.611     3.590
1738.001     27999         0     28001           0.472     1.072     1.431     1.729     1.934     2.349     2.933     5.325
1739.001     27993         0     27993           0.448     1.033     1.373     1.667     1.864     2.302     2.845     5.788
1740.001     28012         0     28011           0.494     1.010     1.350     1.621     1.789     2.189     2.626     3.199
1741.001     27998         0     27998           0.502     1.033     1.378     1.673     1.868     2.284     2.787     3.615
1742.001     28004         0     28006           0.480     1.050     1.396     1.695     1.910     2.343     2.865     3.826
1743.001     27991         0     27991           0.478     1.016     1.355     1.660     1.874     2.318     2.834     3.969
1744.001     28007         0     28006           0.471     1.056     1.405     1.684     1.869     2.263     2.798     3.666
1745.001     27993         0     27992           0.507     1.028     1.363     1.647     1.829     2.245     2.814     3.455
1746.001     28002         0     28003           0.501     1.043     1.393     1.693     1.893     2.341     2.847     5.280
1747.001     28003         0     28004           0.502     1.036     1.379     1.670     1.878     2.288     2.767     3.946
1748.001     27997         0     27997           0.475     1.037     1.385     1.690     1.910     2.365     2.865     3.926
1749.001     27999         0     27999           0.494     1.009     1.343     1.639     1.821     2.230     2.750     3.793
1750.001     28002         0     28002           0.487     0.993     1.339     1.635     1.832     2.273     2.734     3.791
1751.001     28002         0     28001           0.481     1.035     1.390     1.666     1.845     2.261     2.800     3.797
1752.001     27998         0     27999           0.497     1.040     1.391     1.706     1.944     2.398     2.970     4.964
1753.001     28001         0     28000           0.479     1.030     1.369     1.666     1.854     2.269     2.750     3.400
1754.001     28002         0     28003           0.498     1.081     1.418     1.713     1.917     2.333     2.966     5.943
1755.001     28000         0     27998           0.467     1.013     1.353     1.652     1.857     2.284     2.955     3.734
1756.001     27997         0     27999           0.469     1.048     1.399     1.688     1.893     2.333     2.781     3.437
1757.001     27999         0     27998           0.496     1.048     1.399     1.695     1.903     2.327     2.869     3.617
1758.001     28001         0     28002           0.490     1.064     1.419     1.706     1.902     2.308     2.865     3.860
1759.001     27999         0     27998           0.498     1.013     1.349     1.652     1.861     2.298     2.861     3.688
1760.001     28003         0     28004           0.438     1.021     1.371     1.670     1.882     2.343     2.826     3.197
1761.001     28003         0     28003           0.498     1.060     1.401     1.701     1.908     2.329     2.869     3.758
1762.001     27997         0     27996           0.485     1.054     1.408     1.705     1.911     2.345     2.845     4.350
1763.001     27999         0     27996           0.503     1.030     1.376     1.669     1.876     2.314     2.906     4.719
1764.001     28002         0     28005           0.497     1.031     1.368     1.659     1.843     2.259     2.695     4.248
1765.001     27997         0     27995           0.481     1.052     1.402     1.701     1.901     2.329     3.006     5.157
1766.001     28006         0     28006           0.483     1.027     1.383     1.675     1.879     2.333     2.886     3.701
1767.001     27995         0     27997           0.463     1.012     1.356     1.638     1.816     2.241     2.771     4.559
1768.001     28002         0     28002           0.498     1.033     1.393     1.698     1.923     2.394     3.086     5.915
1769.001     27994         0     27993           0.488     1.036     1.381     1.674     1.865     2.294     2.886     5.997
1770.001     28008         0     28008           0.480     1.040     1.391     1.684     1.880     2.331     2.867     4.334
1771.001     27997         0     27998           0.493     1.012     1.363     1.659     1.851     2.269     2.814     4.145
1772.001     28000         0     28000           0.486     1.045     1.389     1.672     1.860     2.279     2.810     4.108
1773.001     27996         0     27995           0.484     1.013     1.364     1.667     1.876     2.318     2.814     5.038
1774.001     28002         0     27999           0.500     1.010     1.359     1.652     1.836     2.247     2.757     3.654
1775.001     28000         0     28004           0.489     1.060     1.428     1.761     2.011     2.507     3.267     5.337
1776.001     28002         0     28003           0.492     1.029     1.382     1.674     1.881     2.337     3.064     5.771
1777.001     27993         0     27993           0.493     1.009     1.350     1.623     1.791     2.177     2.724     3.893
1778.001     28012         0     28013           0.507     1.069     1.420     1.704     1.904     2.345     2.945     4.000
1779.001     27998         0     27998           0.469     1.021     1.363     1.650     1.821     2.228     2.689     3.369
1780.001     27996         0     27996           0.499     1.052     1.397     1.693     1.890     2.333     2.789     3.367
1781.001     28006         0     28006           0.487     1.043     1.381     1.671     1.867     2.314     2.861     3.619
1782.001     27986         0     27985           0.489     1.054     1.399     1.691     1.898     2.310     2.820     3.602
1783.001     28007         0     28008           0.479     1.011     1.357     1.641     1.825     2.234     2.712     3.604
1784.001     28004         0     28004           0.462     1.070     1.414     1.709     1.915     2.345     2.869     3.918
1785.001     27993         0     27993           0.491     1.069     1.412     1.727     1.939     2.376     2.826     3.568
1786.001     28001         0     28000           0.510     1.053     1.407     1.691     1.876     2.312     2.941     4.714
1787.001     28005         0     28004           0.505     1.067     1.409     1.713     1.921     2.351     2.867     3.377
1788.001     28000         0     28000           0.496     1.010     1.359     1.641     1.830     2.265     2.785     3.854
1789.001     27998         0     27999           0.436     1.021     1.369     1.672     1.881     2.324     2.916     4.469
1790.001     28008         0     28008           0.503     1.023     1.366     1.634     1.802     2.183     2.636     4.022
1791.001     27996         0     27995           0.507     1.035     1.395     1.693     1.883     2.302     2.888     4.131
1792.001     27996         0     27996           0.504     1.024     1.372     1.664     1.846     2.269     2.859     4.829
1793.001     28005         0     28002           0.479     1.029     1.375     1.659     1.840     2.269     2.828     4.051
1794.001     28002         0     28004           0.483     1.070     1.425     1.719     1.930     2.355     2.890     3.879
1795.001     27997         0     27998           0.491     1.037     1.384     1.679     1.855     2.281     2.783     3.617
1796.001     27997         0     27998           0.487     1.030     1.389     1.684     1.887     2.294     2.898     3.674
1797.001     27994         0     27994           0.510     1.035     1.381     1.677     1.864     2.288     2.802     3.840
1798.001     28003         0     28002           0.476     1.037     1.386     1.671     1.864     2.327     2.847     4.321
1799.001     27996         0     27996           0.491     1.030     1.385     1.662     1.844     2.267     2.814     3.799
1800.000     28017         0     28022           0.408     0.988     1.349     1.658     1.866     2.329     2.914     4.329

SUMMARY STATS ══════════════════════════════════════════════════════════════════════════════════════════════════════════════
    Elapsed time       [s]   1800.002                                                                 
        CPU time       [s]   2316.171                                                                 
 CPU utilisation       [%]        3.6                                                                 
          Cycles      [op]   50400039                                                                 
          Errors      [op]          0                                                                 
              └─       [%]        0.0                                                                 
        Requests     [req]   50400039                                                                 
              └─  [req/op]        1.0                                                                 
         Retries     [ret]          0                                                                 
              └─ [ret/req]    0.00000                                                                 
            Rows     [row]   50400039                                                                 
              └─ [row/req]        1.0                                                                 
     Concurrency     [req]          6 ± 1                                                             
              └─       [%]          5                                                                 
      Throughput    [op/s]      28000 ± 1                                                             
              ├─   [req/s]      28000 ± 1                                                             
              └─   [row/s]      28000 ± 1                                                             
   Cycle latency      [ms]      1.090 ± 0.000                                                         
 Request latency      [ms]      0.969 ± 0.000                                                         

CYCLE LATENCY for standard1_select [ms]  ═══════════════════════════════════════════════════════════════════════════════════
          Min                   0.237 ± 0.005                                                         
           25                   0.805 ± 0.000                                                         
           50                   0.984 ± 0.000                                                         
           75                   1.326 ± 0.000                                                         
           90                   1.625 ± 0.001                                                         
           95                   1.816 ± 0.001                                                         
           98                   2.079 ± 0.001                                                         
           99                   2.253 ± 0.003                                                         
           99.9                 2.779 ± 0.005                                                         
           99.99                3.432 ± 0.021                                                         
          Max                   9.880 ± 4.439                                                         

