CONFIG ═════════════════════════════════════════════════════════════════════════════════════════════════════════════════════
            Date            Wed, 09 Jul 2025                                                          
            Time            02:51:31 +0000                                                            
         Cluster                                                                                      
      Datacenter                                                                                      
   Cass. version            3.0.8                                                                     
        Workload            uniform.rn                                                                
     Function(s)            standard1_select:1                                                        
     Consistency            LocalQuorum                                                               
            Tags                                                                                      
────────────────────────────────────────────────────────────────────────────────────────────────────────────────────────────
         Threads                    4                                                                 
     Connections                    1                                                                 
     Concurrency     [req]        128                                                                 
        Max rate    [op/s]      36000                                                                 
          Warmup       [s]         20                                                                 
              └─      [op]                                                                            
        Run time       [s]     1800.0                                                                 
              └─      [op]                                                                            
        Sampling       [s]        1.0                                                                 
              └─      [op]                                                                            
 Request timeout       [s]          5                                                                 
         Retries                                                                                      
  ┌──────┴number                   10                                                                 
  ├─min interval      [ms]        100                                                                 
  └─max interval      [ms]       5000                                                                 

LOG ════════════════════════════════════════════════════════════════════════════════════════════════════════════════════════
    Time    Cycles    Errors    Thrpt.     ────────────────────────────────── Latency [ms/op] ──────────────────────────────
     [s]      [op]      [op]    [op/s]             Min        50        75        90        95        99      99.9       Max
   1.001     35967         0     35952           0.243     1.051     1.410     1.750     2.032     2.712     3.938     5.796
   2.001     36014         0     36013           0.269     0.903     1.244     1.624     1.871     2.509     3.955     9.069
   3.001     36001         0     36003           0.255     0.769     1.069     1.405     1.616     2.078     2.732     4.596
   4.001     35999         0     35998           0.260     0.848     1.176     1.527     1.737     2.288     3.199     5.259
   5.001     36003         0     36001           0.268     0.842     1.156     1.498     1.708     2.253     2.933     4.239
   6.001     35993         0     35995           0.282     0.808     1.096     1.458     1.673     2.181     2.824     4.235
   7.001     36001         0     36002           0.265     0.796     1.073     1.412     1.610     2.099     2.712     3.920
   8.001     36001         0     36001           0.251     0.786     1.052     1.382     1.589     2.038     2.796     4.862
   9.001     36002         0     36002           0.253     0.760     1.001     1.316     1.516     1.965     2.697     3.629
  10.001     35997         0     35997           0.247     0.771     1.014     1.334     1.538     1.977     2.533     3.523
  11.001     35997         0     35997           0.283     0.769     1.011     1.335     1.532     1.983     2.642     3.426
  12.001     36009         0     36009           0.256     0.763     1.010     1.326     1.532     1.976     2.636     3.621
  13.001     36003         0     36003           0.269     0.753     0.985     1.290     1.481     1.885     2.560     3.523
  14.001     35988         0     35988           0.269     0.758     0.996     1.297     1.496     1.908     2.548     3.729
  15.001     36011         0     36006           0.278     0.748     0.983     1.285     1.481     1.854     2.443     3.340
  16.001     36004         0     36007           0.278     0.741     0.973     1.271     1.465     1.861     2.546     3.596
  17.001     35999         0     36000           0.262     0.743     0.972     1.270     1.454     1.858     2.540     4.403
  18.001     36001         0     35995           0.275     0.740     0.964     1.252     1.436     1.810     2.470     3.752
  19.001     35993         0     35998           0.275     0.743     0.968     1.266     1.454     1.830     2.451     3.621
  20.001     36003         0     36004           0.274     0.742     0.964     1.264     1.447     1.828     2.464     3.617
  21.001     35997         0     35995           0.259     0.735     0.960     1.251     1.446     1.845     2.513     3.135
  22.001     35995         0     35997           0.272     0.740     0.956     1.241     1.428     1.808     2.329     3.531
  23.001     36003         0     36003           0.275     0.743     0.965     1.254     1.441     1.832     2.419     3.437
  24.001     36006         0     36004           0.260     0.743     0.961     1.242     1.427     1.823     2.470     3.334
  25.001     36001         0     36002           0.247     0.734     0.952     1.240     1.439     1.821     2.367     3.359
  26.001     35998         0     35998           0.255     0.726     0.937     1.227     1.418     1.800     2.437     3.250
  27.001     35996         0     35997           0.253     0.733     0.953     1.230     1.424     1.822     2.488     4.018
  28.001     36006         0     36006           0.261     0.734     0.946     1.225     1.414     1.795     2.353     3.213
  29.001     35995         0     35995           0.271     0.725     0.932     1.206     1.400     1.783     2.435     3.774
  30.001     36002         0     36002           0.260     0.749     0.982     1.283     1.483     1.927     3.369     6.226
  31.001     35998         0     35995           0.274     0.743     0.969     1.272     1.460     1.858     2.458     3.408
  32.001     36005         0     36006           0.262     0.754     0.995     1.311     1.504     1.962     2.755     4.268
  33.001     35996         0     35996           0.281     0.744     0.980     1.302     1.497     1.898     2.558     3.721
  34.001     35999         0     36001           0.272     0.762     1.015     1.334     1.532     1.960     2.580     3.697
  35.001     35998         0     35997           0.259     0.768     1.021     1.350     1.548     1.978     2.621     3.713
  36.001     36005         0     36005           0.261     0.777     1.047     1.369     1.565     1.970     2.523     4.133
  37.001     35995         0     35995           0.257     0.768     1.033     1.372     1.572     2.011     2.697     4.428
  38.001     36002         0     36002           0.252     0.765     1.022     1.354     1.547     1.968     2.562     3.676
  39.001     35994         0     35995           0.264     0.784     1.061     1.401     1.604     2.050     2.765     3.793
  40.001     36007         0     36004           0.257     0.762     1.030     1.361     1.566     2.025     2.701     3.938
  41.001     35996         0     35997           0.242     0.780     1.050     1.383     1.582     2.017     2.591     3.936
  42.001     36002         0     36001           0.264     0.777     1.034     1.367     1.566     1.978     2.587     3.701
  43.001     36012         0     36013           0.253     0.792     1.068     1.399     1.602     2.033     2.640     3.967
  44.001     35988         0     35989           0.280     0.770     1.037     1.364     1.571     2.039     2.605     3.549
  45.001     36001         0     36001           0.251     0.779     1.045     1.386     1.590     2.039     2.714     3.541
  46.001     36000         0     35999           0.239     0.780     1.059     1.389     1.585     2.031     2.724     4.164
  47.001     35998         0     36000           0.254     0.759     1.010     1.330     1.514     1.911     2.558     3.807
  48.001     36006         0     36005           0.266     0.781     1.049     1.381     1.581     2.030     2.736     3.951
  49.001     35996         0     35996           0.273     0.763     1.014     1.335     1.530     1.952     2.554     3.457
  50.001     36003         0     36001           0.256     0.776     1.051     1.396     1.601     2.037     2.693     4.915
  51.001     36005         0     36006           0.278     0.773     1.041     1.376     1.580     2.018     2.759     3.949
  52.001     35996         0     35997           0.270     0.759     1.024     1.363     1.576     2.050     2.730     4.657
  53.001     35998         0     35997           0.262     0.778     1.052     1.388     1.586     2.002     2.722     3.361
  54.001     36002         0     36002           0.245     0.735     0.977     1.312     1.498     1.900     2.501     3.703
  55.001     35995         0     35992           0.259     0.759     1.015     1.354     1.552     1.979     2.556     3.690
  56.001     36005         0     36008           0.268     0.752     0.990     1.306     1.493     1.877     2.449     3.795
  57.001     36003         0     36004           0.249     0.761     1.018     1.358     1.555     1.995     2.607     4.127
  58.001     36003         0     36003           0.251     0.765     1.035     1.372     1.577     2.015     2.679     3.858
  59.001     35996         0     35996           0.257     0.754     0.996     1.321     1.506     1.923     2.566     4.215
  60.001     35985         0     35985           0.263     0.805     1.083     1.420     1.638     2.134     3.058     4.444
  61.001     35995         0     35995           0.487     1.100     1.447     1.770     2.004     2.490     3.215     3.996
  62.001     35999         0     35998           0.472     1.106     1.445     1.756     1.974     2.437     3.025     4.735
  63.001     36006         0     36007           0.491     1.155     1.506     1.822     2.038     2.519     3.189     4.862
  64.001     35991         0     35991           0.491     1.141     1.496     1.809     2.034     2.529     3.254     4.600
  65.001     36015         0     36016           0.490     1.123     1.467     1.769     1.962     2.390     3.056     4.379
  66.001     35994         0     35994           0.469     1.119     1.466     1.775     1.983     2.437     3.219     5.874
  67.001     36004         0     36004           0.504     1.118     1.473     1.770     1.973     2.400     3.062     4.301
  68.001     35987         0     35985           0.464     1.105     1.448     1.764     1.962     2.404     2.978     3.725
  69.001     36006         0     36008           0.502     1.161     1.509     1.823     2.037     2.501     3.135     4.383
  70.001     35993         0     35993           0.494     1.130     1.489     1.828     2.055     2.523     3.224     4.526
  71.001     36004         0     36004           0.458     1.150     1.501     1.816     2.042     2.511     3.154     4.110
  72.001     35997         0     35997           0.483     1.145     1.485     1.789     1.986     2.447     3.095     4.350
  73.001     36015         0     36014           0.488     1.166     1.520     1.838     2.049     2.558     3.742     5.796
  74.001     35995         0     35996           0.497     1.116     1.461     1.757     1.943     2.359     2.996     3.858
  75.001     35993         0     35994           0.489     1.128     1.478     1.777     1.968     2.392     3.021     4.176
  76.001     36002         0     36003           0.510     1.123     1.465     1.753     1.951     2.398     3.062     5.968
  77.001     36001         0     35999           0.423     1.104     1.447     1.743     1.942     2.372     2.966     4.407
  78.001     36004         0     36005           0.488     1.109     1.452     1.768     1.992     2.443     3.072     4.329
  79.001     35999         0     35997           0.492     1.152     1.495     1.806     2.006     2.443     3.076     4.747
  80.001     35998         0     35997           0.489     1.113     1.462     1.759     1.961     2.408     3.047     4.788
  81.001     35999         0     36001           0.506     1.108     1.458     1.770     1.987     2.443     3.168     4.473
  82.001     36001         0     36002           0.491     1.100     1.460     1.794     2.039     2.507     3.195     5.218
  83.001     36004         0     36003           0.510     1.155     1.511     1.831     2.058     2.497     3.115     4.076
  84.001     36002         0     36003           0.465     1.105     1.452     1.768     1.997     2.435     3.113     3.701
  85.001     35995         0     35995           0.488     1.114     1.471     1.787     1.998     2.478     3.090     4.239
  86.001     36000         0     36001           0.466     1.096     1.449     1.760     1.970     2.392     3.009     4.780
  87.001     35993         0     35991           0.501     1.158     1.514     1.828     2.045     2.550     3.277     6.124
  88.001     36006         0     36008           0.481     1.112     1.459     1.774     1.989     2.447     3.054     4.211
  89.001     36005         0     36001           0.472     1.113     1.459     1.761     1.964     2.410     2.978     4.407
  90.001     35998         0     36002           0.496     1.178     1.528     1.845     2.059     2.519     3.138     4.469
  91.001     36002         0     36001           0.484     1.120     1.463     1.781     2.004     2.451     3.099     4.147
  92.001     35993         0     35993           0.488     1.152     1.499     1.793     1.994     2.443     3.043     4.399
  93.001     36000         0     36000           0.450     1.159     1.502     1.820     2.041     2.474     3.125     3.922
  94.001     35998         0     35997           0.480     1.127     1.474     1.764     1.967     2.400     3.021     4.489
  95.001     35995         0     35996           0.497     1.179     1.543     1.879     2.122     2.656     3.617     5.124
  96.001     36016         0     36017           0.502     1.117     1.468     1.785     2.001     2.470     3.113     3.961
  97.001     35994         0     35994           0.516     1.138     1.488     1.803     2.017     2.458     3.004     4.874
  98.001     35994         0     35992           0.478     1.152     1.494     1.802     2.019     2.456     3.072     4.239
  99.001     35999         0     35999           0.492     1.176     1.542     1.869     2.097     2.589     3.353     4.420
 100.001     36002         0     36003           0.488     1.141     1.488     1.790     1.986     2.408     2.978     4.123
 101.001     36011         0     36009           0.497     1.185     1.548     1.877     2.099     2.566     3.172     5.308
 102.001     35987         0     35988           0.496     1.165     1.523     1.848     2.092     2.554     3.158     4.293
 103.001     36007         0     36008           0.514     1.201     1.548     1.851     2.074     2.529     3.246     4.841
 104.001     35988         0     35987           0.524     1.180     1.539     1.857     2.082     2.597     3.447     5.288
 105.001     36014         0     36013           0.504     1.193     1.546     1.861     2.082     2.527     3.195     3.998
 106.001     35988         0     35986           0.488     1.196     1.547     1.870     2.087     2.540     3.199     4.407
 107.001     36010         0     36012           0.529     1.211     1.564     1.870     2.091     2.546     3.252     4.850
 108.001     36005         0     36007           0.488     1.222     1.574     1.880     2.097     2.544     3.207     4.604
 109.001     36000         0     35999           0.475     1.164     1.506     1.811     2.020     2.429     3.107     4.186
 110.001     35998         0     36000           0.481     1.249     1.607     1.949     2.173     2.650     3.328     5.251
 111.001     35998         0     35997           0.523     1.213     1.568     1.894     2.116     2.556     3.121     4.073
 112.001     36002         0     36002           0.470     1.187     1.550     1.883     2.114     2.568     3.162     4.477
 113.001     35992         0     35993           0.503     1.158     1.512     1.825     2.046     2.482     3.041     4.024
 114.001     35998         0     35997           0.516     1.223     1.573     1.906     2.138     2.585     3.166     4.053
 115.001     36006         0     36006           0.495     1.155     1.519     1.848     2.086     2.519     3.178     4.559
 116.001     35995         0     35996           0.518     1.224     1.574     1.891     2.109     2.552     3.371     4.583
 117.001     36001         0     35999           0.501     1.196     1.543     1.845     2.059     2.507     3.117     4.106
 118.001     36006         0     36004           0.475     1.160     1.529     1.870     2.099     2.548     3.199     4.608
 119.001     36000         0     36003           0.484     1.222     1.584     1.926     2.144     2.605     3.336     4.551
 120.001     35998         0     35996           0.477     1.246     1.603     1.922     2.148     2.593     3.222     4.522
 121.001     36002         0     36004           0.490     1.225     1.579     1.923     2.159     2.650     3.385     4.551
 122.001     36001         0     36000           0.473     1.218     1.575     1.914     2.154     2.611     3.170     4.223
 123.001     35972         0     35973           0.490     1.196     1.553     1.890     2.122     2.587     3.248     7.709
 124.001     36018         0     36017           0.475     1.244     1.614     1.983     2.236     2.769     3.742     5.816
 125.001     36013         0     36014           0.463     1.201     1.568     1.889     2.109     2.554     3.142     3.865
 126.001     35995         0     35995           0.481     1.195     1.563     1.902     2.132     2.568     3.146     4.362
 127.001     35999         0     35999           0.462     1.194     1.551     1.870     2.097     2.537     3.148     4.940
 128.001     35990         0     35990           0.494     1.223     1.579     1.895     2.124     2.585     3.168     4.399
 129.001     36017         0     36015           0.509     1.204     1.555     1.866     2.089     2.523     3.271     4.764
 130.001     35991         0     35992           0.508     1.187     1.550     1.871     2.097     2.527     3.074     3.899
 131.001     36002         0     36003           0.484     1.243     1.601     1.932     2.171     2.611     3.314     4.829
 132.001     36006         0     36007           0.495     1.198     1.563     1.882     2.099     2.509     3.140     4.452
 133.001     35995         0     35992           0.494     1.168     1.529     1.841     2.060     2.505     3.127     4.915
 134.001     36001         0     36005           0.484     1.212     1.579     1.903     2.134     2.572     3.271     4.567
 135.001     36000         0     35999           0.502     1.187     1.541     1.876     2.116     2.562     3.142     3.801
 136.001     36003         0     36002           0.485     1.162     1.516     1.822     2.044     2.513     3.160     4.112
 137.001     35998         0     36000           0.497     1.237     1.590     1.902     2.128     2.574     3.146     4.301
 138.001     36000         0     35999           0.497     1.156     1.521     1.843     2.077     2.478     3.000     3.727
 139.001     36005         0     36004           0.511     1.192     1.551     1.877     2.105     2.558     3.183     4.272
 140.001     35990         0     35992           0.482     1.168     1.530     1.869     2.094     2.544     3.086     4.551
 141.001     36008         0     36002           0.509     1.212     1.569     1.909     2.148     2.607     3.299     4.948
 142.001     36004         0     36010           0.519     1.171     1.522     1.834     2.052     2.507     3.099     4.420
 143.001     35994         0     35993           0.504     1.170     1.540     1.881     2.128     2.607     3.246     4.219
 144.001     35994         0     35993           0.511     1.193     1.552     1.878     2.124     2.583     3.226     4.121
 145.001     36004         0     36006           0.475     1.184     1.548     1.886     2.126     2.615     3.379     4.301
 146.001     35998         0     35994           0.482     1.176     1.520     1.827     2.024     2.466     3.002     3.873
 147.001     36001         0     36005           0.498     1.166     1.521     1.820     2.015     2.482     3.062     4.164
 148.001     35992         0     35991           0.508     1.171     1.529     1.834     2.061     2.494     3.213     4.907
 149.001     36010         0     36009           0.494     1.182     1.552     1.881     2.116     2.583     3.316     4.624
 150.001     35983         0     35984           0.481     1.140     1.498     1.829     2.052     2.476     3.015     5.063
 151.001     36025         0     36025           0.484     1.222     1.566     1.884     2.107     2.570     3.127     4.383
 152.001     35994         0     35991           0.496     1.208     1.584     1.948     2.210     2.722     3.486     5.091
 153.001     36002         0     36003           0.486     1.190     1.544     1.886     2.118     2.580     3.160     4.731
 154.001     35995         0     35997           0.486     1.168     1.522     1.829     2.037     2.462     3.056     3.754
 155.001     36003         0     36002           0.483     1.214     1.581     1.903     2.120     2.562     3.156     4.874
 156.001     36001         0     36002           0.493     1.161     1.519     1.834     2.054     2.478     3.011     4.157
 157.001     35998         0     35998           0.449     1.103     1.458     1.766     1.976     2.402     2.855     3.549
 158.001     35996         0     35994           0.500     1.188     1.545     1.873     2.114     2.542     3.054     4.776
 159.001     36013         0     36013           0.509     1.156     1.514     1.826     2.045     2.482     3.025     4.264
 160.001     35982         0     35979           0.481     1.171     1.529     1.853     2.097     2.529     3.066     4.682
 161.001     36004         0     36007           0.496     1.117     1.479     1.796     2.024     2.456     2.992     4.506
 162.001     36004         0     36004           0.487     1.187     1.535     1.857     2.078     2.519     3.131     4.424
 163.001     35996         0     35997           0.489     1.142     1.492     1.797     2.021     2.454     3.062     3.670
 164.001     36002         0     36002           0.514     1.248     1.596     1.916     2.159     2.642     3.228     4.936
 165.001     36005         0     36005           0.519     1.197     1.560     1.883     2.109     2.544     3.121     4.534
 166.001     35997         0     35998           0.519     1.136     1.489     1.781     1.992     2.445     2.953     3.680
 167.001     35996         0     35995           0.518     1.192     1.540     1.848     2.060     2.484     2.955     4.637
 168.001     36006         0     36006           0.479     1.114     1.468     1.762     1.966     2.376     2.871     3.828
 169.001     35993         0     35993           0.458     1.204     1.553     1.846     2.049     2.464     3.009     3.912
 170.001     36007         0     36007           0.465     1.182     1.529     1.831     2.035     2.447     2.966     3.607
 171.001     36005         0     36003           0.526     1.220     1.582     1.904     2.134     2.580     3.129     4.174
 172.001     35995         0     35996           0.494     1.184     1.529     1.819     2.016     2.441     3.049     4.415
 173.001     35983         0     35985           0.491     1.191     1.553     1.880     2.116     2.593     3.236     4.579
 174.001     36020         0     36020           0.510     1.124     1.479     1.798     2.012     2.443     3.052     3.959
 175.001     35995         0     35995           0.506     1.186     1.543     1.858     2.089     2.540     3.129     5.022
 176.001     36003         0     36002           0.498     1.177     1.525     1.821     2.040     2.462     2.998     4.489
 177.001     35996         0     35996           0.484     1.145     1.492     1.802     2.009     2.427     2.910     3.750
 178.001     35993         0     35994           0.500     1.184     1.547     1.848     2.068     2.533     3.164     4.358
 179.001     36010         0     36009           0.482     1.170     1.533     1.852     2.085     2.497     3.029     4.555
 180.001     36003         0     36003           0.502     1.163     1.517     1.824     2.038     2.468     3.027     4.010
 181.001     35986         0     35983           0.527     1.304     1.645     1.964     2.189     2.666     3.426     4.768
 182.001     36000         0     36003           0.500     1.158     1.512     1.835     2.052     2.476     3.066     3.820
 183.001     36004         0     36002           0.492     1.230     1.575     1.888     2.105     2.527     3.172     4.530
 184.001     36005         0     36006           0.505     1.207     1.560     1.875     2.091     2.556     3.213     4.792
 185.001     36007         0     36006           0.516     1.194     1.549     1.874     2.091     2.544     3.144     4.231
 186.001     35991         0     35992           0.501     1.196     1.560     1.906     2.148     2.572     3.185     4.141
 187.001     35997         0     35996           0.507     1.166     1.528     1.844     2.059     2.484     2.968     3.656
 188.001     36009         0     36011           0.453     1.168     1.536     1.850     2.053     2.488     3.076     3.856
 189.001     35989         0     35988           0.492     1.215     1.566     1.874     2.090     2.527     3.084     4.047
 190.001     36006         0     36006           0.512     1.201     1.570     1.910     2.150     2.591     3.326     5.861
 191.001     36009         0     36010           0.502     1.266     1.613     1.924     2.150     2.605     3.373     5.186
 192.001     35990         0     35990           0.497     1.174     1.534     1.847     2.065     2.454     2.951     4.354
 193.001     35998         0     35999           0.497     1.155     1.511     1.831     2.067     2.519     3.144     4.121
 194.001     36002         0     36001           0.498     1.187     1.545     1.875     2.111     2.564     3.332     4.346
 195.001     36006         0     36005           0.506     1.182     1.540     1.848     2.083     2.525     3.123     4.321
 196.001     35997         0     35999           0.495     1.171     1.530     1.840     2.055     2.492     3.142     3.838
 197.001     35996         0     35996           0.506     1.175     1.534     1.844     2.051     2.480     3.082     4.223
 198.001     36000         0     36000           0.502     1.217     1.577     1.898     2.128     2.572     3.160     4.583
 199.001     36006         0     36004           0.512     1.179     1.524     1.823     2.030     2.458     2.947     4.436
 200.001     36007         0     36010           0.504     1.127     1.510     1.870     2.128     2.568     3.066     4.002
 201.001     35991         0     35990           0.496     1.182     1.549     1.862     2.080     2.533     3.082     4.239
 202.001     35991         0     35992           0.493     1.202     1.565     1.886     2.116     2.544     3.125     4.243
 203.001     35999         0     35997           0.513     1.205     1.571     1.897     2.140     2.542     3.203     4.383
 204.001     36006         0     36007           0.518     1.215     1.567     1.885     2.099     2.531     3.088     4.891
 205.001     36003         0     36004           0.507     1.232     1.584     1.897     2.120     2.589     3.105     3.977
 206.001     35992         0     35992           0.519     1.231     1.591     1.904     2.122     2.535     3.111     4.592
 207.001     36004         0     36004           0.496     1.197     1.550     1.861     2.078     2.486     3.011     3.582
 208.001     35998         0     35998           0.513     1.175     1.536     1.850     2.059     2.497     3.013     3.912
 209.001     36005         0     36004           0.496     1.215     1.575     1.902     2.130     2.574     3.107     3.897
 210.001     36000         0     35999           0.502     1.179     1.526     1.828     2.050     2.474     3.054     4.129
 211.001     36012         0     36014           0.517     1.307     1.655     1.977     2.198     2.632     3.183     4.661
 212.001     35987         0     35987           0.480     1.243     1.607     1.936     2.179     2.666     3.408     4.760
 213.001     35995         0     35995           0.464     1.242     1.607     1.936     2.175     2.666     3.424     5.452
 214.001     36011         0     36011           0.511     1.264     1.623     1.969     2.210     2.681     3.332     4.448
 215.001     36000         0     36000           0.484     1.183     1.538     1.841     2.053     2.486     3.035     4.178
 216.001     36005         0     36006           0.517     1.187     1.552     1.880     2.124     2.583     3.326     4.073
 217.001     35987         0     35987           0.485     1.170     1.532     1.851     2.080     2.497     2.988     4.100
 218.001     36012         0     36012           0.508     1.208     1.572     1.892     2.120     2.570     3.207     5.083
 219.001     35998         0     35998           0.523     1.224     1.569     1.876     2.095     2.587     3.246     5.206
 220.001     36000         0     35998           0.491     1.204     1.569     1.901     2.130     2.593     3.391     4.850
 221.001     35990         0     35992           0.494     1.208     1.549     1.852     2.052     2.458     2.998     3.768
 222.001     36002         0     36002           0.479     1.176     1.531     1.834     2.039     2.466     3.027     3.860
 223.001     35999         0     35999           0.484     1.208     1.575     1.895     2.114     2.558     3.111     3.871
 224.001     36001         0     36001           0.497     1.188     1.541     1.848     2.064     2.480     3.043     4.424
 225.001     36003         0     36002           0.509     1.157     1.517     1.798     1.999     2.410     2.898     4.178
 226.001     35991         0     35992           0.500     1.171     1.530     1.836     2.053     2.474     3.049     4.164
 227.001     36009         0     36009           0.470     1.190     1.547     1.849     2.051     2.437     3.004     4.887
 228.001     36004         0     36003           0.499     1.189     1.544     1.852     2.058     2.466     2.918     4.088
 229.001     36001         0     36000           0.491     1.178     1.528     1.831     2.049     2.470     3.019     3.807
 230.001     35993         0     35995           0.513     1.211     1.574     1.885     2.097     2.521     3.088     3.889
 231.001     35997         0     35996           0.488     1.189     1.544     1.863     2.085     2.507     3.035     4.469
 232.001     35997         0     35999           0.498     1.174     1.535     1.851     2.068     2.501     3.039     4.411
 233.001     36007         0     36007           0.504     1.212     1.567     1.876     2.101     2.515     3.035     4.170
 234.001     36003         0     36003           0.500     1.206     1.577     1.903     2.130     2.562     3.189     4.694
 235.001     35994         0     35994           0.514     1.240     1.592     1.925     2.159     2.603     3.250     4.420
 236.001     36013         0     36012           0.504     1.166     1.521     1.829     2.045     2.476     2.957     3.766
 237.001     35977         0     35978           0.513     1.215     1.567     1.890     2.114     2.537     3.109     4.538
 238.001     36015         0     36016           0.498     1.185     1.540     1.849     2.061     2.466     2.984     4.297
 239.001     36000         0     36000           0.499     1.189     1.540     1.848     2.062     2.474     2.988     3.949
 240.001     35996         0     35995           0.499     1.202     1.554     1.872     2.095     2.529     3.242     4.010
 241.001     36009         0     36006           0.450     1.208     1.561     1.894     2.122     2.533     3.164     4.125
 242.001     35993         0     35996           0.513     1.226     1.608     1.963     2.212     2.689     3.373     4.612
 243.001     36002         0     36001           0.495     1.148     1.509     1.832     2.054     2.458     3.043     4.383
 244.001     36007         0     36008           0.505     1.271     1.625     1.963     2.195     2.650     3.277     4.944
 245.001     35984         0     35983           0.495     1.147     1.500     1.814     2.023     2.431     2.970     3.998
 246.001     36011         0     36009           0.493     1.197     1.553     1.869     2.091     2.499     3.084     4.073
 247.001     35992         0     35993           0.492     1.169     1.526     1.845     2.067     2.505     2.998     3.764
 248.001     36014         0     36011           0.489     1.176     1.525     1.841     2.052     2.503     3.027     4.051
 249.001     35992         0     35993           0.513     1.171     1.533     1.848     2.063     2.492     3.080     4.329
 250.001     35987         0     35988           0.497     1.200     1.556     1.875     2.095     2.511     3.076     4.358
 251.001     36011         0     36014           0.499     1.191     1.549     1.862     2.071     2.470     3.101     4.159
 252.001     36003         0     36003           0.501     1.164     1.511     1.801     2.002     2.404     2.879     4.078
 253.001     35995         0     35995           0.473     1.207     1.564     1.887     2.103     2.521     3.170     4.276
 254.001     35994         0     35994           0.505     1.223     1.562     1.869     2.083     2.501     3.043     3.977
 255.001     36013         0     36013           0.502     1.187     1.538     1.837     2.047     2.454     3.002     3.777
 256.001     35993         0     35992           0.501     1.236     1.595     1.914     2.142     2.580     3.142     4.104
 257.001     36008         0     36009           0.486     1.145     1.503     1.814     2.022     2.431     3.027     4.477
 258.001     36002         0     36001           0.499     1.212     1.574     1.911     2.140     2.580     3.072     3.793
 259.001     35996         0     35993           0.507     1.186     1.545     1.865     2.075     2.468     3.002     4.346
 260.001     36003         0     36007           0.518     1.231     1.581     1.884     2.096     2.515     3.084     3.783
 261.001     35995         0     35995           0.505     1.199     1.572     1.910     2.148     2.595     3.203     4.334
 262.001     36002         0     36000           0.484     1.183     1.544     1.876     2.099     2.535     3.121     5.272
 263.001     36003         0     36005           0.486     1.179     1.531     1.841     2.049     2.458     3.021     3.990
 264.001     35996         0     35996           0.480     1.195     1.547     1.844     2.063     2.492     3.037     3.981
 265.001     36007         0     36007           0.494     1.198     1.564     1.895     2.132     2.564     3.226     4.338
 266.001     35983         0     35983           0.473     1.178     1.529     1.829     2.046     2.468     3.097     4.243
 267.001     36010         0     36009           0.496     1.211     1.567     1.881     2.105     2.513     3.074     4.272
 268.001     35990         0     35990           0.492     1.164     1.525     1.857     2.092     2.515     3.000     3.906
 269.001     36011         0     36012           0.507     1.206     1.566     1.878     2.097     2.515     3.117     4.063
 270.001     35999         0     35998           0.499     1.182     1.535     1.862     2.097     2.527     3.000     4.379
 271.001     36001         0     36002           0.516     1.208     1.566     1.894     2.118     2.568     3.148     4.309
 272.001     35997         0     35996           0.441     1.182     1.539     1.865     2.116     2.576     3.676     5.231
 273.001     35997         0     35995           0.481     1.193     1.549     1.861     2.083     2.494     3.099     3.555
 274.001     36002         0     36005           0.492     1.207     1.551     1.855     2.072     2.499     3.049     4.751
 275.001     35992         0     35991           0.510     1.217     1.582     1.918     2.142     2.562     3.105     3.891
 276.001     36011         0     36011           0.488     1.171     1.528     1.852     2.078     2.480     2.968     4.071
 277.001     36001         0     36001           0.495     1.187     1.554     1.901     2.140     2.593     3.207     4.452
 278.001     36006         0     36004           0.504     1.171     1.530     1.838     2.056     2.486     3.025     3.971
 279.001     35993         0     35993           0.479     1.214     1.567     1.881     2.090     2.517     3.035     4.465
 280.001     35991         0     35993           0.513     1.193     1.549     1.879     2.097     2.523     3.023     4.608
 281.001     36015         0     36016           0.497     1.200     1.554     1.870     2.085     2.497     3.064     4.944
 282.001     36002         0     36001           0.492     1.162     1.517     1.829     2.043     2.454     2.994     4.461
 283.001     35995         0     35995           0.496     1.195     1.541     1.836     2.042     2.454     3.058     3.879
 284.001     35995         0     35996           0.487     1.166     1.510     1.819     2.042     2.447     3.066     3.830
 285.001     36005         0     36004           0.499     1.181     1.542     1.860     2.092     2.525     3.092     4.661
 286.001     36000         0     35998           0.514     1.229     1.591     1.926     2.161     2.619     3.308     4.719
 287.001     36000         0     35999           0.475     1.147     1.504     1.809     2.023     2.431     2.941     3.760
 288.001     35994         0     35997           0.466     1.182     1.535     1.847     2.075     2.505     3.058     5.153
 289.001     36005         0     36006           0.505     1.217     1.578     1.901     2.114     2.540     3.189     4.493
 290.001     36001         0     35999           0.474     1.184     1.538     1.842     2.070     2.484     3.103     4.555
 291.001     35999         0     35997           0.465     1.157     1.503     1.797     2.004     2.408     2.968     4.016
 292.001     36006         0     36009           0.482     1.182     1.546     1.859     2.077     2.509     2.978     4.903
 293.001     35999         0     35998           0.483     1.177     1.536     1.862     2.083     2.511     3.150     4.399
 294.001     36001         0     36002           0.500     1.172     1.522     1.825     2.041     2.464     3.021     4.624
 295.001     35991         0     35990           0.441     1.179     1.556     1.910     2.150     2.550     3.045     3.813
 296.001     36000         0     36000           0.504     1.181     1.533     1.838     2.053     2.472     3.133     3.983
 297.001     35995         0     35995           0.509     1.189     1.539     1.839     2.053     2.474     3.023     4.440
 298.001     36006         0     36007           0.510     1.158     1.517     1.828     2.048     2.478     2.992     3.875
 299.001     35991         0     35990           0.515     1.197     1.550     1.847     2.063     2.480     2.984     4.084
 300.001     36005         0     36006           0.501     1.174     1.531     1.850     2.081     2.517     3.011     4.231
 301.001     35998         0     35998           0.481     1.226     1.570     1.876     2.080     2.531     3.103     4.317
 302.001     36000         0     35999           0.520     1.291     1.637     1.966     2.189     2.658     3.295     4.260
 303.001     36005         0     36006           0.499     1.206     1.548     1.840     2.041     2.447     3.039     4.170
 304.001     35995         0     35995           0.482     1.212     1.553     1.845     2.051     2.470     2.961     4.057
 305.001     36002         0     36000           0.502     1.160     1.520     1.823     2.044     2.458     2.959     4.153
 306.001     36011         0     36011           0.446     1.189     1.543     1.875     2.109     2.554     3.150     4.776
 307.001     35991         0     35994           0.511     1.177     1.526     1.834     2.048     2.462     3.066     4.305
 308.001     36003         0     36001           0.493     1.168     1.516     1.809     2.024     2.447     2.994     4.612
 309.001     36000         0     36000           0.482     1.193     1.541     1.831     2.036     2.435     3.002     3.920
 310.001     36003         0     36003           0.509     1.183     1.522     1.807     2.006     2.417     2.929     4.137
 311.001     35997         0     35998           0.506     1.188     1.535     1.836     2.051     2.486     3.027     4.604
 312.001     36000         0     35999           0.511     1.208     1.545     1.829     2.039     2.474     3.031     4.000
 313.001     36006         0     36005           0.510     1.229     1.578     1.889     2.107     2.519     3.019     5.014
 314.001     35987         0     35989           0.514     1.164     1.506     1.785     1.987     2.398     2.865     3.541
 315.001     35996         0     35994           0.509     1.188     1.539     1.841     2.054     2.439     2.949     3.582
 316.001     36013         0     36013           0.523     1.218     1.574     1.867     2.080     2.494     3.015     4.037
 317.001     36000         0     36002           0.509     1.190     1.545     1.859     2.075     2.474     2.933     3.899
 318.001     35989         0     35989           0.515     1.155     1.513     1.809     2.025     2.437     3.011     4.219
 319.001     36013         0     36013           0.450     1.226     1.576     1.887     2.099     2.511     3.031     3.770
 320.001     35989         0     35989           0.513     1.192     1.544     1.845     2.052     2.460     2.976     3.990
 321.001     36001         0     36000           0.498     1.306     1.655     1.983     2.206     2.697     3.445     5.124
 322.001     36009         0     36010           0.482     1.200     1.560     1.875     2.085     2.513     3.092     4.260
 323.001     36002         0     35997           0.497     1.182     1.538     1.870     2.099     2.527     3.131     3.949
 324.001     35994         0     35997           0.496     1.255     1.607     1.922     2.142     2.562     3.154     3.946
 325.001     36004         0     36006           0.483     1.192     1.537     1.841     2.055     2.445     2.951     3.668
 326.001     36003         0     36003           0.503     1.199     1.556     1.866     2.085     2.478     3.041     4.248
 327.001     36000         0     36000           0.509     1.180     1.527     1.829     2.045     2.464     2.935     4.055
 328.001     35996         0     35995           0.488     1.194     1.544     1.844     2.050     2.480     3.045     4.428
 329.001     36003         0     36002           0.498     1.204     1.558     1.870     2.086     2.540     3.101     4.379
 330.001     35992         0     35990           0.505     1.209     1.567     1.883     2.114     2.558     3.203     4.334
 331.001     36001         0     36005           0.510     1.210     1.572     1.897     2.128     2.552     3.125     4.596
 332.001     36002         0     36004           0.471     1.194     1.541     1.849     2.063     2.527     3.269     4.760
 333.001     36006         0     36005           0.505     1.227     1.588     1.921     2.159     2.623     3.340     5.321
 334.001     35989         0     35988           0.502     1.245     1.591     1.927     2.148     2.572     3.176     4.956
 335.001     36008         0     36010           0.479     1.178     1.545     1.887     2.128     2.572     3.213     3.998
 336.001     35998         0     35997           0.478     1.168     1.514     1.801     2.002     2.433     3.021     3.766
 337.001     36000         0     35998           0.487     1.245     1.609     1.948     2.173     2.611     3.252     4.039
 338.001     36002         0     36005           0.471     1.195     1.548     1.872     2.099     2.544     3.162     4.702
 339.001     36000         0     36000           0.491     1.152     1.513     1.816     2.020     2.445     3.054     4.542
 340.001     35992         0     35989           0.515     1.231     1.582     1.900     2.134     2.566     3.260     5.169
 341.001     36006         0     36008           0.489     1.181     1.536     1.827     2.031     2.466     2.992     4.127
 342.001     36007         0     36006           0.493     1.179     1.535     1.843     2.053     2.519     3.066     3.977
 343.001     35983         0     35983           0.498     1.250     1.620     1.971     2.204     2.685     3.396     4.637
 344.001     36006         0     36006           0.487     1.136     1.491     1.788     1.997     2.386     2.937     3.805
 345.001     36013         0     36013           0.502     1.226     1.585     1.912     2.144     2.574     3.215     4.461
 346.001     35992         0     35992           0.459     1.193     1.540     1.846     2.074     2.519     3.181     4.239
 347.001     35994         0     35995           0.508     1.210     1.575     1.917     2.159     2.615     3.217     6.062
 348.001     36000         0     35999           0.509     1.222     1.570     1.887     2.107     2.521     3.109     4.114
 349.001     36009         0     36009           0.499     1.177     1.530     1.830     2.035     2.456     2.984     4.129
 350.001     35997         0     35996           0.495     1.236     1.575     1.872     2.092     2.507     3.045     4.628
 351.001     35993         0     35994           0.499     1.215     1.553     1.850     2.060     2.474     3.058     4.325
 352.001     36012         0     36013           0.498     1.159     1.514     1.822     2.047     2.468     2.994     4.231
 353.001     35987         0     35987           0.501     1.210     1.564     1.873     2.088     2.486     3.052     4.415
 354.001     36000         0     36000           0.497     1.236     1.588     1.915     2.148     2.585     3.209     4.391
 355.001     36010         0     36010           0.519     1.205     1.560     1.879     2.111     2.535     3.144     4.436
 356.001     35994         0     35993           0.489     1.228     1.568     1.865     2.073     2.486     2.992     4.002
 357.001     36003         0     36003           0.527     1.183     1.541     1.868     2.099     2.507     3.084     4.866
 358.001     35999         0     36001           0.486     1.167     1.532     1.859     2.086     2.546     3.521     4.858
 359.001     36001         0     35997           0.481     1.215     1.581     1.918     2.144     2.537     3.099     4.313
 360.001     35995         0     35997           0.497     1.210     1.572     1.901     2.132     2.550     3.271     4.125
 361.001     36008         0     36009           0.505     1.179     1.536     1.832     2.043     2.458     2.972     3.949
 362.001     36002         0     36002           0.496     1.225     1.577     1.907     2.132     2.552     3.099     4.188
 363.001     36001         0     36001           0.487     1.240     1.582     1.910     2.142     2.601     3.271     4.415
 364.001     35997         0     35998           0.500     1.242     1.599     1.919     2.146     2.576     3.244     5.136
 365.001     35993         0     35993           0.511     1.227     1.565     1.854     2.055     2.503     3.095     4.080
 366.001     35996         0     35990           0.467     1.252     1.587     1.889     2.101     2.527     3.154     3.979
 367.001     35998         0     36002           0.516     1.205     1.541     1.834     2.040     2.425     2.890     4.151
 368.001     36010         0     36010           0.492     1.196     1.554     1.861     2.070     2.490     3.039     3.906
 369.001     36001         0     36002           0.523     1.245     1.594     1.912     2.122     2.533     3.135     4.493
 370.001     35990         0     35991           0.515     1.208     1.564     1.879     2.101     2.542     3.183     4.157
 371.001     36020         0     36020           0.471     1.206     1.579     1.905     2.132     2.574     3.127     3.852
 372.001     35974         0     35972           0.490     1.215     1.581     1.918     2.146     2.566     3.156     3.977
 373.001     36009         0     36009           0.452     1.176     1.536     1.859     2.093     2.525     3.160     4.387
 374.001     36005         0     36005           0.477     1.233     1.582     1.897     2.120     2.537     3.168     4.325
 375.001     35992         0     35994           0.494     1.158     1.522     1.832     2.049     2.439     2.966     4.461
 376.001     36011         0     36010           0.462     1.208     1.570     1.877     2.101     2.515     3.074     4.608
 377.001     36004         0     36005           0.454     1.179     1.544     1.860     2.078     2.494     3.023     3.990
 378.001     35995         0     35996           0.496     1.183     1.539     1.848     2.078     2.490     3.041     3.662
 379.001     35997         0     35995           0.482     1.179     1.550     1.887     2.132     2.568     3.170     4.878
 380.001     35997         0     35998           0.493     1.215     1.588     1.942     2.187     2.650     3.246     5.550
 381.001     36000         0     36000           0.491     1.219     1.576     1.896     2.126     2.550     3.080     4.547
 382.001     35996         0     35995           0.504     1.192     1.543     1.854     2.078     2.523     3.029     4.604
 383.001     36008         0     36009           0.494     1.203     1.556     1.873     2.096     2.519     3.119     4.366
 384.001     36001         0     36001           0.471     1.203     1.554     1.867     2.094     2.494     3.111     4.153
 385.001     36002         0     36002           0.495     1.188     1.542     1.855     2.066     2.472     3.039     3.772
 386.001     35996         0     35997           0.503     1.210     1.560     1.867     2.085     2.492     3.015     4.028
 387.001     36001         0     36000           0.460     1.156     1.504     1.817     2.039     2.468     2.982     4.202
 388.001     36004         0     36004           0.490     1.197     1.552     1.866     2.091     2.511     3.082     4.018
 389.001     35989         0     35989           0.521     1.231     1.594     1.930     2.152     2.570     3.152     4.473
 390.001     36018         0     36017           0.493     1.175     1.542     1.864     2.090     2.554     3.123     5.317
 391.001     35993         0     35993           0.494     1.179     1.540     1.874     2.107     2.505     3.011     4.110
 392.001     35981         0     35981           0.512     1.257     1.603     1.917     2.142     2.587     3.291     4.223
 393.001     36020         0     36019           0.472     1.204     1.552     1.859     2.074     2.484     3.029     4.223
 394.001     35998         0     35998           0.525     1.207     1.571     1.891     2.114     2.523     3.092     5.591
 395.001     35999         0     36001           0.506     1.199     1.548     1.868     2.095     2.529     3.201     4.833
 396.001     36005         0     36003           0.497     1.219     1.562     1.868     2.078     2.488     2.990     4.993
 397.001     35994         0     35994           0.502     1.203     1.554     1.870     2.096     2.503     3.023     3.826
 398.001     36009         0     36010           0.501     1.176     1.520     1.821     2.030     2.443     3.004     3.889
 399.001     35991         0     35992           0.504     1.265     1.614     1.937     2.165     2.632     3.394     4.706
 400.001     36002         0     36001           0.503     1.219     1.575     1.895     2.128     2.570     3.197     4.604
 401.001     36006         0     36004           0.477     1.159     1.511     1.792     1.996     2.445     3.064     3.903
 402.001     35987         0     35987           0.494     1.202     1.554     1.865     2.080     2.505     3.090     5.546
 403.001     36011         0     36014           0.513     1.248     1.605     1.924     2.146     2.589     3.262     5.763
 404.001     35999         0     35998           0.510     1.169     1.520     1.837     2.079     2.464     2.945     4.784
 405.001     35997         0     35998           0.506     1.168     1.517     1.815     2.034     2.431     2.941     4.014
 406.001     35998         0     35998           0.469     1.230     1.571     1.864     2.082     2.470     3.025     4.186
 407.001     36007         0     36007           0.497     1.262     1.609     1.944     2.193     2.732     3.502     6.242
 408.001     35994         0     35995           0.462     1.188     1.532     1.823     2.030     2.443     3.074     4.370
 409.001     35997         0     35994           0.475     1.199     1.539     1.834     2.038     2.466     3.144     3.756
 410.001     36006         0     36008           0.500     1.252     1.584     1.875     2.093     2.470     2.984     4.243
 411.001     35993         0     35993           0.506     1.189     1.532     1.832     2.044     2.478     3.084     4.211
 412.001     36007         0     36007           0.483     1.199     1.543     1.854     2.081     2.525     3.070     4.043
 413.001     35987         0     35988           0.497     1.286     1.638     1.977     2.214     2.730     3.580     5.186
 414.001     36017         0     36015           0.496     1.184     1.531     1.831     2.050     2.447     2.972     4.874
 415.001     35986         0     35987           0.516     1.241     1.603     1.927     2.159     2.646     3.396     4.874
 416.001     36007         0     36007           0.499     1.178     1.532     1.840     2.062     2.470     3.006     3.875
 417.001     35999         0     35999           0.493     1.237     1.587     1.891     2.109     2.497     3.146     4.645
 418.001     35996         0     35997           0.505     1.176     1.538     1.844     2.067     2.490     3.062     4.153
 419.001     36008         0     36008           0.468     1.197     1.542     1.840     2.039     2.451     3.015     3.996
 420.001     35982         0     35982           0.480     1.233     1.586     1.925     2.157     2.607     3.219     5.628
 421.001     36020         0     36019           0.502     1.230     1.578     1.888     2.103     2.529     3.174     4.751
 422.001     36004         0     36005           0.507     1.225     1.562     1.862     2.064     2.484     3.035     4.829
 423.001     35991         0     35990           0.516     1.264     1.611     1.928     2.150     2.560     3.209     4.764
 424.001     35996         0     35997           0.506     1.213     1.569     1.875     2.096     2.540     3.258     5.612
 425.001     36010         0     36011           0.501     1.257     1.618     1.956     2.179     2.613     3.293     4.694
 426.001     35999         0     35998           0.444     1.166     1.522     1.809     2.015     2.390     2.929     3.703
 427.001     35999         0     36001           0.498     1.245     1.593     1.932     2.173     2.652     3.457     6.066
 428.001     35996         0     35996           0.506     1.208     1.561     1.876     2.088     2.511     3.025     4.997
 429.001     36006         0     36006           0.509     1.200     1.569     1.895     2.128     2.560     3.166     4.940
 430.001     35991         0     35992           0.512     1.177     1.529     1.826     2.034     2.443     2.990     3.951
 431.001     36009         0     36008           0.444     1.233     1.586     1.913     2.138     2.556     3.103     4.137
 432.001     35995         0     35995           0.504     1.248     1.601     1.933     2.171     2.583     3.219     4.309
 433.001     35999         0     36000           0.520     1.212     1.578     1.907     2.140     2.587     3.240     5.333
 434.001     35989         0     35988           0.489     1.189     1.542     1.845     2.055     2.447     2.972     4.714
 435.001     36003         0     36000           0.474     1.215     1.556     1.872     2.095     2.488     3.105     4.538
 436.001     36004         0     36007           0.512     1.223     1.569     1.875     2.089     2.513     3.092     4.641
 437.001     36012         0     36009           0.509     1.240     1.580     1.880     2.091     2.486     3.070     4.833
 438.001     35997         0     35997           0.493     1.223     1.574     1.881     2.101     2.529     3.226     4.260
 439.001     35998         0     36000           0.477     1.191     1.536     1.858     2.095     2.513     3.068     4.219
 440.001     36002         0     36002           0.490     1.228     1.572     1.867     2.081     2.476     2.998     5.370
 441.001     35989         0     35989           0.490     1.170     1.540     1.861     2.088     2.513     3.097     4.219
 442.001     36003         0     36002           0.481     1.185     1.561     1.927     2.185     2.693     3.387     5.542
 443.001     36006         0     36003           0.492     1.191     1.549     1.854     2.074     2.466     3.002     3.910
 444.001     35998         0     36001           0.477     1.210     1.570     1.885     2.111     2.558     3.267     4.506
 445.001     36012         0     36012           0.484     1.188     1.564     1.907     2.146     2.613     3.273     5.009
 446.001     35993         0     35994           0.505     1.224     1.568     1.882     2.105     2.521     3.090     5.591
 447.001     36003         0     36001           0.492     1.195     1.558     1.868     2.088     2.501     3.025     4.049
 448.001     35995         0     35996           0.505     1.199     1.561     1.885     2.101     2.480     3.043     4.151
 449.001     35999         0     35999           0.510     1.180     1.537     1.841     2.058     2.456     3.033     4.030
 450.001     35990         0     35989           0.507     1.213     1.573     1.897     2.118     2.546     3.178     5.108
 451.001     36004         0     36005           0.516     1.245     1.584     1.895     2.111     2.550     3.191     4.682
 452.001     36006         0     36006           0.472     1.227     1.570     1.881     2.085     2.501     3.052     3.893
 453.001     35991         0     35988           0.510     1.251     1.598     1.933     2.165     2.656     3.336     4.874
 454.001     35990         0     35991           0.501     1.204     1.562     1.876     2.103     2.515     3.099     4.051
 455.001     36015         0     36018           0.484     1.245     1.597     1.917     2.152     2.587     3.279     4.985
 456.001     36004         0     36004           0.487     1.148     1.499     1.781     1.976     2.406     2.873     3.985
 457.001     36010         0     36008           0.459     1.183     1.540     1.839     2.066     2.494     3.183     4.057
 458.001     35985         0     35986           0.498     1.231     1.576     1.891     2.124     2.544     3.135     3.824
 459.001     36007         0     36008           0.515     1.213     1.558     1.845     2.050     2.458     3.127     4.751
 460.001     36001         0     35998           0.476     1.213     1.548     1.835     2.047     2.456     3.076     4.188
 461.001     35997         0     35999           0.500     1.206     1.562     1.876     2.103     2.511     3.113     3.971
 462.001     36001         0     36000           0.503     1.206     1.565     1.889     2.105     2.542     3.107     4.608
 463.001     35980         0     35981           0.481     1.183     1.554     1.887     2.128     2.554     3.213     4.432
 464.001     36018         0     36018           0.479     1.212     1.573     1.904     2.132     2.546     3.170     5.054
 465.001     36000         0     36001           0.510     1.193     1.561     1.893     2.120     2.544     3.189     4.053
 466.001     35999         0     35997           0.522     1.217     1.570     1.882     2.103     2.494     3.129     4.168
 467.001     36007         0     36009           0.510     1.151     1.511     1.829     2.049     2.458     3.119     6.267
 468.001     35999         0     35997           0.507     1.178     1.540     1.857     2.079     2.505     3.121     4.833
 469.001     35998         0     35998           0.514     1.268     1.621     1.949     2.185     2.628     3.324     4.944
 470.001     36001         0     36002           0.495     1.165     1.524     1.837     2.061     2.466     2.961     3.586
 471.001     35994         0     35993           0.496     1.200     1.547     1.846     2.065     2.488     3.060     4.641
 472.001     36005         0     36004           0.498     1.234     1.580     1.890     2.124     2.578     3.234     4.391
 473.001     35995         0     35997           0.495     1.209     1.560     1.866     2.088     2.494     3.064     4.313
 474.001     36006         0     36003           0.481     1.236     1.579     1.888     2.116     2.560     3.172     4.055
 475.001     36000         0     36004           0.505     1.221     1.575     1.891     2.107     2.525     3.052     3.799
 476.001     35993         0     35990           0.503     1.237     1.589     1.920     2.152     2.628     3.363     4.809
 477.001     36014         0     36018           0.482     1.211     1.566     1.872     2.097     2.503     3.047     4.317
 478.001     35997         0     35997           0.492     1.253     1.609     1.935     2.159     2.634     3.334     4.624
 479.001     36000         0     35999           0.485     1.206     1.561     1.864     2.087     2.517     3.162     4.477
 480.001     36000         0     36001           0.502     1.223     1.571     1.887     2.120     2.531     3.170     4.030
 481.001     35999         0     35997           0.474     1.206     1.566     1.883     2.111     2.529     3.140     4.387
 482.001     35995         0     35997           0.490     1.228     1.568     1.877     2.097     2.492     3.072     4.153
 483.001     35996         0     35996           0.508     1.295     1.627     1.964     2.195     2.691     3.596     4.809
 484.001     36006         0     36006           0.476     1.223     1.568     1.884     2.109     2.517     3.142     3.912
 485.001     35996         0     35995           0.502     1.240     1.588     1.915     2.154     2.601     3.617     4.706
 486.001     36006         0     36006           0.522     1.271     1.613     1.930     2.144     2.544     3.138     6.300
 487.001     36001         0     35998           0.474     1.167     1.519     1.822     2.032     2.419     2.929     4.207
 488.001     36005         0     36007           0.472     1.183     1.547     1.892     2.124     2.554     3.205     4.571
 489.001     35982         0     35983           0.486     1.212     1.570     1.890     2.118     2.521     3.181     5.087
 490.001     36003         0     36003           0.435     1.223     1.579     1.897     2.132     2.568     3.109     4.375
 491.001     36011         0     36010           0.505     1.254     1.602     1.915     2.134     2.535     3.105     3.801
 492.001     35993         0     35992           0.519     1.232     1.585     1.913     2.140     2.556     3.162     4.133
 493.001     35996         0     35998           0.519     1.208     1.555     1.857     2.071     2.480     3.176     4.198
 494.001     36009         0     36008           0.500     1.249     1.587     1.906     2.120     2.521     3.101     4.172
 495.001     35989         0     35989           0.489     1.190     1.536     1.842     2.054     2.454     3.127     3.828
 496.001     36005         0     36006           0.505     1.290     1.633     1.965     2.189     2.589     3.168     4.325
 497.001     36002         0     36001           0.495     1.214     1.561     1.864     2.083     2.509     3.062     4.313
 498.001     35996         0     35997           0.517     1.235     1.578     1.880     2.092     2.509     3.025     3.994
 499.001     36017         0     36016           0.518     1.222     1.581     1.921     2.144     2.552     3.103     4.190
 500.001     35987         0     35986           0.477     1.217     1.563     1.870     2.092     2.507     3.207     5.177
 501.001     35991         0     35993           0.515     1.226     1.582     1.893     2.107     2.513     3.131     4.403
 502.001     36006         0     36004           0.520     1.261     1.603     1.921     2.146     2.601     3.355     4.342
 503.001     36010         0     36012           0.512     1.196     1.544     1.859     2.076     2.503     3.230     5.603
 504.001     35996         0     35995           0.501     1.244     1.591     1.916     2.126     2.550     3.047     3.885
 505.001     36004         0     36005           0.466     1.230     1.572     1.867     2.079     2.511     3.807     6.279
 506.001     35989         0     35987           0.514     1.283     1.637     1.960     2.179     2.609     3.326     5.345
 507.001     35997         0     35998           0.521     1.202     1.558     1.871     2.094     2.529     3.242     5.140
 508.001     36009         0     36009           0.493     1.236     1.586     1.902     2.136     2.589     3.195     4.571
 509.001     35992         0     35988           0.506     1.264     1.609     1.926     2.144     2.558     3.076     3.912
 510.001     36010         0     36014           0.504     1.254     1.601     1.912     2.124     2.535     3.133     4.456
 511.001     36002         0     36002           0.501     1.245     1.589     1.885     2.101     2.509     3.066     4.665
 512.001     35995         0     35994           0.507     1.269     1.625     1.980     2.208     2.660     3.389     4.772
 513.001     35988         0     35988           0.488     1.277     1.621     1.947     2.169     2.660     3.504     4.473
 514.001     36001         0     36000           0.503     1.254     1.606     1.924     2.150     2.609     3.291     5.177
 515.001     36009         0     36009           0.510     1.236     1.587     1.918     2.142     2.548     3.178     4.522
 516.001     36012         0     36009           0.474     1.258     1.592     1.910     2.140     2.546     3.127     4.350
 517.001     35993         0     35995           0.491     1.260     1.616     1.953     2.183     2.646     3.314     4.301
 518.001     35993         0     35992           0.496     1.284     1.630     1.950     2.177     2.601     3.183     6.087
 519.001     36009         0     36009           0.524     1.220     1.571     1.884     2.107     2.494     2.986     4.108
 520.001     36001         0     36003           0.520     1.256     1.599     1.916     2.152     2.572     3.240     4.112
 521.001     35999         0     35999           0.509     1.272     1.629     1.977     2.210     2.650     3.336     5.439
 522.001     35997         0     35996           0.487     1.227     1.573     1.883     2.107     2.531     3.228     4.440
 523.001     36000         0     35999           0.487     1.253     1.619     1.961     2.195     2.650     3.412     5.018
 524.001     35997         0     35998           0.477     1.247     1.603     1.928     2.144     2.560     3.084     4.207
 525.001     35991         0     35991           0.499     1.253     1.604     1.916     2.124     2.540     3.066     4.321
 526.001     36004         0     36005           0.514     1.312     1.665     2.025     2.275     2.826     3.686     6.369
 527.001     35996         0     35996           0.521     1.220     1.573     1.886     2.118     2.546     3.310     7.238
 528.001     36006         0     36005           0.520     1.243     1.611     1.954     2.191     2.638     3.303     4.866
 529.001     35999         0     35999           0.494     1.314     1.678     2.054     2.306     2.863     3.840     5.505
 530.001     36008         0     36005           0.538     1.256     1.611     1.940     2.173     2.611     3.199     4.198
 531.001     35999         0     36002           0.495     1.217     1.560     1.872     2.094     2.501     3.133     4.669
 532.001     36001         0     35999           0.504     1.277     1.617     1.928     2.154     2.583     3.205     4.188
 533.001     35990         0     35994           0.506     1.236     1.584     1.900     2.116     2.511     3.181     4.090
 534.001     35996         0     35992           0.502     1.244     1.597     1.907     2.118     2.529     3.111     4.041
 535.001     36008         0     36012           0.486     1.269     1.621     1.940     2.161     2.599     3.303     4.665
 536.001     36003         0     36003           0.508     1.270     1.613     1.927     2.150     2.587     3.267     4.719
 537.001     36000         0     36000           0.528     1.260     1.604     1.921     2.132     2.564     3.234     4.415
 538.001     35994         0     35994           0.516     1.258     1.608     1.933     2.163     2.642     3.494     5.652
 539.001     36014         0     36015           0.523     1.261     1.606     1.925     2.140     2.558     3.174     4.542
 540.001     35991         0     35991           0.508     1.264     1.597     1.902     2.107     2.533     3.117     4.817
 541.001     35989         0     35988           0.524     1.247     1.592     1.907     2.142     2.552     3.162     4.858
 542.001     36023         0     36021           0.508     1.247     1.586     1.893     2.114     2.507     3.060     4.723
 543.001     35989         0     35992           0.500     1.277     1.626     1.962     2.195     2.654     3.457     5.145
 544.001     35993         0     35992           0.516     1.283     1.624     1.935     2.152     2.613     3.432     4.870
 545.001     36007         0     36007           0.535     1.283     1.630     1.967     2.214     2.671     3.373     5.825
 546.001     35999         0     36000           0.466     1.331     1.659     1.976     2.200     2.650     3.260     5.247
 547.001     35992         0     35991           0.518     1.247     1.588     1.888     2.107     2.527     3.320     4.456
 548.001     36016         0     36017           0.506     1.226     1.575     1.907     2.130     2.525     3.084     4.346
 549.001     35989         0     35990           0.513     1.323     1.671     2.019     2.249     2.710     3.492     5.353
 550.001     36016         0     36007           0.468     1.277     1.623     1.935     2.150     2.599     3.289     5.288
 551.001     35993         0     36002           0.502     1.270     1.622     1.955     2.185     2.623     3.258     5.345
 552.001     35996         0     35995           0.499     1.335     1.675     2.016     2.228     2.650     3.285     4.960
 553.001     35989         0     35989           0.516     1.257     1.610     1.925     2.146     2.556     3.140     4.190
 554.001     36009         0     36009           0.518     1.281     1.639     1.978     2.200     2.619     3.262     4.743
 555.001     36002         0     36002           0.541     1.304     1.633     1.946     2.161     2.583     3.146     5.079
 556.001     35990         0     35990           0.505     1.256     1.602     1.917     2.144     2.546     3.176     4.063
 557.001     36016         0     36015           0.488     1.250     1.598     1.915     2.134     2.523     3.052     4.313
 558.001     35996         0     35996           0.508     1.289     1.621     1.934     2.146     2.572     3.244     5.194
 559.001     35990         0     35991           0.500     1.240     1.589     1.914     2.142     2.527     3.043     4.510
 560.001     36008         0     36008           0.488     1.268     1.616     1.955     2.165     2.574     3.158     4.231
 561.001     35986         0     35985           0.495     1.238     1.583     1.892     2.103     2.527     3.109     4.592
 562.001     36008         0     36007           0.492     1.265     1.609     1.937     2.161     2.544     3.047     4.180
 563.001     36001         0     36001           0.499     1.233     1.586     1.906     2.124     2.546     3.095     4.309
 564.001     36006         0     36008           0.514     1.256     1.588     1.883     2.099     2.497     3.080     4.747
 565.001     35994         0     35992           0.473     1.244     1.586     1.891     2.114     2.527     3.019     4.112
 566.001     36003         0     36005           0.510     1.248     1.591     1.900     2.126     2.540     3.164     4.248
 567.001     36011         0     36009           0.509     1.270     1.606     1.924     2.167     2.626     3.383     4.538
 568.001     35988         0     35986           0.514     1.243     1.594     1.908     2.130     2.556     3.160     5.210
 569.001     35998         0     36002           0.478     1.293     1.660     2.041     2.290     2.793     3.617     6.648
 570.001     36012         0     36012           0.513     1.255     1.627     1.978     2.214     2.664     3.326     5.894
 571.001     35995         0     35995           0.513     1.203     1.562     1.892     2.120     2.523     3.090     4.123
 572.001     35990         0     35985           0.498     1.286     1.614     1.930     2.157     2.574     3.148     4.155
 573.001     36007         0     36006           0.510     1.260     1.614     1.960     2.206     2.701     3.480     5.177
 574.001     36006         0     36011           0.536     1.314     1.657     2.003     2.238     2.720     3.650     5.870
 575.001     35995         0     35995           0.490     1.225     1.573     1.892     2.114     2.537     3.135     4.604
 576.001     35998         0     35998           0.514     1.289     1.627     1.955     2.173     2.597     3.150     4.313
 577.001     35995         0     35995           0.509     1.233     1.575     1.864     2.083     2.517     3.193     3.985
 578.001     36004         0     36004           0.468     1.239     1.586     1.891     2.111     2.552     3.164     4.436
 579.001     36004         0     36003           0.505     1.255     1.610     1.918     2.138     2.587     3.334     4.813
 580.001     35996         0     35996           0.506     1.245     1.592     1.920     2.142     2.548     3.117     4.223
 581.001     36000         0     36001           0.516     1.247     1.606     1.946     2.169     2.591     3.195     4.465
 582.001     35999         0     35999           0.509     1.239     1.593     1.923     2.142     2.597     3.273     4.465
 583.001     36004         0     36004           0.503     1.275     1.617     1.933     2.159     2.564     3.174     4.004
 584.001     36007         0     36006           0.499     1.220     1.572     1.903     2.138     2.564     3.342     5.079
 585.001     35999         0     36001           0.499     1.211     1.554     1.853     2.067     2.454     3.043     4.592
 586.001     36001         0     36001           0.507     1.295     1.638     1.969     2.195     2.593     3.162     4.383
 587.001     35999         0     35997           0.509     1.273     1.622     1.960     2.181     2.613     3.305     5.517
 588.001     35992         0     35993           0.513     1.209     1.568     1.877     2.105     2.521     3.156     4.436
 589.001     35999         0     35997           0.498     1.278     1.627     1.962     2.187     2.611     3.289     4.850
 590.001     35991         0     35992           0.522     1.226     1.582     1.902     2.114     2.540     3.129     4.420
 591.001     36017         0     36017           0.515     1.208     1.560     1.850     2.065     2.482     3.070     4.164
 592.001     35994         0     35995           0.476     1.246     1.615     1.969     2.226     2.683     3.449     4.567
 593.001     36007         0     36007           0.530     1.222     1.577     1.916     2.140     2.552     3.174     3.801
 594.001     35996         0     35995           0.502     1.275     1.653     2.037     2.277     2.726     3.428     4.997
 595.001     36007         0     36009           0.492     1.220     1.589     1.923     2.157     2.601     3.191     4.301
 596.001     35999         0     35999           0.506     1.239     1.596     1.923     2.152     2.572     3.117     4.162
 597.001     35996         0     35992           0.521     1.239     1.582     1.880     2.099     2.494     3.019     3.916
 598.001     35997         0     36001           0.506     1.249     1.585     1.887     2.116     2.533     3.043     4.057
 599.001     36006         0     36003           0.484     1.215     1.573     1.898     2.130     2.523     3.043     3.770
 600.001     35993         0     35994           0.513     1.292     1.638     1.965     2.193     2.613     3.318     4.850
 601.001     36006         0     36007           0.520     1.264     1.615     1.958     2.212     2.644     3.340     4.624
 602.001     35993         0     35994           0.529     1.260     1.615     1.957     2.189     2.609     3.348     6.279
 603.001     35993         0     35993           0.510     1.247     1.598     1.942     2.171     2.583     3.183     4.657
 604.001     36010         0     36010           0.521     1.311     1.648     1.994     2.218     2.664     3.330     4.719
 605.001     35994         0     35994           0.513     1.253     1.608     1.932     2.165     2.578     3.107     4.061
 606.001     36006         0     36007           0.506     1.318     1.656     1.989     2.222     2.656     3.320     5.607
 607.001     35993         0     35992           0.498     1.200     1.550     1.871     2.095     2.511     3.045     4.641
 608.001     36011         0     36012           0.510     1.278     1.634     2.000     2.222     2.642     3.258     4.420
 609.001     35997         0     35996           0.462     1.197     1.555     1.870     2.099     2.492     3.074     4.870
 610.001     36001         0     36002           0.507     1.217     1.583     1.937     2.171     2.583     3.219     4.747
 611.001     36000         0     36000           0.542     1.331     1.687     2.043     2.279     2.710     3.367     5.267
 612.001     36000         0     36000           0.524     1.213     1.558     1.851     2.071     2.499     3.113     3.953
 613.001     35995         0     35997           0.522     1.316     1.663     2.022     2.261     2.720     3.418     4.502
 614.001     35992         0     35991           0.508     1.334     1.664     1.999     2.222     2.671     3.234     4.723
 615.001     36006         0     36007           0.516     1.234     1.575     1.884     2.105     2.529     3.092     4.567
 616.001     36010         0     36008           0.492     1.267     1.607     1.924     2.138     2.572     3.344     8.053
 617.001     35991         0     35993           0.502     1.306     1.654     2.018     2.257     2.726     3.359     5.263
 618.001     36002         0     36001           0.486     1.248     1.586     1.894     2.111     2.521     3.162     4.024
 619.001     36004         0     36003           0.520     1.270     1.611     1.928     2.148     2.564     3.049     5.526
 620.001     35993         0     35994           0.524     1.269     1.608     1.943     2.173     2.599     3.135     4.743
 621.001     36003         0     36003           0.499     1.257     1.612     1.948     2.177     2.597     3.133     5.059
 622.001     36005         0     36005           0.508     1.238     1.587     1.910     2.146     2.548     3.103     4.497
 623.001     36003         0     36003           0.517     1.240     1.595     1.927     2.146     2.540     3.072     5.337
 624.001     35991         0     35990           0.524     1.249     1.605     1.942     2.181     2.599     3.129     4.280
 625.001     36007         0     36007           0.522     1.278     1.618     1.967     2.206     2.658     3.420     5.210
 626.001     35993         0     35995           0.508     1.279     1.641     2.005     2.263     2.787     3.533     4.772
 627.001     36000         0     36000           0.513     1.237     1.589     1.903     2.132     2.552     3.148     5.046
 628.001     36015         0     36014           0.509     1.295     1.627     1.944     2.171     2.613     3.222     4.268
 629.001     35990         0     35991           0.501     1.264     1.609     1.954     2.191     2.597     3.209     4.456
 630.001     35998         0     35995           0.511     1.248     1.607     1.937     2.171     2.558     3.195     4.172
 631.001     36001         0     36003           0.486     1.252     1.593     1.914     2.126     2.550     3.103     4.243
 632.001     35998         0     35996           0.492     1.267     1.608     1.918     2.159     2.597     3.334     5.140
 633.001     35977         0     35981           0.505     1.289     1.629     1.956     2.187     2.632     3.228     4.057
 634.001     36025         0     36025           0.522     1.267     1.603     1.923     2.157     2.560     3.178     4.024
 635.001     36004         0     36003           0.502     1.285     1.637     1.994     2.222     2.666     3.328     5.272
 636.001     35993         0     35993           0.527     1.297     1.626     1.955     2.179     2.589     3.195     4.731
 637.001     36010         0     36008           0.472     1.291     1.646     1.993     2.224     2.664     3.301     4.899
 638.001     35999         0     36002           0.518     1.232     1.582     1.898     2.120     2.533     3.039     4.147
 639.001     35988         0     35988           0.504     1.274     1.633     1.993     2.220     2.662     3.301     5.394
 640.001     36004         0     36002           0.507     1.242     1.596     1.943     2.177     2.585     3.099     4.112
 641.001     35988         0     35989           0.523     1.247     1.622     2.005     2.247     2.728     3.478     5.263
 642.001     36007         0     36007           0.510     1.298     1.655     1.996     2.226     2.666     3.246     4.899
 643.001     36007         0     36005           0.513     1.247     1.593     1.913     2.138     2.527     3.142     4.147
 644.001     35992         0     35993           0.511     1.241     1.596     1.935     2.165     2.599     3.183     4.264
 645.001     36001         0     36002           0.514     1.272     1.618     1.950     2.183     2.609     3.170     4.575
 646.001     36005         0     36006           0.508     1.266     1.623     1.972     2.202     2.587     3.164     5.247
 647.001     36011         0     36007           0.511     1.280     1.631     1.972     2.202     2.589     3.138     4.571
 648.001     35983         0     35987           0.519     1.270     1.620     1.957     2.200     2.621     3.242     3.992
 649.001     36008         0     36005           0.490     1.237     1.582     1.895     2.120     2.529     3.105     6.226
 650.001     35994         0     35996           0.535     1.302     1.648     1.982     2.204     2.644     3.199     4.338
 651.001     36002         0     36002           0.511     1.252     1.589     1.897     2.120     2.544     3.031     4.448
 652.001     36003         0     36003           0.526     1.278     1.630     1.981     2.220     2.710     3.430     5.345
 653.001     36008         0     36008           0.520     1.315     1.650     1.979     2.202     2.601     3.291     4.841
 654.001     35992         0     35991           0.485     1.250     1.584     1.887     2.116     2.533     3.195     3.848
 655.001     36003         0     36004           0.510     1.257     1.594     1.916     2.130     2.525     3.123     4.723
 656.001     35987         0     35987           0.528     1.303     1.631     1.953     2.171     2.562     3.152     3.901
 657.001     36010         0     36010           0.531     1.298     1.649     2.000     2.247     2.714     3.645    10.224
 658.001     35994         0     35993           0.494     1.282     1.621     1.938     2.173     2.599     3.279     4.227
 659.001     35998         0     35999           0.530     1.298     1.648     1.999     2.236     2.656     3.410     5.198
 660.001     36006         0     36004           0.536     1.263     1.613     1.952     2.187     2.636     3.385     4.575
 661.001     35998         0     36000           0.511     1.310     1.639     1.951     2.183     2.570     3.228     4.497
 662.001     36010         0     36010           0.482     1.265     1.613     1.948     2.175     2.580     3.293     6.889
 663.001     35992         0     35993           0.536     1.329     1.665     1.990     2.218     2.644     3.293     4.407
 664.001     36005         0     36005           0.511     1.349     1.703     2.085     2.320     2.773     3.500     4.755
 665.001     36006         0     36006           0.463     1.307     1.642     1.980     2.212     2.669     3.592     8.585
 666.001     35984         0     35983           0.506     1.326     1.670     2.031     2.265     2.701     3.379     5.165
 667.001     36008         0     36009           0.537     1.340     1.678     2.038     2.281     2.763     3.592     5.222
 668.001     36002         0     36001           0.480     1.319     1.660     1.986     2.202     2.640     3.172     3.836
 669.001     35998         0     35998           0.519     1.290     1.635     1.979     2.204     2.589     3.043     3.889
 670.001     35994         0     35994           0.462     1.338     1.698     2.074     2.304     2.720     3.348     4.297
 671.001     36002         0     36002           0.526     1.315     1.664     2.017     2.251     2.689     3.361     4.903
 672.001     36000         0     36000           0.526     1.361     1.717     2.101     2.329     2.767     3.482     5.554
 673.001     36003         0     36003           0.500     1.346     1.694     2.065     2.296     2.726     3.428     5.009
 674.001     35994         0     35992           0.513     1.299     1.646     1.982     2.208     2.628     3.219     4.833
 675.001     36002         0     36001           0.522     1.305     1.660     2.028     2.271     2.736     3.394     5.603
 676.001     35995         0     35995           0.501     1.297     1.651     2.014     2.259     2.748     3.480     4.649
 677.001     35996         0     36000           0.521     1.268     1.624     1.976     2.212     2.664     3.305     4.702
 678.001     36011         0     36011           0.520     1.286     1.646     2.003     2.243     2.685     3.355     4.674
 679.001     36003         0     35998           0.537     1.313     1.645     1.975     2.214     2.664     3.500     5.067
 680.001     35989         0     35994           0.491     1.269     1.619     1.979     2.214     2.613     3.166     4.936
 681.001     36002         0     36002           0.505     1.283     1.619     1.951     2.191     2.615     3.434     5.624
 682.001     36010         0     36010           0.513     1.326     1.691     2.077     2.322     2.777     3.504     5.059
 683.001     36002         0     36000           0.508     1.284     1.637     1.987     2.226     2.636     3.174     4.624
 684.001     36002         0     36002           0.506     1.308     1.658     2.010     2.245     2.689     3.439     5.759
 685.001     36003         0     36005           0.516     1.310     1.646     1.992     2.226     2.669     3.265     4.772
 686.001     35997         0     35995           0.491     1.249     1.604     1.945     2.193     2.679     3.371     6.226
 687.001     35999         0     36001           0.523     1.254     1.594     1.920     2.154     2.583     3.121     4.116
 688.001     36006         0     36006           0.525     1.287     1.634     1.964     2.191     2.601     3.158     4.030
 689.001     35981         0     35981           0.492     1.246     1.595     1.923     2.159     2.591     3.344     7.725
 690.001     36008         0     36006           0.510     1.281     1.613     1.937     2.159     2.572     3.246     4.172
 691.001     36000         0     36001           0.527     1.323     1.658     1.995     2.212     2.628     3.215     4.403
 692.001     36007         0     36005           0.485     1.276     1.615     1.954     2.187     2.630     3.185     4.481
 693.001     36001         0     36001           0.520     1.264     1.614     1.937     2.181     2.611     3.199     4.661
 694.001     35983         0     35985           0.507     1.322     1.678     2.052     2.281     2.742     3.463     4.657
 695.001     36017         0     36016           0.508     1.336     1.705     2.087     2.333     2.822     3.602     5.517
 696.001     35989         0     35988           0.519     1.235     1.588     1.924     2.154     2.611     3.117     4.534
 697.001     36009         0     36010           0.510     1.334     1.668     2.011     2.251     2.722     3.449     5.702
 698.001     35993         0     35992           0.503     1.274     1.612     1.939     2.177     2.595     3.176     5.841
 699.001     36006         0     36007           0.511     1.294     1.637     1.983     2.226     2.726     3.510     5.251
 700.001     35992         0     35992           0.492     1.294     1.631     1.959     2.202     2.638     3.236     4.997
 701.001     35991         0     35990           0.520     1.295     1.641     1.986     2.216     2.666     3.439     5.001
 702.001     35993         0     35993           0.489     1.256     1.615     1.955     2.189     2.617     3.289     4.375
 703.001     36019         0     36019           0.507     1.310     1.672     2.061     2.298     2.763     3.461     5.100
 704.001     35990         0     35990           0.509     1.291     1.633     1.976     2.222     2.656     3.246     4.186
 705.001     36018         0     36019           0.504     1.275     1.623     1.974     2.212     2.623     3.176     4.973
 706.001     35983         0     35983           0.516     1.320     1.670     2.036     2.273     2.705     3.443     4.375
 707.001     35991         0     35991           0.498     1.223     1.594     1.959     2.212     2.636     3.344     5.075
 708.001     36021         0     36020           0.526     1.260     1.615     1.977     2.228     2.675     3.373     4.518
 709.001     35992         0     35991           0.511     1.263     1.612     1.947     2.181     2.585     3.162     4.891
 710.001     36003         0     36004           0.506     1.242     1.609     1.966     2.208     2.642     3.166     4.383
 711.001     36004         0     36004           0.542     1.271     1.610     1.936     2.161     2.578     3.160     4.952
 712.001     35987         0     35987           0.531     1.297     1.652     2.011     2.249     2.654     3.371     4.743
 713.001     36014         0     36013           0.492     1.258     1.608     1.937     2.161     2.595     3.168     4.399
 714.001     36009         0     36009           0.508     1.271     1.612     1.936     2.173     2.599     3.271     4.321
 715.001     35990         0     35991           0.510     1.300     1.645     1.987     2.214     2.628     3.181     4.551
 716.001     36002         0     36000           0.509     1.285     1.639     1.992     2.245     2.726     3.572     5.333
 717.001     35997         0     35999           0.515     1.269     1.619     1.969     2.204     2.630     3.224     4.012
 718.001     35999         0     35999           0.516     1.277     1.629     1.972     2.224     2.691     3.424     5.296
 719.001     36003         0     36003           0.468     1.303     1.647     1.987     2.222     2.681     3.305     4.772
 720.001     36000         0     36000           0.517     1.264     1.601     1.914     2.144     2.558     3.183     4.276
 721.001     36002         0     36003           0.499     1.308     1.644     1.971     2.195     2.679     3.301     4.362
 722.001     35991         0     35991           0.500     1.229     1.569     1.875     2.105     2.515     3.035     3.951
 723.001     36008         0     36007           0.489     1.302     1.638     1.985     2.226     2.648     3.258     4.604
 724.001     36001         0     35998           0.532     1.256     1.615     1.959     2.202     2.646     3.361     5.190
 725.001     35993         0     35995           0.502     1.338     1.686     2.053     2.292     2.724     3.480     4.788
 726.001     36000         0     36001           0.507     1.341     1.704     2.094     2.339     2.806     3.578     5.636
 727.001     36000         0     35999           0.527     1.249     1.601     1.942     2.179     2.634     3.308     4.518
 728.001     36012         0     36015           0.496     1.304     1.675     2.086     2.333     2.793     3.518     4.936
 729.001     35985         0     35983           0.500     1.293     1.641     2.025     2.281     2.726     3.449     5.394
 730.001     36007         0     36009           0.525     1.227     1.574     1.902     2.150     2.570     3.154     4.624
 731.001     36000         0     36000           0.492     1.293     1.642     2.013     2.249     2.693     3.351     4.301
 732.001     35994         0     35993           0.494     1.336     1.686     2.049     2.294     2.744     3.459     4.993
 733.001     35995         0     35994           0.506     1.265     1.615     1.952     2.189     2.617     3.275     5.153
 734.001     36011         0     36012           0.507     1.291     1.644     1.987     2.234     2.693     3.379     4.710
 735.001     36002         0     36001           0.488     1.348     1.690     2.063     2.314     2.791     3.512     4.977
 736.001     35995         0     35995           0.492     1.303     1.646     1.985     2.220     2.673     3.455     5.259
 737.001     35999         0     35999           0.516     1.295     1.640     1.981     2.212     2.654     3.355     4.248
 738.001     36009         0     36007           0.527     1.226     1.578     1.907     2.152     2.568     3.156     4.657
 739.001     35993         0     35994           0.515     1.327     1.666     2.007     2.238     2.669     3.324     4.583
 740.001     36005         0     36005           0.481     1.251     1.591     1.913     2.150     2.560     3.135     4.440
 741.001     36004         0     36003           0.527     1.208     1.542     1.832     2.061     2.474     3.027     4.248
 742.001     36002         0     36002           0.516     1.299     1.642     1.991     2.236     2.646     3.224     5.128
 743.001     35994         0     35995           0.524     1.292     1.636     1.989     2.232     2.671     3.285     5.059
 744.001     36003         0     36003           0.511     1.217     1.573     1.922     2.165     2.572     3.303     6.930
 745.001     36000         0     35999           0.505     1.258     1.616     1.997     2.234     2.664     3.357     5.464
 746.001     35986         0     35987           0.535     1.303     1.644     1.994     2.238     2.689     3.320     4.334
 747.001     36009         0     36009           0.545     1.281     1.634     1.983     2.222     2.679     3.582     4.956
 748.001     36002         0     36003           0.538     1.269     1.618     1.952     2.191     2.607     3.232     4.096
 749.001     36002         0     36002           0.505     1.306     1.657     2.021     2.259     2.681     3.301     4.661
 750.001     35994         0     35994           0.524     1.284     1.622     1.946     2.183     2.611     3.344     4.665
 751.001     36006         0     36005           0.515     1.309     1.656     2.013     2.255     2.707     3.432     5.435
 752.001     35999         0     36000           0.499     1.258     1.612     1.959     2.193     2.601     3.236     4.194
 753.001     35993         0     35993           0.521     1.273     1.614     1.948     2.183     2.593     3.209     4.555
 754.001     36006         0     36005           0.508     1.310     1.660     2.035     2.265     2.703     3.379     4.198
 755.001     35999         0     36000           0.507     1.290     1.631     1.985     2.228     2.716     3.615     5.992
 756.001     35991         0     35991           0.510     1.285     1.636     2.003     2.245     2.718     3.398     4.854
 757.001     36004         0     36004           0.505     1.321     1.675     2.058     2.298     2.785     3.795     5.067
 758.001     36012         0     36012           0.525     1.236     1.588     1.922     2.159     2.540     3.109     4.215
 759.001     35986         0     35985           0.529     1.276     1.636     2.013     2.247     2.662     3.336     5.079
 760.001     36003         0     36003           0.534     1.271     1.631     1.993     2.222     2.634     3.203     4.260
 761.001     36001         0     36002           0.510     1.294     1.647     2.023     2.263     2.697     3.359     4.370
 762.001     36003         0     35999           0.532     1.266     1.613     1.958     2.195     2.615     3.166     4.870
 763.001     36000         0     36004           0.517     1.260     1.613     1.975     2.214     2.613     3.209     4.211
 764.001     35999         0     36000           0.507     1.296     1.649     2.010     2.241     2.681     3.295     4.211
 765.001     36009         0     36007           0.508     1.238     1.594     1.946     2.191     2.619     3.361     4.432
 766.001     35995         0     35996           0.507     1.272     1.626     1.981     2.228     2.691     3.377     5.296
 767.001     35997         0     35998           0.499     1.306     1.676     2.084     2.335     2.839     3.721     6.418
 768.001     36009         0     36009           0.511     1.207     1.560     1.908     2.161     2.552     3.138     4.235
 769.001     35993         0     35992           0.490     1.242     1.614     1.971     2.216     2.646     3.213     4.878
 770.001     35987         0     35988           0.524     1.277     1.628     1.978     2.212     2.597     3.111     4.049
 771.001     36003         0     36003           0.499     1.266     1.607     1.917     2.142     2.542     3.039     3.881
 772.001     36010         0     36008           0.491     1.249     1.603     1.942     2.187     2.648     3.342     5.067
 773.001     35988         0     35991           0.516     1.286     1.613     1.923     2.142     2.537     3.052     4.000
 774.001     36014         0     36012           0.506     1.249     1.612     1.988     2.238     2.654     3.201     4.059
 775.001     35995         0     35996           0.503     1.278     1.632     1.982     2.220     2.693     3.455     5.374
 776.001     35997         0     35997           0.502     1.278     1.621     1.954     2.193     2.660     3.361     5.190
 777.001     36006         0     36006           0.521     1.300     1.646     2.010     2.265     2.804     3.703     6.222
 778.001     36007         0     36007           0.524     1.297     1.645     1.994     2.245     2.714     3.381     4.661
 779.001     35988         0     35988           0.503     1.262     1.605     1.928     2.154     2.583     3.215     4.178
 780.001     36001         0     36000           0.543     1.300     1.639     1.981     2.218     2.662     3.361     4.645
 781.001     35998         0     35999           0.504     1.298     1.629     1.957     2.187     2.619     3.183     4.755
 782.001     36008         0     36006           0.503     1.248     1.599     1.937     2.169     2.599     3.238     4.473
 783.001     35996         0     35996           0.523     1.267     1.633     2.017     2.249     2.638     3.287     4.714
 784.001     36002         0     36003           0.513     1.270     1.622     1.968     2.212     2.640     3.254     4.665
 785.001     36011         0     36006           0.480     1.297     1.652     2.010     2.255     2.728     3.564     4.895
 786.001     35989         0     35993           0.517     1.296     1.640     1.989     2.236     2.712     3.412     5.702
 787.001     35996         0     35997           0.516     1.268     1.622     1.981     2.232     2.675     3.299     5.345
 788.001     36004         0     36005           0.468     1.326     1.668     2.026     2.265     2.699     3.338     4.952
 789.001     35996         0     35995           0.517     1.252     1.597     1.922     2.163     2.580     3.138     4.768
 790.001     36002         0     36000           0.510     1.284     1.629     1.967     2.202     2.628     3.281     5.308
 791.001     35995         0     35998           0.482     1.361     1.708     2.094     2.331     2.755     3.492     5.382
 792.001     36011         0     36009           0.507     1.312     1.669     2.042     2.273     2.689     3.277     4.129
 793.001     35996         0     35995           0.494     1.296     1.645     2.013     2.251     2.669     3.273     4.276
 794.001     35996         0     35997           0.514     1.333     1.690     2.082     2.320     2.744     3.543     5.267
 795.001     36004         0     36004           0.502     1.334     1.669     2.014     2.245     2.677     3.346     4.424
 796.001     36004         0     36004           0.518     1.294     1.636     1.991     2.222     2.644     3.373     4.784
 797.001     35977         0     35979           0.526     1.329     1.722     2.169     2.460     3.125     4.227     6.918
 798.001     36004         0     36002           0.499     1.305     1.646     1.985     2.204     2.662     3.424     5.198
 799.001     36018         0     36018           0.471     1.262     1.617     1.975     2.214     2.640     3.297     4.045
 800.001     35990         0     35989           0.529     1.273     1.610     1.929     2.154     2.587     3.138     4.481
 801.001     36001         0     36004           0.517     1.338     1.681     2.032     2.263     2.697     3.316     5.665
 802.001     36014         0     36014           0.518     1.306     1.641     1.967     2.202     2.609     3.250     4.567
 803.001     35996         0     35996           0.505     1.228     1.572     1.883     2.116     2.537     3.140     4.919
 804.001     35998         0     35995           0.498     1.315     1.641     1.986     2.206     2.621     3.181     4.180
 805.001     35994         0     35995           0.497     1.319     1.655     1.994     2.226     2.634     3.328     4.538
 806.001     36006         0     36007           0.516     1.253     1.602     1.936     2.175     2.580     3.144     4.616
 807.001     36001         0     35999           0.528     1.309     1.661     2.019     2.259     2.669     3.320     4.620
 808.001     35980         0     35982           0.519     1.277     1.622     1.985     2.226     2.644     3.238     4.813
 809.001     36018         0     36016           0.486     1.267     1.621     1.966     2.214     2.611     3.162     4.432
 810.001     35991         0     35993           0.509     1.299     1.640     1.993     2.226     2.648     3.213     4.579
 811.001     36009         0     36008           0.493     1.286     1.622     1.928     2.150     2.542     3.092     4.227
 812.001     36001         0     36000           0.507     1.256     1.617     1.980     2.222     2.634     3.394     5.833
 813.001     35988         0     35989           0.515     1.292     1.633     1.995     2.226     2.654     3.312     4.575
 814.001     36012         0     36011           0.492     1.270     1.614     1.974     2.202     2.623     3.234     4.555
 815.001     35995         0     35996           0.517     1.357     1.696     2.073     2.312     2.781     3.580     4.719
 816.001     36004         0     36003           0.498     1.282     1.634     1.986     2.230     2.707     3.846     7.074
 817.001     35999         0     36001           0.504     1.300     1.640     1.983     2.218     2.685     3.443     4.645
 818.001     36004         0     36004           0.509     1.330     1.669     2.014     2.241     2.693     3.426     4.727
 819.001     35995         0     35994           0.536     1.328     1.666     1.997     2.228     2.675     3.336     4.588
 820.001     36003         0     36004           0.522     1.271     1.627     1.966     2.210     2.693     3.498     6.435
 821.001     36001         0     36000           0.531     1.332     1.667     2.019     2.259     2.728     3.799     7.201
 822.001     35996         0     35993           0.522     1.294     1.640     1.974     2.214     2.664     3.285     4.579
 823.001     36000         0     36004           0.489     1.264     1.609     1.938     2.179     2.613     3.246     4.620
 824.001     36003         0     36001           0.519     1.302     1.638     1.981     2.218     2.636     3.205     4.538
 825.001     36002         0     36002           0.506     1.271     1.619     1.961     2.189     2.636     3.371     4.772
 826.001     35977         0     35978           0.502     1.299     1.648     2.016     2.251     2.632     3.129     4.620
 827.001     36026         0     36027           0.511     1.295     1.631     1.959     2.187     2.593     3.150     4.293
 828.001     35994         0     35992           0.528     1.260     1.596     1.926     2.163     2.554     3.062     4.090
 829.001     35993         0     35993           0.511     1.293     1.645     2.001     2.236     2.654     3.332     4.502
 830.001     36006         0     36007           0.510     1.287     1.629     1.967     2.208     2.650     3.303     5.980
 831.001     35994         0     35994           0.476     1.262     1.620     1.971     2.198     2.574     3.078     4.135
 832.001     36000         0     36000           0.487     1.329     1.664     2.016     2.247     2.671     3.236     4.506
 833.001     36002         0     36001           0.545     1.277     1.625     1.957     2.202     2.623     3.119     5.042
 834.001     36009         0     36010           0.486     1.283     1.636     1.992     2.243     2.748     3.717     5.382
 835.001     35991         0     35991           0.483     1.321     1.652     1.982     2.216     2.642     3.213     4.690
 836.001     36011         0     36006           0.508     1.310     1.660     2.033     2.279     2.712     3.363     4.710
 837.001     36000         0     36005           0.488     1.258     1.615     1.979     2.230     2.685     3.328     4.477
 838.001     35986         0     35986           0.479     1.271     1.613     1.950     2.185     2.615     3.156     4.674
 839.001     36005         0     36004           0.538     1.306     1.648     2.000     2.234     2.691     3.396     8.126
 840.001     36006         0     36007           0.509     1.269     1.626     1.995     2.238     2.685     3.269     4.854
 841.001     35995         0     35989           0.495     1.226     1.584     1.938     2.177     2.574     3.133     4.420
 842.001     35993         0     35998           0.519     1.306     1.652     2.011     2.236     2.630     3.228     4.526
 843.001     36004         0     36003           0.509     1.309     1.648     1.998     2.234     2.660     3.260     4.792
 844.001     36007         0     36008           0.506     1.258     1.605     1.929     2.177     2.603     3.213     4.071
 845.001     35989         0     35987           0.527     1.334     1.699     2.090     2.349     2.890     3.680     5.038
 846.001     35995         0     35996           0.449     1.299     1.648     2.026     2.269     2.726     3.731     5.632
 847.001     36016         0     36015           0.501     1.221     1.586     1.973     2.222     2.603     3.105     5.485
 848.001     35986         0     35986           0.511     1.296     1.652     2.004     2.251     2.712     3.359     4.710
 849.001     36003         0     36005           0.485     1.260     1.613     1.976     2.210     2.646     3.215     4.235
 850.001     36012         0     36011           0.522     1.302     1.663     2.054     2.298     2.757     3.348     5.284
 851.001     35995         0     35996           0.530     1.306     1.654     2.008     2.236     2.642     3.199     4.403
 852.001     36000         0     36000           0.530     1.375     1.743     2.130     2.374     2.877     3.684     6.205
 853.001     36006         0     36005           0.498     1.304     1.658     2.029     2.273     2.742     3.496     5.112
 854.001     36001         0     36001           0.512     1.257     1.603     1.920     2.146     2.564     3.140     4.723
 855.001     35980         0     35978           0.503     1.297     1.650     2.012     2.269     2.726     3.502     5.497
 856.001     36006         0     36008           0.514     1.319     1.679     2.079     2.329     2.857     4.192     9.789
 857.001     36009         0     36008           0.502     1.260     1.623     1.982     2.216     2.642     3.619     5.186
 858.001     36005         0     36006           0.530     1.275     1.633     1.992     2.222     2.662     3.303     4.370
 859.001     35996         0     35995           0.488     1.282     1.642     2.011     2.255     2.669     3.389     4.731
 860.001     35963         0     35964           0.526     1.283     1.646     2.030     2.316     2.970     4.645     6.119
 861.001     36044         0     36042           0.532     1.321     1.702     2.165     2.470     3.469     4.846     5.943
 862.001     35994         0     35993           0.502     1.292     1.658     2.061     2.353     3.183     6.050     9.183
 863.001     35994         0     35995           0.504     1.331     1.672     2.039     2.286     2.736     3.338     4.518
 864.001     36007         0     36008           0.520     1.234     1.603     1.982     2.257     2.882     9.216    24.003
 865.001     35989         0     35988           0.490     1.311     1.694     2.116     2.408     3.207    15.639    23.118
 866.001     35997         0     35996           0.517     1.303     1.647     2.005     2.234     2.658     3.342     4.981
 867.001     36010         0     36011           0.511     1.248     1.611     1.964     2.206     2.646     3.262     4.184
 868.001     36007         0     36008           0.505     1.277     1.641     2.036     2.294     2.775     3.471     5.972
 869.001     35999         0     35997           0.511     1.280     1.628     1.980     2.216     2.621     3.195     4.485
 870.001     35998         0     35999           0.532     1.336     1.699     2.090     2.324     2.742     3.353     5.448
 871.001     35999         0     35997           0.483     1.270     1.604     1.915     2.154     2.564     3.181     4.354
 872.001     35992         0     35994           0.495     1.294     1.645     1.997     2.243     2.701     3.533     5.292
 873.001     36009         0     36008           0.506     1.336     1.689     2.082     2.329     2.804     3.559     5.100
 874.001     35991         0     35992           0.494     1.273     1.634     2.000     2.247     2.677     3.277     5.226
 875.001     35991         0     35991           0.503     1.283     1.639     2.001     2.249     2.687     3.420     6.267
 876.001     36012         0     36013           0.494     1.312     1.650     1.985     2.218     2.658     3.385     4.784
 877.001     36008         0     36007           0.493     1.287     1.653     2.034     2.284     2.703     3.379     4.952
 878.001     35982         0     35983           0.524     1.342     1.692     2.073     2.310     2.763     3.492     4.784
 879.001     36012         0     36012           0.543     1.211     1.546     1.849     2.091     2.515     3.011     4.014
 880.001     36000         0     35999           0.499     1.326     1.676     2.051     2.288     2.699     3.486     5.394
 881.001     35991         0     35991           0.486     1.293     1.640     1.992     2.228     2.654     3.211     4.751
 882.001     36015         0     36016           0.504     1.280     1.632     1.981     2.214     2.638     3.213     4.526
 883.001     35998         0     35999           0.453     1.323     1.662     2.025     2.257     2.691     3.316     4.981
 884.001     35993         0     35992           0.500     1.306     1.640     1.989     2.214     2.646     3.320     5.939
 885.001     36008         0     36009           0.516     1.252     1.598     1.942     2.193     2.613     3.178     4.772
 886.001     35995         0     35994           0.512     1.322     1.661     2.013     2.249     2.666     3.332     4.764
 887.001     35994         0     35994           0.519     1.287     1.629     1.964     2.202     2.630     3.199     4.231
 888.001     36011         0     36011           0.497     1.297     1.637     1.973     2.214     2.642     3.342     5.186
 889.001     35994         0     35995           0.526     1.313     1.647     1.971     2.200     2.650     3.289     5.272
 890.001     36000         0     36000           0.506     1.279     1.620     1.934     2.171     2.599     3.191     3.803
 891.001     35999         0     35998           0.496     1.306     1.646     1.991     2.218     2.611     3.195     4.219
 892.001     36008         0     36009           0.490     1.318     1.665     2.028     2.259     2.703     3.312     5.865
 893.001     35991         0     35991           0.536     1.272     1.619     1.963     2.208     2.650     3.299     4.575
 894.001     36004         0     36003           0.504     1.343     1.678     2.037     2.259     2.693     3.346     4.563
 895.001     36002         0     36002           0.494     1.258     1.613     1.952     2.183     2.634     3.400     4.399
 896.001     35995         0     35997           0.492     1.276     1.620     1.954     2.191     2.632     3.267     4.669
 897.001     35993         0     35991           0.502     1.298     1.655     2.023     2.277     2.707     3.301     4.223
 898.001     36010         0     36012           0.501     1.243     1.611     1.972     2.204     2.630     3.240     4.616
 899.001     35997         0     35995           0.498     1.242     1.592     1.953     2.216     2.634     3.406     6.050
 900.001     36003         0     36001           0.510     1.326     1.670     2.033     2.279     2.783     3.617     5.063
 901.001     36002         0     36005           0.481     1.258     1.598     1.924     2.152     2.578     3.183     4.276
 902.001     36012         0     36012           0.510     1.262     1.604     1.946     2.187     2.595     3.297     4.461
 903.001     35986         0     35986           0.501     1.287     1.624     1.964     2.198     2.621     3.262     4.297
 904.001     36000         0     35998           0.520     1.261     1.604     1.939     2.171     2.611     3.293     4.350
 905.001     36007         0     36008           0.525     1.324     1.667     2.039     2.269     2.697     3.338     4.452
 906.001     35985         0     35987           0.492     1.307     1.650     1.998     2.249     2.730     3.656     5.423
 907.001     36011         0     36010           0.521     1.319     1.655     1.997     2.224     2.681     3.365     5.169
 908.001     36009         0     36009           0.505     1.288     1.635     1.989     2.210     2.630     3.242     5.386
 909.001     35979         0     35979           0.507     1.271     1.618     1.952     2.181     2.591     3.164     4.239
 910.001     36002         0     36002           0.520     1.283     1.633     1.983     2.220     2.644     3.236     4.473
 911.001     36006         0     36003           0.528     1.347     1.696     2.072     2.302     2.740     3.471     4.399
 912.001     36009         0     36013           0.500     1.308     1.659     2.025     2.267     2.718     3.424     4.817
 913.001     35996         0     35995           0.515     1.284     1.641     2.017     2.275     2.726     3.539     4.891
 914.001     36001         0     36001           0.510     1.331     1.668     2.020     2.251     2.687     3.342     4.825
 915.001     35999         0     35998           0.509     1.298     1.638     1.970     2.208     2.664     3.418     4.612
 916.001     36001         0     36001           0.543     1.334     1.704     2.082     2.316     2.824     3.662     5.186
 917.001     35997         0     35997           0.521     1.323     1.665     2.025     2.253     2.679     3.434     5.763
 918.001     35992         0     35990           0.523     1.274     1.637     2.015     2.259     2.691     3.338     4.432
 919.001     36016         0     36018           0.496     1.304     1.653     2.014     2.259     2.705     3.441     4.981
 920.001     35987         0     35988           0.506     1.288     1.628     1.963     2.193     2.611     3.213     5.038
 921.001     35993         0     35993           0.489     1.269     1.614     1.959     2.200     2.644     3.291     4.399
 922.001     36012         0     36013           0.519     1.277     1.621     1.954     2.183     2.605     3.279     4.243
 923.001     36002         0     36001           0.511     1.256     1.602     1.929     2.161     2.576     3.011     3.871
 924.001     35988         0     35988           0.519     1.313     1.662     2.029     2.265     2.736     3.434     4.665
 925.001     36021         0     36020           0.503     1.327     1.678     2.046     2.273     2.740     3.496     5.014
 926.001     35998         0     35998           0.515     1.255     1.602     1.915     2.152     2.599     3.252     4.086
 927.001     35999         0     36000           0.508     1.284     1.636     2.004     2.255     2.685     3.305     4.514
 928.001     35993         0     35993           0.502     1.305     1.667     2.083     2.347     2.818     3.617     4.993
 929.001     36000         0     36000           0.518     1.274     1.613     1.931     2.154     2.568     3.211     4.350
 930.001     36007         0     36006           0.517     1.289     1.630     1.968     2.198     2.650     3.308     4.788
 931.001     35983         0     35984           0.517     1.283     1.629     1.989     2.224     2.626     3.285     4.817
 932.001     36016         0     36017           0.521     1.294     1.645     2.003     2.249     2.677     3.432     6.844
 933.001     35998         0     35997           0.512     1.287     1.640     2.022     2.269     2.722     3.553     4.895
 934.001     35999         0     36000           0.480     1.255     1.609     1.953     2.183     2.580     3.156     4.424
 935.001     36006         0     36006           0.512     1.340     1.680     2.046     2.273     2.699     3.344     4.444
 936.001     35980         0     35975           0.503     1.291     1.639     2.025     2.279     2.736     3.531     7.016
 937.001     36009         0     36015           0.514     1.283     1.631     1.992     2.230     2.660     3.281     6.263
 938.001     35992         0     35990           0.504     1.327     1.669     2.034     2.265     2.697     3.439     4.366
 939.001     36010         0     36011           0.517     1.294     1.627     1.960     2.189     2.619     3.271     4.346
 940.001     36011         0     36010           0.493     1.302     1.650     2.024     2.261     2.753     3.752     7.434
 941.001     35984         0     35985           0.528     1.269     1.636     2.007     2.247     2.673     3.275     4.219
 942.001     36012         0     36012           0.497     1.280     1.650     2.045     2.294     2.753     3.455     5.353
 943.001     35999         0     36000           0.516     1.245     1.607     1.965     2.206     2.632     3.228     4.850
 944.001     36002         0     36002           0.511     1.299     1.646     2.018     2.253     2.703     3.342     5.382
 945.001     35993         0     35993           0.514     1.286     1.623     1.958     2.191     2.638     3.273     5.132
 946.001     35994         0     35995           0.506     1.280     1.626     1.983     2.224     2.646     3.244     4.248
 947.001     35999         0     35999           0.511     1.322     1.683     2.074     2.331     2.804     3.607     5.673
 948.001     36008         0     36007           0.500     1.291     1.636     1.971     2.187     2.644     3.281     4.858
 949.001     36003         0     36002           0.506     1.280     1.639     2.026     2.273     2.769     3.555     5.128
 950.001     36003         0     36003           0.496     1.303     1.638     1.968     2.202     2.605     3.428     6.226
 951.001     35982         0     35982           0.516     1.280     1.631     1.983     2.226     2.634     3.277     4.067
 952.001     36016         0     36016           0.512     1.270     1.621     1.966     2.206     2.611     3.195     4.061
 953.001     35997         0     35998           0.511     1.277     1.632     2.005     2.265     2.750     3.465     5.747
 954.001     35992         0     35992           0.525     1.289     1.634     1.980     2.214     2.615     3.326     6.455
 955.001     36005         0     36005           0.497     1.294     1.633     1.974     2.212     2.619     3.322     5.218
 956.001     36005         0     36003           0.526     1.276     1.642     2.028     2.294     2.791     3.621     5.403
 957.001     35990         0     35990           0.522     1.280     1.611     1.939     2.173     2.607     3.359     5.943
 958.001     36011         0     36011           0.512     1.316     1.660     2.020     2.273     2.740     3.510     4.456
 959.001     36002         0     36002           0.507     1.286     1.623     1.964     2.204     2.640     3.391     6.025
 960.001     35991         0     35993           0.507     1.287     1.622     1.955     2.179     2.593     3.285     4.723
 961.001     36000         0     35999           0.512     1.329     1.676     2.047     2.277     2.718     3.381     4.862
 962.001     35996         0     35994           0.531     1.254     1.580     1.891     2.126     2.542     3.269     4.895
 963.001     36008         0     36010           0.508     1.316     1.668     2.057     2.304     2.830     3.797     5.665
 964.001     36001         0     36001           0.519     1.332     1.669     2.025     2.245     2.699     3.566     5.050
 965.001     36000         0     35999           0.494     1.257     1.613     1.966     2.202     2.626     3.273     4.657
 966.001     35990         0     35989           0.519     1.348     1.678     2.018     2.247     2.691     3.424     5.018
 967.001     36017         0     36020           0.508     1.307     1.634     1.966     2.198     2.664     3.475     5.140
 968.001     35994         0     35994           0.510     1.308     1.654     2.000     2.232     2.687     3.518     6.554
 969.001     35995         0     35994           0.487     1.326     1.690     2.064     2.316     2.845     3.871     6.590
 970.001     36009         0     36010           0.511     1.268     1.616     1.962     2.195     2.615     3.222     4.155
 971.001     35994         0     35988           0.502     1.335     1.670     2.019     2.255     2.699     3.308     4.973
 972.001     35989         0     35995           0.527     1.292     1.640     1.986     2.224     2.648     3.277     4.207
 973.001     36013         0     36013           0.538     1.308     1.658     2.032     2.267     2.673     3.287     5.960
 974.001     36000         0     35999           0.528     1.265     1.608     1.963     2.208     2.619     3.324     5.071
 975.001     35997         0     35997           0.517     1.304     1.638     1.966     2.191     2.632     3.342     6.672
 976.001     36007         0     36008           0.527     1.298     1.632     1.961     2.191     2.601     3.152     4.065
 977.001     36002         0     36001           0.509     1.296     1.640     1.977     2.206     2.628     3.228     3.908
 978.001     35983         0     35984           0.532     1.299     1.633     1.970     2.202     2.617     3.318     4.452
 979.001     36002         0     36002           0.499     1.278     1.621     1.960     2.191     2.615     3.500     6.328
 980.001     36008         0     36009           0.513     1.333     1.670     2.014     2.245     2.689     3.267     4.106
 981.001     35998         0     35998           0.483     1.322     1.677     2.056     2.298     2.779     3.385     4.641
 982.001     36002         0     36001           0.523     1.276     1.622     1.946     2.175     2.601     3.156     4.391
 983.001     35991         0     35991           0.487     1.303     1.657     2.039     2.284     2.732     3.396     4.653
 984.001     36010         0     36010           0.503     1.287     1.620     1.935     2.167     2.595     3.230     5.054
 985.001     35990         0     35990           0.508     1.292     1.626     1.928     2.161     2.609     3.207     4.264
 986.001     36004         0     36004           0.513     1.356     1.684     2.022     2.245     2.683     3.459     6.013
 987.001     35997         0     35997           0.507     1.300     1.628     1.943     2.181     2.630     3.326     4.674
 988.001     36001         0     36001           0.522     1.300     1.625     1.927     2.150     2.587     3.523     6.316
 989.001     36001         0     36002           0.531     1.286     1.627     1.952     2.193     2.634     3.287     6.250
 990.001     36003         0     36003           0.532     1.343     1.681     2.015     2.249     2.701     3.394     5.485
 991.001     36007         0     36005           0.526     1.393     1.761     2.177     2.431     2.955     3.789     6.574
 992.001     35994         0     35996           0.514     1.287     1.639     1.999     2.234     2.658     3.283     4.354
 993.001     35990         0     35988           0.515     1.305     1.659     2.024     2.277     2.714     3.238     4.813
 994.001     36002         0     36002           0.516     1.308     1.681     2.091     2.349     2.859     3.631     4.698
 995.001     36006         0     36007           0.526     1.328     1.674     2.039     2.277     2.730     3.455     5.067
 996.001     35985         0     35986           0.508     1.312     1.656     2.018     2.251     2.701     3.422     6.005
 997.001     36018         0     36016           0.501     1.361     1.703     2.079     2.320     2.806     4.135    10.199
 998.001     35997         0     35997           0.510     1.332     1.663     2.015     2.249     2.689     3.326     5.632
 999.001     36003         0     36004           0.500     1.295     1.625     1.966     2.206     2.656     3.377     5.288
1000.001     35993         0     35993           0.519     1.272     1.609     1.952     2.191     2.630     3.359     4.960
1001.001     36006         0     36006           0.497     1.310     1.638     1.967     2.204     2.642     3.301     6.279
1002.001     36001         0     36000           0.521     1.242     1.590     1.943     2.193     2.587     3.144     4.813
1003.001     36006         0     36007           0.490     1.250     1.588     1.904     2.136     2.542     3.082     4.188
1004.001     35993         0     35993           0.480     1.304     1.651     2.005     2.232     2.656     3.244     4.219
1005.001     36010         0     36009           0.492     1.261     1.594     1.906     2.128     2.542     3.123     4.000
1006.001     36004         0     36004           0.527     1.296     1.640     1.971     2.200     2.675     3.475     5.140
1007.001     35979         0     35980           0.521     1.318     1.656     1.997     2.236     2.681     3.351     8.430
1008.001     36012         0     36012           0.475     1.226     1.560     1.850     2.066     2.468     3.019     4.198
1009.001     35994         0     35991           0.524     1.324     1.673     2.050     2.286     2.740     3.426     4.702
1010.001     36010         0     36013           0.529     1.274     1.619     1.959     2.185     2.570     3.142     4.805
1011.001     35982         0     35983           0.518     1.254     1.590     1.910     2.150     2.576     3.123     4.477
1012.001     36009         0     36008           0.487     1.256     1.599     1.951     2.179     2.597     3.228     4.915
1013.001     35995         0     35995           0.534     1.345     1.694     2.058     2.300     2.759     3.576     5.329
1014.001     36011         0     36011           0.507     1.217     1.571     1.912     2.148     2.552     3.049     3.625
1015.001     35993         0     35993           0.504     1.277     1.619     1.942     2.179     2.619     3.314     4.993
1016.001     35995         0     35996           0.495     1.298     1.630     1.958     2.187     2.642     3.316     4.338
1017.001     36009         0     36009           0.506     1.250     1.607     1.957     2.200     2.623     3.195     4.391
1018.001     36009         0     36008           0.532     1.291     1.629     1.970     2.212     2.662     3.443     4.588
1019.001     36001         0     36002           0.520     1.315     1.667     2.034     2.271     2.726     3.447     5.743
1020.001     35994         0     35991           0.487     1.269     1.611     1.964     2.206     2.669     3.383     4.825
1021.001     36003         0     36005           0.531     1.285     1.635     1.983     2.220     2.642     3.195     5.087
1022.001     35990         0     35988           0.537     1.251     1.597     1.927     2.167     2.576     3.244     4.977
1023.001     35991         0     35990           0.524     1.273     1.613     1.922     2.142     2.548     3.023     4.008
1024.001     36012         0     36015           0.513     1.283     1.622     1.952     2.175     2.605     3.219     5.530
1025.001     36003         0     36000           0.508     1.293     1.644     2.024     2.273     2.718     3.432     6.017
1026.001     35989         0     35990           0.514     1.242     1.595     1.933     2.185     2.623     3.316     4.403
1027.001     36003         0     36004           0.534     1.370     1.710     2.063     2.298     2.798     3.686     5.628
1028.001     36001         0     36000           0.516     1.300     1.639     1.990     2.228     2.656     3.252     4.698
1029.001     35987         0     35986           0.466     1.300     1.651     2.023     2.271     2.759     3.525     5.595
1030.001     35999         0     35999           0.493     1.311     1.660     2.012     2.269     2.769     3.746     5.661
1031.001     36018         0     36016           0.507     1.310     1.651     2.009     2.257     2.726     3.457     4.121
1032.001     35991         0     35995           0.497     1.232     1.573     1.892     2.128     2.531     3.037     4.211
1033.001     36014         0     36014           0.524     1.308     1.646     1.987     2.222     2.681     3.353     4.293
1034.001     35993         0     35992           0.504     1.314     1.674     2.068     2.329     2.865     3.883     7.381
1035.001     35991         0     35992           0.496     1.235     1.588     1.927     2.165     2.585     3.140     4.411
1036.001     36018         0     36015           0.496     1.299     1.662     2.055     2.312     2.843     3.639     5.489
1037.001     35994         0     35996           0.496     1.240     1.591     1.940     2.183     2.585     3.133     3.652
1038.001     35998         0     35992           0.495     1.209     1.558     1.898     2.144     2.550     3.103     4.354
1039.001     35990         0     35998           0.503     1.265     1.623     2.018     2.257     2.675     3.299     4.403
1040.001     36010         0     36004           0.524     1.279     1.628     1.985     2.222     2.640     3.217     4.172
1041.001     35994         0     36000           0.500     1.250     1.605     1.946     2.177     2.556     3.131     6.345
1042.001     36007         0     36007           0.509     1.244     1.598     1.946     2.183     2.578     3.185     3.936
1043.001     36002         0     36000           0.513     1.222     1.571     1.881     2.118     2.527     3.037     4.436
1044.001     36000         0     36002           0.526     1.266     1.606     1.948     2.189     2.597     3.103     4.772
1045.001     35993         0     35993           0.503     1.272     1.613     1.949     2.187     2.601     3.222     4.284
1046.001     35987         0     35988           0.514     1.250     1.597     1.951     2.202     2.685     3.545     5.378
1047.001     36007         0     36007           0.506     1.273     1.618     1.965     2.191     2.621     3.234     4.596
1048.001     36015         0     36015           0.521     1.288     1.627     1.977     2.220     2.664     3.404     6.005
1049.001     35995         0     35994           0.519     1.219     1.566     1.894     2.138     2.527     3.133     3.899
1050.001     36000         0     36000           0.491     1.274     1.627     1.996     2.238     2.669     3.387     4.739
1051.001     36003         0     36002           0.498     1.267     1.611     1.971     2.206     2.595     3.097     4.202
1052.001     36002         0     35999           0.513     1.254     1.603     1.939     2.185     2.587     3.207     4.276
1053.001     35990         0     35994           0.508     1.258     1.594     1.919     2.154     2.560     3.105     4.751
1054.001     36007         0     36007           0.507     1.278     1.614     1.953     2.189     2.636     3.301     4.936
1055.001     36000         0     35999           0.513     1.275     1.605     1.918     2.150     2.558     3.138     4.078
1056.001     35996         0     35997           0.504     1.309     1.658     2.041     2.308     2.871     3.942     7.139
1057.001     36001         0     36002           0.515     1.323     1.668     2.010     2.245     2.701     3.453     4.747
1058.001     36003         0     36002           0.522     1.287     1.640     2.010     2.243     2.695     3.512     5.145
1059.001     35995         0     35996           0.516     1.289     1.642     2.013     2.265     2.710     3.500     5.292
1060.001     36010         0     36008           0.479     1.255     1.595     1.930     2.171     2.589     3.185     4.116
1061.001     35998         0     35997           0.522     1.270     1.605     1.937     2.173     2.544     3.070     4.116
1062.001     35994         0     35997           0.514     1.285     1.621     1.937     2.163     2.578     3.176     4.530
1063.001     36008         0     36008           0.467     1.267     1.599     1.912     2.136     2.525     3.062     3.899
1064.001     35994         0     35995           0.472     1.273     1.610     1.947     2.173     2.599     3.219     4.329
1065.001     36005         0     36005           0.511     1.244     1.587     1.930     2.167     2.568     3.097     4.321
1066.001     36000         0     35998           0.509     1.266     1.614     1.952     2.206     2.685     3.334     5.415
1067.001     35994         0     35995           0.521     1.256     1.592     1.902     2.130     2.591     3.516     6.136
1068.001     35997         0     35997           0.510     1.290     1.631     1.967     2.200     2.646     3.260     5.304
1069.001     36002         0     36002           0.518     1.323     1.657     1.995     2.222     2.675     3.428     4.764
1070.001     36006         0     36007           0.491     1.269     1.614     1.946     2.191     2.640     3.348     5.452
1071.001     35991         0     35990           0.518     1.251     1.582     1.889     2.130     2.537     3.117     4.731
1072.001     36010         0     36008           0.513     1.246     1.597     1.932     2.179     2.593     3.191     4.239
1073.001     35994         0     35995           0.516     1.280     1.614     1.959     2.189     2.580     3.262     4.608
1074.001     36006         0     36008           0.507     1.257     1.608     1.952     2.191     2.615     3.291     4.198
1075.001     35998         0     35998           0.519     1.265     1.611     1.950     2.191     2.619     3.310     4.628
1076.001     35996         0     35996           0.516     1.267     1.608     1.949     2.187     2.578     3.174     3.799
1077.001     36007         0     36006           0.529     1.282     1.631     1.980     2.208     2.630     3.150     4.157
1078.001     35996         0     35997           0.511     1.241     1.605     1.966     2.210     2.630     3.189     4.719
1079.001     35992         0     35992           0.491     1.274     1.620     1.951     2.181     2.617     3.238     4.071
1080.001     36009         0     36008           0.505     1.313     1.660     2.011     2.255     2.707     3.449     4.690
1081.001     35998         0     36000           0.519     1.304     1.649     1.990     2.224     2.695     3.434     4.420
1082.001     36005         0     36005           0.488     1.269     1.604     1.936     2.175     2.607     3.267     4.805
1083.001     36003         0     36001           0.519     1.331     1.690     2.099     2.372     3.011     4.256     6.320
1084.001     35993         0     35994           0.522     1.254     1.603     1.949     2.198     2.642     3.320     5.042
1085.001     35998         0     35999           0.519     1.254     1.604     1.944     2.195     2.673     3.467     5.796
1086.001     35996         0     35996           0.523     1.272     1.596     1.891     2.114     2.531     3.113     4.192
1087.001     36005         0     36004           0.526     1.319     1.661     2.003     2.226     2.669     3.402     4.366
1088.001     35999         0     36000           0.522     1.273     1.610     1.953     2.185     2.658     3.660     4.837
1089.001     35984         0     35984           0.526     1.267     1.603     1.934     2.173     2.595     3.445     4.862
1090.001     36014         0     36014           0.528     1.337     1.668     1.997     2.222     2.658     3.344     4.444
1091.001     36000         0     35997           0.541     1.285     1.639     1.999     2.238     2.750     3.598     5.173
1092.001     35999         0     36002           0.493     1.258     1.622     1.999     2.230     2.636     3.258     3.924
1093.001     36003         0     36000           0.465     1.285     1.614     1.930     2.159     2.562     3.146     4.669
1094.001     35999         0     36001           0.530     1.296     1.634     2.005     2.241     2.623     3.191     6.275
1095.001     35999         0     35997           0.524     1.268     1.609     1.952     2.195     2.654     3.867     5.636
1096.001     35998         0     35999           0.500     1.336     1.674     2.020     2.247     2.654     3.291     4.313
1097.001     36000         0     36000           0.508     1.274     1.628     1.979     2.214     2.626     3.252     5.034
1098.001     35998         0     35997           0.500     1.284     1.626     1.966     2.202     2.613     3.121     4.837
1099.001     36001         0     36002           0.499     1.309     1.639     1.969     2.202     2.603     3.254     4.522
1100.001     36006         0     36007           0.528     1.271     1.623     1.966     2.198     2.623     3.219     4.094
1101.001     35996         0     35996           0.496     1.294     1.634     1.985     2.224     2.660     3.330     4.444
1102.001     36004         0     36003           0.516     1.287     1.616     1.940     2.179     2.560     3.095     4.866
1103.001     35998         0     35999           0.533     1.258     1.610     1.982     2.241     2.681     3.371     4.846
1104.001     35992         0     35991           0.519     1.283     1.624     1.969     2.204     2.630     3.189     4.110
1105.001     36018         0     36017           0.506     1.316     1.658     2.011     2.241     2.662     3.351     5.050
1106.001     35999         0     35999           0.506     1.272     1.607     1.924     2.150     2.560     3.174     4.383
1107.001     36000         0     36002           0.492     1.285     1.628     1.968     2.208     2.621     3.219     4.977
1108.001     35986         0     35987           0.485     1.329     1.672     2.070     2.318     2.841     3.801     5.890
1109.001     36014         0     36013           0.497     1.237     1.591     1.949     2.191     2.589     3.082     4.878
1110.001     35998         0     35999           0.529     1.252     1.606     1.975     2.210     2.615     3.224     4.147
1111.001     35990         0     35989           0.509     1.279     1.621     1.980     2.218     2.617     3.205     3.918
1112.001     36010         0     36010           0.499     1.272     1.618     1.979     2.216     2.611     3.109     3.973
1113.001     35994         0     35995           0.521     1.269     1.601     1.925     2.161     2.562     3.148     5.161
1114.001     35992         0     35991           0.491     1.279     1.632     1.993     2.218     2.619     3.166     4.444
1115.001     36008         0     36009           0.503     1.293     1.637     1.994     2.224     2.646     3.256     4.159
1116.001     36007         0     36006           0.508     1.262     1.624     1.996     2.241     2.654     3.271     4.151
1117.001     36005         0     36005           0.514     1.298     1.663     2.041     2.279     2.724     3.424     6.177
1118.001     35982         0     35982           0.535     1.291     1.657     2.038     2.267     2.705     3.467     4.936
1119.001     36005         0     36001           0.508     1.269     1.619     1.981     2.212     2.626     3.289     6.463
1120.001     36003         0     36006           0.524     1.318     1.664     2.019     2.259     2.724     3.430     5.435
1121.001     36007         0     36005           0.527     1.270     1.617     1.981     2.218     2.621     3.129     4.596
1122.001     35989         0     35992           0.514     1.293     1.649     2.030     2.259     2.669     3.248     4.014
1123.001     36007         0     36005           0.542     1.258     1.597     1.932     2.179     2.558     3.156     4.411
1124.001     35989         0     35990           0.485     1.264     1.614     1.958     2.195     2.611     3.258     4.530
1125.001     35995         0     35994           0.495     1.303     1.651     2.010     2.238     2.648     3.213     4.391
1126.001     36008         0     36009           0.516     1.260     1.592     1.916     2.154     2.574     3.312     5.448
1127.001     36009         0     36009           0.509     1.265     1.610     1.954     2.198     2.626     3.289     5.169
1128.001     35990         0     35990           0.498     1.278     1.631     1.997     2.232     2.675     3.357     4.415
1129.001     36012         0     36007           0.501     1.244     1.601     1.948     2.181     2.613     3.205     5.259
1130.001     35997         0     35999           0.538     1.278     1.619     1.955     2.191     2.605     3.142     4.375
1131.001     36000         0     36001           0.504     1.260     1.593     1.911     2.134     2.552     3.152     4.645
1132.001     35997         0     35995           0.497     1.243     1.604     1.959     2.198     2.587     3.121     3.961
1133.001     36002         0     36002           0.511     1.296     1.644     2.003     2.222     2.613     3.258     4.018
1134.001     35993         0     35994           0.492     1.215     1.564     1.876     2.118     2.511     3.088     4.375
1135.001     36000         0     36002           0.535     1.286     1.625     1.978     2.224     2.662     3.326     4.184
1136.001     36005         0     36005           0.476     1.280     1.619     1.965     2.195     2.621     3.236     4.260
1137.001     35998         0     35998           0.491     1.256     1.594     1.937     2.177     2.589     3.201     4.176
1138.001     36006         0     36006           0.513     1.296     1.632     1.998     2.236     2.681     3.402     4.547
1139.001     35996         0     35995           0.496     1.288     1.620     1.947     2.181     2.628     3.277     4.219
1140.001     35996         0     35996           0.519     1.293     1.625     1.960     2.202     2.580     3.138     5.390
1141.001     35977         0     35976           0.525     1.305     1.660     2.043     2.292     2.806     3.615     6.201
1142.001     36036         0     36034           0.518     1.295     1.636     1.981     2.218     2.681     3.445     4.829
1143.001     35991         0     35994           0.525     1.311     1.635     1.948     2.175     2.576     3.092     3.723
1144.001     36004         0     36005           0.496     1.264     1.608     1.955     2.204     2.634     3.201     5.095
1145.001     35994         0     35994           0.502     1.260     1.607     1.965     2.198     2.593     3.103     4.833
1146.001     36003         0     36000           0.515     1.294     1.632     1.963     2.198     2.619     3.146     3.967
1147.001     35993         0     35995           0.496     1.303     1.646     1.996     2.236     2.644     3.287     4.383
1148.001     35997         0     35997           0.534     1.312     1.651     1.998     2.238     2.707     3.465     5.362
1149.001     36016         0     36015           0.529     1.307     1.640     1.970     2.204     2.638     3.291     4.248
1150.001     35996         0     35997           0.520     1.297     1.645     2.004     2.247     2.673     3.312     4.993
1151.001     36001         0     36000           0.516     1.313     1.655     2.001     2.238     2.669     3.244     4.747
1152.001     35980         0     35979           0.508     1.269     1.617     1.969     2.216     2.613     3.123     4.309
1153.001     36021         0     36024           0.505     1.285     1.647     2.023     2.263     2.683     3.275     4.071
1154.001     35996         0     35995           0.518     1.279     1.619     1.950     2.183     2.605     3.199     3.975
1155.001     35991         0     35990           0.502     1.261     1.602     1.934     2.181     2.597     3.156     4.628
1156.001     36005         0     36006           0.499     1.266     1.618     1.962     2.189     2.595     3.168     4.139
1157.001     36005         0     36004           0.492     1.291     1.639     2.008     2.257     2.699     3.312     4.846
1158.001     35992         0     35993           0.524     1.202     1.572     1.939     2.195     2.640     3.187     4.473
1159.001     36007         0     36007           0.509     1.297     1.631     1.965     2.200     2.619     3.297     5.313
1160.001     35998         0     35999           0.516     1.310     1.658     2.012     2.253     2.712     3.363     4.882
1161.001     36007         0     36007           0.506     1.282     1.625     1.958     2.195     2.630     3.301     5.067
1162.001     36001         0     36001           0.537     1.260     1.607     1.940     2.181     2.599     3.234     4.061
1163.001     35988         0     35988           0.507     1.331     1.689     2.059     2.286     2.755     3.484     5.374
1164.001     36014         0     36013           0.530     1.250     1.611     1.957     2.198     2.644     3.299     4.645
1165.001     35990         0     35992           0.515     1.253     1.602     1.936     2.169     2.589     3.310     4.674
1166.001     36004         0     36002           0.503     1.320     1.663     2.021     2.261     2.701     3.398     4.444
1167.001     35999         0     36000           0.507     1.251     1.596     1.930     2.175     2.666     3.379     5.276
1168.001     35995         0     35994           0.499     1.279     1.624     1.968     2.206     2.640     3.357     5.661
1169.001     36011         0     36012           0.509     1.270     1.608     1.936     2.175     2.632     3.840     5.620
1170.001     36000         0     36000           0.506     1.290     1.624     1.957     2.189     2.607     3.242     4.502
1171.001     35994         0     35994           0.508     1.279     1.611     1.926     2.150     2.546     3.144     5.050
1172.001     35995         0     35995           0.532     1.254     1.593     1.901     2.128     2.531     3.125     4.792
1173.001     36005         0     36006           0.488     1.285     1.619     1.940     2.171     2.595     3.170     4.502
1174.001     36001         0     35999           0.509     1.277     1.615     1.955     2.187     2.599     3.164     4.428
1175.001     36007         0     36009           0.504     1.292     1.636     1.979     2.222     2.677     3.387     4.047
1176.001     35981         0     35982           0.513     1.289     1.629     1.958     2.187     2.613     3.127     4.313
1177.001     35993         0     35992           0.472     1.269     1.608     1.924     2.148     2.552     3.056     4.366
1178.001     36018         0     36018           0.529     1.371     1.713     2.083     2.320     2.796     3.668     5.386
1179.001     35999         0     36000           0.517     1.278     1.631     1.998     2.249     2.740     3.885     5.661
1180.001     36002         0     36001           0.499     1.356     1.699     2.064     2.302     2.777     3.721     5.132
1181.001     35992         0     35992           0.524     1.293     1.648     2.016     2.255     2.705     3.469     5.177
1182.001     36009         0     36005           0.492     1.296     1.644     1.994     2.236     2.720     3.488     4.801
1183.001     36002         0     36007           0.506     1.270     1.619     1.965     2.200     2.648     3.322     4.127
1184.001     35990         0     35990           0.526     1.291     1.635     1.957     2.191     2.628     3.195     4.506
1185.001     35991         0     35991           0.514     1.288     1.641     1.992     2.224     2.652     3.449     5.243
1186.001     36023         0     36022           0.496     1.270     1.627     1.994     2.234     2.701     3.301     4.497
1187.001     35993         0     35995           0.507     1.264     1.611     1.956     2.187     2.597     3.197     4.301
1188.001     35993         0     35992           0.503     1.334     1.671     2.023     2.261     2.707     3.518     6.734
1189.001     36004         0     36005           0.511     1.274     1.621     1.983     2.222     2.654     3.324     3.969
1190.001     36003         0     36002           0.506     1.270     1.615     1.964     2.195     2.623     3.222     4.674
1191.001     35993         0     35992           0.495     1.262     1.611     1.947     2.169     2.570     3.211     4.223
1192.001     36013         0     36015           0.529     1.303     1.655     2.006     2.245     2.691     3.414     5.476
1193.001     35989         0     35987           0.507     1.292     1.632     1.970     2.198     2.654     3.240     4.796
1194.001     36014         0     36011           0.504     1.262     1.608     1.932     2.161     2.585     3.144     4.231
1195.001     35993         0     35998           0.512     1.286     1.635     1.997     2.228     2.722     3.553     5.968
1196.001     36000         0     36000           0.526     1.313     1.651     1.993     2.216     2.632     3.222     4.116
1197.001     36000         0     35996           0.498     1.305     1.655     1.999     2.220     2.654     3.353     6.398
1198.001     35988         0     35991           0.505     1.313     1.664     2.025     2.257     2.732     3.594     6.648
1199.001     36013         0     36014           0.554     1.349     1.676     2.007     2.226     2.687     3.506     7.643
1200.001     35999         0     35997           0.517     1.297     1.639     1.969     2.206     2.738     3.469     5.161
1201.001     35999         0     35997           0.515     1.285     1.624     1.943     2.171     2.578     3.138     4.127
1202.001     36009         0     36013           0.494     1.293     1.645     1.996     2.238     2.699     3.469     5.165
1203.001     35993         0     35994           0.526     1.342     1.681     2.026     2.259     2.705     3.398     4.567
1204.001     35991         0     35991           0.498     1.266     1.613     1.945     2.177     2.626     3.297     5.550
1205.001     36008         0     36006           0.523     1.331     1.668     2.008     2.236     2.687     3.480     5.038
1206.001     35989         0     35990           0.515     1.291     1.626     1.946     2.171     2.603     3.289     5.374
1207.001     36008         0     36008           0.473     1.250     1.598     1.917     2.144     2.564     3.191     4.354
1208.001     36001         0     36002           0.516     1.345     1.679     2.018     2.255     2.718     3.652     5.108
1209.001     35986         0     35985           0.505     1.311     1.648     1.989     2.214     2.648     3.609     5.218
1210.001     36017         0     36018           0.527     1.296     1.636     1.980     2.214     2.675     3.484     5.022
1211.001     35994         0     35994           0.522     1.366     1.702     2.074     2.304     2.734     3.457     5.059
1212.001     36002         0     35999           0.531     1.272     1.613     1.951     2.187     2.601     3.152     5.612
1213.001     35999         0     36003           0.518     1.339     1.683     2.029     2.263     2.693     3.514     5.329
1214.001     36001         0     36000           0.506     1.288     1.624     1.959     2.193     2.623     3.219     4.223
1215.001     36003         0     36002           0.516     1.310     1.664     2.012     2.241     2.660     3.336     4.448
1216.001     35996         0     35997           0.518     1.297     1.641     1.985     2.200     2.607     3.150     4.485
1217.001     36003         0     36003           0.508     1.310     1.645     1.975     2.198     2.609     3.168     4.223
1218.001     35993         0     35993           0.492     1.302     1.653     2.011     2.230     2.652     3.269     4.192
1219.001     36000         0     35999           0.513     1.264     1.605     1.943     2.169     2.599     3.185     4.448
1220.001     36002         0     36002           0.515     1.269     1.625     1.983     2.208     2.589     3.172     4.026
1221.001     36002         0     36002           0.519     1.303     1.632     1.953     2.185     2.603     3.162     4.305
1222.001     36006         0     36006           0.509     1.337     1.684     2.037     2.259     2.695     3.357     5.067
1223.001     36001         0     36002           0.521     1.304     1.644     1.986     2.222     2.652     3.342     4.932
1224.001     36002         0     36003           0.492     1.323     1.694     2.101     2.361     2.902     3.736     5.394
1225.001     35997         0     35996           0.521     1.265     1.619     1.982     2.230     2.669     3.320     4.114
1226.001     36003         0     36003           0.500     1.271     1.628     2.007     2.257     2.722     3.600     5.358
1227.001     35999         0     35999           0.513     1.297     1.636     1.973     2.200     2.646     3.385     4.444
1228.001     35999         0     35999           0.501     1.282     1.615     1.925     2.144     2.558     3.074     4.073
1229.001     35995         0     35995           0.527     1.303     1.646     1.993     2.228     2.677     3.365     4.846
1230.001     35984         0     35985           0.489     1.298     1.637     1.965     2.193     2.634     3.369     5.116
1231.001     36014         0     36012           0.499     1.317     1.668     2.043     2.298     2.839     3.697     6.476
1232.001     35992         0     35992           0.530     1.275     1.614     1.931     2.154     2.593     3.148     4.047
1233.001     36013         0     36014           0.492     1.284     1.626     1.959     2.189     2.599     3.240     4.383
1234.001     35999         0     35999           0.527     1.296     1.664     2.032     2.279     2.742     3.451     5.489
1235.001     36002         0     36003           0.520     1.316     1.649     1.989     2.222     2.646     3.383     4.243
1236.001     35997         0     35996           0.497     1.266     1.604     1.919     2.142     2.537     3.090     3.992
1237.001     35993         0     35993           0.533     1.313     1.646     1.965     2.183     2.605     3.226     4.530
1238.001     36008         0     36008           0.531     1.316     1.656     2.002     2.241     2.722     3.647     5.317
1239.001     35993         0     35993           0.502     1.321     1.652     1.981     2.200     2.658     3.394     4.567
1240.001     35997         0     35997           0.515     1.342     1.672     2.018     2.241     2.689     3.353     4.772
1241.001     36008         0     36007           0.509     1.319     1.662     2.015     2.241     2.695     3.383     4.608
1242.001     36007         0     36008           0.494     1.280     1.632     2.000     2.259     2.888     4.305     6.582
1243.001     35998         0     35998           0.511     1.337     1.684     2.046     2.273     2.714     3.375     4.329
1244.001     35995         0     35995           0.515     1.261     1.604     1.923     2.142     2.535     3.111     4.002
1245.001     36009         0     36009           0.492     1.275     1.602     1.907     2.120     2.540     3.168     4.301
1246.001     35999         0     36000           0.508     1.291     1.629     1.953     2.171     2.609     3.265     4.223
1247.001     35992         0     35993           0.501     1.277     1.613     1.936     2.163     2.605     3.289     4.825
1248.001     36003         0     36002           0.513     1.243     1.583     1.890     2.114     2.537     3.357     6.119
1249.001     35999         0     35997           0.511     1.287     1.618     1.942     2.167     2.580     3.156     4.993
1250.001     35988         0     35986           0.509     1.247     1.596     1.928     2.159     2.552     3.150     4.178
1251.001     36017         0     36022           0.510     1.308     1.638     1.965     2.183     2.595     3.213     4.264
1252.001     35993         0     35994           0.492     1.266     1.621     1.957     2.191     2.652     3.379     5.521
1253.001     36002         0     35998           0.493     1.278     1.618     1.946     2.165     2.591     3.230     4.764
1254.001     35992         0     35993           0.506     1.300     1.649     1.987     2.220     2.638     3.344     5.702
1255.001     35993         0     35995           0.488     1.254     1.591     1.902     2.130     2.542     3.045     4.387
1256.001     36017         0     36013           0.494     1.312     1.640     1.962     2.177     2.607     3.275     4.801
1257.001     35993         0     35996           0.529     1.284     1.617     1.939     2.159     2.585     3.131     3.860
1258.001     36007         0     36008           0.506     1.277     1.623     1.953     2.181     2.640     3.367     5.874
1259.001     36007         0     36007           0.510     1.258     1.597     1.915     2.136     2.554     3.224     6.697
1260.001     35999         0     35999           0.503     1.265     1.610     1.937     2.173     2.587     3.101     4.092
1261.001     36000         0     36000           0.486     1.295     1.632     1.957     2.173     2.595     3.293     4.215
1262.001     35993         0     35993           0.509     1.316     1.655     1.989     2.214     2.666     3.391     5.046
1263.001     36001         0     36000           0.490     1.267     1.611     1.926     2.144     2.544     3.205     4.284
1264.001     35993         0     35993           0.474     1.270     1.612     1.923     2.146     2.558     3.135     4.321
1265.001     36007         0     36007           0.523     1.250     1.598     1.916     2.134     2.570     3.203     4.110
1266.001     35981         0     35981           0.520     1.276     1.618     1.931     2.154     2.589     3.318     4.825
1267.001     36022         0     36021           0.526     1.324     1.664     1.994     2.206     2.626     3.213     4.542
1268.001     35998         0     36000           0.526     1.274     1.602     1.907     2.132     2.589     3.381     4.608
1269.001     35998         0     35997           0.531     1.346     1.689     2.032     2.267     2.798     3.705     5.476
1270.001     36000         0     35999           0.503     1.277     1.614     1.925     2.148     2.552     3.174     4.145
1271.001     35988         0     35989           0.514     1.340     1.669     2.006     2.226     2.669     3.351     4.768
1272.001     36010         0     36011           0.529     1.306     1.629     1.938     2.159     2.595     3.330     5.427
1273.001     35998         0     35997           0.482     1.257     1.594     1.914     2.134     2.535     3.129     4.665
1274.001     36003         0     36004           0.466     1.283     1.610     1.931     2.146     2.558     3.213     4.301
1275.001     36002         0     36002           0.530     1.298     1.652     1.995     2.224     2.671     3.369     4.567
1276.001     36007         0     36004           0.526     1.267     1.615     1.965     2.210     2.681     3.426     4.571
1277.001     35984         0     35986           0.526     1.307     1.633     1.942     2.159     2.580     3.181     4.276
1278.001     36018         0     36019           0.512     1.229     1.585     1.914     2.148     2.564     3.095     4.037
1279.001     35983         0     35982           0.507     1.273     1.613     1.929     2.142     2.558     3.201     4.833
1280.001     36003         0     36004           0.492     1.272     1.609     1.928     2.148     2.607     3.291     6.173
1281.001     36006         0     36007           0.532     1.312     1.654     1.999     2.226     2.648     3.328     4.461
1282.001     35995         0     35993           0.522     1.290     1.651     1.986     2.212     2.675     3.303     4.329
1283.001     36011         0     36011           0.490     1.287     1.626     1.953     2.181     2.632     3.258     4.489
1284.001     35991         0     35990           0.517     1.304     1.662     2.028     2.259     2.718     3.342     4.395
1285.001     36009         0     36005           0.511     1.268     1.614     1.946     2.169     2.666     3.363     5.100
1286.001     35998         0     36002           0.512     1.299     1.639     1.971     2.200     2.648     3.414     4.878
1287.001     35993         0     35994           0.530     1.296     1.644     1.975     2.187     2.578     3.172     4.616
1288.001     35998         0     35995           0.493     1.275     1.619     1.955     2.189     2.621     3.232     4.444
1289.001     36001         0     36004           0.519     1.315     1.650     1.974     2.208     2.640     3.201     3.953
1290.001     36000         0     36000           0.506     1.263     1.608     1.931     2.150     2.578     3.252     4.420
1291.001     36001         0     36000           0.518     1.284     1.621     1.938     2.157     2.537     3.115     4.350
1292.001     35990         0     35987           0.532     1.305     1.642     1.957     2.163     2.601     3.238     4.641
1293.001     36013         0     36017           0.524     1.269     1.634     2.009     2.249     2.765     3.564     5.329
1294.001     36000         0     36000           0.529     1.329     1.677     2.029     2.259     2.716     3.434     5.476
1295.001     35999         0     36000           0.489     1.315     1.673     2.045     2.294     2.791     3.660     5.792
1296.001     35997         0     35997           0.484     1.255     1.604     1.921     2.146     2.558     3.168     4.448
1297.001     35981         0     35979           0.524     1.293     1.668     2.094     2.398     3.097     4.147     5.935
1298.001     36020         0     36021           0.521     1.334     1.687     2.043     2.288     2.845     3.811     5.620
1299.001     35999         0     36000           0.535     1.403     1.763     2.154     2.408     2.957     3.992     6.300
1300.001     36002         0     36001           0.502     1.295     1.671     2.075     2.347     2.968     4.192     6.234
1301.001     35997         0     35996           0.514     1.333     1.681     2.042     2.277     2.820     3.897     5.472
1302.001     35996         0     35997           0.492     1.359     1.744     2.144     2.396     2.945     3.856     5.984
1303.001     36009         0     36009           0.521     1.320     1.652     1.972     2.202     2.636     3.344     5.333
1304.001     36000         0     35999           0.506     1.272     1.615     1.934     2.152     2.566     3.148     4.973
1305.001     36001         0     36002           0.512     1.313     1.663     2.017     2.257     2.748     3.459     5.259
1306.001     36007         0     36007           0.538     1.346     1.695     2.077     2.327     2.865     3.770     6.255
1307.001     35997         0     35996           0.504     1.283     1.630     1.969     2.195     2.636     3.330     5.865
1308.001     36000         0     35998           0.537     1.298     1.623     1.917     2.128     2.537     3.148     4.123
1309.001     35988         0     35988           0.517     1.319     1.662     2.001     2.222     2.683     3.453     4.477
1310.001     35999         0     36001           0.513     1.268     1.599     1.897     2.103     2.501     3.099     4.102
1311.001     36011         0     36012           0.501     1.302     1.641     1.987     2.208     2.640     3.359     5.517
1312.001     35997         0     35996           0.519     1.265     1.606     1.919     2.140     2.562     3.222     4.764
1313.001     35999         0     36000           0.501     1.297     1.642     1.995     2.222     2.677     3.412     5.935
1314.001     35992         0     35992           0.498     1.319     1.661     1.997     2.224     2.675     3.414     5.030
1315.001     36013         0     36013           0.509     1.303     1.654     2.015     2.245     2.673     3.336     5.059
1316.001     35991         0     35988           0.533     1.307     1.669     2.036     2.279     2.761     3.611     5.673
1317.001     35999         0     36002           0.536     1.234     1.587     1.893     2.118     2.523     3.095     4.211
1318.001     36008         0     36008           0.540     1.268     1.616     1.949     2.177     2.589     3.090     4.207
1319.001     35987         0     35987           0.519     1.238     1.591     1.911     2.140     2.566     3.078     4.370
1320.001     36007         0     36006           0.471     1.294     1.633     1.971     2.191     2.601     3.277     5.165
1321.001     36007         0     36007           0.501     1.289     1.641     1.996     2.245     2.740     3.596     5.771
1322.001     35981         0     35982           0.507     1.285     1.619     1.945     2.177     2.617     3.338     4.899
1323.001     36013         0     36010           0.523     1.271     1.619     1.965     2.193     2.628     3.238     4.518
1324.001     36004         0     36007           0.527     1.318     1.660     1.997     2.224     2.654     3.375     5.313
1325.001     36005         0     36003           0.490     1.240     1.587     1.893     2.116     2.554     3.322     5.403
1326.001     35984         0     35983           0.526     1.324     1.668     2.019     2.243     2.687     3.789     6.312
1327.001     36005         0     36008           0.506     1.303     1.668     2.035     2.273     2.757     3.623     7.623
1328.001     36004         0     36002           0.510     1.269     1.610     1.920     2.144     2.546     3.148     4.473
1329.001     35994         0     35995           0.513     1.361     1.713     2.091     2.322     2.836     3.674     4.891
1330.001     36001         0     36000           0.516     1.340     1.679     2.023     2.247     2.693     3.363     6.709
1331.001     36012         0     36012           0.535     1.277     1.609     1.918     2.146     2.611     3.303     4.870
1332.001     35993         0     35993           0.492     1.306     1.660     2.003     2.220     2.636     3.328     4.596
1333.001     36004         0     36004           0.529     1.287     1.621     1.937     2.150     2.544     3.082     3.985
1334.001     36002         0     36000           0.479     1.337     1.684     2.032     2.261     2.769     3.607     5.677
1335.001     36004         0     36004           0.494     1.267     1.617     1.943     2.171     2.591     3.117     4.489
1336.001     35990         0     35992           0.492     1.286     1.644     2.006     2.249     2.767     3.486     5.956
1337.001     35997         0     35997           0.488     1.289     1.629     1.953     2.185     2.607     3.222     4.186
1338.001     35997         0     35997           0.524     1.284     1.633     1.964     2.204     2.648     3.424     5.177
1339.001     36005         0     36005           0.518     1.289     1.646     2.011     2.257     2.730     3.602     4.751
1340.001     35996         0     35993           0.481     1.317     1.655     1.979     2.210     2.621     3.248     4.571
1341.001     36004         0     36007           0.510     1.248     1.601     1.936     2.173     2.615     3.209     4.141
1342.001     35994         0     35994           0.490     1.269     1.625     1.965     2.200     2.595     3.228     4.313
1343.001     36008         0     36003           0.490     1.266     1.621     1.962     2.183     2.589     3.232     4.538
1344.001     35996         0     36001           0.534     1.315     1.670     2.026     2.257     2.677     3.445     9.445
1345.001     36010         0     36011           0.521     1.306     1.676     2.058     2.304     2.759     3.518     5.153
1346.001     35994         0     35993           0.477     1.232     1.597     1.943     2.187     2.705     3.518     4.948
1347.001     36000         0     36000           0.477     1.315     1.672     2.035     2.261     2.675     3.506     4.678
1348.001     35999         0     36000           0.515     1.274     1.615     1.950     2.175     2.585     3.176     3.795
1349.001     36003         0     36002           0.525     1.235     1.584     1.912     2.134     2.558     3.119     4.123
1350.001     35996         0     35997           0.503     1.288     1.647     2.008     2.247     2.718     3.402     5.251
1351.001     35990         0     35990           0.549     1.316     1.653     1.990     2.210     2.675     3.478     6.480
1352.001     36005         0     36005           0.501     1.317     1.658     2.010     2.247     2.691     3.582     6.021
1353.001     36010         0     36008           0.484     1.292     1.628     1.954     2.181     2.619     3.258     4.764
1354.001     35988         0     35989           0.497     1.320     1.656     1.986     2.204     2.609     3.265     6.361
1355.001     36014         0     36012           0.541     1.320     1.651     1.979     2.204     2.628     3.299     5.108
1356.001     35995         0     35997           0.501     1.308     1.659     2.005     2.236     2.703     3.484     7.750
1357.001     36001         0     36001           0.500     1.251     1.602     1.931     2.167     2.609     3.142     5.116
1358.001     36002         0     36001           0.495     1.322     1.668     2.011     2.232     2.681     3.369     5.575
1359.001     35990         0     35990           0.517     1.339     1.700     2.076     2.320     2.783     3.678     5.489
1360.001     36005         0     36005           0.502     1.296     1.652     1.997     2.230     2.707     3.676     5.153
1361.001     35980         0     35978           0.516     1.353     1.706     2.063     2.294     2.748     3.570     4.522
1362.001     36025         0     36027           0.504     1.341     1.733     2.157     2.406     2.949     3.922     5.775
1363.001     36003         0     36003           0.504     1.353     1.715     2.075     2.314     2.761     3.484     5.214
1364.001     36005         0     36005           0.500     1.298     1.648     1.985     2.202     2.605     3.222     3.987
1365.001     35988         0     35989           0.505     1.340     1.688     2.043     2.269     2.722     3.488     4.624
1366.001     36002         0     36001           0.521     1.307     1.665     2.033     2.277     2.753     3.504     5.218
1367.001     36003         0     36003           0.497     1.307     1.661     2.017     2.249     2.750     3.469     4.440
1368.001     35998         0     35995           0.517     1.294     1.659     2.023     2.275     2.804     3.748     5.775
1369.001     35990         0     35991           0.525     1.283     1.633     1.975     2.214     2.697     3.502     5.186
1370.001     35994         0     35995           0.520     1.348     1.705     2.090     2.345     2.914     4.114     8.327
1371.001     36014         0     36012           0.498     1.286     1.635     1.968     2.195     2.658     3.490     4.927
1372.001     35999         0     36002           0.540     1.286     1.625     1.954     2.181     2.613     3.215     4.362
1373.001     36005         0     36004           0.514     1.278     1.619     1.955     2.195     2.626     3.297     5.317
1374.001     36000         0     36001           0.510     1.322     1.677     2.041     2.271     2.726     3.527     5.587
1375.001     35999         0     35999           0.494     1.249     1.631     2.007     2.257     2.757     3.492     4.817
1376.001     36002         0     36002           0.511     1.307     1.640     1.978     2.198     2.621     3.285     4.256
1377.001     35988         0     35987           0.508     1.290     1.640     1.973     2.210     2.640     3.240     4.428
1378.001     36006         0     36007           0.523     1.277     1.620     1.951     2.169     2.611     3.250     5.186
1379.001     35990         0     35990           0.519     1.308     1.645     1.998     2.238     2.724     3.439     5.517
1380.001     36009         0     36010           0.510     1.308     1.660     2.039     2.281     2.814     3.723     5.730
1381.001     35999         0     35998           0.529     1.325     1.679     2.054     2.296     2.769     3.500     5.063
1382.001     36016         0     36016           0.520     1.299     1.640     1.971     2.200     2.601     3.275     3.961
1383.001     35987         0     35986           0.519     1.276     1.622     1.951     2.179     2.628     3.308     4.882
1384.001     35995         0     35996           0.508     1.280     1.626     1.959     2.193     2.619     3.316     4.522
1385.001     36007         0     36006           0.492     1.286     1.615     1.903     2.109     2.550     3.133     4.182
1386.001     35999         0     35999           0.529     1.282     1.619     1.940     2.165     2.583     3.262     4.973
1387.001     36007         0     36007           0.511     1.291     1.629     1.946     2.171     2.591     3.269     4.256
1388.001     35995         0     35996           0.505     1.325     1.669     2.012     2.234     2.673     3.385     5.288
1389.001     35994         0     35994           0.504     1.296     1.636     1.962     2.195     2.677     3.529     4.968
1390.001     36003         0     36003           0.510     1.312     1.650     1.985     2.226     2.728     4.997     6.595
1391.001     36000         0     36000           0.522     1.328     1.658     1.980     2.210     2.642     3.246     4.637
1392.001     36000         0     36001           0.525     1.352     1.699     2.061     2.312     2.789     3.781     6.042
1393.001     35994         0     35992           0.507     1.294     1.636     1.967     2.210     2.697     3.402     5.362
1394.001     36003         0     36004           0.510     1.317     1.659     2.009     2.253     2.691     3.314     4.106
1395.001     36005         0     36004           0.523     1.299     1.637     1.976     2.206     2.630     3.219     4.297
1396.001     35999         0     36000           0.502     1.307     1.638     1.959     2.185     2.605     3.215     4.272
1397.001     35997         0     35992           0.504     1.313     1.662     2.021     2.257     2.712     3.443     5.140
1398.001     36002         0     36007           0.511     1.318     1.669     2.032     2.263     2.728     3.363     4.391
1399.001     35994         0     35993           0.528     1.239     1.595     1.924     2.167     2.585     3.070     4.172
1400.001     36005         0     36005           0.488     1.247     1.611     1.966     2.202     2.638     3.396     4.698
1401.001     35998         0     35995           0.509     1.268     1.611     1.934     2.165     2.570     3.103     3.815
1402.001     36002         0     36007           0.514     1.287     1.630     1.958     2.185     2.621     3.250     4.383
1403.001     36018         0     36014           0.493     1.297     1.638     1.964     2.193     2.664     3.330     6.791
1404.001     35993         0     35996           0.514     1.267     1.624     1.987     2.210     2.644     3.269     4.510
1405.001     35980         0     35978           0.486     1.283     1.648     2.042     2.267     2.732     3.510     5.161
1406.001     36009         0     36011           0.526     1.261     1.608     1.952     2.181     2.619     3.277     4.727
1407.001     36008         0     36005           0.480     1.276     1.618     1.930     2.152     2.572     3.189     5.526
1408.001     35995         0     35995           0.512     1.281     1.627     1.959     2.195     2.630     3.527     6.738
1409.001     36000         0     36003           0.510     1.252     1.588     1.896     2.124     2.562     3.160     4.317
1410.001     35993         0     35994           0.510     1.318     1.667     2.025     2.288     2.810     3.721     5.317
1411.001     36016         0     36014           0.520     1.296     1.632     1.966     2.189     2.615     3.178     4.342
1412.001     35985         0     35986           0.503     1.292     1.635     1.972     2.204     2.640     3.295     5.112
1413.001     36010         0     36008           0.520     1.268     1.616     1.952     2.189     2.611     3.363     4.461
1414.001     35997         0     36000           0.513     1.354     1.707     2.083     2.327     2.812     3.652     5.632
1415.001     36000         0     36000           0.532     1.313     1.663     2.028     2.267     2.703     3.461     5.325
1416.001     36000         0     35998           0.519     1.272     1.622     1.963     2.193     2.656     3.252     5.153
1417.001     36004         0     36005           0.521     1.346     1.699     2.071     2.306     2.744     3.379     4.714
1418.001     35995         0     35995           0.495     1.250     1.599     1.937     2.173     2.585     3.328     4.665
1419.001     35998         0     35998           0.537     1.330     1.665     2.009     2.241     2.703     3.426     4.592
1420.001     36006         0     36007           0.539     1.361     1.711     2.076     2.300     2.765     3.480     4.358
1421.001     35997         0     35997           0.506     1.226     1.578     1.913     2.146     2.617     3.314     4.948
1422.001     35999         0     35999           0.506     1.329     1.654     1.976     2.200     2.683     3.447     4.747
1423.001     36008         0     36008           0.538     1.292     1.639     1.980     2.208     2.628     3.219     4.198
1424.001     35993         0     35990           0.511     1.265     1.622     1.976     2.208     2.652     3.267     4.829
1425.001     36004         0     36006           0.490     1.265     1.617     1.953     2.185     2.607     3.199     4.069
1426.001     35984         0     35985           0.523     1.308     1.642     1.972     2.193     2.609     3.279     5.050
1427.001     36018         0     36018           0.483     1.288     1.638     1.979     2.210     2.615     3.260     7.111
1428.001     36001         0     36000           0.501     1.236     1.581     1.913     2.142     2.544     3.135     3.973
1429.001     35992         0     35992           0.533     1.308     1.660     2.018     2.253     2.707     3.463     4.530
1430.001     36001         0     36001           0.489     1.230     1.584     1.931     2.173     2.578     3.140     4.243
1431.001     35999         0     36000           0.520     1.315     1.649     1.998     2.222     2.660     3.299     5.046
1432.001     36003         0     36002           0.510     1.278     1.626     1.982     2.218     2.642     3.246     5.067
1433.001     35990         0     35990           0.504     1.254     1.595     1.935     2.171     2.611     3.303     5.583
1434.001     36010         0     36010           0.529     1.282     1.628     1.965     2.193     2.603     3.203     5.652
1435.001     35995         0     35995           0.524     1.339     1.691     2.054     2.277     2.710     3.463     6.631
1436.001     35997         0     35998           0.512     1.286     1.640     1.986     2.208     2.691     3.543     7.148
1437.001     36010         0     36010           0.504     1.264     1.615     1.949     2.183     2.593     3.144     4.538
1438.001     35999         0     35998           0.520     1.346     1.694     2.068     2.304     2.726     3.371     5.210
1439.001     35997         0     35996           0.499     1.273     1.625     1.971     2.189     2.632     3.246     4.477
1440.001     36003         0     36000           0.500     1.299     1.641     1.973     2.198     2.613     3.320     4.846
1441.001     35984         0     35989           0.548     1.261     1.617     1.989     2.208     2.623     3.156     3.985
1442.001     36009         0     36009           0.511     1.348     1.679     2.030     2.249     2.689     3.428     5.046
1443.001     36003         0     36003           0.520     1.306     1.651     1.986     2.212     2.628     3.365     5.566
1444.001     35992         0     35991           0.524     1.318     1.658     1.986     2.208     2.662     3.308     4.067
1445.001     36000         0     36000           0.531     1.383     1.705     2.046     2.269     2.718     3.455     5.386
1446.001     36004         0     36005           0.511     1.333     1.677     2.025     2.265     2.750     3.508     4.936
1447.001     35997         0     35997           0.482     1.335     1.676     2.019     2.257     2.769     3.617     5.849
1448.001     36005         0     36005           0.511     1.354     1.691     2.032     2.263     2.734     3.445     5.779
1449.001     35991         0     35991           0.522     1.292     1.642     1.986     2.220     2.718     3.498     5.595
1450.001     36016         0     36016           0.506     1.396     1.737     2.109     2.343     2.824     3.504     4.628
1451.001     35993         0     35994           0.519     1.318     1.651     1.976     2.195     2.654     3.389     4.882
1452.001     35997         0     35997           0.509     1.331     1.655     1.973     2.193     2.658     3.471     4.973
1453.001     36004         0     36004           0.536     1.333     1.662     1.993     2.208     2.646     3.279     5.186
1454.001     35999         0     36000           0.489     1.287     1.642     1.988     2.222     2.636     3.287     4.682
1455.001     36004         0     36003           0.498     1.343     1.689     2.055     2.288     2.718     3.410     5.575
1456.001     35988         0     35987           0.511     1.316     1.659     1.998     2.218     2.615     3.312     4.563
1457.001     36011         0     36012           0.528     1.341     1.686     2.038     2.265     2.738     3.654     5.784
1458.001     35995         0     35995           0.524     1.342     1.697     2.061     2.294     2.759     3.424     5.833
1459.001     36011         0     36011           0.495     1.284     1.614     1.927     2.154     2.554     3.199     3.918
1460.001     35999         0     35998           0.530     1.330     1.668     2.015     2.257     2.712     3.566     5.837
1461.001     35993         0     35995           0.489     1.304     1.638     1.962     2.187     2.576     3.219     4.153
1462.001     35999         0     35998           0.478     1.339     1.678     2.020     2.249     2.675     3.297     4.698
1463.001     35991         0     35989           0.509     1.288     1.649     2.003     2.243     2.699     3.488     4.702
1464.001     36003         0     36003           0.525     1.355     1.692     2.031     2.261     2.701     3.365     4.784
1465.001     36003         0     36003           0.489     1.306     1.650     1.994     2.224     2.691     3.234     4.260
1466.001     36010         0     36012           0.522     1.316     1.659     1.992     2.220     2.664     3.391     5.878
1467.001     36003         0     36002           0.510     1.300     1.654     2.022     2.259     2.718     3.342     4.919
1468.001     35990         0     35990           0.490     1.328     1.683     2.063     2.296     2.785     3.494     5.284
1469.001     36016         0     36011           0.533     1.314     1.658     2.013     2.241     2.660     3.287     4.813
1470.001     35992         0     35997           0.524     1.307     1.646     1.993     2.218     2.642     3.314     5.009
1471.001     35997         0     35997           0.495     1.342     1.684     2.043     2.271     2.703     3.383     4.727
1472.001     35989         0     35989           0.541     1.283     1.618     1.936     2.169     2.593     3.238     4.588
1473.001     36002         0     36002           0.510     1.335     1.677     2.017     2.228     2.693     3.383     4.706
1474.001     35998         0     35999           0.516     1.309     1.649     1.993     2.210     2.689     4.071     7.012
1475.001     36009         0     36009           0.526     1.315     1.644     1.957     2.175     2.591     3.265     4.184
1476.001     35996         0     35995           0.529     1.329     1.667     2.009     2.238     2.728     3.742     5.964
1477.001     36009         0     36009           0.502     1.303     1.657     2.026     2.273     2.771     3.568     5.886
1478.001     36002         0     36001           0.520     1.332     1.672     2.016     2.234     2.666     3.398     4.583
1479.001     36002         0     36003           0.542     1.343     1.682     2.040     2.269     2.730     3.660     5.407
1480.001     35982         0     35980           0.499     1.367     1.714     2.079     2.312     2.834     3.658     5.165
1481.001     36006         0     36008           0.544     1.372     1.713     2.064     2.296     2.802     3.600     5.833
1482.001     36006         0     36002           0.496     1.378     1.712     2.057     2.281     2.771     3.502     5.149
1483.001     36004         0     36006           0.534     1.316     1.654     2.009     2.251     2.738     3.615     5.415
1484.001     35989         0     35991           0.509     1.267     1.629     1.983     2.218     2.648     3.170     5.034
1485.001     36005         0     36005           0.505     1.315     1.638     1.960     2.183     2.626     3.441     5.132
1486.001     35990         0     35989           0.486     1.323     1.669     2.016     2.249     2.732     3.523     6.222
1487.001     36014         0     36015           0.528     1.271     1.605     1.934     2.179     2.585     3.174     4.641
1488.001     36002         0     35996           0.523     1.319     1.648     1.985     2.220     2.617     3.176     4.608
1489.001     35992         0     35996           0.517     1.299     1.648     2.007     2.253     2.718     3.406     5.423
1490.001     35998         0     35997           0.494     1.283     1.619     1.960     2.189     2.603     3.260     4.399
1491.001     36006         0     36007           0.483     1.334     1.657     1.966     2.181     2.605     3.150     4.448
1492.001     36002         0     36002           0.495     1.360     1.720     2.118     2.372     2.904     3.746     6.427
1493.001     35997         0     35998           0.495     1.274     1.609     1.934     2.167     2.601     3.260     4.334
1494.001     35990         0     35990           0.502     1.357     1.698     2.051     2.284     2.767     3.502     6.349
1495.001     35988         0     35987           0.486     1.333     1.672     2.013     2.253     2.699     3.445     5.030
1496.001     36025         0     36025           0.444     1.292     1.631     1.962     2.189     2.638     3.408     5.272
1497.001     36009         0     36009           0.496     1.361     1.697     2.058     2.292     2.740     3.580     5.497
1498.001     35989         0     35989           0.536     1.326     1.661     1.994     2.222     2.691     3.375     6.177
1499.001     35996         0     35994           0.527     1.352     1.688     2.035     2.267     2.710     3.488     4.858
1500.001     36004         0     36003           0.521     1.321     1.654     1.995     2.216     2.650     3.301     4.309
1501.001     35991         0     35993           0.519     1.329     1.666     2.014     2.255     2.689     3.426     4.829
1502.001     35992         0     35992           0.505     1.353     1.703     2.075     2.306     2.744     3.449     4.403
1503.001     36020         0     36019           0.524     1.352     1.687     2.035     2.261     2.671     3.400     4.997
1504.001     35994         0     35994           0.485     1.308     1.651     1.989     2.218     2.650     3.291     4.620
1505.001     36001         0     36001           0.498     1.307     1.645     1.989     2.226     2.679     3.330     5.304
1506.001     35996         0     35995           0.526     1.339     1.676     2.039     2.284     2.757     3.654     5.669
1507.001     36009         0     36009           0.496     1.306     1.648     1.992     2.218     2.652     3.420     6.078
1508.001     36011         0     36011           0.525     1.366     1.702     2.050     2.281     2.730     3.756     6.509
1509.001     35990         0     35989           0.529     1.342     1.715     2.096     2.327     2.824     3.635     5.108
1510.001     35995         0     35997           0.547     1.405     1.761     2.142     2.392     2.927     3.860     6.189
1511.001     36000         0     36000           0.517     1.339     1.683     2.047     2.288     2.798     3.711     5.210
1512.001     35996         0     35996           0.544     1.379     1.722     2.094     2.337     2.847     3.637     4.936
1513.001     36010         0     36008           0.536     1.361     1.705     2.079     2.312     2.779     3.744     6.107
1514.001     36002         0     36006           0.521     1.311     1.660     2.021     2.261     2.718     3.471     4.932
1515.001     35991         0     35988           0.536     1.329     1.657     1.997     2.236     2.675     3.441     5.419
1516.001     35998         0     35999           0.505     1.317     1.654     1.987     2.216     2.628     3.320     4.637
1517.001     36006         0     36007           0.504     1.298     1.635     1.977     2.202     2.617     3.181     4.223
1518.001     35994         0     35994           0.519     1.338     1.670     2.022     2.251     2.673     3.420     5.079
1519.001     36000         0     36001           0.521     1.323     1.671     2.064     2.302     2.750     3.615     6.013
1520.001     36016         0     36015           0.524     1.341     1.672     2.014     2.243     2.734     3.486     5.411
1521.001     35985         0     35982           0.528     1.285     1.622     1.955     2.173     2.607     3.172     4.002
1522.001     36002         0     36004           0.513     1.324     1.669     2.028     2.263     2.720     3.459     5.018
1523.001     36000         0     36001           0.536     1.358     1.690     2.046     2.281     2.710     3.422     4.387
1524.001     36001         0     36001           0.513     1.326     1.679     2.055     2.298     2.753     3.504     4.735
1525.001     36000         0     35999           0.530     1.273     1.622     1.959     2.193     2.617     3.236     4.522
1526.001     35997         0     35999           0.527     1.336     1.667     1.999     2.224     2.650     3.336     5.235
1527.001     35998         0     35997           0.496     1.288     1.632     1.963     2.193     2.613     3.269     4.637
1528.001     36008         0     36008           0.494     1.306     1.637     1.959     2.185     2.630     3.201     4.633
1529.001     35990         0     35990           0.508     1.342     1.670     2.004     2.236     2.673     3.322     5.497
1530.001     36001         0     36001           0.527     1.294     1.640     1.994     2.241     2.675     3.355     4.157
1531.001     36015         0     36013           0.525     1.316     1.661     2.015     2.255     2.753     3.568     4.878
1532.001     36004         0     36005           0.513     1.285     1.625     1.955     2.191     2.613     3.203     4.338
1533.001     35983         0     35983           0.512     1.340     1.663     1.989     2.224     2.660     3.322     5.108
1534.001     36005         0     36008           0.519     1.307     1.650     1.975     2.208     2.677     3.371     5.063
1535.001     36000         0     35998           0.514     1.316     1.658     2.002     2.236     2.662     3.371     6.115
1536.001     35998         0     35998           0.494     1.317     1.670     2.065     2.304     2.773     3.680     6.222
1537.001     35994         0     35995           0.481     1.331     1.714     2.130     2.374     2.884     3.883     6.152
1538.001     36001         0     36001           0.503     1.325     1.679     2.054     2.296     2.757     3.533     5.526
1539.001     35997         0     35997           0.510     1.341     1.693     2.042     2.275     2.750     3.607     5.972
1540.001     36012         0     36011           0.548     1.401     1.751     2.128     2.365     2.857     3.779     5.800
1541.001     36000         0     36001           0.518     1.358     1.697     2.045     2.277     2.712     3.400     4.952
1542.001     36001         0     35999           0.477     1.317     1.659     1.993     2.224     2.699     3.463     4.440
1543.001     35991         0     35993           0.545     1.420     1.763     2.140     2.374     2.851     3.684     5.542
1544.001     36004         0     36004           0.486     1.312     1.668     2.033     2.271     2.742     3.480     4.440
1545.001     36000         0     36000           0.492     1.289     1.640     1.983     2.216     2.654     3.234     4.440
1546.001     36004         0     36002           0.531     1.332     1.682     2.055     2.279     2.697     3.332     4.301
1547.001     35998         0     35999           0.522     1.321     1.656     1.990     2.220     2.644     3.312     5.079
1548.001     36001         0     36002           0.490     1.282     1.608     1.919     2.132     2.562     3.213     4.379
1549.001     36005         0     36006           0.525     1.331     1.666     2.010     2.245     2.748     3.549     4.973
1550.001     35986         0     35984           0.519     1.336     1.676     2.034     2.263     2.697     3.428     4.506
1551.001     36001         0     36002           0.499     1.310     1.640     1.960     2.191     2.617     3.203     4.588
1552.001     36006         0     36007           0.488     1.334     1.675     2.028     2.253     2.683     3.324     5.390
1553.001     36001         0     36000           0.503     1.317     1.645     1.970     2.200     2.634     3.320     4.264
1554.001     35996         0     35995           0.529     1.330     1.661     2.000     2.224     2.671     3.258     3.969
1555.001     36012         0     36013           0.493     1.324     1.663     2.012     2.247     2.671     3.285     6.009
1556.001     35983         0     35983           0.530     1.332     1.667     2.018     2.241     2.679     3.322     4.272
1557.001     36008         0     36008           0.519     1.308     1.664     2.036     2.259     2.703     3.619     5.472
1558.001     36003         0     36003           0.495     1.308     1.649     1.980     2.204     2.640     3.387     5.792
1559.001     35997         0     35998           0.503     1.297     1.636     1.980     2.210     2.664     3.371     4.415
1560.001     35993         0     35993           0.483     1.363     1.707     2.076     2.310     2.728     3.459     4.579
1561.001     36015         0     36014           0.506     1.305     1.628     1.936     2.159     2.572     3.209     3.942
1562.001     35991         0     35991           0.508     1.321     1.658     1.993     2.222     2.644     3.209     4.444
1563.001     36000         0     36001           0.508     1.360     1.694     2.041     2.273     2.677     3.369     4.592
1564.001     36003         0     36004           0.529     1.296     1.627     1.944     2.175     2.599     3.183     4.411
1565.001     35990         0     35990           0.510     1.310     1.642     1.978     2.210     2.646     3.334     4.850
1566.001     36002         0     36001           0.525     1.339     1.663     1.988     2.218     2.646     3.260     4.764
1567.001     36003         0     36004           0.532     1.302     1.642     1.997     2.234     2.691     3.305     5.251
1568.001     36007         0     36007           0.528     1.354     1.697     2.075     2.304     2.705     3.324     4.624
1569.001     36005         0     36005           0.490     1.299     1.645     2.009     2.241     2.666     3.318     7.131
1570.001     35984         0     35982           0.523     1.299     1.644     2.011     2.251     2.666     3.342     4.407
1571.001     36003         0     36005           0.492     1.408     1.750     2.138     2.372     2.845     3.963     9.011
1572.001     35997         0     35996           0.486     1.309     1.664     2.050     2.284     2.697     3.308     5.005
1573.001     36004         0     36004           0.535     1.379     1.724     2.091     2.331     2.873     4.153     5.939
1574.001     35996         0     35997           0.524     1.354     1.706     2.083     2.322     2.820     3.777     5.259
1575.001     36013         0     36013           0.520     1.334     1.675     2.043     2.279     2.724     3.607     5.796
1576.001     35982         0     35981           0.505     1.277     1.627     1.975     2.216     2.640     3.256     4.510
1577.001     36013         0     36015           0.554     1.370     1.702     2.061     2.300     2.775     3.465    10.928
1578.001     36008         0     36008           0.541     1.300     1.656     2.019     2.247     2.687     3.322     5.333
1579.001     35993         0     35992           0.516     1.300     1.655     2.008     2.251     2.728     3.406     4.776
1580.001     36002         0     36002           0.526     1.345     1.699     2.080     2.320     2.830     3.701     5.718
1581.001     35992         0     35991           0.536     1.286     1.628     1.975     2.216     2.623     3.346     5.427
1582.001     36007         0     36008           0.524     1.330     1.662     2.008     2.236     2.675     3.342     4.174
1583.001     35999         0     35999           0.515     1.314     1.668     2.047     2.310     2.808     4.065     6.754
1584.001     36003         0     36004           0.503     1.285     1.625     1.958     2.191     2.599     3.127     4.157
1585.001     36000         0     36000           0.511     1.373     1.711     2.078     2.314     2.740     3.373     4.764
1586.001     35998         0     35997           0.520     1.322     1.668     2.018     2.265     2.728     3.758     7.803
1587.001     36001         0     36000           0.552     1.321     1.661     1.998     2.224     2.662     3.336     5.231
1588.001     35999         0     36001           0.514     1.347     1.675     2.014     2.245     2.687     3.412     4.633
1589.001     35993         0     35992           0.512     1.312     1.660     2.020     2.269     2.697     3.369     5.296
1590.001     36001         0     36002           0.503     1.360     1.696     2.056     2.288     2.755     3.627     5.378
1591.001     36001         0     36000           0.517     1.332     1.668     2.028     2.253     2.677     3.308     4.309
1592.001     36007         0     36008           0.539     1.320     1.649     1.994     2.232     2.675     3.373     5.014
1593.001     35993         0     35991           0.520     1.312     1.647     1.978     2.208     2.623     3.168     4.063
1594.001     36002         0     36004           0.549     1.298     1.634     1.976     2.208     2.607     3.260     4.094
1595.001     35929         0     35925           0.512     1.340     1.693     2.077     2.314     2.818     3.693     5.296
1596.001     36074         0     36077           0.542     1.340     1.695     2.085     2.335     2.996   173.933   211.419
1597.001     35989         0     35989           0.547     1.320     1.652     1.981     2.202     2.666     3.400     4.596
1598.001     36010         0     36010           0.513     1.367     1.730     2.142     2.382     2.867     3.928     7.844
1599.001     36004         0     36005           0.474     1.325     1.666     2.043     2.290     2.748     3.484     5.607
1600.001     35979         0     35979           0.516     1.314     1.659     2.020     2.255     2.720     3.684     5.345
1601.001     36016         0     36014           0.524     1.378     1.716     2.109     2.339     2.810     3.594     4.973
1602.001     36001         0     36001           0.525     1.377     1.699     2.057     2.292     2.728     3.455     4.329
1603.001     36001         0     36002           0.514     1.392     1.758     2.167     2.441     3.015     3.932     5.947
1604.001     36003         0     36004           0.528     1.407     1.755     2.144     2.390     2.916     3.717     5.648
1605.001     35991         0     35990           0.492     1.340     1.677     2.024     2.257     2.664     3.213     4.538
1606.001     36005         0     36002           0.524     1.342     1.663     1.999     2.228     2.662     3.269     3.965
1607.001     35998         0     35999           0.507     1.341     1.680     2.041     2.279     2.818     3.938     5.865
1608.001     35999         0     36001           0.520     1.317     1.654     2.017     2.236     2.662     3.320     5.226
1609.001     36006         0     36004           0.482     1.305     1.640     1.976     2.210     2.673     3.334     4.882
1610.001     35996         0     35997           0.503     1.401     1.773     2.189     2.443     3.021     4.020     5.906
1611.001     36011         0     36011           0.500     1.314     1.661     2.038     2.286     2.773     3.799     5.439
1612.001     35987         0     35988           0.483     1.315     1.651     1.998     2.245     2.658     3.267     4.170
1613.001     36000         0     36000           0.526     1.377     1.736     2.154     2.415     3.002     3.957     6.619
1614.001     36005         0     36003           0.467     1.280     1.608     1.925     2.148     2.546     3.162     4.563
1615.001     35997         0     35999           0.509     1.310     1.648     1.995     2.232     2.664     3.406     5.067
1616.001     36007         0     36006           0.510     1.299     1.633     1.976     2.208     2.626     3.181     4.268
1617.001     35990         0     35992           0.510     1.356     1.699     2.064     2.314     2.873     3.760     6.611
1618.001     36008         0     36008           0.516     1.306     1.639     1.971     2.189     2.621     3.316     4.227
1619.001     36002         0     36002           0.536     1.336     1.687     2.062     2.300     2.771     3.457     5.472
1620.001     36002         0     36001           0.503     1.306     1.684     2.107     2.380     2.914     3.750     5.960
1621.001     35994         0     35993           0.513     1.308     1.654     2.024     2.261     2.720     4.428     6.328
1622.001     36002         0     36003           0.512     1.360     1.690     2.032     2.269     2.712     3.375     4.858
1623.001     36004         0     36005           0.513     1.321     1.668     2.038     2.284     2.744     3.529     6.382
1624.001     35998         0     35999           0.515     1.321     1.658     2.014     2.241     2.654     3.244     4.887
1625.001     35999         0     35999           0.540     1.322     1.663     2.032     2.261     2.728     3.604     5.444
1626.001     35988         0     35988           0.529     1.319     1.664     2.009     2.251     2.697     3.416     4.436
1627.001     36015         0     36014           0.495     1.309     1.640     1.971     2.200     2.593     3.152     4.342
1628.001     35987         0     35987           0.506     1.329     1.668     2.029     2.255     2.691     3.375     5.153
1629.001     36005         0     36005           0.513     1.298     1.633     1.961     2.189     2.609     3.185     4.022
1630.001     36012         0     36012           0.526     1.317     1.658     2.022     2.255     2.673     3.414     5.648
1631.001     35983         0     35983           0.493     1.358     1.690     2.038     2.277     2.740     3.500     5.329
1632.001     35997         0     35998           0.524     1.334     1.650     1.979     2.206     2.630     3.258     4.841
1633.001     36006         0     36006           0.515     1.346     1.667     2.001     2.226     2.642     3.330     4.424
1634.001     36007         0     36007           0.500     1.311     1.646     1.992     2.232     2.652     3.301     5.976
1635.001     35999         0     36000           0.531     1.290     1.629     1.976     2.218     2.673     3.484     4.637
1636.001     35996         0     35994           0.521     1.322     1.655     2.000     2.230     2.650     3.314     4.542
1637.001     35999         0     36000           0.510     1.336     1.678     2.037     2.271     2.710     3.424     5.288
1638.001     36008         0     36008           0.506     1.339     1.690     2.053     2.296     2.720     3.453     6.095
1639.001     35996         0     35996           0.536     1.316     1.663     2.016     2.259     2.695     3.426     4.309
1640.001     35987         0     35988           0.551     1.287     1.623     1.952     2.191     2.632     3.248     4.530
1641.001     36004         0     36003           0.524     1.348     1.689     2.057     2.288     2.726     3.353     5.329
1642.001     36008         0     36008           0.503     1.316     1.674     2.056     2.302     2.806     3.660     9.200
1643.001     35999         0     35999           0.485     1.318     1.657     1.996     2.228     2.697     3.813     6.816
1644.001     35993         0     35993           0.480     1.348     1.701     2.101     2.333     2.771     3.387     5.644
1645.001     36005         0     36005           0.503     1.306     1.647     2.000     2.238     2.687     3.351     4.133
1646.001     35997         0     35996           0.538     1.297     1.631     1.951     2.181     2.621     3.269     4.362
1647.001     36001         0     36002           0.537     1.332     1.673     2.020     2.251     2.656     3.344     4.432
1648.001     36005         0     36005           0.510     1.316     1.657     2.009     2.232     2.650     3.379     5.050
1649.001     35999         0     35998           0.519     1.279     1.613     1.934     2.167     2.611     3.301     5.382
1650.001     36000         0     36001           0.534     1.354     1.688     2.034     2.261     2.699     3.455     5.665
1651.001     36008         0     36002           0.531     1.330     1.667     2.028     2.263     2.716     3.559     5.149
1652.001     36001         0     36006           0.491     1.269     1.616     1.963     2.198     2.636     3.197     4.284
1653.001     35993         0     35993           0.489     1.322     1.665     2.039     2.275     2.699     3.449     4.583
1654.001     35995         0     35995           0.511     1.313     1.639     1.972     2.206     2.644     3.252     5.190
1655.001     36010         0     36011           0.496     1.292     1.645     1.995     2.230     2.652     3.258     4.231
1656.001     36001         0     36000           0.500     1.300     1.650     2.002     2.236     2.673     3.348     4.334
1657.001     35990         0     35989           0.518     1.317     1.668     2.037     2.273     2.736     3.482     5.018
1658.001     35997         0     35997           0.522     1.264     1.608     1.947     2.187     2.613     3.191     4.755
1659.001     35990         0     35990           0.524     1.294     1.626     1.954     2.191     2.632     3.322     4.755
1660.001     36014         0     36015           0.513     1.300     1.644     2.010     2.251     2.691     3.394     5.804
1661.001     35995         0     35994           0.533     1.363     1.694     2.051     2.275     2.734     3.666     4.772
1662.001     36004         0     36004           0.535     1.379     1.723     2.101     2.351     2.839     3.703     5.628
1663.001     35999         0     35998           0.529     1.336     1.705     2.116     2.376     2.910     4.022     6.828
1664.001     35993         0     35995           0.532     1.343     1.702     2.089     2.335     2.843     3.633     4.948
1665.001     36011         0     36007           0.500     1.339     1.683     2.044     2.288     2.736     3.494     7.766
1666.001     36006         0     36008           0.496     1.316     1.662     2.034     2.269     2.693     3.314     4.207
1667.001     36001         0     36002           0.529     1.271     1.627     1.982     2.220     2.644     3.230     4.411
1668.001     35993         0     35992           0.542     1.322     1.658     2.014     2.247     2.646     3.283     4.473
1669.001     36005         0     36005           0.493     1.279     1.615     1.951     2.179     2.595     3.178     4.403
1670.001     36005         0     36005           0.495     1.304     1.649     1.995     2.228     2.652     3.305     4.874
1671.001     35987         0     35987           0.528     1.302     1.637     2.000     2.230     2.656     3.265     4.862
1672.001     36010         0     36010           0.540     1.314     1.664     2.016     2.251     2.652     3.455     4.755
1673.001     35998         0     35996           0.525     1.341     1.710     2.130     2.386     2.982     4.086     5.853
1674.001     35998         0     36000           0.492     1.361     1.699     2.070     2.310     2.744     3.361     5.173
1675.001     35992         0     35993           0.506     1.295     1.646     2.017     2.247     2.666     3.277     5.112
1676.001     36008         0     36008           0.509     1.312     1.653     2.015     2.243     2.662     3.332     4.387
1677.001     35990         0     35989           0.536     1.338     1.682     2.057     2.279     2.718     3.348     5.054
1678.001     35997         0     35993           0.525     1.317     1.662     2.028     2.257     2.669     3.256     5.018
1679.001     36016         0     36021           0.501     1.317     1.676     2.066     2.292     2.699     3.398     4.985
1680.001     35987         0     35985           0.502     1.326     1.688     2.081     2.310     2.783     3.469     5.136
1681.001     36009         0     36009           0.511     1.345     1.684     2.053     2.284     2.767     3.650     5.603
1682.001     35996         0     35997           0.530     1.413     1.772     2.169     2.408     2.959     4.030     6.332
1683.001     36000         0     36001           0.536     1.318     1.658     1.998     2.232     2.638     3.228     3.934
1684.001     36006         0     36006           0.532     1.386     1.756     2.175     2.429     2.961     3.992     7.070
1685.001     35999         0     35999           0.528     1.313     1.677     2.058     2.308     2.822     3.963     5.714
1686.001     35994         0     35992           0.516     1.284     1.639     1.998     2.232     2.646     3.396     4.723
1687.001     35998         0     35999           0.527     1.337     1.691     2.081     2.300     2.701     3.398     5.140
1688.001     36003         0     36003           0.521     1.294     1.638     2.006     2.243     2.679     3.271     4.878
1689.001     36011         0     36011           0.524     1.338     1.694     2.074     2.300     2.753     3.578     4.620
1690.001     35991         0     35990           0.506     1.296     1.641     2.020     2.257     2.675     3.279     4.882
1691.001     35997         0     35999           0.492     1.442     1.794     2.193     2.441     3.027     4.043     5.726
1692.001     36008         0     36007           0.509     1.353     1.693     2.057     2.294     2.757     3.478     5.005
1693.001     35990         0     35991           0.499     1.321     1.681     2.048     2.286     2.759     3.578     6.918
1694.001     36000         0     36000           0.548     1.382     1.726     2.126     2.372     2.894     3.668     4.973
1695.001     36003         0     36002           0.500     1.361     1.715     2.114     2.351     2.834     3.703     6.431
1696.001     36006         0     36005           0.490     1.288     1.637     2.009     2.245     2.685     3.332     4.571
1697.001     35996         0     35998           0.522     1.294     1.644     2.005     2.251     2.673     3.381     7.717
1698.001     35989         0     35986           0.506     1.328     1.694     2.099     2.345     2.869     3.893     5.915
1699.001     36011         0     36013           0.504     1.322     1.671     2.059     2.308     2.806     3.760     7.766
1700.001     36002         0     36002           0.526     1.319     1.655     2.008     2.241     2.712     3.437     4.907
1701.001     35998         0     35997           0.504     1.286     1.642     2.022     2.257     2.699     3.297     4.526
1702.001     36004         0     36005           0.507     1.335     1.668     2.017     2.238     2.656     3.305     4.133
1703.001     36001         0     36001           0.516     1.352     1.706     2.101     2.359     2.859     3.725     5.964
1704.001     36004         0     36003           0.495     1.317     1.646     1.967     2.183     2.591     3.222     4.166
1705.001     35993         0     35994           0.492     1.318     1.672     2.049     2.290     2.701     3.332     4.477
1706.001     36007         0     36006           0.527     1.295     1.631     1.983     2.226     2.648     3.213     4.387
1707.001     35997         0     35998           0.528     1.288     1.634     1.990     2.226     2.669     3.615     8.278
1708.001     35991         0     35985           0.534     1.336     1.693     2.066     2.300     2.718     3.394     4.801
1709.001     36010         0     36016           0.535     1.309     1.639     1.971     2.204     2.636     3.283     4.837
1710.001     35990         0     35990           0.537     1.297     1.650     2.028     2.265     2.710     3.572     8.319
1711.001     36005         0     36005           0.500     1.294     1.651     2.059     2.290     2.699     3.289     5.407
1712.001     35997         0     35995           0.534     1.320     1.651     1.992     2.218     2.648     3.275     4.645
1713.001     36002         0     36000           0.495     1.340     1.687     2.062     2.290     2.755     3.471     5.050
1714.001     36010         0     36014           0.500     1.324     1.668     2.051     2.288     2.722     3.308     4.973
1715.001     35988         0     35988           0.514     1.309     1.669     2.049     2.269     2.697     3.480     6.750
1716.001     36003         0     36003           0.524     1.331     1.676     2.045     2.281     2.722     3.377     4.870
1717.001     35993         0     35990           0.539     1.337     1.693     2.080     2.322     2.763     3.475     5.300
1718.001     35997         0     35999           0.529     1.305     1.648     2.004     2.232     2.646     3.240     4.350
1719.001     36011         0     36009           0.520     1.333     1.678     2.066     2.290     2.712     3.353     4.518
1720.001     35997         0     36000           0.515     1.340     1.680     2.049     2.269     2.669     3.285     4.444
1721.001     35987         0     35987           0.521     1.345     1.680     2.042     2.267     2.664     3.236     4.592
1722.001     36011         0     36011           0.556     1.415     1.775     2.167     2.400     2.894     3.795     8.204
1723.001     36004         0     36003           0.550     1.352     1.695     2.082     2.320     2.738     3.469     5.595
1724.001     36006         0     36007           0.524     1.372     1.706     2.079     2.318     2.789     3.557     5.923
1725.001     35988         0     35989           0.523     1.340     1.686     2.061     2.290     2.726     3.305     4.575
1726.001     36007         0     36007           0.526     1.326     1.659     2.021     2.253     2.654     3.363     5.243
1727.001     36002         0     35998           0.531     1.326     1.665     2.010     2.255     2.712     3.473     6.980
1728.001     35994         0     35999           0.541     1.327     1.651     1.973     2.198     2.617     3.152     3.967
1729.001     35986         0     35985           0.535     1.366     1.702     2.057     2.292     2.716     3.484     4.620
1730.001     36016         0     36015           0.548     1.320     1.665     2.056     2.286     2.691     3.355     4.723
1731.001     35998         0     35995           0.483     1.332     1.666     2.038     2.265     2.664     3.242     4.551
1732.001     35991         0     35992           0.512     1.350     1.694     2.064     2.294     2.740     3.434     5.288
1733.001     36016         0     36018           0.522     1.313     1.665     2.030     2.269     2.722     3.346     5.005
1734.001     35992         0     35990           0.531     1.348     1.686     2.043     2.292     2.753     3.459     4.739
1735.001     36005         0     36006           0.514     1.362     1.705     2.082     2.314     2.798     3.674     5.898
1736.001     36007         0     36009           0.521     1.333     1.668     2.030     2.269     2.707     3.351     4.669
1737.001     35996         0     35996           0.486     1.326     1.670     2.048     2.281     2.671     3.344     4.135
1738.001     36005         0     36005           0.520     1.314     1.667     2.045     2.284     2.724     3.445     4.514
1739.001     35987         0     35988           0.525     1.317     1.648     2.010     2.241     2.662     3.295     4.264
1740.001     36005         0     36004           0.537     1.333     1.662     2.000     2.220     2.628     3.381     6.160
1741.001     35996         0     35995           0.531     1.333     1.663     2.003     2.224     2.681     3.434     6.742
1742.001     35991         0     35990           0.522     1.299     1.634     1.980     2.214     2.656     3.375     6.021
1743.001     36018         0     36020           0.487     1.322     1.663     2.041     2.269     2.701     3.359     4.784
1744.001     36000         0     36001           0.508     1.299     1.638     1.989     2.222     2.636     3.258     4.305
1745.001     35993         0     35991           0.499     1.292     1.639     2.014     2.251     2.683     3.297     4.616
1746.001     36007         0     36007           0.542     1.327     1.658     2.019     2.241     2.636     3.201     4.579
1747.001     35995         0     35995           0.523     1.307     1.636     1.978     2.212     2.656     3.461     5.554
1748.001     36005         0     36007           0.521     1.315     1.639     1.968     2.189     2.628     3.230     4.903
1749.001     35989         0     35988           0.530     1.368     1.707     2.077     2.314     2.793     3.588     6.578
1750.001     36011         0     36011           0.544     1.331     1.667     2.030     2.265     2.714     3.406     4.780
1751.001     36003         0     36001           0.507     1.340     1.670     2.031     2.271     2.712     3.482     4.731
1752.001     35986         0     35987           0.545     1.424     1.773     2.163     2.394     2.882     3.850     5.493
1753.001     36005         0     36005           0.511     1.362     1.754     2.202     2.476     3.144     4.162     6.496
1754.001     36014         0     36015           0.541     1.364     1.730     2.138     2.380     2.857     3.889     7.877
1755.001     35990         0     35989           0.499     1.351     1.700     2.091     2.331     2.818     3.590     5.542
1756.001     35993         0     35990           0.510     1.297     1.645     2.006     2.251     2.716     3.400     5.554
1757.001     36000         0     36004           0.535     1.291     1.646     2.030     2.267     2.691     3.320     4.555
1758.001     35997         0     35997           0.519     1.327     1.680     2.073     2.310     2.769     4.354     6.267
1759.001     36003         0     36002           0.539     1.309     1.650     1.999     2.236     2.656     3.269     4.289
1760.001     36016         0     36014           0.518     1.338     1.672     2.017     2.245     2.671     3.267     5.104
1761.001     35985         0     35987           0.524     1.315     1.663     2.053     2.292     2.693     3.318     4.268
1762.001     36001         0     36001           0.489     1.276     1.616     1.966     2.202     2.638     3.197     6.066
1763.001     35996         0     35996           0.507     1.324     1.675     2.061     2.302     2.714     3.342     5.194
1764.001     35998         0     35995           0.536     1.310     1.647     2.007     2.234     2.662     3.334     7.299
1765.001     36010         0     36013           0.529     1.336     1.683     2.072     2.306     2.759     3.574     5.128
1766.001     36003         0     36002           0.519     1.305     1.655     2.040     2.292     2.802     3.645     4.985
1767.001     35992         0     35992           0.532     1.327     1.667     2.032     2.257     2.681     3.375     4.641
1768.001     36000         0     35999           0.510     1.306     1.644     1.994     2.230     2.683     3.322     4.723
1769.001     35990         0     35990           0.515     1.349     1.707     2.111     2.359     2.871     3.942     5.800
1770.001     36012         0     36011           0.486     1.330     1.698     2.097     2.353     2.869     3.680     5.259
1771.001     35998         0     36000           0.525     1.340     1.684     2.051     2.286     2.707     3.375     4.485
1772.001     36000         0     36000           0.511     1.356     1.692     2.050     2.284     2.738     3.602     5.988
1773.001     36009         0     36006           0.528     1.347     1.692     2.059     2.281     2.683     3.338     4.481
1774.001     36002         0     36005           0.507     1.287     1.609     1.938     2.163     2.570     3.133     4.227
1775.001     35995         0     35994           0.516     1.371     1.720     2.105     2.341     2.765     3.492     4.592
1776.001     35998         0     35998           0.509     1.309     1.655     2.015     2.257     2.705     3.437     4.796
1777.001     36007         0     36005           0.550     1.282     1.623     1.967     2.202     2.632     3.152     4.289
1778.001     35999         0     36001           0.531     1.375     1.713     2.114     2.361     2.843     3.928     8.733
1779.001     35995         0     35995           0.486     1.327     1.678     2.047     2.273     2.695     3.310     4.362
1780.001     35993         0     35990           0.508     1.314     1.659     2.023     2.259     2.734     3.478     5.476
1781.001     36003         0     36007           0.526     1.339     1.673     2.026     2.253     2.714     3.389     5.571
1782.001     36007         0     36006           0.516     1.363     1.708     2.095     2.337     2.826     3.883     5.399
1783.001     35992         0     35991           0.524     1.377     1.712     2.075     2.302     2.726     3.410     4.755
1784.001     36005         0     36006           0.520     1.391     1.735     2.103     2.339     2.804     3.609     5.169
1785.001     36002         0     36001           0.554     1.335     1.674     2.046     2.296     2.793     3.561     6.930
1786.001     36001         0     36000           0.535     1.337     1.686     2.061     2.288     2.730     3.486     6.369
1787.001     36004         0     36005           0.527     1.351     1.688     2.048     2.284     2.716     3.320     4.514
1788.001     35991         0     35992           0.527     1.325     1.675     2.074     2.314     2.738     3.367     6.083
1789.001     35994         0     35993           0.499     1.331     1.692     2.091     2.324     2.759     3.428     5.382
1790.001     36009         0     36009           0.530     1.348     1.716     2.134     2.365     2.806     3.518     6.521
1791.001     35999         0     36000           0.517     1.314     1.666     2.056     2.286     2.722     3.516     5.751
1792.001     35998         0     35999           0.486     1.346     1.681     2.041     2.284     2.779     3.508     4.927
1793.001     35996         0     35993           0.503     1.338     1.692     2.090     2.331     2.826     3.750     7.344
1794.001     36007         0     36010           0.518     1.360     1.706     2.085     2.320     2.724     3.420     4.145
1795.001     36002         0     36002           0.495     1.306     1.654     2.030     2.259     2.664     3.344     4.094
1796.001     35988         0     35985           0.546     1.328     1.657     1.991     2.218     2.636     3.224     4.227
1797.001     36008         0     36011           0.526     1.335     1.664     1.982     2.214     2.650     3.406     4.674
1798.001     36007         0     36007           0.524     1.328     1.666     2.028     2.255     2.683     3.275     4.686
1799.001     35988         0     35987           0.484     1.275     1.610     1.955     2.193     2.626     3.359     5.681
1800.001     36021         0     36022           0.467     1.313     1.661     2.025     2.259     2.685     3.232     3.961
1800.001         3         0     14645           1.199     1.334     1.475     1.475     1.475     1.475     1.475     1.475

SUMMARY STATS ══════════════════════════════════════════════════════════════════════════════════════════════════════════════
    Elapsed time       [s]   1800.003                                                                 
        CPU time       [s]   2882.418                                                                 
 CPU utilisation       [%]        4.4                                                                 
          Cycles      [op]   64800047                                                                 
          Errors      [op]          0                                                                 
              └─       [%]        0.0                                                                 
        Requests     [req]   64800047                                                                 
              └─  [req/op]        1.0                                                                 
         Retries     [ret]          0                                                                 
              └─ [ret/req]    0.00000                                                                 
            Rows     [row]   64800047                                                                 
              └─ [row/req]        1.0                                                                 
     Concurrency     [req]         11 ± 1                                                             
              └─       [%]          8                                                                 
      Throughput    [op/s]      36000 ± 2                                                             
              ├─   [req/s]      36000 ± 2                                                             
              └─   [row/s]      36000 ± 2                                                             
   Cycle latency      [ms]      1.321 ± 0.000                                                         
 Request latency      [ms]      1.218 ± 0.000                                                         

CYCLE LATENCY for standard1_select [ms]  ═══════════════════════════════════════════════════════════════════════════════════
          Min                   0.239 ± 0.010                                                         
           25                   0.951 ± 0.000                                                         
           50                   1.254 ± 0.001                                                         
           75                   1.609 ± 0.002                                                         
           90                   1.950 ± 0.000                                                         
           95                   2.187 ± 0.000                                                         
           98                   2.447 ± 0.002                                                         
           99                   2.634 ± 0.003                                                         
           99.9                 3.324 ± 0.007                                                         
           99.99                4.317 ± 0.023                                                         
          Max                 211.419 ± 13.733                                                        

