CONFIG ═════════════════════════════════════════════════════════════════════════════════════════════════════════════════════
            Date            Fri, 11 Jul 2025                                                          
            Time            21:11:30 +0000                                                            
         Cluster                                                                                      
      Datacenter                                                                                      
   Cass. version            3.0.8                                                                     
        Workload            workload.rn                                                               
     Function(s)            standard1_insert:1, standard1_insert_cache:4, standard1_select:4, standard1_select_cache:16                                            
     Consistency            LocalQuorum                                                               
            Tags                                                                                      
────────────────────────────────────────────────────────────────────────────────────────────────────────────────────────────
       -P offset            500000000                                                                 
────────────────────────────────────────────────────────────────────────────────────────────────────────────────────────────
         Threads                   12                                                                 
     Connections                    1                                                                 
     Concurrency     [req]        128                                                                 
        Max rate    [op/s]     196000                                                                 
          Warmup       [s]                                                                            
              └─      [op]          1                                                                 
        Run time       [s]    21600.0                                                                 
              └─      [op]                                                                            
        Sampling       [s]        1.0                                                                 
              └─      [op]                                                                            
 Request timeout       [s]          5                                                                 
         Retries                                                                                      
  ┌──────┴number                   10                                                                 
  ├─min interval      [ms]        100                                                                 
  └─max interval      [ms]       5000                                                                 

LOG ════════════════════════════════════════════════════════════════════════════════════════════════════════════════════════
    Time    Cycles    Errors    Thrpt.     ────────────────────────────────── Latency [ms/op] ──────────────────────────────
     [s]      [op]      [op]    [op/s]             Min        50        75        90        95        99      99.9       Max
   1.001    196012         0    195844           0.260     0.864    36.536    96.469   113.508   142.737   165.282   182.977
   2.001    195978         0    195990           0.251     0.689     0.884     1.169     1.359     1.810     4.053     7.565
   3.001    196039         0    196027           0.246     0.696     0.903     1.205     1.399     1.826     2.464     3.473
   4.001    195977         0    195981           0.234     0.689     0.888     1.172     1.362     1.776     2.380     3.969
   5.001    195991         0    195999           0.247     0.698     0.902     1.202     1.391     1.801     2.413     3.817
   6.001    196020         0    196010           0.257     0.697     0.898     1.186     1.371     1.777     2.386     4.106
   7.001    195990         0    195996           0.247     0.695     0.900     1.196     1.383     1.793     2.361     3.471
   8.001    196033         0    196027           0.244     0.690     0.891     1.182     1.370     1.766     2.367     3.863
   9.001    195978         0    195978           0.234     0.707     0.946     1.400     1.970     3.578     5.112     8.327
  10.001    195990         0    196004           0.256     0.697     0.898     1.192     1.382     1.787     2.388     3.734
  11.001    196029         0    196014           0.236     0.701     0.906     1.204     1.395     1.802     2.388     3.467
  12.001    196011         0    195997           0.231     0.686     0.888     1.179     1.367     1.768     2.361     3.889
  13.001    195980         0    195992           0.254     0.694     0.899     1.196     1.390     1.851     3.860     8.552
  14.001    195982         0    195997           0.246     0.692     0.895     1.190     1.381     1.807     2.419     3.338
  15.001    196039         0    196031           0.250     0.695     0.899     1.187     1.374     1.785     2.402     3.731
  16.001    195977         0    195975           0.252     0.699     0.905     1.201     1.394     1.868     3.969     8.008
  17.001    195903         0    195903           0.252     0.726     0.984     1.501     2.386     4.329     6.115     8.872
  18.001    196084         0    196085           0.256     0.712     0.933     1.277     1.534     2.787     5.153     9.216
  19.001    196011         0    196011           0.253     0.706     0.910     1.202     1.390     1.802     2.400     3.543
  20.001    196007         0    196002           0.238     0.708     0.915     1.212     1.398     1.818     2.415     3.555
  21.001    195992         0    196000           0.257     0.708     0.923     1.232     1.426     1.850     2.454     3.705
  22.001    196007         0    196017           0.252     0.703     0.916     1.224     1.415     1.830     2.466     4.059
  23.001    196024         0    196003           0.254     0.694     0.900     1.192     1.375     1.781     2.408     3.793
  24.001    195996         0    196012           0.247     0.702     0.910     1.206     1.394     1.803     2.423     3.641
  25.001    195923         0    195920           0.263     0.708     0.926     1.255     1.489     2.339     4.555     8.012
  26.001    196069         0    196075           0.256     0.721     0.979     1.528     2.650     4.588     6.463     9.413
  27.001    196003         0    195990           0.252     0.697     0.902     1.196     1.381     1.797     2.406     3.598
  28.001    195998         0    196005           0.256     0.697     0.907     1.207     1.395     1.799     2.456     3.729
  29.001    196022         0    196004           0.241     0.703     0.914     1.215     1.410     1.841     2.466     3.772
  30.001    196002         0    195991           0.248     0.706     0.919     1.221     1.410     1.827     2.431     3.586
  31.001    195977         0    196006           0.252     0.712     0.923     1.220     1.405     1.821     2.441     3.348
  32.001    196019         0    196014           0.253     0.711     0.924     1.220     1.406     1.822     2.396     3.842
  33.001    196020         0    196006           0.244     0.711     0.928     1.234     1.426     1.855     2.478     3.668
  34.001    195986         0    195982           0.256     0.724     1.000     1.709     2.822     4.608     6.394     9.028
  35.001    196008         0    196023           0.252     0.697     0.905     1.202     1.392     1.796     2.429     3.482
  36.001    195992         0    195992           0.246     0.700     0.906     1.200     1.389     1.797     2.410     3.754
  37.001    195986         0    195997           0.258     0.697     0.904     1.199     1.391     1.809     2.423     3.824
  38.001    196019         0    196001           0.242     0.699     0.908     1.209     1.401     1.833     2.449     3.785
  39.001    196001         0    196010           0.234     0.705     0.915     1.213     1.398     1.816     2.404     3.596
  40.001    196001         0    196000           0.246     0.711     0.921     1.220     1.411     1.837     2.449     3.912
  41.001    195997         0    196003           0.240     0.702     0.914     1.215     1.407     1.824     2.419     3.772
  42.001    195933         0    195936           0.247     0.717     0.971     1.503     2.494     4.432     6.345    10.076
  43.001    196051         0    196049           0.230     0.705     0.924     1.262     1.513     2.685     4.932     7.881
  44.001    196021         0    196018           0.248     0.707     0.917     1.211     1.399     1.811     2.437     3.424
  45.001    195978         0    195975           0.249     0.701     0.912     1.211     1.400     1.817     2.427     3.652
  46.001    196015         0    196016           0.259     0.703     0.913     1.214     1.401     1.815     2.474     3.826
  47.001    196009         0    196013           0.245     0.699     0.909     1.210     1.405     1.819     2.429     4.151
  48.001    196008         0    196004           0.259     0.696     0.905     1.203     1.391     1.799     2.406     3.635
  49.001    195990         0    196002           0.253     0.695     0.901     1.197     1.390     1.811     2.402     4.346
  50.001    195970         0    195954           0.234     0.704     0.924     1.255     1.488     2.370     4.329     7.160
  51.001    196027         0    196031           0.258     0.704     0.937     1.354     1.778     3.467     5.300     8.667
  52.001    196010         0    196009           0.247     0.708     0.917     1.215     1.405     1.831     2.431     3.379
  53.001    196035         0    196019           0.246     0.702     0.915     1.219     1.406     1.822     2.470     3.512
  54.001    195962         0    195971           0.259     0.708     0.921     1.226     1.416     1.830     2.470     3.676
  55.001    195993         0    196012           0.262     0.703     0.918     1.223     1.412     1.832     2.476     3.828
  56.001    196010         0    195999           0.251     0.704     0.915     1.219     1.414     1.831     2.488     3.672
  57.001    196016         0    196018           0.246     0.697     0.904     1.201     1.392     1.814     2.423     3.602
  58.001    196017         0    196005           0.233     0.698     0.908     1.205     1.393     1.817     2.451     4.293
  59.001    195976         0    195988           0.244     0.714     0.964     1.398     1.799     3.293     4.960     8.585
  60.001    196018         0    195997           0.242     0.694     0.902     1.198     1.386     1.802     2.394     3.613
  61.001    195984         0    196008           0.260     0.698     0.907     1.207     1.401     1.823     2.433     3.748
  62.001    196014         0    195997           0.252     0.696     0.904     1.200     1.388     1.803     2.421     3.633
  63.001    195986         0    195998           0.257     0.695     0.905     1.206     1.392     1.811     2.443     3.738
  64.001    195998         0    196013           0.257     0.695     0.904     1.205     1.395     1.812     2.423     4.147
  65.001    196007         0    196002           0.249     0.700     0.910     1.212     1.402     1.811     2.421     3.561
  66.001    196011         0    196011           0.233     0.703     0.911     1.211     1.401     1.822     2.462     3.723
  67.001    195955         0    195950           0.248     0.717     0.969     1.403     1.807     3.219     5.059     9.347
  68.001    196036         0    196038           0.252     0.706     0.930     1.278     1.514     2.398     4.465     8.143
  69.001    196008         0    196003           0.260     0.706     0.917     1.219     1.407     1.832     2.462     3.623
  70.001    196011         0    196006           0.254     0.708     0.923     1.225     1.418     1.852     2.464     3.758
  71.001    195999         0    196006           0.256     0.706     0.917     1.220     1.410     1.840     2.447     3.897
  72.001    196017         0    196013           0.245     0.704     0.918     1.223     1.417     1.841     2.511     3.860
  73.001    196007         0    195997           0.255     0.699     0.910     1.213     1.407     1.832     2.423     3.688
  74.001    195979         0    195989           0.249     0.697     0.902     1.200     1.390     1.805     2.443     4.168
  75.001    195997         0    195984           0.256     0.709     0.938     1.286     1.521     2.247     3.734     6.238
  76.001    196029         0    196027           0.257     0.719     0.985     1.511     2.292     4.223     6.128     9.560
  77.001    195975         0    195993           0.261     0.703     0.916     1.224     1.417     1.847     2.478     3.893
  78.001    196011         0    196013           0.254     0.700     0.911     1.214     1.406     1.834     2.454     3.394
  79.001    196023         0    196016           0.240     0.707     0.922     1.231     1.422     1.842     2.447     3.977
  80.001    195983         0    195984           0.233     0.701     0.913     1.219     1.412     1.841     2.482     3.959
  81.001    195990         0    195999           0.246     0.704     0.918     1.225     1.414     1.853     2.476     3.799
  82.001    196004         0    196007           0.237     0.713     0.931     1.235     1.430     1.867     2.503     3.582
  83.001    196019         0    195998           0.254     0.704     0.916     1.220     1.414     1.838     2.437     3.715
  84.001    195999         0    196017           0.258     0.716     0.985     1.532     2.347     4.338     6.222    10.519
  85.001    195992         0    195971           0.251     0.702     0.921     1.233     1.426     1.874     2.560     3.686
  86.001    195989         0    196006           0.260     0.708     0.919     1.220     1.413     1.852     2.462     3.949
  87.001    196003         0    195992           0.250     0.700     0.912     1.218     1.410     1.845     2.494     3.561
  88.001    196022         0    196025           0.250     0.701     0.915     1.221     1.415     1.840     2.458     3.658
  89.001    195974         0    195982           0.250     0.708     0.926     1.236     1.428     1.862     2.492     3.553
  90.001    196033         0    196022           0.246     0.714     0.933     1.239     1.433     1.861     2.490     3.647
  91.001    195991         0    195997           0.256     0.710     0.927     1.238     1.434     1.874     2.486     3.734
  92.001    195907         0    195914           0.255     0.714     0.972     1.442     1.964     3.719     5.493     9.331
  93.001    196127         0    196089           0.254     0.715     0.954     1.328     1.624     2.939     5.157     8.057
  94.001    195990         0    196008           0.245     0.705     0.915     1.217     1.405     1.832     2.462     3.731
  95.001    195967         0    195983           0.247     0.705     0.917     1.223     1.415     1.842     2.488     3.596
  96.001    196012         0    196008           0.250     0.713     0.933     1.243     1.439     1.881     2.521     3.502
  97.001    195997         0    196007           0.260     0.702     0.916     1.223     1.413     1.844     2.499     3.760
  98.001    196021         0    196004           0.244     0.698     0.911     1.212     1.404     1.836     2.454     3.836
  99.001    195979         0    195983           0.231     0.700     0.915     1.222     1.414     1.842     2.497     3.920
 100.001    195997         0    196008           0.249     0.716     0.950     1.280     1.490     1.997     2.808     6.783
 101.001    195997         0    195996           0.253     0.726     0.975     1.365     1.680     2.963     4.887     8.610
 102.001    196002         0    195988           0.242     0.709     0.929     1.238     1.434     1.889     2.505     4.211
 103.001    196012         0    196011           0.257     0.721     0.942     1.248     1.442     1.882     2.494     4.129
 104.001    195990         0    196006           0.246     0.724     0.947     1.253     1.451     1.895     2.552     4.030
 105.001    196015         0    196002           0.252     0.720     0.944     1.253     1.445     1.887     2.517     4.170
 106.001    195976         0    195989           0.260     0.719     0.942     1.247     1.444     1.883     2.521     3.838
 107.001    196025         0    196014           0.244     0.717     0.932     1.240     1.437     1.867     2.490     3.963
 108.001    195996         0    195999           0.247     0.709     0.928     1.237     1.437     1.882     2.521     3.750
 109.001    196008         0    195999           0.254     0.722     1.005     1.521     2.081     3.643     5.378     8.339
 110.001    196009         0    196012           0.248     0.714     0.942     1.266     1.473     1.964     2.787     4.329
 111.001    195962         0    195976           0.261     0.719     0.940     1.252     1.448     1.889     2.568     3.539
 112.001    196027         0    196022           0.254     0.718     0.936     1.241     1.432     1.867     2.503     3.869
 113.001    195997         0    196000           0.235     0.720     0.946     1.258     1.457     1.908     2.572     4.133
 114.001    195996         0    195997           0.258     0.712     0.932     1.242     1.436     1.874     2.519     4.037
 115.001    195993         0    195992           0.248     0.719     0.943     1.253     1.449     1.890     2.556     3.824
 116.001    196012         0    196010           0.258     0.724     0.954     1.267     1.462     1.916     2.570     3.877
 117.001    195963         0    195958           0.241     0.733     1.004     1.390     1.670     2.585     4.155     7.795
 118.001    196044         0    196036           0.253     0.729     0.991     1.398     1.751     3.230     5.198     8.741
 119.001    195999         0    196020           0.262     0.722     0.947     1.258     1.456     1.912     2.564     3.787
 120.001    195991         0    195981           0.248     0.720     0.944     1.255     1.449     1.892     2.552     4.223
 121.001    196006         0    196004           0.246     0.716     0.938     1.251     1.449     1.897     2.544     3.813
 122.001    195987         0    195985           0.257     0.721     0.943     1.251     1.446     1.880     2.525     4.014
 123.001    196017         0    196020           0.252     0.719     0.944     1.254     1.451     1.894     2.527     4.215
 124.001    195996         0    195995           0.252     0.721     0.945     1.253     1.448     1.891     2.519     3.641
 125.001    196012         0    196007           0.270     0.720     0.964     1.325     1.576     2.396     4.067     7.893
 126.001    195987         0    195995           0.249     0.735     1.004     1.409     1.740     2.963     4.600     7.594
 127.001    196017         0    196014           0.255     0.726     0.953     1.268     1.461     1.902     2.533     3.762
 128.001    195980         0    195988           0.258     0.722     0.951     1.267     1.459     1.916     2.597     3.588
 129.001    196018         0    196008           0.242     0.721     0.949     1.256     1.449     1.902     2.542     3.867
 130.001    195993         0    195987           0.237     0.723     0.950     1.264     1.463     1.906     2.572     4.100
 131.001    196016         0    196020           0.265     0.730     0.961     1.271     1.468     1.914     2.556     3.828
 132.001    195980         0    195982           0.265     0.727     0.954     1.267     1.466     1.921     2.550     3.838
 133.001    196019         0    196019           0.263     0.736     0.976     1.298     1.503     1.967     2.648     4.461
 134.001    195987         0    195989           0.249     0.746     1.038     1.492     1.915     3.346     5.022    10.183
 135.001    196013         0    196018           0.265     0.723     0.956     1.273     1.474     1.921     2.603     3.992
 136.001    196003         0    195994           0.263     0.725     0.954     1.267     1.465     1.917     2.556     3.783
 137.001    195999         0    196010           0.257     0.723     0.951     1.264     1.460     1.902     2.531     3.949
 138.001    196041         0    195998           0.246     0.720     0.947     1.263     1.461     1.916     2.576     3.901
 139.001    195963         0    196005           0.254     0.731     0.965     1.279     1.478     1.939     2.601     4.235
 140.001    195987         0    195997           0.264     0.729     0.959     1.271     1.468     1.910     2.554     3.836
 141.001    195998         0    195975           0.249     0.733     0.965     1.278     1.474     1.946     2.609     3.674
 142.001    195998         0    195984           0.257     0.734     0.986     1.334     1.560     2.157     3.283     6.124
 143.001    196024         0    196046           0.272     0.733     0.994     1.391     1.714     2.959     4.592     7.926
 144.001    195996         0    195999           0.256     0.728     0.958     1.273     1.475     1.919     2.574     3.629
 145.001    195998         0    196004           0.253     0.728     0.958     1.271     1.467     1.917     2.585     3.635
 146.001    196017         0    196002           0.244     0.728     0.959     1.279     1.481     1.953     2.630     4.256
 147.001    196010         0    196002           0.255     0.725     0.954     1.267     1.465     1.914     2.542     3.934
 148.001    195960         0    195987           0.248     0.718     0.942     1.253     1.447     1.887     2.527     4.387
 149.001    196028         0    196027           0.250     0.713     0.937     1.256     1.449     1.893     2.585     3.674
 150.001    195993         0    195979           0.228     0.728     0.974     1.328     1.577     2.341     3.930     6.894
 151.001    195984         0    195990           0.267     0.735     0.993     1.373     1.661     2.755     4.657     8.315
 152.001    196028         0    196025           0.240     0.725     0.958     1.277     1.478     1.944     2.619     3.750
 153.001    196004         0    196001           0.256     0.733     0.970     1.287     1.485     1.939     2.593     3.727
 154.001    195983         0    195978           0.258     0.724     0.956     1.272     1.471     1.923     2.585     3.983
 155.001    196004         0    196013           0.233     0.729     0.963     1.281     1.484     1.939     2.574     4.057
 156.001    196004         0    195999           0.270     0.722     0.954     1.273     1.474     1.930     2.597     4.065
 157.001    195999         0    196007           0.267     0.718     0.945     1.252     1.452     1.909     2.593     3.856
 158.001    195989         0    195984           0.245     0.715     0.943     1.263     1.461     1.924     2.585     4.485
 159.001    196019         0    196017           0.254     0.727     0.996     1.407     1.718     2.744     4.149     6.529
 160.001    195990         0    195986           0.248     0.721     0.963     1.313     1.538     2.157     3.256     7.840
 161.001    196016         0    196023           0.251     0.726     0.953     1.265     1.461     1.910     2.556     3.740
 162.001    196003         0    196010           0.254     0.715     0.937     1.249     1.444     1.894     2.527     3.688
 163.001    195994         0    195992           0.249     0.716     0.942     1.253     1.447     1.894     2.519     3.668
 164.001    196003         0    195994           0.237     0.715     0.937     1.245     1.444     1.891     2.511     3.686
 165.001    196030         0    196017           0.236     0.710     0.929     1.240     1.433     1.890     2.523     3.660
 166.001    195962         0    195971           0.254     0.712     0.936     1.250     1.450     1.908     2.564     3.946
 167.001    195998         0    196008           0.263     0.719     0.975     1.340     1.583     2.284     3.539     7.459
 168.001    196010         0    196002           0.254     0.726     1.001     1.451     1.881     3.332     5.059     7.635
 169.001    195997         0    196001           0.242     0.721     0.949     1.265     1.464     1.930     2.574     3.684
 170.001    196000         0    196007           0.254     0.720     0.947     1.262     1.461     1.923     2.595     3.629
 171.001    196001         0    196000           0.263     0.717     0.942     1.258     1.459     1.919     2.578     4.256
 172.001    196020         0    196017           0.252     0.721     0.945     1.263     1.463     1.927     2.558     3.428
 173.001    196002         0    195998           0.271     0.722     0.952     1.268     1.465     1.927     2.560     4.037
 174.001    196007         0    196006           0.255     0.723     0.953     1.273     1.475     1.929     2.597     3.641
 175.001    196023         0    196009           0.248     0.722     0.970     1.331     1.582     2.382     4.028     8.872
 176.001    195970         0    195977           0.246     0.736     1.018     1.435     1.770     2.990     4.784     8.073
 177.001    196001         0    196002           0.257     0.723     0.961     1.286     1.489     1.964     2.646     4.329
 178.001    196031         0    196032           0.257     0.726     0.954     1.271     1.471     1.924     2.572     4.461
 179.001    195965         0    195982           0.260     0.718     0.941     1.255     1.451     1.920     2.552     3.582
 180.001    196026         0    196020           0.234     0.722     0.952     1.272     1.471     1.930     2.585     3.910
 181.001    195996         0    195991           0.231     0.728     0.959     1.277     1.476     1.929     2.607     4.239
 182.001    195997         0    196013           0.248     0.727     0.956     1.272     1.470     1.944     2.587     3.836
 183.001    195996         0    195961           0.258     0.721     0.956     1.284     1.496     2.038     3.146     6.271
 184.001    195981         0    196001           0.251     0.729     1.000     1.406     1.730     2.916     4.682     7.852
 185.001    196049         0    196025           0.270     0.728     0.979     1.346     1.602     2.433     4.256     7.352
 186.001    195988         0    196015           0.259     0.715     0.944     1.265     1.459     1.923     2.591     3.817
 187.001    196003         0    195995           0.240     0.725     0.954     1.270     1.467     1.924     2.554     4.239
 188.001    196004         0    196009           0.254     0.717     0.942     1.258     1.455     1.918     2.572     3.750
 189.001    195995         0    195986           0.266     0.720     0.944     1.258     1.455     1.904     2.552     3.441
 190.001    196041         0    196046           0.263     0.720     0.948     1.265     1.464     1.910     2.587     3.729
 191.001    195980         0    195978           0.257     0.717     0.940     1.249     1.447     1.888     2.552     3.580
 192.001    195992         0    195990           0.245     0.723     0.966     1.326     1.579     2.419     4.280     8.675
 193.001    196014         0    196022           0.238     0.726     0.986     1.394     1.718     2.951     4.768     7.848
 194.001    196021         0    195996           0.248     0.711     0.923     1.224     1.416     1.858     2.509     3.715
 195.001    195974         0    196008           0.253     0.713     0.922     1.215     1.404     1.832     2.439     3.539
 196.001    196026         0    196008           0.261     0.720     0.933     1.232     1.419     1.852     2.529     3.883
 197.001    195976         0    195981           0.240     0.703     0.909     1.204     1.390     1.814     2.449     3.557
 198.001    196010         0    196007           0.243     0.712     0.925     1.226     1.419     1.888     2.617     4.432
 199.001    195997         0    196003           0.240     0.710     0.919     1.217     1.404     1.832     2.454     3.674
 200.001    195988         0    195985           0.248     0.716     0.945     1.286     1.516     2.200     3.508     7.463
 201.001    196035         0    196023           0.265     0.726     0.980     1.397     1.747     2.900     4.305     6.816
 202.001    195968         0    195997           0.253     0.726     0.958     1.292     1.518     2.236     4.155     8.327
 203.001    196000         0    195992           0.247     0.714     0.924     1.215     1.405     1.829     2.454     3.779
 204.001    196004         0    195996           0.240     0.706     0.916     1.212     1.399     1.837     2.449     4.176
 205.001    196010         0    195981           0.265     0.716     0.926     1.223     1.407     1.830     2.449     3.744
 206.001    195993         0    196021           0.249     0.713     0.923     1.217     1.405     1.825     2.456     3.695
 207.001    195997         0    196006           0.255     0.720     0.933     1.229     1.417     1.844     2.507     3.725
 208.001    195972         0    195976           0.243     0.728     0.967     1.291     1.503     2.018     2.810     4.289
 209.001    196021         0    196008           0.241     0.767     1.103     1.506     1.839     3.027     4.854    10.428
 210.001    195986         0    195998           0.242     0.810     1.195     1.622     2.035     3.504     5.407     8.749
 211.001    196014         0    196004           0.259     0.771     1.077     1.433     1.677     2.265     2.937     4.219
 212.001    196019         0    196022           0.255     0.779     1.090     1.421     1.649     2.198     2.884     4.125
 213.001    196006         0    196001           0.251     0.787     1.099     1.426     1.649     2.169     2.857     4.313
 214.001    196001         0    195998           0.241     0.881     1.267     1.634     1.913     2.521     3.330     4.887
 215.001    195986         0    195989           0.242     0.804     1.144     1.482     1.716     2.255     2.927     4.059
 216.001    195967         0    195972           0.252     0.955     1.351     1.757     2.067     2.701     3.525     5.079
 217.001    196018         0    196026           0.244     0.798     1.144     1.506     1.766     2.445     3.478     5.927
 218.001    195968         0    195954           0.243     0.974     1.414     1.983     2.507     3.965     5.800     8.479
 219.001    196059         0    196067           0.263     0.884     1.289     1.699     2.014     2.654     3.654     6.906
 220.001    195980         0    195955           0.242     0.908     1.287     1.649     1.914     2.523     3.367     5.317
 221.001    196021         0    196042           0.269     0.946     1.330     1.711     2.004     2.664     3.688     8.069
 222.002    196016         0    196016           0.250     0.832     1.190     1.531     1.776     2.349     3.095     5.104
 223.001    195972         0    195978           0.266     0.840     1.202     1.538     1.773     2.324     3.039     4.129
 224.001    196003         0    196005           0.247     0.835     1.192     1.534     1.766     2.320     3.064     4.624
 225.001    196001         0    195991           0.240     0.816     1.184     1.563     1.863     2.849     4.788     7.889
 226.001    195997         0    196005           0.265     0.882     1.281     1.713     2.132     3.445     5.407     8.397
 227.001    196015         0    196008           0.235     0.831     1.199     1.548     1.802     2.419     3.275     5.124
 228.001    195976         0    195982           0.265     0.850     1.218     1.564     1.808     2.382     3.160     4.518
 229.001    196019         0    196016           0.269     0.841     1.209     1.572     1.836     2.398     3.160     4.477
 230.001    195997         0    195993           0.250     0.833     1.206     1.569     1.830     2.429     3.224     5.194
 231.001    196035         0    196039           0.262     0.826     1.191     1.535     1.783     2.386     3.185     4.727
 232.001    195980         0    195983           0.257     0.819     1.164     1.503     1.739     2.288     3.004     5.136
 233.001    195946         0    195946           0.270     0.876     1.264     1.646     1.952     2.824     4.624     8.495
 234.001    196021         0    196018           0.268     0.949     1.349     1.779     2.142     3.023     4.461     7.057
 235.001    196003         0    196017           0.252     0.912     1.338     1.831     2.290     3.652     5.534     9.175
 236.001    195997         0    195993           0.258     0.783     1.101     1.441     1.671     2.222     2.961     4.235
 237.001    196029         0    196024           0.269     0.884     1.265     1.625     1.890     2.478     3.281     4.878
 238.001    195991         0    195991           0.258     0.867     1.243     1.615     1.889     2.458     3.219     4.633
 239.001    196010         0    196006           0.257     0.961     1.337     1.701     1.971     2.552     3.318     4.882
 240.001    195996         0    195997           0.268     0.792     1.119     1.454     1.679     2.222     2.935     4.518
 241.001    196015         0    196013           0.268     0.834     1.204     1.560     1.816     2.374     3.121     4.989
 242.001    195943         0    195940           0.247     0.857     1.265     1.698     2.052     2.865     4.571     7.983
 243.001    196064         0    196081           0.258     0.843     1.233     1.638     1.985     3.070     4.841     8.073
 244.001    196011         0    195976           0.260     0.840     1.218     1.571     1.832     2.509     3.877     7.537
 245.001    196003         0    196022           0.261     0.881     1.265     1.625     1.888     2.486     3.273     4.596
 246.001    195987         0    195991           0.259     0.807     1.152     1.488     1.715     2.269     2.988     4.493
 247.001    196009         0    195997           0.238     0.857     1.233     1.592     1.849     2.425     3.207     4.325
 248.001    196061         0    196049           0.259     0.797     1.134     1.473     1.706     2.259     2.957     4.661
 249.001    195922         0    195962           0.248     0.822     1.169     1.509     1.749     2.294     3.009     4.522
 250.001    196025         0    196017           0.253     0.878     1.265     1.651     1.958     2.822     4.674     9.126
 251.001    195985         0    195981           0.251     0.869     1.275     1.690     2.044     2.943     4.477     8.757
 252.001    195999         0    195990           0.248     0.874     1.258     1.632     1.920     2.675     4.039     7.012
 253.001    195987         0    195974           0.252     0.963     1.357     1.744     2.032     2.634     3.406     5.071
 254.001    196027         0    196051           0.258     0.920     1.304     1.679     1.955     2.550     3.342     5.009
 255.001    195963         0    195950           0.263     0.885     1.260     1.614     1.878     2.476     3.287     4.657
 256.001    196043         0    196033           0.262     0.848     1.223     1.588     1.844     2.417     3.150     4.530
 257.001    196001         0    196008           0.266     0.860     1.231     1.588     1.849     2.425     3.207     4.612
 258.001    195977         0    195980           0.261     0.861     1.256     1.635     1.925     2.611     3.793     7.553
 259.001    196003         0    196000           0.253     0.901     1.295     1.697     2.030     2.894     4.387     8.270
 260.001    196003         0    196009           0.253     0.842     1.264     1.721     2.171     3.496     5.349     8.634
 261.001    195990         0    195988           0.262     0.860     1.228     1.583     1.843     2.476     3.486     6.975
 262.001    195991         0    195999           0.253     0.802     1.150     1.500     1.758     2.404     3.465     5.333
 263.001    196025         0    196029           0.266     0.845     1.211     1.561     1.805     2.349     3.099     4.796
 264.001    196005         0    195991           0.258     0.863     1.243     1.612     1.889     2.466     3.238     4.608
 265.001    196014         0    196011           0.243     0.976     1.368     1.764     2.061     2.656     3.459     5.173
 266.001    195973         0    195988           0.247     0.799     1.149     1.501     1.747     2.318     3.039     4.301
 267.001    196025         0    196023           0.273     0.809     1.165     1.533     1.803     2.494     3.744     6.246
 268.001    196013         0    196002           0.269     0.797     1.152     1.537     1.838     2.836     4.710     7.946
 269.001    195999         0    196004           0.259     0.814     1.170     1.526     1.787     2.431     3.607     7.078
 270.001    196037         0    196006           0.232     0.894     1.280     1.655     1.929     2.511     3.262     4.506
 271.001    195960         0    195986           0.269     0.969     1.375     1.774     2.086     2.712     3.512     5.628
 272.001    196016         0    196028           0.254     0.849     1.205     1.545     1.790     2.355     3.066     4.260
 273.001    195954         0    195959           0.243     0.857     1.242     1.603     1.864     2.443     3.195     4.588
 274.001    196017         0    196015           0.254     0.898     1.282     1.666     1.957     2.578     3.394     4.657
 275.001    196025         0    196018           0.246     0.898     1.305     1.738     2.107     3.045     4.747     8.286
 276.001    195977         0    195974           0.260     0.844     1.220     1.587     1.854     2.509     3.557     6.144
 277.001    196015         0    196014           0.266     0.843     1.234     1.682     2.118     3.422     5.169     8.569
 278.001    196017         0    196015           0.269     0.843     1.219     1.581     1.838     2.429     3.199     4.649
 279.001    195985         0    195986           0.269     0.841     1.203     1.553     1.808     2.386     3.111     4.194
 280.001    195999         0    196005           0.268     0.833     1.200     1.550     1.799     2.367     3.097     4.927
 281.001    196033         0    196011           0.261     0.891     1.274     1.662     1.959     2.576     3.402     5.550
 282.001    195975         0    196001           0.261     0.873     1.243     1.596     1.851     2.421     3.154     4.518
 283.002    195999         0    195975           0.270     0.900     1.299     1.692     2.002     2.773     4.004     6.607
 284.001    195958         0    195986           0.268     0.930     1.319     1.696     1.995     2.683     3.607     5.095
 285.001    196027         0    196020           0.272     1.028     1.434     1.936     2.425     3.854     5.718     8.962
 286.001    196033         0    196029           0.251     0.888     1.266     1.630     1.906     2.556     3.480     5.030
 287.001    196008         0    196001           0.240     0.787     1.129     1.476     1.714     2.257     2.990     4.530
 288.001    195984         0    195988           0.252     0.795     1.138     1.476     1.713     2.257     2.951     4.182
 289.001    196027         0    196031           0.243     0.797     1.132     1.476     1.704     2.259     2.961     4.506
 290.001    195993         0    195985           0.267     0.857     1.237     1.606     1.886     2.531     3.441     6.038
 291.001    195964         0    195970           0.256     0.899     1.283     1.666     1.956     2.599     3.547     6.316
 292.001    196016         0    196011           0.258     0.884     1.270     1.659     1.979     2.763     3.949     7.180
 293.001    195995         0    196002           0.268     0.888     1.322     1.795     2.204     3.336     5.104     8.356
 294.001    195992         0    195991           0.263     0.952     1.338     1.737     2.053     2.775     3.887     7.516
 295.001    196022         0    196017           0.274     0.983     1.362     1.749     2.047     2.662     3.469     5.702
 296.001    195969         0    195968           0.268     0.878     1.255     1.609     1.871     2.443     3.226     4.719
 297.001    196046         0    196039           0.262     0.848     1.221     1.573     1.828     2.400     3.131     4.379
 298.001    195953         0    195970           0.236     0.834     1.197     1.540     1.776     2.349     3.103     4.526
 299.001    196032         0    196035           0.272     0.870     1.249     1.617     1.887     2.480     3.242     4.608
 300.001    196013         0    196012           0.256     0.856     1.246     1.632     1.930     2.644     3.631     5.485
 301.001    195933         0    195932           0.248     0.831     1.208     1.590     1.885     2.679     4.155     7.754
 302.001    196024         0    196023           0.247     0.971     1.404     1.947     2.513     3.897     5.517     8.454
 303.001    195990         0    195982           0.243     0.889     1.271     1.642     1.932     2.585     3.428     5.820
 304.001    196029         0    196034           0.270     1.027     1.423     1.846     2.163     2.800     3.658     5.575
 305.002    196034         0    196036           0.267     0.885     1.271     1.639     1.911     2.505     3.267     4.866
 306.001    196004         0    195991           0.269     0.883     1.269     1.642     1.917     2.486     3.242     4.694
 307.001    196015         0    196026           0.274     0.910     1.303     1.691     1.986     2.589     3.383     5.738
 308.001    195968         0    195978           0.262     0.830     1.211     1.590     1.867     2.482     3.342     4.940
 309.001    196006         0    196001           0.256     0.825     1.189     1.546     1.802     2.445     3.447     6.668
 310.001    195998         0    195995           0.237     0.854     1.237     1.624     1.919     2.697     3.873     6.541
 311.001    196023         0    196023           0.264     0.860     1.233     1.594     1.866     2.486     3.338     5.591
 312.001    195987         0    195993           0.244     0.849     1.217     1.567     1.818     2.400     3.176     4.448
 313.001    196044         0    196029           0.260     0.828     1.198     1.567     1.845     2.429     3.181     4.690
 314.001    195960         0    195950           0.269     0.894     1.280     1.644     1.919     2.507     3.277     5.153
 315.001    195989         0    196012           0.235     0.877     1.254     1.622     1.897     2.472     3.234     4.682
 316.001    196010         0    196005           0.254     0.856     1.250     1.632     1.933     2.775     4.391     8.397
 317.001    196012         0    195997           0.255     1.005     1.386     1.785     2.099     2.836     4.106     8.028
 318.001    195983         0    196006           0.253     0.826     1.212     1.640     2.050     3.330     5.157     9.003
 319.001    196038         0    196028           0.264     0.860     1.255     1.636     1.928     2.613     3.516     5.251
 320.001    195909         0    195917           0.240     0.876     1.266     1.656     1.951     2.601     3.486     4.952
 321.001    196068         0    196068           0.269     0.830     1.193     1.548     1.814     2.447     3.324     4.825
 322.001    195974         0    195959           0.266     0.815     1.166     1.511     1.756     2.343     3.154     4.469
 323.001    196007         0    196028           0.257     0.930     1.310     1.665     1.934     2.550     3.353     4.895
 324.001    196052         0    196006           0.252     0.858     1.229     1.582     1.839     2.439     3.222     4.829
 325.001    195999         0    196039           0.238     0.863     1.248     1.622     1.905     2.537     3.375     5.120
 326.001    195971         0    195965           0.258     0.893     1.283     1.657     1.938     2.560     3.394     6.050
 327.001    196003         0    195999           0.259     0.851     1.261     1.715     2.187     3.598     5.423     8.397
 328.001    196002         0    196014           0.270     0.875     1.251     1.618     1.887     2.552     3.471     5.984
 329.001    196017         0    196005           0.258     0.818     1.169     1.511     1.751     2.306     3.033     4.522
 330.001    195984         0    195984           0.271     0.854     1.221     1.592     1.864     2.458     3.242     5.394
 331.001    195999         0    196003           0.265     0.849     1.211     1.569     1.825     2.400     3.148     4.461
 332.001    196000         0    196006           0.264     0.906     1.296     1.708     2.012     2.597     3.377     4.895
 333.001    196038         0    196038           0.270     0.862     1.242     1.636     1.936     2.732     4.448     8.225
 334.001    195947         0    195921           0.275     0.928     1.334     1.750     2.067     2.689     3.609     6.099
 335.001    196026         0    196040           0.260     0.871     1.285     1.738     2.159     3.406     5.177     8.335
 336.001    196005         0    196014           0.262     0.812     1.154     1.509     1.760     2.376     3.232     5.689
 337.001    196037         0    196017           0.240     0.893     1.287     1.678     1.970     2.552     3.326     4.669
 338.001    195949         0    195972           0.274     0.935     1.328     1.715     2.028     2.669     3.508     6.316
 339.001    196036         0    196022           0.264     0.836     1.199     1.553     1.811     2.425     3.213     4.657
 340.001    196007         0    196016           0.252     0.850     1.208     1.558     1.811     2.406     3.201     4.743
 341.001    195984         0    195987           0.259     0.805     1.146     1.497     1.746     2.380     3.308     5.636
 342.001    196018         0    196014           0.271     0.855     1.232     1.601     1.867     2.507     3.484     6.443
 343.001    195959         0    195957           0.246     0.880     1.275     1.682     2.059     3.127     4.657     6.783
 344.001    196058         0    196053           0.276     0.852     1.233     1.618     1.940     2.892     4.706     8.593
 345.001    195966         0    195964           0.260     0.852     1.227     1.589     1.858     2.443     3.254     4.817
 346.001    196018         0    196013           0.252     1.005     1.379     1.759     2.058     2.693     3.471     5.054
 347.001    195986         0    195999           0.260     0.863     1.225     1.571     1.820     2.425     3.230     4.604
 348.001    196033         0    196027           0.236     0.898     1.263     1.610     1.861     2.445     3.213     4.948
 349.001    195978         0    195981           0.237     0.845     1.212     1.567     1.823     2.441     3.328     5.861
 350.001    196007         0    196021           0.247     0.827     1.191     1.545     1.800     2.429     3.279     5.779
 351.001    195954         0    195943           0.263     0.882     1.273     1.655     1.954     2.681     3.711     6.779
 352.001    196074         0    196081           0.259     0.843     1.255     1.695     2.111     3.297     4.952     8.479
 353.001    195992         0    195976           0.253     0.801     1.156     1.508     1.756     2.351     3.174     4.981
 354.001    195996         0    195999           0.251     0.826     1.192     1.553     1.820     2.402     3.146     4.420
 355.001    196011         0    196021           0.261     0.835     1.193     1.535     1.788     2.378     3.144     4.669
 356.001    195985         0    195979           0.275     0.862     1.235     1.596     1.865     2.482     3.312     5.104
 357.001    196021         0    196017           0.256     0.820     1.171     1.521     1.764     2.349     3.123     4.452
 358.001    196000         0    195988           0.262     0.821     1.191     1.577     1.904     3.123     5.202     7.721
 359.001    195988         0    195989           0.257     0.892     1.274     1.642     1.927     2.583     3.490     5.509
 360.001    195979         0    195988           0.269     0.885     1.303     1.757     2.208     3.672     5.620     9.175
 361.001    196011         0    196022           0.279     0.869     1.253     1.623     1.903     2.544     3.416     5.079
 362.001    195998         0    196008           0.263     0.900     1.286     1.653     1.924     2.542     3.332     4.784
 363.001    196020         0    196003           0.259     0.827     1.191     1.541     1.799     2.451     3.332     4.964
 364.001    195997         0    195983           0.269     0.798     1.137     1.486     1.735     2.292     2.986     4.342
 365.001    195996         0    195994           0.241     0.833     1.193     1.532     1.777     2.343     3.107     4.710
 366.001    196016         0    196052           0.259     0.855     1.235     1.609     1.898     2.681     4.008     7.156
 367.001    196003         0    195972           0.251     0.816     1.179     1.539     1.804     2.429     3.246     5.132
 368.001    195952         0    195948           0.270     0.872     1.270     1.664     1.993     2.847     4.157     6.365
 369.001    196023         0    196042           0.254     0.867     1.275     1.711     2.146     3.441     5.235     8.237
 370.001    196012         0    196020           0.260     0.820     1.171     1.516     1.763     2.331     3.064     4.596
 371.001    196012         0    195998           0.249     0.835     1.201     1.558     1.818     2.427     3.217     4.973
 372.001    195997         0    196004           0.263     0.818     1.166     1.507     1.742     2.298     3.021     4.915
 373.001    196002         0    195982           0.253     0.866     1.253     1.617     1.896     2.492     3.269     4.604
 374.001    195989         0    196012           0.235     0.877     1.260     1.626     1.914     2.652     3.969     7.881
 375.001    196026         0    196002           0.251     0.848     1.234     1.609     1.890     2.523     3.344     5.210
 376.001    195979         0    196005           0.274     0.855     1.231     1.590     1.850     2.449     3.281     5.218
 377.001    196017         0    196024           0.260     0.854     1.273     1.732     2.187     3.490     5.288     8.577
 378.001    196014         0    195998           0.264     0.808     1.166     1.518     1.777     2.357     3.119     4.833
 379.001    195983         0    195976           0.247     0.898     1.276     1.641     1.921     2.544     3.310     4.927
 380.001    196015         0    196019           0.257     0.818     1.177     1.529     1.788     2.404     3.187     4.821
 381.001    196018         0    196010           0.253     0.810     1.164     1.517     1.769     2.363     3.160     4.944
 382.001    195960         0    195966           0.262     0.838     1.202     1.568     1.844     2.468     3.285     4.907
 383.001    196032         0    196011           0.273     0.837     1.207     1.571     1.845     2.507     3.443     5.304
 384.001    195962         0    195990           0.254     0.854     1.222     1.577     1.844     2.431     3.199     4.563
 385.001    196025         0    196019           0.244     0.946     1.367     1.864     2.351     3.584     5.149     8.180
 386.001    196006         0    195998           0.248     0.821     1.187     1.542     1.802     2.464     3.387     6.660
 387.001    195994         0    195988           0.245     0.871     1.240     1.599     1.865     2.478     3.269     5.018
 388.001    196001         0    196018           0.251     0.884     1.255     1.612     1.877     2.474     3.244     4.592
 389.001    195999         0    195987           0.262     0.916     1.317     1.707     2.018     2.671     3.561     5.194
 390.001    195998         0    196007           0.254     0.871     1.252     1.614     1.890     2.509     3.308     5.313
 391.001    196007         0    196015           0.260     0.777     1.101     1.455     1.700     2.345     3.506     8.356
 392.001    196013         0    196000           0.245     0.902     1.278     1.640     1.919     2.556     3.367     5.849
 393.001    195916         0    195917           0.220     0.888     1.277     1.670     1.988     2.836     4.252     7.524
 394.001    196083         0    196092           0.218     0.792     1.151     1.567     1.963     3.582     5.497     8.921
 395.001    195965         0    195956           0.270     0.837     1.213     1.592     1.882     2.464     3.260     5.075
 396.001    196029         0    196033           0.263     0.900     1.279     1.645     1.917     2.515     3.324     4.706
 397.001    195992         0    195992           0.248     0.827     1.187     1.531     1.784     2.357     3.144     4.387
 398.001    195986         0    195988           0.244     0.848     1.221     1.569     1.818     2.404     3.185     4.456
 399.001    196014         0    196014           0.270     0.821     1.193     1.545     1.798     2.400     3.191     4.248
 400.001    195990         0    196003           0.250     0.810     1.171     1.534     1.803     2.568     4.192     7.512
 401.001    196050         0    196006           0.252     0.896     1.298     1.708     2.030     2.720     3.893     7.262
 402.001    195952         0    195995           0.273     0.803     1.189     1.599     1.951     2.935     4.440     7.643
 403.001    196014         0    195999           0.247     0.818     1.182     1.538     1.797     2.413     3.219     4.784
 404.001    195995         0    195997           0.250     0.854     1.230     1.586     1.847     2.480     3.281     4.911
 405.001    195978         0    195997           0.253     0.884     1.262     1.622     1.888     2.488     3.289     6.144
 406.001    196069         0    196053           0.259     0.820     1.183     1.547     1.820     2.443     3.199     5.173
 407.001    195940         0    195931           0.275     0.952     1.338     1.736     2.051     2.789     3.842     6.779
 408.001    196040         0    196044           0.257     0.915     1.322     1.736     2.062     2.746     3.676     6.337
 409.001    195967         0    195978           0.258     0.894     1.276     1.631     1.896     2.503     3.299     4.936
 410.001    196017         0    196023           0.261     0.858     1.271     1.740     2.234     3.709     5.603     8.561
 411.001    195985         0    195981           0.268     0.817     1.197     1.586     1.877     2.529     3.387     5.145
 412.001    195998         0    195993           0.233     0.828     1.200     1.574     1.848     2.466     3.236     4.653
 413.001    196046         0    196048           0.259     0.897     1.280     1.658     1.944     2.558     3.379     4.391
 414.001    195987         0    195985           0.262     0.803     1.152     1.496     1.737     2.310     3.037     4.510
 415.001    195994         0    195988           0.255     0.861     1.245     1.619     1.912     2.531     3.322     4.743
 416.001    196017         0    196017           0.256     0.828     1.204     1.584     1.874     2.537     3.396     5.738
 417.001    196009         0    196011           0.268     0.850     1.235     1.605     1.887     2.490     3.314     4.915
 418.001    195984         0    195978           0.251     0.888     1.288     1.692     2.000     2.710     3.707     6.156
 419.001    196022         0    196018           0.261     0.861     1.284     1.777     2.324     4.012     5.984     9.470
 420.001    195972         0    195988           0.265     0.838     1.224     1.598     1.887     2.509     3.332     4.862
 421.001    196033         0    196018           0.277     0.859     1.224     1.573     1.828     2.415     3.203     4.379
 422.001    195962         0    195963           0.268     0.815     1.168     1.519     1.776     2.367     3.154     4.936
 423.001    196035         0    196042           0.264     0.821     1.180     1.527     1.775     2.359     3.125     5.104
 424.001    195976         0    195981           0.247     0.833     1.213     1.597     1.897     2.576     3.545     5.128
 425.001    196000         0    195997           0.242     0.818     1.188     1.561     1.847     2.589     3.830     6.246
 426.001    196022         0    196015           0.268     0.882     1.271     1.660     1.958     2.578     3.422     5.403
 427.001    195986         0    195998           0.261     0.851     1.260     1.704     2.138     3.434     5.444     9.110
 428.001    196038         0    196024           0.273     0.813     1.163     1.524     1.779     2.390     3.172     5.075
 429.001    195988         0    195984           0.253     0.853     1.230     1.586     1.855     2.447     3.244     4.354
 430.001    195994         0    196010           0.262     0.797     1.135     1.479     1.721     2.296     3.068     4.727
 431.001    196008         0    195995           0.262     0.868     1.240     1.610     1.884     2.497     3.260     4.846
 432.001    195968         0    195975           0.262     0.883     1.274     1.657     1.957     2.615     3.480     5.431
 433.001    196031         0    196033           0.261     0.800     1.145     1.504     1.766     2.417     3.385     6.279
 434.001    195964         0    195969           0.272     0.897     1.286     1.668     1.960     2.611     3.478     4.927
 435.001    195988         0    195998           0.257     0.884     1.305     1.783     2.265     3.856     5.812    10.043
 436.001    196042         0    196026           0.252     0.802     1.163     1.558     1.875     2.832     4.571     8.147
 437.001    195992         0    195979           0.248     0.824     1.184     1.547     1.815     2.410     3.197     4.776
 438.001    195989         0    196018           0.257     0.902     1.284     1.663     1.951     2.572     3.402     4.932
 439.001    196032         0    196031           0.234     0.799     1.132     1.485     1.746     2.322     3.049     4.919
 440.001    195946         0    195934           0.264     0.981     1.365     1.757     2.072     2.755     3.619     5.878
 441.001    196027         0    196042           0.248     0.938     1.355     1.808     2.173     2.957     4.047     6.033
 442.001    196044         0    196028           0.258     0.824     1.202     1.585     1.885     2.480     3.305     5.353
 443.001    195981         0    195981           0.265     0.965     1.354     1.760     2.095     2.843     3.912     6.435
 444.001    196027         0    196011           0.226     0.872     1.277     1.742     2.206     3.795     5.743     8.446
 445.001    196000         0    196002           0.266     0.842     1.212     1.587     1.875     2.574     3.566     6.164
 446.001    196004         0    196022           0.276     0.856     1.224     1.574     1.830     2.419     3.158     4.411
 447.001    195985         0    195981           0.257     0.789     1.119     1.462     1.701     2.284     3.009     4.276
 448.001    196020         0    196003           0.269     0.805     1.146     1.500     1.755     2.349     3.045     4.219
 449.001    195975         0    195984           0.240     0.909     1.315     1.747     2.077     2.740     3.617     5.169
 450.001    196031         0    196027           0.267     0.899     1.286     1.671     1.989     2.742     3.705     5.235
 451.001    195997         0    195992           0.272     0.829     1.203     1.575     1.851     2.456     3.293     4.809
 452.001    195993         0    195997           0.231     0.977     1.406     1.949     2.497     4.088     5.972    11.035
 453.001    196017         0    196006           0.267     0.868     1.258     1.636     1.933     2.634     3.523     4.993
 454.001    195945         0    195966           0.265     0.904     1.300     1.688     1.994     2.628     3.447     5.538
 455.001    196051         0    196050           0.232     0.865     1.240     1.602     1.873     2.486     3.295     4.817
 456.001    196000         0    196001           0.253     0.794     1.134     1.497     1.766     2.345     3.097     4.481
 457.001    196014         0    195992           0.237     0.848     1.223     1.589     1.872     2.492     3.295     4.760
 458.001    195965         0    195993           0.239     0.842     1.215     1.585     1.861     2.507     3.332     4.854
 459.001    196019         0    196015           0.239     0.826     1.181     1.531     1.785     2.376     3.158     4.866
 460.001    195931         0    195929           0.245     0.858     1.254     1.653     1.985     2.849     4.391     8.471
 461.001    196047         0    196062           0.266     0.928     1.339     1.783     2.204     3.521     5.599     8.708
 462.001    195985         0    195989           0.271     0.910     1.305     1.704     2.026     2.720     3.602     5.906
 463.001    196033         0    196028           0.262     0.886     1.267     1.636     1.916     2.529     3.316     4.714
 464.001    195994         0    195983           0.281     0.844     1.202     1.545     1.793     2.374     3.164     4.551
 465.001    196007         0    196015           0.253     0.788     1.109     1.451     1.691     2.255     3.000     4.428
 466.001    195984         0    195979           0.262     0.878     1.260     1.633     1.919     2.597     3.486     5.947
 467.001    196016         0    196027           0.260     0.849     1.210     1.561     1.817     2.402     3.219     6.128
 468.001    196011         0    195995           0.272     0.835     1.192     1.541     1.803     2.427     3.258     5.136
 469.001    196018         0    196014           0.250     0.906     1.317     1.784     2.273     3.748     5.743    10.494
 470.001    196014         0    196004           0.270     0.854     1.236     1.617     1.929     2.773     4.297     7.209
 471.001    195966         0    195991           0.254     0.787     1.113     1.467     1.720     2.355     3.209     5.439
 472.001    195960         0    195962           0.239     0.887     1.271     1.648     1.936     2.564     3.373     4.813
 473.001    196048         0    196039           0.251     0.986     1.397     1.846     2.181     2.877     3.795     5.501
 474.001    196023         0    196002           0.241     0.829     1.196     1.561     1.836     2.474     3.334     4.960
 475.001    195986         0    196009           0.262     0.889     1.280     1.662     1.967     2.712     3.781     7.041
 476.001    196008         0    196001           0.238     0.833     1.196     1.545     1.807     2.419     3.207     4.219
 477.001    195947         0    195956           0.254     0.822     1.204     1.610     1.964     3.029     4.747     7.967
 478.001    196045         0    196041           0.253     0.854     1.242     1.625     1.922     2.611     3.465     5.444
 479.001    195975         0    195968           0.270     0.781     1.103     1.442     1.683     2.271     2.986     4.678
 480.001    196009         0    196015           0.245     0.793     1.124     1.465     1.708     2.277     2.955     4.143
 481.001    195985         0    195991           0.231     0.967     1.367     1.787     2.094     2.710     3.492     5.534
 482.001    196008         0    196000           0.241     0.868     1.253     1.630     1.929     2.705     3.772     6.312
 483.001    196024         0    196026           0.260     0.816     1.184     1.568     1.873     2.714     4.116     6.599
 484.001    195988         0    195994           0.251     0.859     1.236     1.608     1.892     2.505     3.310     4.456
 485.001    195920         0    195910           0.258     0.979     1.389     1.851     2.224     3.152     4.641     8.831
 486.001    196097         0    196104           0.270     0.839     1.233     1.681     2.173     4.211     6.435    10.600
 487.001    195957         0    195957           0.249     0.897     1.297     1.698     2.018     2.697     3.518     5.251
 488.001    196068         0    196062           0.276     0.886     1.282     1.681     1.986     2.593     3.402     5.349
 489.001    195959         0    195966           0.270     0.839     1.209     1.579     1.867     2.458     3.244     4.919
 490.001    196021         0    196008           0.273     0.880     1.269     1.658     1.959     2.583     3.383     4.968
 491.001    195983         0    195981           0.254     0.905     1.316     1.766     2.148     3.308     5.292     8.774
 492.001    196055         0    196052           0.270     0.843     1.229     1.601     1.889     2.517     3.375     5.235
 493.001    195907         0    195924           0.259     0.893     1.282     1.663     1.972     2.687     3.586     6.795
 494.001    196050         0    196025           0.253     0.919     1.334     1.836     2.372     3.725     5.243     9.249
 495.001    196008         0    196037           0.260     0.865     1.258     1.650     1.962     2.683     3.774     7.184
 496.001    196013         0    196003           0.255     0.837     1.203     1.572     1.843     2.466     3.230     4.559
 497.001    196007         0    196001           0.255     0.913     1.293     1.679     1.975     2.615     3.398     4.850
 498.001    196022         0    196019           0.275     0.859     1.243     1.632     1.932     2.535     3.297     4.563
 499.001    195960         0    195975           0.252     0.870     1.253     1.648     1.964     2.652     3.547     5.681
 500.001    196009         0    196000           0.261     0.910     1.322     1.746     2.094     2.978     4.563     7.586
 501.001    196037         0    196030           0.276     0.899     1.295     1.708     2.018     2.671     3.535     5.460
 502.001    195949         0    195965           0.258     0.861     1.281     1.719     2.086     2.986     4.571     7.967
 503.001    195987         0    195992           0.264     0.891     1.287     1.696     2.041     2.900     4.420     8.212
 504.001    196047         0    196037           0.271     0.945     1.329     1.711     2.012     2.644     3.469     5.763
 505.001    195991         0    195992           0.249     0.821     1.176     1.527     1.782     2.376     3.125     4.346
 506.001    196002         0    196005           0.251     0.871     1.266     1.650     1.951     2.578     3.410     4.866
 507.001    195980         0    195969           0.252     0.937     1.341     1.754     2.099     2.818     3.789     6.844
 508.001    196025         0    196039           0.239     0.863     1.250     1.647     1.971     2.744     4.043     8.315
 509.001    196010         0    196002           0.228     0.818     1.170     1.521     1.783     2.372     3.115     5.571
 510.001    195937         0    195941           0.261     0.873     1.268     1.661     1.995     2.855     4.309     7.528
 511.001    196056         0    196056           0.250     0.848     1.237     1.638     1.969     2.879     4.465     8.040
 512.001    196006         0    196016           0.257     0.798     1.135     1.489     1.739     2.349     3.148     4.723
 513.001    196024         0    196005           0.265     0.803     1.140     1.489     1.736     2.318     3.058     4.243
 514.001    195964         0    195977           0.257     0.852     1.226     1.597     1.887     2.519     3.318     4.706
 515.001    196024         0    196024           0.271     0.879     1.267     1.646     1.938     2.566     3.371     4.522
 516.001    196008         0    195999           0.248     0.845     1.227     1.610     1.909     2.609     3.584     5.796
 517.001    196004         0    196004           0.258     0.804     1.152     1.510     1.769     2.384     3.160     4.407
 518.001    195979         0    195987           0.244     0.827     1.184     1.546     1.816     2.433     3.240     4.506
 519.001    196003         0    196003           0.256     0.860     1.277     1.706     2.090     3.156     5.014     9.830
 520.001    196007         0    196006           0.266     0.869     1.252     1.633     1.925     2.583     3.463     5.190
 521.001    196018         0    195996           0.266     0.827     1.186     1.543     1.818     2.437     3.244     4.735
 522.001    196016         0    196020           0.264     0.830     1.186     1.535     1.795     2.386     3.156     4.878
 523.001    196004         0    196003           0.252     0.791     1.118     1.459     1.697     2.271     3.035     4.420
 524.001    195961         0    195982           0.244     0.869     1.266     1.648     1.954     2.656     3.564     5.714
 525.001    196016         0    195999           0.265     0.834     1.209     1.592     1.882     2.523     3.353     5.173
 526.001    195998         0    196003           0.263     0.844     1.221     1.587     1.858     2.490     3.277     4.387
 527.001    195991         0    195996           0.258     0.834     1.221     1.631     1.990     2.945     4.469     8.143
 528.001    195981         0    195994           0.263     0.901     1.321     1.790     2.243     3.490     5.439     9.224
 529.001    196010         0    196001           0.254     0.912     1.300     1.697     2.011     2.640     3.478     5.161
 530.001    196022         0    196031           0.248     0.840     1.209     1.581     1.868     2.486     3.269     6.013
 531.001    196024         0    196009           0.266     0.823     1.183     1.541     1.811     2.415     3.187     5.071
 532.001    195967         0    195971           0.257     0.897     1.318     1.785     2.159     2.957     4.073     6.312
 533.001    196013         0    196015           0.269     0.867     1.268     1.661     1.972     2.644     3.449     5.222
 534.001    195981         0    195995           0.251     0.855     1.233     1.609     1.896     2.560     3.391     4.710
 535.001    196018         0    196007           0.271     0.858     1.271     1.715     2.054     2.732     3.674     5.657
 536.001    196023         0    196015           0.258     0.833     1.218     1.648     2.065     3.324     5.120     8.847
 537.001    196027         0    196018           0.254     0.800     1.152     1.511     1.775     2.423     3.275     4.932
 538.001    195984         0    195996           0.255     0.833     1.197     1.550     1.816     2.421     3.240     4.755
 539.001    195998         0    196000           0.254     0.831     1.195     1.545     1.811     2.408     3.187     4.440
 540.001    195988         0    195996           0.256     0.804     1.158     1.524     1.799     2.427     3.238     4.751
 541.001    196000         0    195988           0.255     0.888     1.284     1.683     2.021     2.843     4.051     7.913
 542.001    195954         0    195950           0.260     1.001     1.436     1.925     2.251     2.927     3.793     6.152
 543.001    196078         0    196072           0.268     0.818     1.175     1.531     1.799     2.398     3.193     4.923
 544.001    195971         0    195977           0.252     0.821     1.203     1.608     1.930     2.775     4.157     7.873
 545.001    196002         0    196014           0.244     0.848     1.224     1.596     1.883     2.591     3.549     5.767
 546.001    196010         0    196015           0.259     0.902     1.284     1.663     1.951     2.603     3.383     4.645
 547.001    195946         0    195942           0.240     0.868     1.246     1.611     1.891     2.494     3.275     5.284
 548.001    196046         0    196039           0.276     0.834     1.196     1.545     1.808     2.421     3.193     4.997
 549.001    195967         0    195960           0.271     0.973     1.399     1.876     2.210     2.916     3.824     5.546
 550.001    196069         0    196066           0.244     0.831     1.204     1.579     1.873     2.601     3.615     6.525
 551.001    195966         0    195984           0.258     0.828     1.193     1.542     1.803     2.404     3.205     4.456
 552.001    195985         0    195978           0.268     0.863     1.265     1.676     2.008     2.755     3.783     5.980
 553.001    195965         0    195975           0.250     0.876     1.291     1.724     2.114     3.148     5.063     9.191
 554.001    196053         0    196027           0.273     0.849     1.237     1.634     1.942     2.564     3.363     5.906
 555.001    196010         0    196037           0.252     0.802     1.135     1.473     1.720     2.327     3.101     4.497
 556.001    195996         0    195970           0.252     0.810     1.152     1.503     1.762     2.370     3.164     4.489
 557.001    195974         0    196007           0.264     0.842     1.212     1.598     1.910     2.669     3.777     7.590
 558.001    196003         0    195995           0.264     0.871     1.274     1.684     2.029     2.875     4.358     8.036
 559.001    195994         0    195991           0.252     0.829     1.182     1.541     1.811     2.425     3.248     4.415
 560.001    196024         0    196018           0.268     1.013     1.433     1.907     2.241     2.933     3.787     5.677
 561.001    195975         0    195979           0.231     0.914     1.342     1.817     2.259     3.371     4.993     8.126
 562.001    196028         0    196018           0.260     0.861     1.260     1.666     2.004     2.775     3.768     5.407
 563.001    195973         0    195987           0.264     0.859     1.239     1.625     1.919     2.554     3.359     5.226
 564.001    195997         0    195996           0.262     0.908     1.303     1.707     2.029     2.734     3.670     5.841
 565.001    196003         0    196008           0.255     0.847     1.227     1.617     1.919     2.578     3.420     4.784
 566.001    195997         0    195990           0.270     0.879     1.273     1.684     2.028     2.836     4.039     7.459
 567.001    196001         0    195998           0.267     0.933     1.324     1.722     2.036     2.697     3.535     5.042
 568.001    196050         0    196063           0.246     0.854     1.234     1.613     1.908     2.566     3.365     4.817
 569.001    195950         0    195929           0.259     0.884     1.299     1.746     2.150     3.060     4.342     7.930
 570.001    196030         0    196026           0.249     0.961     1.377     1.864     2.310     3.971     6.300    10.748
 571.001    196003         0    196004           0.253     0.915     1.315     1.720     2.029     2.642     3.443     5.243
 572.001    196005         0    196021           0.259     0.859     1.235     1.608     1.891     2.540     3.385     4.760
 573.001    195991         0    195990           0.272     0.846     1.209     1.574     1.849     2.472     3.279     4.927
 574.001    196013         0    196007           0.270     0.881     1.265     1.654     1.961     2.669     3.656     6.918
 575.001    196001         0    196000           0.246     0.923     1.325     1.758     2.140     3.162     4.968     8.208
 576.001    195969         0    195970           0.259     0.855     1.220     1.603     1.898     2.550     3.342     4.862
 577.001    196035         0    196042           0.254     0.892     1.297     1.736     2.126     3.033     4.407     7.164
 578.001    195966         0    195960           0.254     0.922     1.338     1.823     2.253     3.355     4.981     8.233
 579.001    196024         0    196025           0.243     0.980     1.385     1.842     2.218     3.058     4.147     7.074
 580.001    196008         0    196002           0.270     0.869     1.246     1.623     1.914     2.537     3.316     4.506
 581.001    195983         0    195985           0.272     0.892     1.270     1.653     1.953     2.593     3.344     4.866
 582.001    196013         0    196022           0.253     0.970     1.360     1.790     2.136     2.898     4.243     8.163
 583.001    196024         0    196002           0.266     0.907     1.312     1.759     2.150     3.283     5.321     8.978
 584.001    195942         0    195952           0.257     0.968     1.354     1.759     2.072     2.726     3.504     4.780
 585.001    196064         0    196067           0.248     0.922     1.317     1.732     2.062     2.726     3.619     5.747
 586.001    195943         0    195944           0.281     1.033     1.461     2.016     2.507     3.705     5.456    10.273
 587.001    196045         0    196048           0.244     0.948     1.359     1.823     2.222     3.193     4.530     7.008
 588.001    195987         0    195989           0.256     0.898     1.273     1.655     1.948     2.580     3.367     4.874
 589.001    196023         0    196006           0.257     0.967     1.361     1.797     2.136     2.810     3.650     5.304
 590.001    195973         0    195989           0.266     0.920     1.295     1.684     1.985     2.634     3.441     5.738
 591.001    196010         0    196010           0.270     0.933     1.330     1.740     2.062     2.746     3.572     5.333
 592.001    196001         0    195994           0.259     0.922     1.310     1.712     2.038     2.740     3.637     5.108
 593.001    195973         0    195980           0.274     1.035     1.439     1.911     2.259     3.002     3.918     5.632
 594.001    196002         0    195993           0.224     0.996     1.409     1.900     2.304     3.328     4.940     8.352
 595.001    196041         0    196043           0.264     1.013     1.428     1.904     2.281     3.099     4.170     6.648
 596.001    196010         0    196016           0.260     0.880     1.261     1.650     1.964     2.658     3.502     5.534
 597.001    196017         0    196013           0.283     0.926     1.306     1.695     2.007     2.652     3.463     5.194
 598.001    196013         0    196014           0.247     0.896     1.285     1.692     2.004     2.673     3.523     5.378
 599.001    196023         0    196008           0.276     0.924     1.317     1.720     2.047     2.720     3.584     4.973
 600.001    195962         0    195988           0.272     0.913     1.303     1.716     2.056     2.816     3.957     7.188
 601.001    196021         0    196007           0.271     0.926     1.314     1.712     2.018     2.679     3.465     4.915
 602.001    195949         0    195958           0.249     0.895     1.289     1.697     2.016     2.730     3.697     5.841
 603.001    196012         0    196018           0.266     0.944     1.364     1.883     2.374     3.727     5.509     9.290
 604.001    195979         0    195974           0.261     0.932     1.336     1.775     2.107     2.771     3.621     5.026
 605.001    196075         0    196036           0.253     1.009     1.407     1.859     2.198     2.904     3.793     6.013
 606.001    195960         0    196001           0.271     0.870     1.231     1.593     1.880     2.497     3.291     4.534
 607.001    196012         0    196004           0.250     0.901     1.281     1.668     1.973     2.632     3.418     4.645
 608.002    196033         0    196024           0.246     0.898     1.289     1.698     2.033     2.796     3.852     5.751
 609.001    195970         0    195975           0.254     1.031     1.421     1.871     2.200     2.877     3.697     5.362
 610.001    195998         0    196006           0.253     0.939     1.330     1.743     2.071     2.769     3.617     5.911
 611.001    195993         0    195981           0.258     0.921     1.334     1.801     2.218     3.258     4.968     8.987
 612.001    196050         0    196048           0.288     0.944     1.339     1.756     2.099     2.826     3.731     5.960
 613.001    195958         0    195960           0.281     0.933     1.318     1.719     2.037     2.710     3.523     5.050
 614.001    196020         0    196022           0.252     0.928     1.316     1.723     2.043     2.681     3.535     5.128
 615.001    195973         0    195978           0.257     0.872     1.242     1.626     1.920     2.597     3.437     4.833
 616.001    196005         0    196009           0.266     1.020     1.412     1.870     2.222     2.978     3.961     6.316
 617.001    196013         0    196001           0.244     1.003     1.389     1.805     2.138     2.849     3.672     4.952
 618.001    195954         0    195974           0.269     0.940     1.322     1.713     2.019     2.675     3.482     4.903
 619.001    195996         0    195980           0.271     0.919     1.319     1.752     2.120     2.955     4.215     6.971
 620.001    196072         0    196077           0.254     0.933     1.343     1.802     2.216     3.367     5.308     8.651
 621.001    195988         0    195999           0.274     0.907     1.291     1.677     1.983     2.648     3.424     4.940
 622.001    196025         0    196012           0.255     0.842     1.193     1.547     1.823     2.462     3.262     5.091
 623.001    195975         0    195989           0.269     0.889     1.274     1.677     1.997     2.675     3.498     5.288
 624.001    195981         0    195972           0.262     0.982     1.395     1.866     2.243     3.086     4.317     6.918
 625.001    196034         0    196037           0.268     0.988     1.398     1.870     2.253     3.138     4.301     6.906
 626.001    196014         0    196016           0.250     0.824     1.155     1.504     1.762     2.370     3.125     4.202
 627.001    195888         0    195891           0.270     0.904     1.299     1.726     2.082     3.021     4.899     9.486
 628.001    196095         0    196094           0.269     0.956     1.385     1.932     2.441     3.863     5.693     8.348
 629.001    196015         0    196007           0.260     0.852     1.224     1.614     1.929     2.714     4.049     7.131
 630.001    196018         0    196011           0.249     0.845     1.190     1.544     1.817     2.445     3.228     4.997
 631.001    195971         0    195978           0.264     0.881     1.255     1.633     1.926     2.580     3.375     5.353
 632.001    195957         0    195949           0.248     0.981     1.374     1.803     2.144     2.871     3.803     5.616
 633.001    196063         0    196079           0.274     0.979     1.383     1.830     2.179     2.945     3.850     5.669
 634.001    195988         0    195983           0.270     0.860     1.214     1.582     1.867     2.509     3.318     4.485
 635.001    195980         0    195977           0.279     0.904     1.287     1.681     1.989     2.628     3.449     4.620
 636.001    196005         0    196010           0.259     0.994     1.404     1.867     2.230     3.047     4.104     6.541
 637.001    196018         0    196014           0.258     0.927     1.315     1.738     2.079     2.787     3.693     5.935
 638.001    196007         0    196011           0.276     0.834     1.174     1.525     1.790     2.398     3.158     4.665
 639.001    195979         0    195981           0.266     0.868     1.244     1.630     1.938     2.556     3.402     5.198
 640.001    196001         0    195998           0.249     0.924     1.307     1.712     2.023     2.669     3.447     4.739
 641.001    196006         0    196012           0.274     1.001     1.398     1.832     2.167     2.834     3.650     5.235
 642.001    196004         0    195996           0.270     0.925     1.320     1.734     2.062     2.710     3.566     5.206
 643.001    196017         0    196021           0.264     0.937     1.317     1.712     2.023     2.679     3.467     5.038
 644.001    195966         0    195963           0.244     0.924     1.305     1.701     2.017     2.681     3.484     5.063
 645.001    196018         0    196013           0.259     0.900     1.270     1.649     1.936     2.554     3.320     4.932
 646.001    196018         0    196019           0.264     0.880     1.260     1.641     1.936     2.570     3.332     4.731
 647.001    195999         0    196000           0.234     0.964     1.346     1.746     2.067     2.720     3.533     4.878
 648.001    195980         0    195987           0.255     0.926     1.319     1.718     2.025     2.654     3.453     4.747
 649.001    196029         0    196014           0.260     0.871     1.238     1.622     1.913     2.537     3.353     4.850
 650.001    195931         0    195940           0.251     1.029     1.421     1.871     2.208     2.892     3.754     5.247
 651.001    196066         0    196047           0.268     0.949     1.338     1.753     2.075     2.759     3.551     4.948
 652.001    196005         0    195999           0.274     0.843     1.195     1.553     1.829     2.466     3.262     4.755
 653.001    196001         0    196028           0.258     0.885     1.265     1.672     1.991     2.662     3.533     5.849
 654.001    195969         0    195972           0.260     0.989     1.374     1.788     2.126     2.836     3.734     5.612
 655.001    196001         0    195990           0.245     0.980     1.374     1.799     2.130     2.793     3.580     5.366
 656.001    195999         0    196011           0.266     0.955     1.330     1.737     2.048     2.703     3.504     4.821
 657.001    196028         0    196010           0.252     0.986     1.376     1.796     2.132     2.832     3.672     5.399
 658.001    196034         0    196021           0.270     0.842     1.190     1.549     1.819     2.429     3.213     4.649
 659.001    195975         0    196011           0.261     0.888     1.266     1.650     1.946     2.587     3.359     4.719
 660.001    195974         0    195958           0.273     0.988     1.375     1.802     2.134     2.832     3.678     6.255
 661.001    195985         0    195993           0.248     0.883     1.254     1.637     1.927     2.560     3.348     4.391
 662.001    196025         0    196019           0.260     0.955     1.333     1.743     2.060     2.716     3.541     4.735
 663.001    195997         0    195998           0.258     1.010     1.394     1.819     2.152     2.828     3.682     5.419
 664.001    195979         0    195990           0.260     0.927     1.315     1.724     2.045     2.710     3.516     5.591
 665.001    196020         0    196019           0.268     0.993     1.372     1.787     2.111     2.769     3.590     5.378
 666.001    196012         0    195988           0.257     0.978     1.367     1.790     2.122     2.806     3.672     5.648
 667.001    196029         0    196034           0.262     0.890     1.267     1.660     1.962     2.609     3.398     4.653
 668.001    196001         0    196010           0.269     0.880     1.245     1.625     1.923     2.550     3.332     5.591
 669.001    195966         0    195964           0.258     1.014     1.407     1.849     2.187     2.886     3.760     5.026
 670.001    196019         0    196011           0.270     0.885     1.256     1.637     1.931     2.576     3.387     4.805
 671.001    196004         0    196008           0.271     0.902     1.272     1.654     1.957     2.609     3.414     4.649
 672.001    195975         0    195980           0.276     1.035     1.423     1.860     2.202     2.922     3.760     5.296
 673.001    196023         0    196032           0.258     0.874     1.239     1.613     1.896     2.544     3.363     4.452
 674.001    196002         0    196000           0.264     0.900     1.269     1.648     1.942     2.578     3.359     4.727
 675.001    195973         0    195967           0.255     0.968     1.356     1.775     2.099     2.767     3.619     5.112
 676.001    196010         0    196017           0.280     0.892     1.271     1.652     1.955     2.607     3.424     5.313
 677.001    196020         0    196020           0.262     0.900     1.265     1.638     1.920     2.548     3.340     4.620
 678.001    195992         0    195973           0.278     0.968     1.362     1.769     2.103     2.798     3.664     5.091
 679.001    196007         0    196017           0.257     0.974     1.368     1.798     2.124     2.791     3.578     5.169
 680.001    196001         0    195998           0.268     0.918     1.299     1.687     1.981     2.642     3.459     4.776
 681.001    195983         0    195982           0.260     1.031     1.410     1.840     2.169     2.832     3.641     5.255
 682.001    196026         0    196052           0.257     1.051     1.448     1.897     2.222     2.906     3.740     5.288
 683.001    196006         0    195990           0.266     0.901     1.293     1.697     2.025     2.740     3.697     5.943
 684.001    195989         0    195982           0.274     0.964     1.349     1.768     2.091     2.769     3.623     5.378
 685.001    196024         0    196030           0.276     0.923     1.317     1.750     2.083     2.765     3.676     8.151
 686.001    195977         0    195959           0.252     0.962     1.343     1.741     2.050     2.710     3.516     5.226
 687.001    196027         0    196008           0.255     0.976     1.364     1.776     2.101     2.757     3.561     5.063
 688.001    195994         0    196039           0.270     1.063     1.467     1.950     2.284     2.996     3.830     5.255
 689.001    195995         0    195993           0.251     0.952     1.338     1.741     2.061     2.732     3.582     5.001
 690.001    195974         0    195971           0.271     0.959     1.347     1.754     2.072     2.720     3.523     5.456
 691.001    196033         0    196036           0.257     0.985     1.359     1.758     2.075     2.718     3.488     5.161
 692.001    196018         0    195992           0.264     0.880     1.246     1.615     1.902     2.529     3.340     4.792
 693.001    195979         0    195990           0.260     0.939     1.339     1.758     2.085     2.765     3.611     4.837
 694.001    196003         0    196010           0.269     0.951     1.338     1.748     2.059     2.726     3.512     5.104
 695.001    196004         0    196002           0.247     0.935     1.319     1.719     2.033     2.695     3.492     5.112
 696.001    195976         0    195981           0.272     1.051     1.486     1.991     2.312     3.009     3.899     5.538
 697.001    196004         0    196010           0.280     1.010     1.404     1.830     2.159     2.834     3.680     5.837
 698.001    196056         0    196036           0.265     0.928     1.313     1.720     2.037     2.695     3.539     4.993
 699.001    195975         0    195989           0.242     0.919     1.304     1.713     2.030     2.677     3.484     4.997
 700.001    195964         0    195963           0.265     1.001     1.396     1.837     2.175     2.867     3.740     6.230
 701.001    196084         0    196080           0.263     0.872     1.233     1.608     1.900     2.558     3.353     5.222
 702.001    195938         0    195942           0.277     0.918     1.299     1.699     2.010     2.662     3.496     5.657
 703.001    196022         0    196018           0.272     0.952     1.334     1.739     2.054     2.714     3.525     4.641
 704.001    196019         0    196026           0.248     0.913     1.284     1.664     1.955     2.597     3.385     5.820
 705.001    196002         0    196000           0.268     0.929     1.311     1.704     2.001     2.638     3.420     5.206
 706.001    195960         0    195975           0.265     0.980     1.367     1.785     2.109     2.775     3.609     5.173
 707.001    196031         0    196024           0.269     0.970     1.358     1.772     2.092     2.753     3.578     4.702
 708.001    196024         0    196008           0.239     0.911     1.285     1.661     1.949     2.587     3.406     5.595
 709.001    195980         0    195991           0.265     0.963     1.352     1.762     2.073     2.732     3.521     5.198
 710.001    195994         0    195998           0.267     0.908     1.287     1.676     1.987     2.652     3.461     4.477
 711.001    196008         0    195998           0.269     0.873     1.248     1.634     1.939     2.568     3.318     4.780
 712.001    195999         0    196011           0.259     0.866     1.227     1.587     1.860     2.466     3.244     5.005
 713.001    196028         0    196011           0.243     0.954     1.337     1.761     2.094     2.824     3.756     5.939
 714.001    195989         0    195985           0.262     0.907     1.289     1.668     1.964     2.609     3.416     5.415
 715.001    195983         0    195987           0.282     0.934     1.324     1.713     2.018     2.650     3.408     5.157
 716.001    196015         0    196028           0.264     0.877     1.245     1.629     1.918     2.546     3.342     4.420
 717.001    195981         0    195977           0.274     0.882     1.249     1.624     1.907     2.513     3.271     4.686
 718.001    195983         0    195990           0.277     0.944     1.332     1.729     2.047     2.707     3.498     4.882
 719.001    196042         0    196025           0.262     0.992     1.367     1.767     2.076     2.767     3.602     5.136
 720.001    195980         0    195999           0.230     0.847     1.207     1.575     1.848     2.462     3.248     4.805
 721.001    196007         0    195984           0.260     0.920     1.297     1.678     1.973     2.636     3.396     4.739
 722.001    195985         0    195984           0.264     0.918     1.292     1.673     1.963     2.589     3.365     4.874
 723.001    195983         0    195988           0.248     0.935     1.311     1.702     2.005     2.681     3.514     5.218
 724.001    196036         0    196041           0.276     0.930     1.317     1.719     2.031     2.675     3.475     4.948
 725.001    195991         0    195986           0.263     0.988     1.383     1.817     2.152     2.832     3.629     6.103
 726.001    195995         0    195996           0.269     0.842     1.197     1.555     1.827     2.458     3.238     4.809
 727.001    195977         0    195978           0.255     0.980     1.363     1.780     2.109     2.773     3.549     5.030
 728.001    195992         0    196005           0.253     0.938     1.316     1.711     2.012     2.638     3.453     4.874
 729.001    196038         0    196036           0.269     0.917     1.294     1.689     1.994     2.666     3.492     4.993
 730.001    195984         0    195968           0.264     1.025     1.403     1.811     2.134     2.832     3.678     5.079
 731.001    196019         0    196020           0.265     0.909     1.284     1.662     1.959     2.615     3.381     4.846
 732.001    196012         0    196011           0.259     0.933     1.309     1.689     1.979     2.626     3.379     4.948
 733.001    196002         0    196002           0.264     0.854     1.214     1.572     1.845     2.456     3.246     4.583
 734.001    196007         0    196009           0.255     0.902     1.272     1.649     1.947     2.595     3.402     5.632
 735.001    196003         0    196016           0.268     0.996     1.371     1.775     2.083     2.730     3.525     4.874
 736.001    195994         0    195978           0.261     0.879     1.247     1.618     1.903     2.527     3.312     4.702
 737.001    196027         0    196025           0.256     0.916     1.295     1.680     1.980     2.617     3.484     5.165
 738.001    196002         0    196006           0.254     0.993     1.379     1.796     2.126     2.808     3.621     5.517
 739.001    195969         0    195966           0.250     0.869     1.240     1.613     1.904     2.566     3.385     5.059
 740.001    196019         0    196025           0.262     0.972     1.360     1.776     2.099     2.781     3.596     4.870
 741.001    196019         0    196016           0.257     0.873     1.240     1.608     1.893     2.537     3.336     4.792
 742.001    195994         0    196003           0.271     0.895     1.269     1.652     1.945     2.566     3.334     4.911
 743.001    195982         0    195993           0.261     0.979     1.369     1.784     2.122     2.826     3.695     5.579
 744.001    195990         0    195965           0.251     0.897     1.271     1.651     1.943     2.603     3.430     6.459
 745.001    196015         0    196021           0.261     0.941     1.330     1.737     2.061     2.746     3.588     5.079
 746.001    195963         0    195971           0.260     1.026     1.400     1.816     2.134     2.816     3.637     4.760
 747.001    196074         0    196049           0.279     0.891     1.264     1.635     1.922     2.558     3.363     5.075
 748.001    195942         0    195963           0.246     0.934     1.315     1.702     1.998     2.646     3.430     4.784
 749.001    196015         0    196016           0.270     0.948     1.330     1.726     2.047     2.732     3.561     5.075
 750.001    196006         0    196021           0.266     0.923     1.319     1.725     2.034     2.669     3.475     5.329
 751.001    195948         0    195925           0.254     0.904     1.287     1.679     1.988     2.621     3.447     4.588
 752.001    196038         0    196038           0.256     0.999     1.381     1.799     2.126     2.793     3.604     5.038
 753.001    195990         0    195997           0.262     0.944     1.327     1.727     2.036     2.699     3.490     5.288
 754.001    196032         0    196042           0.274     0.912     1.300     1.703     2.021     2.671     3.484     5.005
 755.001    195936         0    195946           0.266     0.947     1.329     1.737     2.057     2.699     3.521     4.981
 756.001    196031         0    196011           0.263     0.906     1.289     1.675     1.978     2.628     3.422     5.005
 757.001    195991         0    195980           0.270     0.938     1.320     1.718     2.033     2.693     3.521     5.140
 758.001    196040         0    196053           0.266     0.954     1.348     1.765     2.095     2.757     3.590     4.862
 759.001    196003         0    195998           0.251     0.880     1.250     1.609     1.882     2.501     3.269     4.596
 760.001    196010         0    195994           0.260     0.906     1.282     1.668     1.964     2.597     3.361     5.083
 761.001    195969         0    195991           0.265     0.938     1.325     1.724     2.038     2.677     3.463     4.887
 762.001    196035         0    196009           0.265     1.013     1.405     1.837     2.169     2.853     3.684     5.865
 763.001    195983         0    196017           0.280     0.978     1.363     1.777     2.094     2.759     3.566     5.186
 764.001    196010         0    196011           0.264     0.991     1.384     1.812     2.146     2.818     3.701     5.206
 765.001    196030         0    196015           0.271     0.948     1.330     1.722     2.030     2.689     3.422     5.022
 766.001    196009         0    196018           0.271     0.937     1.315     1.707     2.023     2.689     3.463     4.850
 767.001    195988         0    196006           0.260     0.910     1.292     1.688     1.999     2.660     3.459     4.952
 768.001    195992         0    195965           0.258     0.856     1.207     1.562     1.830     2.437     3.189     4.432
 769.002    196023         0    196002           0.267     0.998     1.373     1.773     2.095     2.779     3.570     5.198
 770.001    195990         0    196020           0.252     0.836     1.184     1.544     1.815     2.454     3.271     4.526
 771.001    195942         0    195935           0.270     0.954     1.350     1.766     2.094     2.773     3.617     5.616
 772.001    196061         0    196071           0.265     0.979     1.360     1.772     2.095     2.775     3.598     4.829
 773.001    195969         0    195965           0.268     0.910     1.298     1.699     2.018     2.681     3.557     5.067
 774.001    196037         0    196033           0.247     0.976     1.370     1.791     2.128     2.832     3.811     5.775
 775.001    195988         0    196000           0.264     0.948     1.333     1.734     2.053     2.716     3.504     5.493
 776.001    195998         0    195990           0.256     0.894     1.267     1.646     1.934     2.556     3.301     5.198
 777.001    195984         0    195978           0.270     1.018     1.399     1.818     2.136     2.814     3.639     5.038
 778.001    196023         0    196023           0.263     1.038     1.415     1.833     2.161     2.839     3.664     5.001
 779.001    196034         0    196027           0.258     0.968     1.364     1.785     2.118     2.761     3.547     4.870
 780.001    195989         0    195975           0.267     1.035     1.422     1.850     2.167     2.818     3.617     4.895
 781.001    195963         0    195989           0.265     1.004     1.384     1.800     2.122     2.783     3.615     4.813
 782.001    196021         0    196023           0.246     1.021     1.409     1.833     2.159     2.834     3.652     5.042
 783.001    196047         0    196030           0.292     0.980     1.359     1.762     2.072     2.732     3.559     5.497
 784.001    195960         0    195959           0.270     0.940     1.320     1.719     2.041     2.703     3.527     4.841
 785.001    196016         0    196033           0.253     0.920     1.298     1.692     2.001     2.654     3.469     4.850
 786.001    195980         0    195980           0.251     0.928     1.305     1.694     2.011     2.679     3.484     5.329
 787.001    196020         0    196003           0.245     0.918     1.297     1.693     2.004     2.691     3.500     4.936
 788.001    195973         0    195981           0.278     0.895     1.268     1.644     1.933     2.570     3.351     4.678
 789.001    195993         0    196006           0.249     0.883     1.243     1.610     1.885     2.527     3.314     5.128
 790.001    196010         0    196010           0.250     1.036     1.428     1.875     2.216     2.925     3.764     5.427
 791.001    196019         0    196007           0.265     0.942     1.329     1.729     2.048     2.707     3.547     4.682
 792.001    195988         0    195999           0.273     0.954     1.336     1.739     2.057     2.710     3.521     4.694
 793.001    196029         0    196012           0.252     0.867     1.230     1.603     1.883     2.540     3.342     5.288
 794.001    196001         0    196011           0.270     0.902     1.277     1.658     1.953     2.578     3.359     5.284
 795.001    195979         0    195984           0.279     0.943     1.334     1.743     2.051     2.699     3.506     4.854
 796.001    196011         0    196010           0.262     0.901     1.271     1.649     1.942     2.601     3.389     4.739
 797.001    195980         0    195980           0.257     0.857     1.215     1.580     1.861     2.488     3.267     4.583
 798.001    196015         0    196020           0.261     0.988     1.381     1.805     2.128     2.785     3.652     5.226
 799.001    195978         0    195975           0.276     0.958     1.336     1.740     2.050     2.699     3.467     4.768
 800.001    196009         0    196001           0.254     0.912     1.290     1.678     1.976     2.621     3.420     5.112
 801.001    196005         0    196002           0.271     1.017     1.399     1.814     2.132     2.806     3.664     5.583
 802.001    196028         0    196044           0.270     0.948     1.328     1.722     2.039     2.720     3.486     4.862
 803.001    195992         0    195987           0.282     0.891     1.262     1.639     1.923     2.535     3.322     4.723
 804.001    196027         0    196012           0.271     0.986     1.377     1.792     2.128     2.836     3.764     5.845
 805.001    195999         0    196006           0.237     0.878     1.250     1.635     1.927     2.583     3.424     5.927
 806.001    196007         0    196005           0.245     0.914     1.296     1.696     2.011     2.642     3.424     4.895
 807.001    195943         0    195963           0.261     0.972     1.358     1.770     2.094     2.759     3.531     5.075
 808.001    196004         0    196002           0.262     0.966     1.362     1.789     2.116     2.765     3.607     5.358
 809.001    196045         0    196024           0.264     0.924     1.308     1.705     2.010     2.656     3.457     4.833
 810.001    195967         0    195974           0.259     0.964     1.341     1.730     2.035     2.691     3.482     5.427
 811.001    196048         0    196029           0.259     1.016     1.424     1.894     2.232     2.933     3.858     6.275
 812.001    195992         0    196011           0.248     0.919     1.288     1.671     1.967     2.613     3.416     4.764
 813.001    195972         0    195971           0.259     0.906     1.284     1.674     1.973     2.632     3.443     4.825
 814.001    196027         0    196033           0.249     0.917     1.297     1.691     1.998     2.666     3.467     4.776
 815.001    196018         0    195992           0.250     0.874     1.240     1.620     1.912     2.544     3.305     5.218
 816.001    195946         0    195972           0.275     0.973     1.350     1.751     2.063     2.714     3.521     4.637
 817.001    196020         0    196012           0.253     0.978     1.359     1.766     2.079     2.736     3.535     5.022
 818.001    196013         0    196023           0.242     0.870     1.235     1.596     1.867     2.472     3.244     5.149
 819.001    195991         0    195998           0.244     0.874     1.244     1.610     1.892     2.519     3.316     4.895
 820.001    196020         0    195996           0.266     0.866     1.226     1.590     1.871     2.492     3.275     4.415
 821.001    195975         0    195988           0.260     0.923     1.310     1.710     2.022     2.648     3.414     4.821
 822.001    196058         0    196051           0.261     0.929     1.314     1.712     2.016     2.658     3.451     4.907
 823.001    195951         0    195969           0.264     0.925     1.303     1.692     1.990     2.638     3.465     4.858
 824.001    195997         0    195988           0.254     0.948     1.326     1.720     2.028     2.679     3.457     4.661
 825.001    196021         0    196029           0.263     0.989     1.378     1.794     2.107     2.744     3.580     5.591
 826.001    196012         0    196003           0.257     0.974     1.348     1.742     2.052     2.712     3.521     5.206
 827.001    195990         0    195993           0.244     0.915     1.289     1.673     1.971     2.601     3.396     4.936
 828.001    195991         0    195982           0.254     0.898     1.278     1.660     1.960     2.611     3.434     4.968
 829.001    195995         0    195997           0.238     0.921     1.296     1.688     1.983     2.626     3.437     4.792
 830.001    196013         0    196011           0.267     0.986     1.367     1.774     2.105     2.781     3.596     5.124
 831.001    195996         0    196000           0.218     0.955     1.345     1.745     2.066     2.724     3.543     5.558
 832.001    196009         0    196008           0.263     0.899     1.273     1.647     1.934     2.552     3.328     4.825
 833.001    195946         0    195960           0.266     1.015     1.398     1.819     2.132     2.787     3.570     5.427
 834.001    196071         0    196056           0.266     0.988     1.388     1.825     2.183     2.925     3.822     5.992
 835.001    196021         0    195999           0.255     0.876     1.244     1.609     1.889     2.525     3.283     4.649
 836.001    195918         0    195950           0.230     1.040     1.428     1.866     2.200     2.890     3.711     5.439
 837.001    196050         0    196058           0.269     1.012     1.402     1.843     2.183     2.879     3.723     6.164
 838.001    196014         0    196004           0.260     0.876     1.243     1.611     1.891     2.523     3.334     4.837
 839.001    195972         0    195959           0.238     0.962     1.338     1.725     2.020     2.673     3.478     4.923
 840.001    196027         0    196037           0.253     0.920     1.303     1.679     1.976     2.626     3.414     5.722
 841.001    195997         0    196002           0.243     0.890     1.263     1.636     1.918     2.542     3.348     5.042
 842.001    195965         0    195962           0.254     0.927     1.317     1.735     2.049     2.691     3.521     5.100
 843.001    196037         0    196027           0.254     0.898     1.276     1.661     1.978     2.654     3.453     4.674
 844.001    196009         0    196020           0.258     0.877     1.242     1.613     1.893     2.525     3.299     4.325
 845.001    195964         0    195969           0.263     0.888     1.263     1.648     1.947     2.589     3.346     5.218
 846.001    196021         0    196008           0.258     0.944     1.345     1.762     2.081     2.746     3.584     4.841
 847.001    195984         0    195996           0.268     0.863     1.228     1.592     1.864     2.497     3.312     4.801
 848.001    196033         0    196008           0.261     0.921     1.293     1.678     1.968     2.607     3.373     4.420
 849.001    196011         0    196022           0.272     1.028     1.404     1.822     2.142     2.814     3.619     4.911
 850.001    195948         0    195961           0.268     0.908     1.291     1.675     1.970     2.597     3.379     4.678
 851.001    196014         0    196014           0.268     1.024     1.410     1.838     2.163     2.845     3.647     5.444
 852.001    195988         0    195983           0.252     0.986     1.369     1.781     2.107     2.763     3.578     4.821
 853.001    196049         0    196038           0.262     0.956     1.346     1.745     2.048     2.697     3.510     5.358
 854.001    195984         0    195995           0.255     0.958     1.347     1.757     2.078     2.736     3.545     5.861
 855.001    195996         0    195977           0.261     0.891     1.267     1.656     1.964     2.664     3.596     5.247
 856.001    196022         0    196041           0.253     0.977     1.362     1.773     2.088     2.775     3.604     4.809
 857.001    196003         0    196008           0.276     0.990     1.378     1.795     2.120     2.793     3.594     5.071
 858.001    195966         0    195966           0.256     0.966     1.351     1.764     2.086     2.738     3.564     5.100
 859.001    196039         0    196036           0.255     0.934     1.323     1.730     2.044     2.685     3.467     5.222
 860.001    196001         0    196001           0.241     0.899     1.279     1.670     1.972     2.609     3.385     5.034
 861.001    195969         0    195973           0.252     0.876     1.237     1.602     1.877     2.537     3.373     5.321
 862.001    196036         0    196023           0.279     1.051     1.436     1.859     2.179     2.865     3.697     5.267
 863.001    196010         0    196018           0.262     0.968     1.350     1.746     2.056     2.693     3.488     5.243
 864.001    195999         0    195992           0.261     0.934     1.320     1.725     2.059     2.775     3.643     5.489
 865.001    195966         0    195966           0.277     1.063     1.452     1.906     2.263     3.045     3.973     6.083
 866.001    196005         0    196015           0.263     0.968     1.366     1.788     2.132     2.843     3.699     5.034
 867.001    196040         0    196022           0.249     0.984     1.358     1.755     2.060     2.726     3.496     5.902
 868.001    195954         0    195968           0.266     0.965     1.349     1.756     2.078     2.736     3.545     5.976
 869.001    195998         0    196009           0.255     0.960     1.341     1.736     2.046     2.724     3.572     5.079
 870.001    196057         0    196061           0.273     0.940     1.317     1.709     2.023     2.718     3.609     5.009
 871.001    195932         0    195924           0.260     0.883     1.253     1.628     1.912     2.562     3.355     5.190
 872.001    196021         0    196024           0.247     0.964     1.342     1.741     2.053     2.710     3.496     4.870
 873.001    196045         0    196035           0.266     0.956     1.351     1.766     2.086     2.742     3.557     5.616
 874.001    195977         0    195965           0.274     0.845     1.198     1.556     1.831     2.464     3.289     5.071
 875.001    196023         0    196026           0.261     0.987     1.370     1.793     2.118     2.812     3.650     5.308
 876.001    195972         0    195986           0.267     0.985     1.362     1.761     2.077     2.748     3.568     4.956
 877.001    196013         0    195992           0.257     0.960     1.331     1.716     2.014     2.654     3.434     4.846
 878.001    195996         0    196018           0.251     0.944     1.322     1.709     2.018     2.681     3.465     4.932
 879.001    195989         0    195985           0.259     0.870     1.237     1.604     1.879     2.507     3.275     4.641
 880.001    196037         0    196029           0.245     0.896     1.277     1.667     1.986     2.687     3.586     5.825
 881.001    196005         0    195987           0.241     0.902     1.273     1.647     1.942     2.578     3.369     4.993
 882.001    195993         0    196021           0.255     0.932     1.315     1.713     2.029     2.728     3.572     5.394
 883.001    195991         0    195978           0.244     0.869     1.233     1.599     1.876     2.499     3.303     4.780
 884.001    196019         0    196036           0.280     0.884     1.256     1.634     1.932     2.578     3.422     4.764
 885.001    195982         0    195975           0.263     0.986     1.367     1.783     2.099     2.761     3.596     4.981
 886.001    195989         0    195999           0.261     0.898     1.277     1.652     1.948     2.572     3.346     4.739
 887.001    196027         0    196021           0.252     0.885     1.262     1.644     1.947     2.589     3.375     4.706
 888.001    195933         0    195925           0.279     1.053     1.453     1.934     2.304     3.111     4.063     6.242
 889.001    196063         0    196069           0.278     0.977     1.364     1.781     2.103     2.820     3.727     6.545
 890.001    196005         0    195987           0.251     0.915     1.295     1.689     1.991     2.673     3.482     5.116
 891.001    195984         0    196003           0.264     1.010     1.397     1.819     2.148     2.849     3.660     4.993
 892.001    196030         0    196015           0.259     0.947     1.335     1.745     2.065     2.720     3.518     4.829
 893.001    195975         0    195988           0.261     0.948     1.320     1.709     2.010     2.654     3.461     4.694
 894.001    196007         0    196004           0.275     0.936     1.333     1.753     2.077     2.750     3.586     5.427
 895.001    196004         0    196004           0.230     0.889     1.258     1.634     1.915     2.552     3.330     4.768
 896.001    196008         0    196004           0.264     0.850     1.208     1.581     1.871     2.554     3.518     5.710
 897.001    195979         0    195978           0.276     0.895     1.280     1.681     2.000     2.718     3.703     6.566
 898.001    196039         0    196035           0.263     0.958     1.343     1.747     2.078     2.783     3.701     5.505
 899.001    195941         0    195963           0.273     0.967     1.351     1.754     2.073     2.742     3.535     5.300
 900.001    196058         0    196028           0.269     0.969     1.354     1.761     2.077     2.714     3.490     5.087
 901.001    196001         0    195997           0.273     0.911     1.293     1.686     1.990     2.642     3.486     5.161
 902.001    195979         0    196008           0.264     0.986     1.372     1.794     2.128     2.832     3.703     5.161
 903.001    196013         0    196004           0.259     0.870     1.232     1.611     1.907     2.519     3.289     4.452
 904.001    196004         0    196007           0.262     0.898     1.278     1.663     1.963     2.597     3.406     4.895
 905.001    195969         0    195964           0.251     0.940     1.333     1.759     2.111     2.904     4.147     6.930
 906.001    196039         0    196037           0.250     0.934     1.324     1.748     2.107     2.976     4.415     7.569
 907.001    195976         0    195987           0.255     0.959     1.351     1.777     2.103     2.808     3.699     6.353
 908.001    196007         0    195988           0.252     0.964     1.360     1.772     2.094     2.796     3.734     5.652
 909.001    196046         0    196052           0.258     0.989     1.389     1.818     2.154     2.859     3.758     5.157
 910.001    195973         0    195974           0.261     0.920     1.300     1.698     2.003     2.642     3.418     5.345
 911.001    195963         0    195963           0.248     0.962     1.346     1.752     2.075     2.748     3.568     5.595
 912.001    196020         0    196028           0.253     0.928     1.316     1.718     2.029     2.669     3.443     4.633
 913.001    195987         0    195990           0.269     0.917     1.302     1.699     2.013     2.710     3.545     5.743
 914.001    196007         0    195991           0.249     1.127     1.525     2.026     2.410     3.316     4.456     6.861
 915.001    195965         0    195983           0.272     0.937     1.348     1.796     2.161     3.025     4.317     7.737
 916.001    196040         0    196037           0.240     0.943     1.329     1.738     2.057     2.734     3.607     5.583
 917.001    195971         0    195970           0.261     0.908     1.299     1.702     2.025     2.714     3.594     5.300
 918.001    196012         0    196006           0.257     0.918     1.309     1.719     2.037     2.710     3.566     5.677
 919.001    196026         0    196022           0.273     0.944     1.329     1.738     2.053     2.728     3.527     5.132
 920.001    196018         0    196020           0.273     0.964     1.353     1.776     2.094     2.750     3.570     5.550
 921.001    195968         0    195967           0.261     0.970     1.358     1.762     2.074     2.726     3.586     4.956
 922.001    195999         0    196005           0.257     0.990     1.392     1.837     2.198     2.974     3.955     7.356
 923.001    196008         0    196005           0.270     0.879     1.255     1.646     1.951     2.595     3.439     5.263
 924.001    195986         0    195995           0.272     0.918     1.316     1.735     2.080     2.800     3.711     5.431
 925.001    196050         0    196038           0.254     0.956     1.349     1.769     2.105     2.787     3.627     5.419
 926.001    195998         0    196007           0.269     0.902     1.291     1.703     2.021     2.683     3.549     4.968
 927.001    196002         0    196001           0.277     0.874     1.250     1.626     1.921     2.540     3.328     4.698
 928.001    195979         0    195980           0.261     0.901     1.282     1.674     1.974     2.621     3.418     4.702
 929.001    196047         0    196042           0.245     0.960     1.357     1.784     2.109     2.771     3.623     5.689
 930.001    195976         0    195990           0.264     0.866     1.247     1.646     1.962     2.683     3.559     5.136
 931.001    195996         0    195977           0.252     0.957     1.333     1.726     2.031     2.705     3.557     4.829
 932.001    196010         0    196028           0.256     0.945     1.331     1.732     2.053     2.716     3.545     5.034
 933.001    196017         0    196004           0.262     0.918     1.306     1.711     2.024     2.730     3.672     5.521
 934.001    195981         0    195978           0.261     0.984     1.374     1.782     2.103     2.773     3.545     5.177
 935.001    196014         0    196015           0.265     0.989     1.380     1.816     2.159     2.920     3.867     6.304
 936.001    196019         0    196027           0.268     0.893     1.271     1.651     1.947     2.574     3.371     4.788
 937.001    195989         0    195983           0.268     0.876     1.249     1.621     1.906     2.540     3.359     4.841
 938.001    196001         0    196001           0.241     0.905     1.295     1.687     1.990     2.623     3.445     4.981
 939.001    196010         0    196019           0.243     0.880     1.264     1.654     1.954     2.640     3.484     5.345
 940.001    195962         0    195954           0.272     0.919     1.316     1.742     2.095     2.947     4.231     8.651
 941.001    196035         0    196039           0.251     0.907     1.284     1.676     1.989     2.718     3.770     6.107
 942.001    196012         0    196008           0.261     0.986     1.391     1.843     2.193     2.976     3.949     6.312
 943.001    196005         0    196010           0.265     0.920     1.303     1.699     2.002     2.636     3.404     4.956
 944.001    195969         0    195964           0.258     0.963     1.349     1.758     2.077     2.722     3.557     4.841
 945.001    196016         0    196015           0.258     0.994     1.384     1.806     2.128     2.806     3.623     5.284
 946.001    195994         0    196000           0.274     0.978     1.375     1.822     2.161     2.879     3.899     7.229
 947.001    196000         0    195995           0.232     0.974     1.361     1.788     2.122     2.834     3.734     5.489
 948.001    196053         0    196026           0.253     0.878     1.257     1.642     1.939     2.626     3.490     5.730
 949.001    195966         0    195990           0.271     0.866     1.240     1.620     1.915     2.609     3.596     6.328
 950.001    195990         0    195997           0.261     0.950     1.343     1.770     2.107     2.830     3.856     6.783
 951.001    196020         0    196011           0.270     0.908     1.291     1.676     1.977     2.636     3.512     5.292
 952.001    195973         0    195983           0.266     0.953     1.336     1.738     2.041     2.691     3.486     5.165
 953.001    196004         0    195994           0.258     0.969     1.361     1.794     2.114     2.783     3.598     5.030
 954.001    195994         0    196009           0.275     0.921     1.318     1.715     2.034     2.662     3.459     5.288
 955.001    196042         0    196039           0.255     0.903     1.302     1.726     2.065     2.804     3.719     5.976
 956.001    195928         0    195933           0.252     0.942     1.355     1.810     2.171     2.959     4.082     6.271
 957.001    196055         0    196039           0.260     0.910     1.306     1.709     2.053     2.871     4.172     7.467
 958.001    196007         0    196007           0.264     0.889     1.277     1.680     2.022     2.830     3.865     6.103
 959.001    195960         0    195970           0.231     0.878     1.249     1.633     1.929     2.613     3.453     4.985
 960.001    196051         0    196029           0.258     0.853     1.211     1.578     1.859     2.501     3.291     4.813
 961.001    195977         0    195996           0.267     0.948     1.337     1.738     2.049     2.710     3.500     5.509
 962.001    196024         0    196021           0.258     0.889     1.261     1.635     1.925     2.576     3.336     4.714
 963.002    195983         0    195986           0.273     0.875     1.249     1.627     1.921     2.566     3.369     5.030
 964.001    195999         0    195986           0.269     0.911     1.312     1.734     2.086     2.994     4.526     8.196
 965.001    196004         0    196001           0.262     0.969     1.369     1.808     2.163     2.922     3.879     6.328
 966.001    195985         0    195999           0.263     0.896     1.278     1.667     1.981     2.669     3.518     5.415
 967.001    196001         0    196014           0.253     0.890     1.266     1.653     1.954     2.601     3.441     5.067
 968.001    195987         0    195976           0.249     0.919     1.305     1.697     2.012     2.701     3.598     5.530
 969.001    196026         0    196028           0.252     1.004     1.384     1.801     2.130     2.818     3.607     4.891
 970.001    196025         0    196018           0.258     0.894     1.268     1.640     1.916     2.523     3.312     4.764
 971.001    195995         0    195990           0.259     0.881     1.247     1.614     1.893     2.525     3.344     5.079
 972.001    195960         0    195964           0.256     0.913     1.302     1.711     2.045     2.859     4.506     7.926
 973.001    196031         0    196037           0.243     0.863     1.245     1.628     1.926     2.595     3.377     5.263
 974.001    195989         0    195981           0.268     0.922     1.311     1.708     2.033     2.742     3.643     5.640
 975.001    195999         0    196009           0.266     0.913     1.313     1.720     2.026     2.683     3.506     5.485
 976.001    196020         0    196008           0.249     0.992     1.379     1.800     2.130     2.818     3.650     5.218
 977.001    195985         0    195985           0.269     1.001     1.380     1.792     2.114     2.761     3.541     5.386
 978.001    196024         0    196019           0.262     0.904     1.284     1.673     1.973     2.591     3.367     4.895
 979.001    195981         0    196005           0.264     0.892     1.270     1.653     1.952     2.574     3.367     4.674
 980.001    195986         0    195973           0.270     0.975     1.380     1.830     2.208     3.133     4.506     8.319
 981.001    196025         0    196028           0.256     0.976     1.362     1.772     2.105     2.830     3.789     5.460
 982.001    195947         0    195942           0.273     0.922     1.323     1.757     2.134     3.148     4.751     8.618
 983.001    196012         0    196023           0.276     0.983     1.375     1.795     2.138     2.855     3.822     7.250
 984.001    196053         0    196048           0.254     1.048     1.437     1.886     2.230     2.980     3.959     5.902
 985.001    196030         0    196026           0.238     0.870     1.251     1.644     1.967     2.791     3.996     6.074
 986.001    195996         0    195974           0.277     0.872     1.244     1.622     1.918     2.554     3.342     4.628
 987.001    195979         0    196006           0.267     0.951     1.341     1.753     2.082     2.779     3.686     6.107
 988.001    195997         0    195992           0.254     0.877     1.245     1.613     1.898     2.537     3.344     4.698
 989.001    195991         0    195988           0.272     0.944     1.354     1.839     2.292     3.660     5.558     9.110
 990.001    195981         0    195992           0.254     0.948     1.342     1.765     2.114     2.859     3.803     6.369
 991.001    195997         0    196003           0.270     0.961     1.362     1.787     2.132     2.851     3.793     6.144
 992.001    196030         0    196013           0.270     0.930     1.315     1.705     2.007     2.673     3.508     5.042
 993.001    195989         0    195999           0.255     0.917     1.295     1.687     1.994     2.660     3.471     4.936
 994.001    196024         0    196029           0.284     0.916     1.289     1.669     1.966     2.607     3.402     4.723
 995.001    196018         0    196004           0.230     0.865     1.220     1.583     1.848     2.441     3.211     5.038
 996.001    195966         0    195969           0.262     0.965     1.343     1.751     2.066     2.744     3.527     5.063
 997.001    196020         0    196017           0.242     0.895     1.285     1.692     2.020     2.800     4.063     7.635
 998.001    196018         0    196016           0.243     0.827     1.171     1.530     1.793     2.437     3.252     4.489
 999.001    195986         0    195978           0.232     0.984     1.372     1.778     2.096     2.769     3.566     5.439
1000.001    195989         0    196009           0.254     1.031     1.444     1.950     2.382     3.480     5.100     8.544
1001.001    196009         0    195996           0.250     0.862     1.227     1.599     1.892     2.542     3.383     4.768
1002.001    195967         0    195981           0.270     0.861     1.224     1.593     1.877     2.527     3.342     4.805
1003.001    196005         0    195994           0.281     1.083     1.471     1.935     2.267     2.976     3.811     5.423
1004.001    196053         0    196057           0.251     0.950     1.335     1.733     2.047     2.691     3.486     4.833
1005.001    195985         0    195995           0.274     0.844     1.203     1.570     1.849     2.515     3.371     6.222
1006.001    196004         0    195982           0.257     0.898     1.292     1.718     2.111     3.312     5.358     8.749
1007.001    195993         0    195996           0.251     0.995     1.388     1.821     2.159     2.875     3.797     5.992
1008.001    196026         0    196044           0.253     0.887     1.273     1.674     1.981     2.615     3.400     5.001
1009.001    195970         0    195954           0.258     0.943     1.322     1.724     2.040     2.734     3.645     5.997
1010.001    196032         0    196046           0.278     0.959     1.330     1.716     2.016     2.660     3.482     4.776
1011.001    196008         0    196004           0.265     0.898     1.281     1.672     1.970     2.601     3.387     4.682
1012.001    195987         0    195977           0.252     0.968     1.355     1.766     2.089     2.738     3.568     5.566
1013.001    195975         0    195988           0.257     0.940     1.332     1.749     2.072     2.724     3.514     4.899
1014.001    196039         0    196026           0.271     0.911     1.302     1.711     2.056     2.832     4.092     6.300
1015.001    196000         0    195997           0.231     0.825     1.188     1.565     1.841     2.490     3.316     4.854
1016.001    195978         0    195995           0.254     0.874     1.247     1.620     1.902     2.533     3.324     4.932
1017.001    196050         0    196034           0.254     0.925     1.313     1.725     2.052     2.773     3.688     5.452
1018.001    195983         0    195996           0.256     0.831     1.169     1.520     1.776     2.374     3.181     4.268
1019.001    195953         0    195956           0.254     0.962     1.346     1.757     2.085     2.785     3.627     5.796
1020.001    196035         0    196025           0.231     0.947     1.331     1.741     2.068     2.757     3.652     7.311
1021.001    196000         0    196011           0.254     0.855     1.214     1.573     1.838     2.449     3.244     4.731
1022.001    196002         0    195998           0.261     0.865     1.234     1.605     1.891     2.542     3.357     4.956
1023.001    195945         0    195942           0.271     0.984     1.370     1.789     2.111     2.804     3.670     5.353
1024.001    196050         0    196054           0.272     0.922     1.310     1.726     2.066     2.857     4.112     7.082
1025.001    196001         0    196000           0.263     0.858     1.226     1.597     1.875     2.513     3.324     5.894
1026.001    195970         0    195970           0.265     1.034     1.423     1.866     2.200     2.890     3.756     6.070
1027.001    196015         0    195999           0.285     1.097     1.506     1.980     2.310     3.011     3.869     5.317
1028.001    196042         0    196056           0.273     0.898     1.291     1.704     2.026     2.681     3.504     5.349
1029.001    195908         0    195911           0.244     1.019     1.411     1.851     2.187     2.892     3.729     4.977
1030.001    196070         0    196066           0.249     1.057     1.459     1.934     2.308     3.131     4.149     6.373
1031.001    196046         0    196023           0.257     0.879     1.270     1.689     2.043     3.039     5.128    10.027
1032.001    195962         0    195978           0.255     0.875     1.274     1.680     2.002     2.701     3.668     6.500
1033.001    195983         0    195985           0.247     1.025     1.426     1.894     2.273     3.265     5.128     9.060
1034.001    196037         0    196038           0.232     0.938     1.326     1.742     2.073     2.746     3.602     5.390
1035.001    195984         0    195994           0.267     0.833     1.180     1.531     1.795     2.419     3.183     4.940
1036.001    195971         0    195955           0.273     0.978     1.362     1.772     2.093     2.793     3.617     4.973
1037.001    196070         0    196051           0.246     0.989     1.366     1.780     2.101     2.820     3.678     5.186
1038.001    195979         0    196002           0.258     0.849     1.200     1.558     1.824     2.441     3.217     4.452
1039.001    195896         0    195907           0.266     0.934     1.336     1.790     2.226     3.678     6.107     9.626
1040.001    196055         0    196039           0.244     1.022     1.433     1.948     2.390     3.627     5.530     9.658
1041.001    196052         0    196068           0.272     0.845     1.200     1.565     1.847     2.486     3.336     4.940
1042.001    195947         0    195948           0.255     0.869     1.247     1.621     1.915     2.568     3.391     5.362
1043.001    196003         0    196005           0.261     0.930     1.313     1.705     2.005     2.695     3.590     6.554
1044.001    196063         0    196036           0.258     0.848     1.212     1.578     1.857     2.474     3.265     5.014
1045.001    195988         0    195993           0.260     0.848     1.222     1.605     1.900     2.554     3.426     5.214
1046.001    196011         0    196017           0.258     0.907     1.284     1.669     1.973     2.626     3.443     4.915
1047.001    195977         0    195984           0.264     0.973     1.363     1.783     2.111     2.810     3.639     5.259
1048.001    196031         0    196002           0.261     0.867     1.244     1.634     1.940     2.613     3.418     5.136
1049.001    195984         0    196013           0.239     0.882     1.267     1.666     1.990     2.791     4.073     7.328
1050.001    196013         0    196010           0.258     0.947     1.345     1.780     2.134     2.867     3.756     6.062
1051.001    195995         0    195978           0.265     0.869     1.234     1.601     1.878     2.499     3.238     4.579
1052.001    195985         0    196004           0.247     0.890     1.254     1.622     1.913     2.554     3.342     5.202
1053.001    196007         0    195991           0.246     0.977     1.349     1.745     2.053     2.712     3.494     5.988
1054.001    196029         0    196039           0.266     0.922     1.303     1.691     1.995     2.644     3.371     4.682
1055.001    196023         0    196014           0.245     0.928     1.311     1.709     2.008     2.644     3.387     4.817
1056.001    195897         0    195918           0.268     0.973     1.381     1.832     2.195     3.037     4.379     7.266
1057.001    196060         0    196057           0.261     1.007     1.427     1.913     2.296     3.201     4.538     7.983
1058.001    195976         0    195974           0.277     0.948     1.335     1.742     2.068     2.771     3.639     5.259
1059.001    196033         0    196042           0.252     0.963     1.345     1.747     2.062     2.732     3.549     5.255
1060.001    196040         0    196015           0.259     0.899     1.278     1.667     1.973     2.652     3.471     4.948
1061.001    195962         0    195979           0.251     0.913     1.291     1.683     1.986     2.675     3.500     4.882
1062.001    195992         0    195967           0.276     0.854     1.214     1.579     1.861     2.497     3.281     5.411
1063.001    195979         0    196006           0.261     1.033     1.409     1.836     2.154     2.826     3.617     5.296
1064.001    196026         0    196012           0.251     0.930     1.316     1.708     2.014     2.683     3.469     5.087
1065.001    195996         0    196002           0.268     0.871     1.248     1.625     1.915     2.585     3.406     5.263
1066.001    195975         0    195988           0.269     0.984     1.372     1.792     2.132     2.869     3.860     7.791
1067.001    196053         0    196031           0.273     0.877     1.251     1.633     1.936     2.621     3.549     6.386
1068.001    195991         0    196004           0.262     0.840     1.198     1.566     1.840     2.462     3.269     5.648
1069.001    195996         0    195991           0.252     0.938     1.329     1.729     2.048     2.712     3.521     5.632
1070.001    196022         0    196013           0.256     1.012     1.399     1.829     2.161     2.847     3.664     5.181
1071.001    196022         0    196036           0.247     0.855     1.218     1.583     1.862     2.468     3.254     4.772
1072.001    195957         0    195957           0.274     0.921     1.318     1.731     2.054     2.712     3.602     5.726
1073.001    196001         0    196001           0.262     1.022     1.435     1.933     2.320     3.320     4.948     8.454
1074.001    196019         0    196009           0.271     0.884     1.273     1.673     2.001     2.787     3.959     6.193
1075.001    196018         0    195993           0.265     0.868     1.261     1.663     1.997     2.767     3.811     6.091
1076.001    195964         0    196000           0.275     0.980     1.373     1.807     2.165     2.947     3.981     6.369
1077.001    196032         0    196026           0.252     0.856     1.228     1.604     1.896     2.552     3.375     4.952
1078.001    195952         0    195964           0.236     0.890     1.257     1.638     1.929     2.591     3.424     5.030
1079.001    196030         0    196006           0.259     1.051     1.438     1.887     2.236     2.984     3.901     6.148
1080.001    195983         0    196008           0.267     0.888     1.260     1.637     1.922     2.554     3.359     5.489
1081.001    196048         0    196038           0.267     0.903     1.289     1.687     2.001     2.681     3.527     5.431
1082.001    195943         0    195954           0.262     0.990     1.377     1.820     2.198     3.164     4.874     8.020
1083.001    196000         0    195993           0.254     1.017     1.397     1.827     2.163     2.873     3.725     6.427
1084.001    196042         0    196042           0.235     0.890     1.268     1.661     1.967     2.628     3.428     5.022
1085.001    195982         0    195967           0.238     0.955     1.348     1.753     2.070     2.761     3.572     5.472
1086.001    195970         0    195984           0.276     1.029     1.411     1.855     2.191     2.877     3.703     4.887
1087.001    196047         0    196046           0.281     0.909     1.285     1.677     1.991     2.638     3.496     5.947
1088.001    196035         0    196009           0.264     0.875     1.238     1.599     1.876     2.523     3.301     4.796
1089.001    195948         0    195976           0.236     0.989     1.370     1.790     2.132     2.839     3.697     5.517
1090.001    196038         0    196044           0.258     0.903     1.286     1.673     1.978     2.640     3.482     5.644
1091.001    195999         0    195979           0.257     0.911     1.288     1.673     1.968     2.607     3.428     4.731
1092.001    195989         0    196004           0.257     0.886     1.280     1.692     2.029     2.818     4.166     7.803
1093.001    196034         0    196007           0.258     0.939     1.325     1.712     2.025     2.710     3.525     5.198
1094.001    195999         0    196006           0.268     0.852     1.207     1.570     1.845     2.464     3.252     4.952
1095.001    196007         0    196012           0.260     0.957     1.333     1.736     2.045     2.697     3.467     4.870
1096.001    195963         0    195980           0.264     0.871     1.234     1.598     1.877     2.490     3.244     4.817
1097.001    196033         0    196009           0.251     0.823     1.162     1.512     1.769     2.376     3.113     4.510
1098.001    195974         0    196000           0.258     0.860     1.244     1.659     2.012     2.902     4.375     9.798
1099.001    195994         0    195977           0.255     0.926     1.324     1.734     2.063     2.771     3.729     6.181
1100.001    195981         0    196003           0.250     1.008     1.440     1.924     2.261     2.968     3.834     5.231
1101.001    195984         0    195982           0.261     0.899     1.281     1.673     1.989     2.722     3.670     5.648
1102.001    196043         0    196038           0.256     0.865     1.234     1.601     1.879     2.513     3.365     4.624
1103.001    195952         0    195960           0.274     0.899     1.273     1.647     1.935     2.560     3.342     4.469
1104.001    196016         0    196005           0.270     0.991     1.369     1.781     2.101     2.775     3.652     5.124
1105.001    195979         0    195986           0.250     1.004     1.390     1.821     2.177     2.953     3.914     6.078
1106.001    196040         0    196027           0.262     1.001     1.404     1.863     2.234     3.070     4.280     6.779
1107.001    195946         0    195953           0.264     0.966     1.376     1.867     2.298     3.455     5.321     9.167
1108.001    196029         0    196039           0.272     1.012     1.397     1.838     2.191     2.922     3.795     5.661
1109.001    196039         0    196010           0.254     0.911     1.298     1.695     2.006     2.712     3.602     5.452
1110.001    195975         0    195996           0.234     0.925     1.302     1.692     2.004     2.691     3.639     5.628
1111.001    196003         0    196005           0.278     0.999     1.381     1.804     2.132     2.818     3.662     5.386
1112.001    196010         0    196006           0.284     0.978     1.358     1.757     2.071     2.750     3.555     5.132
1113.001    196048         0    196018           0.269     0.882     1.256     1.626     1.909     2.546     3.348     5.218
1114.001    195920         0    195941           0.265     0.953     1.342     1.761     2.096     2.849     3.846     5.751
1115.001    196042         0    196048           0.249     0.989     1.397     1.848     2.193     2.916     3.789     5.718
1116.001    196009         0    196008           0.261     0.923     1.312     1.715     2.036     2.755     3.713     6.369
1117.001    196001         0    196005           0.273     0.898     1.286     1.688     2.015     2.783     4.041     6.713
1118.001    196015         0    195997           0.274     0.917     1.296     1.689     1.991     2.646     3.424     4.391
1119.001    195989         0    196004           0.250     0.977     1.375     1.803     2.140     2.855     3.750     5.476
1120.001    195976         0    195968           0.268     0.901     1.270     1.648     1.947     2.593     3.412     4.514
1121.001    196018         0    196037           0.254     1.023     1.411     1.851     2.179     2.855     3.686     5.243
1122.001    196003         0    195992           0.274     0.954     1.346     1.750     2.071     2.718     3.529     5.698
1123.001    196000         0    196002           0.250     0.923     1.323     1.748     2.094     2.888     4.049     6.939
1124.001    196057         0    196026           0.239     0.932     1.317     1.726     2.046     2.734     3.570     5.407
1125.001    195940         0    195969           0.268     0.921     1.309     1.718     2.053     2.839     4.039     6.623
1126.001    196032         0    196024           0.277     0.934     1.320     1.708     2.018     2.687     3.439     4.751
1127.001    196020         0    195996           0.242     0.942     1.328     1.732     2.051     2.734     3.627     4.952
1128.001    195939         0    195981           0.253     0.988     1.375     1.792     2.118     2.779     3.633     4.837
1129.001    196039         0    196024           0.270     0.877     1.251     1.619     1.900     2.525     3.344     4.588
1130.001    195994         0    195998           0.245     0.944     1.328     1.736     2.057     2.736     3.539     5.394
1131.001    195982         0    195984           0.269     1.017     1.411     1.860     2.206     2.937     3.893     6.025
1132.001    195965         0    195969           0.258     1.010     1.393     1.818     2.154     2.869     3.723     5.100
1133.001    196077         0    196052           0.275     0.909     1.292     1.700     2.031     2.787     3.824     6.074
1134.001    195947         0    195972           0.265     0.950     1.342     1.764     2.122     2.894     3.881     6.013
1135.001    196054         0    196033           0.260     0.970     1.358     1.774     2.109     2.787     3.656     4.993
1136.001    195965         0    195969           0.257     0.882     1.267     1.658     1.969     2.642     3.488     5.214
1137.001    196026         0    196029           0.270     0.994     1.369     1.778     2.105     2.808     3.600     5.194
1138.001    195997         0    196002           0.266     0.998     1.384     1.814     2.169     2.945     3.871     6.414
1139.001    196003         0    196016           0.262     0.880     1.250     1.625     1.916     2.542     3.312     5.083
1140.001    195953         0    195950           0.268     0.953     1.346     1.767     2.122     2.867     3.791     6.169
1141.001    196074         0    196064           0.268     1.052     1.434     1.877     2.224     2.968     3.871     5.300
1142.001    196037         0    196027           0.233     0.840     1.206     1.572     1.857     2.515     3.369     4.940
1143.001    195940         0    195959           0.266     0.859     1.229     1.602     1.898     2.540     3.348     5.587
1144.001    196021         0    196011           0.248     0.910     1.283     1.668     1.967     2.619     3.418     5.251
1145.001    196009         0    196018           0.257     0.928     1.314     1.695     1.989     2.666     3.463     4.801
1146.001    196020         0    196004           0.249     0.876     1.237     1.604     1.888     2.505     3.281     4.911
1147.001    195955         0    195965           0.250     0.950     1.326     1.721     2.026     2.673     3.469     5.386
1148.001    196022         0    196013           0.249     1.023     1.422     1.900     2.294     3.246     4.641     7.737
1149.001    195955         0    195956           0.256     0.901     1.286     1.694     2.040     2.859     4.012     6.476
1150.001    196009         0    196012           0.257     1.009     1.405     1.872     2.265     3.217     4.657     9.069
1151.001    196024         0    196026           0.265     0.998     1.392     1.824     2.165     2.875     3.723     5.583
1152.001    196044         0    196045           0.255     0.824     1.158     1.504     1.756     2.372     3.176     5.104
1153.001    195961         0    195967           0.282     0.890     1.263     1.637     1.922     2.560     3.367     4.944
1154.001    196027         0    196022           0.257     0.921     1.296     1.684     1.990     2.660     3.471     5.075
1155.001    196009         0    196012           0.252     0.848     1.197     1.545     1.800     2.408     3.160     4.833
1156.001    195947         0    195958           0.254     0.888     1.266     1.655     1.962     2.644     3.463     4.874
1157.001    196024         0    196014           0.267     1.077     1.465     1.930     2.275     3.002     3.858     5.849
1158.001    195969         0    195967           0.257     0.915     1.305     1.704     2.028     2.724     3.658     6.009
1159.001    196032         0    196028           0.257     0.906     1.290     1.693     2.017     2.736     3.658     5.468
1160.001    195986         0    195973           0.274     1.104     1.483     1.935     2.292     3.054     3.983     5.616
1161.001    196036         0    196035           0.231     0.879     1.247     1.618     1.896     2.527     3.359     4.694
1162.001    195970         0    195992           0.246     0.883     1.254     1.628     1.920     2.540     3.318     5.554
1163.001    196040         0    196003           0.266     0.920     1.297     1.678     1.982     2.646     3.441     4.661
1164.001    196009         0    196027           0.266     0.887     1.260     1.632     1.926     2.580     3.402     4.968
1165.001    195981         0    195995           0.269     0.946     1.343     1.779     2.134     2.839     3.713     5.063
1166.001    195946         0    195945           0.255     1.021     1.420     1.885     2.263     3.107     4.211     6.119
1167.001    196030         0    196038           0.256     0.958     1.354     1.785     2.138     2.900     3.887     5.403
1168.001    196013         0    195992           0.256     0.947     1.332     1.739     2.060     2.753     3.588     5.644
1169.001    196010         0    196031           0.255     0.898     1.271     1.659     1.962     2.613     3.414     5.829
1170.001    195985         0    195975           0.258     1.002     1.396     1.835     2.163     2.832     3.654     5.173
1171.001    195993         0    195989           0.268     0.954     1.332     1.732     2.044     2.689     3.490     4.755
1172.001    196016         0    196023           0.258     0.906     1.286     1.686     1.992     2.609     3.361     4.735
1173.001    196018         0    196015           0.253     0.946     1.334     1.753     2.087     2.830     3.797     7.168
1174.001    195999         0    195987           0.269     0.846     1.211     1.596     1.908     2.693     3.930     6.459
1175.001    196000         0    196014           0.266     0.863     1.251     1.674     2.067     3.508     5.738     9.470
1176.001    195947         0    195946           0.257     0.947     1.342     1.767     2.099     2.820     3.699     5.370
1177.001    196029         0    196022           0.263     0.995     1.384     1.810     2.142     2.843     3.740     5.353
1178.001    196035         0    196032           0.252     0.921     1.298     1.686     1.990     2.660     3.482     4.637
1179.001    195950         0    195969           0.247     0.959     1.340     1.737     2.049     2.722     3.568     4.903
1180.001    196028         0    196018           0.256     1.056     1.442     1.887     2.224     2.937     3.811     5.292
1181.001    196010         0    196007           0.273     0.993     1.383     1.806     2.132     2.820     3.647     5.038
1182.001    195991         0    195994           0.257     1.033     1.443     2.000     2.576     4.526     6.676     9.380
1183.001    195988         0    195993           0.237     1.063     1.470     1.961     2.349     3.281     4.682     7.811
1184.001    196070         0    196044           0.262     0.961     1.348     1.770     2.094     2.806     3.666     5.095
1185.001    195982         0    196002           0.249     0.921     1.303     1.692     1.990     2.648     3.467     4.940
1186.001    195973         0    195965           0.271     0.977     1.366     1.779     2.091     2.767     3.598     5.018
1187.001    196040         0    196035           0.256     0.969     1.352     1.759     2.075     2.738     3.535     5.034
1188.001    195999         0    196000           0.260     0.912     1.287     1.676     1.968     2.601     3.373     5.251
1189.001    195955         0    195983           0.275     0.975     1.353     1.758     2.077     2.757     3.561     5.386
1190.001    196061         0    196029           0.247     0.862     1.229     1.602     1.889     2.556     3.381     5.226
1191.001    195959         0    195979           0.262     0.891     1.279     1.678     2.003     2.736     3.734     5.456
1192.001    196007         0    196009           0.270     0.971     1.362     1.779     2.105     2.804     3.674     5.460
1193.001    196004         0    196007           0.270     1.011     1.390     1.809     2.146     2.867     3.815     8.552
1194.001    195991         0    195980           0.260     0.902     1.275     1.654     1.945     2.576     3.346     4.542
1195.001    195987         0    196008           0.254     0.914     1.288     1.671     1.963     2.603     3.398     4.391
1196.001    195975         0    195973           0.260     0.949     1.332     1.736     2.056     2.765     4.100     7.852
1197.001    196035         0    196007           0.262     1.022     1.398     1.819     2.150     2.873     3.768     6.160
1198.001    195996         0    196013           0.252     0.907     1.289     1.689     2.007     2.699     3.529     5.632
1199.001    195998         0    196000           0.268     0.976     1.361     1.787     2.142     2.925     4.028     7.361
1200.001    196033         0    196030           0.274     0.894     1.273     1.667     1.986     2.705     3.693     5.878
1201.001    195999         0    195986           0.250     0.879     1.248     1.624     1.913     2.568     3.359     4.923
1202.001    195955         0    195968           0.277     1.044     1.430     1.870     2.210     2.904     3.721     5.956
1203.001    196063         0    196062           0.264     0.889     1.254     1.629     1.920     2.566     3.422     4.567
1204.001    195979         0    195973           0.259     0.911     1.291     1.674     1.975     2.652     3.469     5.083
1205.001    196008         0    196009           0.256     0.966     1.356     1.783     2.134     2.859     3.719     5.095
1206.001    196006         0    196011           0.267     0.935     1.319     1.717     2.041     2.753     3.652     6.894
1207.001    195962         0    195957           0.277     1.022     1.456     1.979     2.359     3.342     4.899     8.212
1208.001    196039         0    196036           0.255     0.898     1.290     1.714     2.078     3.054     4.927     8.651
1209.001    195990         0    196008           0.265     0.997     1.388     1.832     2.204     3.105     4.510     9.413
1210.001    196014         0    195981           0.243     0.990     1.402     1.880     2.238     3.095     4.596     8.397
1211.001    195999         0    196023           0.264     1.025     1.418     1.871     2.195     2.873     3.742     6.029
1212.001    196009         0    196004           0.238     0.937     1.322     1.716     2.021     2.658     3.426     5.087
1213.001    196024         0    196027           0.241     0.963     1.343     1.744     2.062     2.726     3.527     4.952
1214.001    195946         0    195956           0.265     0.910     1.287     1.675     1.979     2.640     3.457     5.157
1215.001    196043         0    196030           0.258     0.883     1.260     1.639     1.936     2.597     3.428     4.829
1216.001    195958         0    195960           0.266     0.924     1.316     1.726     2.055     2.767     3.668     5.431
1217.001    196031         0    195998           0.266     1.023     1.433     1.929     2.335     3.283     4.686     7.598
1218.001    195992         0    196031           0.262     0.951     1.351     1.788     2.148     2.933     3.928     6.218
1219.001    196014         0    196000           0.267     0.916     1.297     1.687     1.996     2.640     3.422     4.592
1220.001    195971         0    195986           0.257     0.982     1.368     1.781     2.105     2.765     3.625     5.251
1221.001    196025         0    196015           0.258     0.970     1.361     1.783     2.111     2.779     3.647     5.067
1222.001    196006         0    196013           0.252     0.926     1.303     1.687     1.987     2.634     3.412     4.846
1223.001    195940         0    195935           0.235     1.098     1.501     1.982     2.331     3.095     3.992     6.078
1224.001    196081         0    196090           0.247     1.009     1.441     1.951     2.327     3.181     4.366     6.795
1225.001    195974         0    195973           0.247     0.861     1.232     1.602     1.883     2.511     3.293     4.760
1226.001    195984         0    195998           0.258     0.856     1.233     1.630     1.947     2.646     3.596     5.550
1227.001    196030         0    196016           0.278     0.976     1.376     1.822     2.181     3.054     4.375     7.688
1228.001    196040         0    196015           0.274     0.884     1.250     1.626     1.912     2.540     3.365     5.075
1229.001    195950         0    195975           0.274     0.852     1.203     1.567     1.837     2.443     3.209     4.768
1230.001    196034         0    196031           0.270     0.960     1.339     1.735     2.046     2.693     3.514     4.723
1231.001    196004         0    196000           0.283     0.872     1.242     1.619     1.909     2.580     3.418     4.977
1232.001    195923         0    195933           0.276     0.931     1.329     1.750     2.085     2.781     3.662     5.259
1233.001    196085         0    196080           0.260     0.979     1.376     1.832     2.204     3.074     4.309     6.865
1234.001    195925         0    195937           0.231     0.944     1.337     1.758     2.105     2.875     3.932     6.758
1235.001    196039         0    196031           0.262     0.902     1.288     1.683     1.996     2.671     3.490     5.226
1236.001    195987         0    195986           0.244     0.971     1.350     1.758     2.078     2.757     3.609     6.607
1237.001    195990         0    195996           0.260     1.011     1.388     1.795     2.105     2.777     3.578     4.919
1238.001    196056         0    196045           0.259     0.872     1.236     1.601     1.884     2.519     3.299     4.837
1239.001    195970         0    195981           0.263     0.852     1.220     1.588     1.874     2.501     3.287     5.239
1240.001    196012         0    196003           0.254     0.910     1.299     1.721     2.085     2.867     4.065     8.016
1241.001    196026         0    196015           0.252     0.927     1.317     1.735     2.091     2.884     3.944     6.451
1242.001    195994         0    196000           0.252     0.881     1.272     1.666     1.985     2.691     3.586     5.485
1243.001    195988         0    195991           0.247     0.911     1.311     1.722     2.064     2.767     3.699     6.128
1244.001    195986         0    195991           0.263     0.917     1.292     1.687     1.987     2.630     3.416     4.809
1245.001    196020         0    196009           0.244     0.876     1.244     1.616     1.908     2.564     3.361     4.772
1246.001    196004         0    195996           0.253     0.903     1.271     1.655     1.963     2.626     3.445     5.231
1247.001    195957         0    195976           0.270     0.989     1.371     1.801     2.142     2.839     3.674     5.972
1248.001    196012         0    196005           0.257     0.901     1.270     1.656     1.959     2.621     3.453     5.628
1249.001    196022         0    196019           0.256     0.875     1.260     1.648     1.954     2.628     3.414     4.833
1250.001    196007         0    196025           0.264     0.895     1.286     1.690     2.013     2.722     3.568     5.349
1251.001    195992         0    195969           0.249     0.850     1.225     1.615     1.925     2.630     3.512     4.829
1252.001    195974         0    196005           0.232     1.007     1.403     1.881     2.302     3.377     5.157     8.286
1253.001    196055         0    196030           0.264     1.010     1.405     1.847     2.181     2.867     3.713     5.808
1254.001    195965         0    195978           0.248     1.021     1.404     1.837     2.163     2.836     3.668     4.850
1255.001    196012         0    195997           0.256     0.953     1.326     1.717     2.023     2.673     3.469     4.628
1256.001    196021         0    196028           0.279     0.914     1.289     1.676     1.983     2.638     3.480     7.549
1257.001    195976         0    195983           0.276     0.976     1.366     1.815     2.193     3.049     4.129     6.541
1258.001    196015         0    196003           0.266     0.931     1.321     1.732     2.058     2.787     3.701     5.120
1259.001    196003         0    196014           0.264     0.965     1.357     1.793     2.154     2.966     4.313     7.008
1260.001    195980         0    195983           0.253     0.935     1.324     1.738     2.077     2.855     3.903     6.980
1261.001    195990         0    195988           0.267     0.869     1.232     1.599     1.882     2.511     3.324     5.898
1262.001    196010         0    196001           0.250     0.953     1.339     1.753     2.067     2.712     3.516     5.153
1263.001    196013         0    196021           0.264     0.881     1.255     1.630     1.914     2.556     3.353     4.882
1264.001    196008         0    195994           0.260     0.925     1.305     1.695     1.995     2.640     3.430     5.226
1265.001    195976         0    195989           0.277     0.965     1.359     1.785     2.122     2.793     3.629     5.276
1266.001    196039         0    196033           0.252     0.959     1.365     1.816     2.204     3.054     4.207     7.496
1267.001    195997         0    195997           0.256     0.891     1.277     1.683     2.024     2.814     3.842     6.115
1268.001    195937         0    195927           0.258     1.064     1.468     1.963     2.353     3.336     5.591     9.478
1269.001    196079         0    196090           0.281     0.933     1.326     1.760     2.152     3.740     6.414    10.207
1270.001    195996         0    195990           0.255     0.916     1.294     1.686     1.983     2.623     3.416     4.911
1271.001    196003         0    196008           0.277     1.038     1.431     1.880     2.222     2.918     3.744     5.124
1272.001    196000         0    195998           0.266     0.980     1.359     1.767     2.089     2.732     3.537     5.177
1273.001    195975         0    195988           0.220     0.946     1.333     1.746     2.068     2.736     3.584     5.345
1274.001    195997         0    195983           0.263     0.934     1.324     1.739     2.082     2.849     3.928     6.873
1275.001    196029         0    196039           0.262     1.067     1.474     1.969     2.343     3.201     4.334     6.468
1276.001    196030         0    196014           0.252     0.887     1.263     1.634     1.918     2.562     3.330     5.382
1277.001    195959         0    195969           0.259     1.007     1.389     1.809     2.144     2.828     3.643     4.731
1278.001    195986         0    195986           0.238     0.999     1.382     1.794     2.122     2.781     3.561     5.497
1279.001    196032         0    196037           0.255     0.977     1.359     1.761     2.076     2.742     3.598     4.805
1280.001    195971         0    195958           0.269     0.918     1.291     1.681     1.978     2.632     3.412     5.247
1281.001    196016         0    196028           0.279     1.007     1.393     1.831     2.175     2.869     3.729     5.218
1282.001    196024         0    196020           0.263     0.905     1.293     1.693     2.016     2.714     3.654     5.882
1283.001    195954         0    195964           0.272     0.927     1.316     1.717     2.032     2.730     3.641     5.456
1284.001    195999         0    195995           0.269     1.032     1.434     1.928     2.339     3.234     4.350     6.726
1285.001    196017         0    196016           0.248     1.020     1.407     1.835     2.175     2.865     3.705     4.837
1286.001    196018         0    196016           0.271     0.895     1.270     1.656     1.952     2.585     3.375     4.923
1287.001    196044         0    196044           0.264     0.835     1.190     1.560     1.844     2.482     3.281     4.456
1288.001    195954         0    195938           0.276     0.988     1.397     1.849     2.179     2.812     3.647     5.423
1289.001    195999         0    196015           0.270     0.947     1.342     1.770     2.107     2.787     3.650     6.345
1290.001    196033         0    196021           0.274     1.008     1.397     1.845     2.193     2.906     3.772     5.497
1291.001    195989         0    195999           0.265     1.039     1.480     1.999     2.363     3.217     4.346     7.533
1292.001    196027         0    196005           0.268     0.924     1.332     1.759     2.090     2.779     3.613     5.087
1293.001    195991         0    196007           0.270     0.946     1.342     1.777     2.136     2.927     4.119     6.267
1294.001    195968         0    195977           0.264     0.936     1.319     1.721     2.052     2.796     3.742     6.160
1295.001    196027         0    196034           0.261     0.962     1.338     1.737     2.058     2.724     3.500     5.128
1296.001    196055         0    196025           0.255     0.881     1.245     1.619     1.909     2.548     3.344     4.678
1297.001    195903         0    195921           0.263     0.918     1.295     1.697     2.006     2.660     3.461     4.768
1298.001    196063         0    196068           0.277     1.059     1.450     1.900     2.249     2.957     3.850     5.767
1299.001    195984         0    195994           0.267     0.922     1.309     1.705     2.012     2.693     3.498     5.280
1300.001    195992         0    195965           0.259     0.950     1.332     1.742     2.064     2.734     3.561     5.202
1301.001    196006         0    196020           0.249     1.067     1.476     1.979     2.372     3.316     4.846     9.773
1302.001    196026         0    196027           0.249     0.897     1.276     1.654     1.950     2.597     3.379     4.780
1303.001    195946         0    195960           0.268     0.928     1.318     1.733     2.043     2.679     3.478     5.202
1304.001    196043         0    196000           0.253     0.969     1.354     1.765     2.081     2.736     3.541     4.829
1305.001    196002         0    196016           0.263     0.901     1.278     1.661     1.954     2.607     3.396     5.202
1306.001    195999         0    196012           0.274     0.856     1.211     1.568     1.846     2.470     3.267     4.772
1307.001    195927         0    195937           0.263     0.995     1.390     1.847     2.228     3.133     4.559     7.692
1308.001    195989         0    195976           0.266     1.077     1.471     1.940     2.300     3.070     4.043     6.713
1309.001    196112         0    196096           0.249     1.020     1.418     1.891     2.269     3.203     4.997     9.118
1310.001    195944         0    195955           0.268     0.936     1.314     1.720     2.041     2.775     3.654     5.534
1311.001    195985         0    195989           0.272     1.153     1.553     2.045     2.396     3.168     4.026     5.681
1312.001    196063         0    196036           0.270     0.973     1.359     1.768     2.085     2.750     3.529     4.973
1313.001    195965         0    195998           0.278     0.929     1.312     1.711     2.019     2.650     3.471     4.489
1314.001    196010         0    196010           0.255     1.021     1.434     1.906     2.249     2.937     3.830     4.964
1315.001    196012         0    196011           0.275     0.900     1.276     1.671     1.979     2.658     3.518     5.296
1316.001    195983         0    195983           0.275     0.971     1.376     1.846     2.271     3.506     5.427    10.691
1317.001    195968         0    195975           0.270     1.019     1.415     1.880     2.277     3.178     4.493     7.991
1318.001    196055         0    196055           0.257     0.974     1.371     1.796     2.132     2.871     3.961     7.377
1319.001    195986         0    195982           0.262     0.934     1.328     1.748     2.066     2.736     3.545     5.050
1320.001    195986         0    195970           0.265     0.968     1.356     1.781     2.101     2.746     3.541     5.009
1321.001    196025         0    196048           0.257     1.005     1.408     1.853     2.195     2.855     3.731     5.894
1322.001    196033         0    196025           0.263     0.935     1.314     1.698     1.992     2.636     3.469     4.616
1323.001    195995         0    195982           0.256     0.881     1.244     1.614     1.889     2.525     3.359     4.714
1324.001    195976         0    195987           0.251     1.020     1.408     1.845     2.187     2.877     3.762     6.017
1325.001    196030         0    196023           0.244     0.898     1.286     1.715     2.103     3.146     4.936     9.069
1326.001    195945         0    195945           0.277     0.901     1.277     1.660     1.966     2.662     3.543     5.607
1327.001    196020         0    196027           0.276     1.061     1.457     1.931     2.298     3.086     4.051     7.418
1328.001    196010         0    196004           0.264     0.912     1.289     1.670     1.964     2.611     3.400     5.792
1329.002    195988         0    196000           0.264     0.840     1.187     1.541     1.805     2.427     3.234     5.091
1330.001    195986         0    195973           0.249     1.036     1.413     1.846     2.173     2.865     3.713     5.526
1331.001    196065         0    196058           0.274     0.968     1.348     1.748     2.065     2.712     3.521     5.186
1332.001    195974         0    195994           0.274     0.897     1.277     1.668     1.982     2.660     3.482     5.112
1333.001    195981         0    195975           0.258     0.985     1.378     1.810     2.152     2.867     3.762     5.530
1334.001    195999         0    196000           0.275     1.038     1.434     1.893     2.249     2.990     3.889     5.054
1335.001    196009         0    196009           0.281     0.986     1.386     1.858     2.241     3.111     4.289     6.230
1336.001    196024         0    196022           0.268     0.922     1.296     1.681     1.982     2.628     3.420     5.026
1337.001    196012         0    196027           0.260     0.947     1.328     1.729     2.040     2.697     3.494     5.050
1338.001    195961         0    195955           0.242     0.865     1.231     1.596     1.879     2.517     3.293     5.333
1339.001    196017         0    196009           0.270     0.942     1.317     1.711     2.019     2.658     3.469     5.620
1340.001    195988         0    195992           0.246     1.012     1.392     1.809     2.144     2.847     3.686     5.112
1341.001    196028         0    196023           0.254     0.879     1.262     1.647     1.954     2.664     3.580     6.701
1342.001    195980         0    195977           0.275     0.874     1.252     1.650     1.993     2.947     4.968     8.196
1343.001    195993         0    196001           0.268     0.982     1.380     1.832     2.212     3.109     4.661     7.864
1344.001    196020         0    196020           0.252     0.885     1.252     1.632     1.926     2.585     3.391     6.287
1345.001    196023         0    196020           0.268     0.906     1.283     1.674     1.976     2.593     3.396     4.518
1346.001    195925         0    195934           0.269     0.992     1.389     1.840     2.185     2.912     3.783     5.509
1347.001    196078         0    196064           0.241     0.969     1.369     1.809     2.154     2.894     3.834     5.915
1348.001    195997         0    196003           0.261     0.866     1.235     1.604     1.882     2.517     3.318     5.538
1349.001    195949         0    195950           0.274     0.944     1.336     1.761     2.105     2.847     3.772     5.583
1350.001    196017         0    196020           0.272     1.059     1.454     1.918     2.273     3.013     3.858     6.017
1351.001    196022         0    196008           0.266     0.980     1.378     1.828     2.195     2.992     4.063     7.328
1352.001    196017         0    196033           0.232     0.924     1.309     1.710     2.033     2.740     3.607     5.796
1353.001    195998         0    195993           0.264     0.963     1.349     1.760     2.090     2.773     3.658     6.148
1354.001    195977         0    195980           0.244     0.930     1.310     1.704     2.016     2.671     3.484     4.960
1355.001    196034         0    196019           0.266     0.938     1.317     1.713     2.028     2.714     3.535     5.018
1356.001    195998         0    196010           0.264     0.966     1.343     1.749     2.061     2.714     3.549     5.157
1357.001    195986         0    195990           0.264     0.980     1.362     1.769     2.095     2.777     3.586     5.206
1358.001    195998         0    195999           0.241     0.957     1.347     1.775     2.157     3.240     5.198     7.967
1359.001    195962         0    195951           0.268     1.015     1.428     1.928     2.351     3.369     4.780     8.040
1360.001    196078         0    196084           0.261     0.935     1.349     1.812     2.187     3.049     4.366     7.664
1361.001    196005         0    195999           0.250     0.902     1.274     1.656     1.960     2.605     3.410     4.825
1362.001    195984         0    195988           0.262     0.918     1.305     1.695     2.005     2.650     3.445     4.997
1363.001    196004         0    195999           0.246     1.082     1.480     1.945     2.286     2.988     3.836     5.616
1364.001    195967         0    195975           0.252     0.974     1.367     1.792     2.124     2.787     3.604     6.353
1365.001    196052         0    196033           0.286     0.949     1.337     1.757     2.091     2.793     3.676     5.489
1366.001    195964         0    195981           0.272     0.955     1.351     1.778     2.126     2.875     3.858     5.620
1367.001    195983         0    195986           0.263     0.980     1.392     1.855     2.224     3.041     4.137     6.349
1368.001    196039         0    196028           0.268     0.956     1.364     1.829     2.224     3.254     4.841     8.094
1369.001    195947         0    195961           0.266     0.975     1.375     1.821     2.159     2.822     3.660     5.272
1370.001    196021         0    196014           0.264     1.015     1.396     1.810     2.134     2.802     3.631     5.251
1371.001    196018         0    196021           0.254     0.975     1.367     1.782     2.114     2.793     3.633     5.100
1372.001    195986         0    195992           0.265     0.978     1.360     1.772     2.086     2.728     3.561     4.968
1373.001    195990         0    195985           0.255     0.980     1.371     1.789     2.118     2.812     3.686     6.058
1374.001    195997         0    195991           0.265     0.990     1.377     1.787     2.107     2.761     3.621     5.267
1375.001    195995         0    195996           0.259     0.891     1.283     1.706     2.058     2.855     4.137     6.566
1376.001    196033         0    196038           0.274     0.931     1.336     1.780     2.157     3.047     4.493     7.541
1377.001    196021         0    196017           0.267     0.871     1.241     1.619     1.912     2.568     3.432     4.792
1378.001    195951         0    195968           0.255     0.949     1.339     1.757     2.096     2.798     3.713     5.386
1379.001    196010         0    195999           0.263     1.025     1.434     1.898     2.255     3.002     3.879     6.640
1380.001    196007         0    196004           0.264     0.914     1.287     1.671     1.978     2.638     3.447     5.222
1381.001    195997         0    195995           0.270     0.971     1.355     1.769     2.095     2.783     3.619     5.415
1382.001    196009         0    196019           0.268     0.944     1.331     1.724     2.043     2.693     3.523     5.059
1383.001    196041         0    196024           0.237     0.892     1.264     1.641     1.942     2.601     3.414     5.132
1384.001    195954         0    195967           0.264     0.945     1.347     1.810     2.226     3.449     5.394     9.609
1385.001    196047         0    196045           0.275     1.003     1.412     1.887     2.265     3.113     4.338     6.734
1386.001    196004         0    196006           0.269     0.869     1.234     1.602     1.884     2.529     3.348     4.571
1387.001    195965         0    195967           0.253     0.909     1.281     1.665     1.965     2.615     3.396     4.870
1388.001    195978         0    195982           0.255     0.983     1.378     1.818     2.152     2.816     3.641     5.554
1389.001    196018         0    196014           0.281     1.104     1.481     1.926     2.259     2.951     3.742     5.022
1390.001    196037         0    196039           0.258     0.942     1.324     1.719     2.031     2.687     3.502     5.710
1391.001    195995         0    195979           0.268     0.918     1.306     1.709     2.024     2.722     3.557     4.948
1392.001    195992         0    196011           0.263     0.977     1.383     1.838     2.253     3.328     4.932     7.500
1393.001    196014         0    195994           0.288     0.962     1.345     1.758     2.099     2.855     3.832     5.800
1394.001    196007         0    195991           0.253     0.989     1.373     1.803     2.161     2.949     4.047     6.287
1395.001    196013         0    196030           0.243     0.988     1.373     1.797     2.134     2.849     3.668     5.243
1396.001    195970         0    195986           0.274     0.898     1.266     1.642     1.935     2.578     3.359     5.226
1397.001    195981         0    195976           0.237     0.947     1.327     1.727     2.041     2.689     3.478     4.846
1398.001    196012         0    195996           0.268     1.013     1.398     1.827     2.159     2.839     3.715     5.493
1399.001    196001         0    196017           0.279     0.966     1.361     1.781     2.114     2.841     3.817     5.992
1400.001    196034         0    196003           0.250     0.902     1.286     1.684     2.002     2.675     3.463     5.853
1401.001    195980         0    196010           0.261     0.962     1.348     1.768     2.120     2.875     3.783     6.423
1402.001    196045         0    196042           0.251     0.851     1.207     1.564     1.832     2.451     3.289     4.653
1403.001    195983         0    195980           0.255     0.968     1.352     1.755     2.081     2.789     3.609     5.272
1404.001    195984         0    195995           0.267     1.015     1.421     1.882     2.206     2.879     3.727     5.386
1405.001    196001         0    195992           0.256     0.944     1.332     1.757     2.078     2.746     3.531     5.075
1406.001    196003         0    196011           0.257     0.882     1.253     1.638     1.935     2.589     3.410     4.600
1407.001    195966         0    195966           0.241     1.013     1.396     1.829     2.179     2.935     3.922     7.487
1408.001    196027         0    196017           0.268     0.952     1.364     1.803     2.150     2.855     3.744     6.029
1409.001    196001         0    196001           0.260     0.949     1.356     1.807     2.167     2.984     4.227     9.126
1410.001    195995         0    196000           0.267     0.938     1.334     1.745     2.062     2.771     3.652     5.718
1411.001    195971         0    195966           0.261     0.930     1.315     1.710     2.024     2.720     3.527     5.263
1412.001    196045         0    196060           0.259     1.007     1.388     1.805     2.128     2.791     3.590     5.358
1413.001    195990         0    195990           0.247     1.018     1.398     1.814     2.144     2.826     3.633     4.735
1414.001    195990         0    195988           0.273     1.011     1.403     1.847     2.163     2.826     3.647     5.693
1415.001    196037         0    196008           0.257     1.022     1.408     1.843     2.189     2.900     3.750     5.714
1416.001    195957         0    195963           0.264     1.116     1.509     1.978     2.310     3.033     3.912     5.526
1417.001    196056         0    196081           0.278     0.966     1.370     1.804     2.159     2.922     3.928     6.058
1418.001    196000         0    195982           0.265     0.948     1.332     1.749     2.101     2.972     4.502     8.237
1419.001    196018         0    196011           0.278     0.950     1.337     1.749     2.073     2.740     3.566     5.636
1420.001    195965         0    195984           0.275     0.926     1.303     1.683     1.982     2.630     3.416     4.424
1421.001    196033         0    196023           0.256     1.028     1.402     1.824     2.148     2.826     3.600     5.767
1422.001    195959         0    195956           0.272     0.933     1.312     1.699     2.006     2.671     3.500     4.862
1423.001    196034         0    196040           0.271     0.985     1.372     1.788     2.118     2.789     3.592     5.407
1424.001    195989         0    195990           0.264     0.912     1.297     1.713     2.044     2.734     3.668     6.226
1425.001    195943         0    195950           0.247     1.080     1.489     1.978     2.357     3.348     4.936     7.746
1426.001    196039         0    196028           0.268     0.996     1.406     1.926     2.425     3.793     5.558     8.577
1427.001    196024         0    196036           0.263     0.898     1.286     1.688     2.007     2.687     3.545     6.410
1428.001    195963         0    195964           0.249     0.932     1.320     1.733     2.071     2.820     3.789     7.553
1429.001    196014         0    196000           0.266     0.941     1.329     1.734     2.043     2.683     3.469     5.210
1430.001    196038         0    196041           0.246     0.927     1.309     1.709     2.025     2.695     3.482     5.403
1431.001    195996         0    195991           0.273     0.993     1.378     1.798     2.120     2.783     3.643     4.747
1432.001    196023         0    196013           0.268     1.050     1.438     1.886     2.228     2.918     3.740     5.259
1433.001    195989         0    196004           0.267     0.959     1.355     1.789     2.130     2.828     3.748     5.378
1434.001    195977         0    195989           0.265     0.982     1.398     1.905     2.341     3.494     5.231     9.904
1435.001    196026         0    196001           0.271     0.965     1.364     1.807     2.167     2.941     3.916     6.312
1436.001    196019         0    196035           0.262     0.923     1.312     1.716     2.034     2.695     3.504     4.866
1437.001    195977         0    195997           0.257     0.880     1.245     1.623     1.911     2.542     3.336     4.657
1438.001    195975         0    195962           0.273     0.992     1.383     1.828     2.191     3.013     4.059     6.234
1439.001    196029         0    196027           0.266     0.869     1.233     1.614     1.911     2.591     3.396     5.341
1440.001    196025         0    196006           0.264     0.887     1.263     1.644     1.942     2.623     3.492     5.308
1441.001    195971         0    195982           0.244     0.888     1.262     1.642     1.940     2.572     3.346     4.657
1442.001    195974         0    195969           0.259     0.968     1.393     1.877     2.226     2.984     4.004     6.054
1443.001    196000         0    196012           0.255     0.909     1.294     1.688     2.003     2.701     3.570     5.435
1444.001    196019         0    196019           0.256     0.945     1.340     1.767     2.088     2.755     3.578     5.509
1445.001    196003         0    196007           0.262     0.938     1.328     1.743     2.072     2.732     3.551     5.104
1446.001    196020         0    195994           0.233     0.919     1.303     1.713     2.048     2.734     3.611     5.890
1447.001    195985         0    196004           0.254     0.969     1.345     1.740     2.060     2.707     3.492     4.551
1448.001    195978         0    195976           0.270     0.975     1.381     1.829     2.171     2.869     3.731     6.021
1449.001    196017         0    196026           0.270     0.982     1.400     1.861     2.216     2.992     3.961     5.939
1450.001    196006         0    196000           0.257     0.949     1.335     1.745     2.076     2.748     3.658     5.628
1451.001    195994         0    196008           0.269     0.910     1.303     1.722     2.056     2.793     3.944     6.914
1452.001    196010         0    195985           0.254     0.944     1.345     1.801     2.185     3.045     4.411     7.410
1453.001    196006         0    196020           0.253     0.925     1.323     1.739     2.065     2.726     3.539     5.104
1454.001    195971         0    195977           0.256     0.959     1.335     1.731     2.041     2.695     3.469     4.813
1455.001    196032         0    196021           0.279     0.999     1.379     1.794     2.118     2.783     3.619     4.825
1456.001    196016         0    196024           0.251     0.912     1.296     1.692     2.005     2.669     3.455     5.792
1457.001    195978         0    195977           0.253     0.860     1.215     1.585     1.864     2.509     3.326     4.567
1458.001    195987         0    195974           0.259     0.993     1.377     1.802     2.130     2.824     3.688     5.267
1459.001    196040         0    196044           0.259     0.994     1.386     1.826     2.185     2.922     3.854     5.751
1460.001    195975         0    195964           0.244     0.891     1.268     1.654     1.953     2.601     3.459     4.813
1461.001    195948         0    195956           0.253     0.984     1.380     1.816     2.154     2.853     3.695     5.431
1462.001    196073         0    196077           0.268     1.126     1.528     2.026     2.386     3.178     4.119     6.177
1463.001    195967         0    195975           0.272     0.940     1.323     1.716     2.028     2.683     3.514     4.899
1464.001    196039         0    196025           0.261     0.897     1.275     1.667     1.977     2.628     3.426     5.038
1465.001    195979         0    195978           0.249     0.984     1.376     1.804     2.140     2.816     3.670     5.468
1466.001    196007         0    196022           0.267     0.863     1.236     1.615     1.908     2.617     3.531     5.632
1467.001    196013         0    196003           0.251     0.873     1.250     1.646     1.953     2.609     3.422     5.497
1468.001    196011         0    196009           0.267     0.946     1.351     1.778     2.126     2.826     3.695     5.517
1469.001    195985         0    195998           0.262     0.880     1.261     1.651     1.967     2.755     3.899     6.595
1470.001    196017         0    195999           0.252     0.935     1.316     1.722     2.055     2.710     3.545     5.566
1471.001    195985         0    195986           0.263     1.017     1.406     1.846     2.187     2.879     3.666     5.394
1472.001    196018         0    196019           0.262     1.017     1.415     1.871     2.214     2.904     3.770     5.226
1473.001    195980         0    196000           0.259     0.897     1.272     1.660     1.959     2.619     3.443     5.820
1474.001    195999         0    195970           0.253     1.033     1.440     1.929     2.298     3.078     4.123     6.132
1475.001    196006         0    196013           0.243     0.950     1.355     1.805     2.148     2.832     3.725     5.620
1476.001    196013         0    196010           0.274     0.945     1.349     1.781     2.154     2.974     4.112     7.086
1477.001    195944         0    195947           0.275     1.070     1.488     2.012     2.394     3.316     4.678     8.131
1478.001    196032         0    196043           0.264     0.961     1.390     1.887     2.234     2.918     3.850     6.853
1479.001    196057         0    196026           0.235     0.951     1.342     1.764     2.111     2.810     3.676     5.841
1480.001    195922         0    195951           0.254     0.944     1.322     1.715     2.018     2.677     3.463     5.161
1481.001    196040         0    196050           0.257     0.896     1.280     1.694     2.017     2.685     3.496     5.026
1482.001    195995         0    195996           0.254     0.884     1.283     1.724     2.067     2.710     3.490     6.349
1483.001    196008         0    195988           0.224     0.931     1.314     1.715     2.034     2.693     3.488     5.190
1484.001    196031         0    196020           0.267     0.886     1.281     1.706     2.044     2.718     3.564     5.468
1485.001    195966         0    195990           0.258     0.907     1.297     1.724     2.068     2.783     3.779     6.124
1486.001    195994         0    195999           0.255     0.927     1.307     1.707     2.030     2.707     3.539     5.128
1487.001    196072         0    196051           0.248     1.022     1.401     1.830     2.157     2.830     3.664     5.243
1488.001    195959         0    195975           0.281     0.898     1.284     1.702     2.036     2.693     3.527     6.824
1489.001    195989         0    195998           0.259     0.941     1.321     1.730     2.058     2.734     3.617     5.149
1490.001    195977         0    195983           0.258     0.965     1.360     1.801     2.146     2.824     3.690     5.034
1491.001    196038         0    196016           0.268     0.927     1.334     1.778     2.130     2.871     3.871     5.853
1492.001    195971         0    195985           0.266     0.954     1.356     1.802     2.154     2.832     3.707     4.915
1493.001    196020         0    196019           0.256     1.046     1.462     1.966     2.370     3.326     4.661     8.274
1494.001    196008         0    196007           0.267     0.886     1.268     1.657     1.966     2.640     3.473     5.599
1495.001    196011         0    196003           0.265     0.886     1.280     1.701     2.032     2.693     3.488     5.521
1496.001    195977         0    195969           0.261     0.895     1.266     1.650     1.946     2.599     3.408     5.173
1497.001    196014         0    196023           0.262     1.105     1.499     1.963     2.304     3.039     3.928     6.091
1498.001    196034         0    196021           0.262     0.899     1.283     1.692     2.008     2.677     3.498     5.280
1499.001    195954         0    195967           0.254     0.915     1.294     1.683     1.988     2.654     3.459     5.853
1500.001    195994         0    195996           0.269     1.080     1.474     1.939     2.300     3.101     4.141     6.173
1501.001    196024         0    196027           0.246     0.954     1.340     1.762     2.126     2.992     4.461     7.676
1502.001    196008         0    195993           0.271     0.891     1.274     1.684     2.015     2.804     3.903     6.226
1503.001    195992         0    196018           0.267     0.941     1.325     1.737     2.059     2.738     3.568     5.177
1504.001    196035         0    195996           0.246     0.913     1.290     1.686     1.992     2.638     3.441     5.063
1505.001    195957         0    195979           0.276     0.987     1.385     1.821     2.146     2.828     3.662     4.895
1506.001    196028         0    196031           0.272     0.956     1.340     1.757     2.079     2.716     3.488     4.809
1507.001    195973         0    195970           0.264     0.993     1.375     1.801     2.126     2.793     3.641     5.124
1508.001    196022         0    196033           0.282     0.928     1.303     1.695     2.004     2.662     3.443     4.743
1509.001    196010         0    195999           0.279     0.947     1.353     1.836     2.273     3.383     5.153     8.643
1510.001    195995         0    195995           0.297     1.116     1.536     2.128     2.658     4.383     6.799    11.125
1511.001    196024         0    196005           0.269     0.975     1.381     1.836     2.210     3.082     4.448     8.274
1512.001    195975         0    196002           0.271     0.929     1.307     1.696     2.010     2.666     3.449     4.813
1513.001    196027         0    196019           0.254     1.007     1.395     1.836     2.179     2.863     3.717     5.566
1514.001    196002         0    196004           0.254     0.917     1.295     1.694     2.002     2.654     3.461     4.841
1515.001    195989         0    195988           0.278     0.974     1.358     1.764     2.086     2.732     3.555     5.378
1516.001    195971         0    195963           0.284     1.016     1.398     1.811     2.134     2.806     3.627     5.378
1517.001    196028         0    196039           0.260     0.979     1.375     1.799     2.144     2.863     3.797     5.464
1518.001    196050         0    196028           0.278     0.979     1.371     1.814     2.175     2.984     4.076     6.218
1519.001    195925         0    195926           0.255     0.994     1.391     1.825     2.165     2.875     3.727     6.107
1520.001    196023         0    196016           0.257     1.009     1.396     1.816     2.150     2.859     3.717     5.550
1521.001    196011         0    196025           0.247     0.988     1.385     1.820     2.152     2.822     3.656     5.255
1522.001    195986         0    196001           0.257     0.951     1.333     1.734     2.055     2.734     3.580     5.267
1523.001    196019         0    196011           0.278     1.025     1.406     1.833     2.165     2.828     3.637     5.321
1524.001    196017         0    196013           0.244     0.929     1.318     1.732     2.054     2.718     3.523     5.341
1525.001    195971         0    195970           0.263     0.874     1.249     1.630     1.930     2.617     3.465     5.349
1526.001    196004         0    196019           0.263     0.958     1.353     1.775     2.109     2.814     3.707     5.534
1527.001    195967         0    195962           0.262     1.037     1.448     1.914     2.275     3.019     3.983     5.505
1528.001    196074         0    196075           0.221     0.959     1.355     1.789     2.138     2.886     3.893     6.672
1529.001    195966         0    195969           0.259     0.914     1.300     1.699     2.006     2.671     3.486     5.304
1530.001    196021         0    196002           0.259     0.897     1.279     1.679     1.996     2.638     3.420     5.665
1531.001    195985         0    196003           0.273     0.880     1.247     1.623     1.909     2.537     3.328     4.952
1532.001    195974         0    195968           0.259     1.037     1.424     1.859     2.191     2.884     3.690     5.591
1533.001    196015         0    196010           0.267     1.098     1.494     1.960     2.308     3.031     3.920     5.304
1534.001    196042         0    196043           0.262     1.003     1.398     1.837     2.195     2.933     3.840     5.693
1535.001    196006         0    196000           0.259     0.892     1.265     1.656     1.968     2.632     3.533     6.468
1536.001    195956         0    195943           0.260     0.964     1.357     1.780     2.116     2.814     3.664     6.091
1537.001    196010         0    196040           0.255     1.018     1.413     1.874     2.243     3.131     4.739     7.856
1538.001    196013         0    196003           0.242     0.918     1.297     1.700     2.014     2.662     3.484     4.895
1539.001    195966         0    195973           0.265     0.974     1.358     1.779     2.107     2.771     3.574     5.247
1540.001    196044         0    196036           0.261     0.918     1.295     1.684     1.988     2.654     3.484     5.763
1541.001    195984         0    195993           0.264     0.867     1.233     1.603     1.883     2.535     3.318     4.772
1542.001    196007         0    196003           0.250     0.944     1.338     1.767     2.105     2.793     3.611     5.190
1543.001    196001         0    195996           0.272     0.905     1.288     1.696     2.021     2.724     3.588     5.571
1544.001    196050         0    196041           0.265     0.864     1.234     1.626     1.942     2.728     4.116     7.537
1545.001    195951         0    195956           0.275     0.975     1.365     1.799     2.136     2.826     3.701     5.444
1546.001    195994         0    196015           0.270     0.884     1.252     1.636     1.931     2.568     3.371     4.911
1547.001    196033         0    196037           0.259     0.906     1.283     1.660     1.955     2.603     3.377     4.948
1548.001    195990         0    195961           0.253     0.927     1.316     1.719     2.032     2.669     3.492     4.477
1549.001    195967         0    195960           0.279     1.070     1.468     1.945     2.310     3.072     4.041     5.734
1550.001    196005         0    196023           0.272     1.010     1.394     1.824     2.165     2.863     3.725     4.948
1551.001    196017         0    196030           0.281     0.903     1.292     1.704     2.049     2.820     4.061     7.606
1552.001    195972         0    195966           0.250     0.974     1.369     1.812     2.167     2.890     3.928     6.414
1553.001    196036         0    196039           0.245     0.956     1.351     1.790     2.150     2.951     4.028     6.451
1554.001    196031         0    196012           0.257     0.859     1.217     1.581     1.861     2.488     3.248     4.555
1555.001    195958         0    195962           0.278     1.019     1.417     1.875     2.228     2.978     4.004     6.709
1556.001    196026         0    196027           0.241     0.987     1.369     1.779     2.107     2.779     3.602     5.124
1557.001    195997         0    195992           0.256     0.918     1.291     1.674     1.970     2.605     3.410     4.870
1558.001    195941         0    195953           0.265     1.076     1.483     1.983     2.357     3.271     4.674     7.782
1559.001    196086         0    196070           0.255     0.990     1.396     1.858     2.214     2.927     3.803     5.513
1560.001    195973         0    195975           0.270     0.908     1.296     1.711     2.064     3.004     4.653     8.278
1561.001    195992         0    196005           0.266     1.019     1.423     1.886     2.259     3.056     4.057     6.951
1562.001    195995         0    195996           0.263     1.025     1.404     1.836     2.177     2.871     3.703     5.603
1563.001    196023         0    196024           0.244     0.866     1.227     1.591     1.876     2.497     3.283     4.768
1564.001    195977         0    195969           0.276     0.910     1.284     1.664     1.962     2.632     3.463     5.313
1565.001    196024         0    196030           0.272     1.019     1.396     1.814     2.142     2.812     3.658     5.452
1566.001    196025         0    196014           0.253     0.928     1.315     1.718     2.033     2.685     3.480     4.870
1567.001    195992         0    196004           0.266     0.938     1.331     1.749     2.088     2.816     3.781     5.947
1568.001    195971         0    195968           0.274     0.971     1.366     1.809     2.163     2.865     3.781     5.407
1569.001    196030         0    196013           0.264     0.934     1.318     1.725     2.061     2.826     4.008     7.569
1570.001    196000         0    196004           0.273     0.963     1.354     1.777     2.114     2.824     3.740     5.259
1571.001    195981         0    196004           0.252     0.978     1.370     1.802     2.132     2.781     3.578     4.960
1572.001    196001         0    195990           0.260     1.011     1.400     1.835     2.165     2.843     3.682     5.439
1573.001    196009         0    196000           0.258     0.863     1.232     1.613     1.904     2.535     3.254     4.772
1574.001    196023         0    196024           0.272     0.885     1.244     1.614     1.893     2.529     3.312     5.464
1575.001    195968         0    195987           0.255     0.951     1.341     1.761     2.092     2.779     3.666     5.956
1576.001    195995         0    195975           0.266     0.969     1.363     1.778     2.103     2.775     3.611     5.779
1577.001    196040         0    196044           0.268     0.957     1.352     1.785     2.148     3.029     4.604     8.430
1578.001    195959         0    195974           0.253     0.958     1.356     1.804     2.193     3.121     4.493     8.344
1579.001    196010         0    196007           0.268     0.922     1.304     1.707     2.029     2.701     3.531     4.817
1580.001    195992         0    195994           0.264     0.947     1.334     1.748     2.077     2.732     3.555     5.083
1581.001    196026         0    196005           0.251     0.935     1.310     1.699     2.004     2.644     3.430     5.222
1582.001    195986         0    196004           0.262     0.962     1.355     1.784     2.120     2.777     3.602     4.936
1583.001    196021         0    196006           0.251     0.938     1.319     1.715     2.023     2.697     3.525     4.874
1584.001    195987         0    195980           0.256     0.890     1.281     1.698     2.054     2.892     4.006     6.877
1585.001    196002         0    196029           0.266     1.032     1.430     1.891     2.257     3.019     4.039     6.767
1586.001    196005         0    195988           0.244     0.973     1.364     1.790     2.140     2.861     3.842     5.960
1587.001    196023         0    196034           0.260     0.963     1.353     1.780     2.130     2.863     3.820     5.898
1588.001    195965         0    195965           0.264     0.957     1.345     1.787     2.157     2.990     4.420     7.492
1589.001    196000         0    196002           0.256     0.995     1.396     1.844     2.193     2.927     3.863     5.738
1590.001    196022         0    196013           0.261     0.938     1.318     1.719     2.039     2.695     3.486     5.575
1591.001    195982         0    195980           0.257     0.937     1.325     1.737     2.065     2.740     3.533     5.353
1592.001    196016         0    196020           0.251     1.010     1.403     1.845     2.195     2.890     3.793     5.509
1593.001    196010         0    196002           0.259     0.960     1.367     1.800     2.173     2.955     3.951     6.140
1594.001    196008         0    196018           0.276     0.875     1.243     1.625     1.924     2.560     3.340     4.633
1595.001    196018         0    196005           0.246     0.873     1.255     1.647     1.960     2.638     3.523     4.755
1596.001    195977         0    195992           0.267     0.909     1.285     1.671     1.969     2.609     3.408     4.538
1597.001    196000         0    195997           0.268     0.911     1.281     1.659     1.954     2.615     3.416     4.927
1598.001    196018         0    196009           0.281     0.945     1.321     1.712     2.017     2.685     3.457     5.280
1599.001    196004         0    196013           0.250     0.937     1.321     1.720     2.030     2.677     3.471     5.382
1600.001    195965         0    195962           0.247     0.982     1.362     1.767     2.087     2.763     3.584     5.108
1601.001    195986         0    195993           0.252     1.062     1.463     1.979     2.402     3.385     4.637     7.127
1602.001    196042         0    196045           0.240     1.022     1.422     1.889     2.253     3.027     3.992     5.968
1603.001    196020         0    196010           0.274     0.896     1.279     1.683     2.007     2.687     3.564     5.845
1604.001    195943         0    195946           0.270     0.880     1.250     1.636     1.946     2.660     3.615     5.591
1605.001    196085         0    196070           0.257     0.979     1.365     1.785     2.109     2.781     3.582     5.136
1606.001    195954         0    195968           0.257     0.828     1.170     1.519     1.785     2.390     3.152     4.735
1607.001    196002         0    195995           0.255     0.880     1.245     1.613     1.900     2.537     3.318     4.694
1608.001    196012         0    196016           0.255     0.935     1.312     1.708     2.020     2.687     3.490     5.255
1609.001    196009         0    196003           0.251     0.932     1.321     1.748     2.107     2.943     4.264     6.746
1610.001    195998         0    195996           0.273     0.860     1.225     1.596     1.876     2.527     3.305     5.427
1611.001    196007         0    196011           0.254     0.913     1.298     1.708     2.042     2.855     4.211     8.643
1612.001    195972         0    195983           0.261     1.032     1.434     1.901     2.257     3.004     3.912     6.246
1613.001    196033         0    196027           0.266     0.852     1.214     1.577     1.858     2.501     3.273     5.464
1614.001    196029         0    196035           0.263     0.883     1.247     1.627     1.922     2.572     3.396     4.780
1615.001    195941         0    195939           0.270     0.971     1.352     1.762     2.093     2.771     3.602     5.034
1616.001    196034         0    196044           0.268     0.857     1.215     1.575     1.849     2.480     3.271     4.694
1617.001    195966         0    195949           0.242     0.860     1.227     1.599     1.893     2.574     3.416     5.112
1618.001    196041         0    196047           0.261     0.950     1.345     1.777     2.134     2.890     3.942     6.263
1619.001    195996         0    195992           0.270     0.928     1.338     1.786     2.140     2.849     3.766     5.628
1620.001    195968         0    195970           0.266     0.875     1.256     1.667     1.994     2.646     3.459     4.977
1621.001    195982         0    195980           0.251     1.060     1.466     1.965     2.333     3.160     4.280     7.029
1622.001    196068         0    196066           0.255     0.937     1.337     1.778     2.126     2.798     3.723     5.149
1623.001    195979         0    195983           0.258     0.836     1.182     1.532     1.797     2.415     3.183     4.825
1624.001    195988         0    195995           0.240     0.882     1.255     1.642     1.957     2.777     5.497     8.081
1625.001    196015         0    196018           0.240     0.916     1.299     1.692     1.996     2.648     3.459     4.796
1626.001    195985         0    195980           0.272     0.875     1.255     1.660     1.980     2.652     3.523     6.005
1627.001    195991         0    195996           0.268     0.923     1.306     1.710     2.028     2.697     3.512     4.846
1628.001    196017         0    196012           0.273     0.990     1.388     1.860     2.290     3.652     5.734     8.569
1629.001    195993         0    195990           0.268     0.864     1.243     1.627     1.925     2.613     3.637     6.586
1630.001    196013         0    196029           0.278     0.913     1.294     1.692     2.003     2.650     3.443     4.927
1631.001    195981         0    195960           0.269     0.957     1.355     1.789     2.140     2.828     3.697     5.554
1632.001    196049         0    196054           0.258     0.950     1.341     1.750     2.084     2.759     3.600     5.267
1633.001    195959         0    195963           0.270     0.880     1.251     1.629     1.925     2.566     3.318     4.665
1634.001    196005         0    196007           0.239     0.910     1.300     1.730     2.080     2.765     3.678     5.657
1635.001    196017         0    196005           0.244     0.982     1.390     1.864     2.236     3.084     4.510     7.913
1636.001    195997         0    196011           0.245     0.843     1.189     1.540     1.803     2.433     3.240     4.813
1637.001    195963         0    195961           0.257     0.921     1.303     1.703     2.034     2.767     3.684     6.091
1638.001    196021         0    196019           0.265     1.052     1.448     1.908     2.269     3.015     3.946     5.386
1639.001    196036         0    196024           0.263     0.946     1.347     1.776     2.118     2.808     3.635     5.353
1640.001    195966         0    195973           0.261     0.911     1.284     1.675     1.988     2.681     3.545     5.935
1641.001    195993         0    195995           0.268     0.982     1.373     1.800     2.132     2.779     3.586     5.480
1642.001    196021         0    196019           0.266     0.946     1.338     1.746     2.075     2.742     3.592     6.148
1643.001    196003         0    195999           0.268     0.871     1.237     1.621     1.923     2.560     3.346     5.009
1644.001    195995         0    196005           0.252     0.850     1.209     1.583     1.879     2.525     3.351     5.415
1645.001    195981         0    195984           0.259     0.960     1.341     1.748     2.064     2.761     3.643     5.968
1646.001    196045         0    196030           0.261     0.862     1.235     1.615     1.900     2.548     3.359     4.665
1647.001    196015         0    196002           0.260     0.930     1.303     1.694     1.992     2.626     3.428     5.022
1648.001    195956         0    195982           0.272     0.929     1.335     1.775     2.111     2.771     3.629     5.128
1649.001    196025         0    196019           0.264     0.841     1.198     1.565     1.843     2.492     3.357     5.419
1650.001    196027         0    196014           0.250     0.871     1.240     1.619     1.915     2.603     3.445     6.230
1651.001    195971         0    195986           0.257     0.847     1.214     1.585     1.874     2.533     3.351     5.251
1652.001    196006         0    196012           0.257     0.857     1.224     1.593     1.876     2.515     3.340     4.674
1653.001    195976         0    195957           0.264     0.906     1.286     1.683     1.996     2.656     3.506     5.239
1654.001    195973         0    195988           0.250     1.063     1.463     1.945     2.316     3.191     4.497     7.766
1655.001    196046         0    196034           0.273     0.966     1.356     1.781     2.118     2.836     3.891     6.382
1656.001    196003         0    195999           0.248     0.902     1.274     1.663     1.964     2.628     3.469     5.140
1657.001    195994         0    196005           0.260     0.896     1.278     1.672     1.974     2.642     3.428     6.226
1658.001    196002         0    196017           0.273     0.902     1.289     1.695     2.009     2.654     3.445     5.308
1659.001    196000         0    195994           0.268     0.918     1.320     1.763     2.118     2.879     4.057     7.487
1660.001    196035         0    196031           0.265     0.944     1.336     1.754     2.087     2.793     3.715     6.095
1661.001    195991         0    195986           0.260     0.870     1.242     1.620     1.912     2.548     3.314     4.350
1662.001    195997         0    196004           0.255     0.857     1.229     1.613     1.906     2.556     3.385     4.600
1663.001    195994         0    195989           0.275     0.934     1.333     1.767     2.107     2.773     3.660     5.419
1664.001    196002         0    195989           0.278     1.023     1.409     1.852     2.193     2.871     3.734     5.558
1665.001    196016         0    196037           0.248     0.867     1.230     1.603     1.888     2.515     3.326     4.919
1666.001    195990         0    195971           0.260     0.930     1.321     1.741     2.074     2.763     3.594     5.206
1667.001    196007         0    196013           0.256     1.039     1.417     1.847     2.183     2.867     3.703     4.927
1668.001    196009         0    196011           0.264     0.943     1.336     1.738     2.062     2.726     3.553     5.542
1669.001    195996         0    195991           0.266     0.946     1.342     1.770     2.101     2.765     3.621     5.636
1670.001    196012         0    196015           0.261     0.943     1.328     1.727     2.047     2.744     3.588     5.599
1671.001    196006         0    196006           0.258     0.996     1.381     1.788     2.111     2.783     3.572     5.353
1672.001    196021         0    196024           0.259     0.930     1.312     1.712     2.029     2.697     3.543     4.940
1673.001    195951         0    195954           0.275     0.921     1.306     1.713     2.042     2.701     3.518     4.792
1674.001    196054         0    196054           0.271     0.970     1.353     1.776     2.107     2.781     3.547     4.866
1675.001    195987         0    195984           0.267     0.910     1.274     1.654     1.949     2.587     3.373     5.792
1676.001    195959         0    195958           0.270     0.923     1.316     1.735     2.061     2.724     3.547     5.014
1677.001    196050         0    196042           0.253     1.039     1.418     1.846     2.175     2.873     3.727     7.934
1678.001    195949         0    195964           0.282     0.955     1.346     1.753     2.073     2.736     3.578     4.981
1679.001    196031         0    196013           0.264     0.933     1.326     1.747     2.077     2.775     3.662     6.312
1680.001    195997         0    196012           0.254     1.025     1.428     1.912     2.273     3.043     4.035     5.747
1681.001    196021         0    196018           0.235     0.854     1.219     1.597     1.888     2.535     3.359     4.809
1682.001    195965         0    195964           0.269     0.962     1.346     1.763     2.101     2.822     3.869     6.722
1683.001    195998         0    196009           0.272     1.055     1.441     1.877     2.212     2.882     3.727     5.067
1684.001    196016         0    196006           0.266     0.966     1.357     1.783     2.116     2.787     3.670     5.288
1685.001    196056         0    196067           0.269     0.862     1.227     1.603     1.892     2.540     3.308     4.833
1686.001    195929         0    195923           0.268     0.961     1.352     1.765     2.094     2.748     3.576     4.731
1687.001    195981         0    195977           0.251     0.958     1.337     1.743     2.071     2.759     3.594     5.468
1688.001    196028         0    196023           0.259     0.997     1.379     1.804     2.136     2.853     3.701     5.468
1689.001    195971         0    195986           0.256     0.973     1.371     1.805     2.140     2.812     3.647     5.833
1690.001    196063         0    196051           0.270     1.004     1.389     1.807     2.136     2.800     3.596     5.091
1691.001    196024         0    196014           0.257     0.922     1.305     1.687     1.978     2.628     3.430     4.579
1692.001    195946         0    195958           0.275     0.927     1.313     1.715     2.031     2.693     3.555     5.390
1693.001    196005         0    196008           0.262     1.079     1.506     2.010     2.349     3.090     4.020     6.615
1694.001    196035         0    196015           0.282     0.927     1.309     1.714     2.042     2.720     3.586     5.534
1695.001    196005         0    196021           0.269     0.918     1.302     1.710     2.047     2.818     4.143     6.803
1696.001    195991         0    195978           0.262     0.970     1.361     1.790     2.138     2.906     3.899     6.808
1697.001    196014         0    196034           0.262     0.940     1.337     1.763     2.099     2.765     3.604     5.874
1698.001    195988         0    195984           0.269     0.848     1.213     1.592     1.884     2.544     3.361     4.854
1699.001    195988         0    195980           0.258     0.990     1.382     1.816     2.148     2.820     3.674     5.145
1700.001    196032         0    196030           0.279     0.982     1.364     1.769     2.099     2.783     3.607     4.944
1701.001    195958         0    195973           0.271     0.938     1.328     1.755     2.111     2.925     4.067     6.394
1702.001    196061         0    196028           0.247     0.983     1.376     1.812     2.142     2.806     3.625     5.353
1703.001    195964         0    195968           0.259     0.945     1.325     1.729     2.045     2.693     3.480     5.341
1704.001    196000         0    196034           0.265     0.880     1.262     1.674     1.989     2.615     3.434     5.370
1705.001    196003         0    195996           0.268     0.876     1.249     1.635     1.939     2.597     3.482     5.280
1706.001    196010         0    196010           0.277     1.028     1.409     1.836     2.177     2.863     3.695     5.288
1707.001    195990         0    195988           0.271     0.837     1.191     1.554     1.833     2.464     3.217     4.518
1708.001    196002         0    196001           0.269     0.863     1.225     1.603     1.893     2.544     3.308     4.620
1709.001    195979         0    195989           0.276     1.004     1.391     1.819     2.154     2.828     3.641     4.739
1710.001    196024         0    196007           0.272     0.927     1.315     1.717     2.048     2.736     3.615     5.587
1711.001    195990         0    195994           0.277     0.927     1.310     1.701     2.014     2.679     3.516     5.419
1712.001    196007         0    196017           0.253     0.934     1.330     1.759     2.099     2.777     3.647     5.251
1713.001    195987         0    195981           0.268     0.915     1.288     1.680     1.990     2.650     3.463     5.026
1714.001    196038         0    196043           0.270     0.966     1.351     1.761     2.081     2.707     3.471     5.497
1715.001    195960         0    195955           0.272     0.971     1.354     1.777     2.109     2.793     3.611     5.554
1716.001    196000         0    196008           0.260     1.068     1.446     1.887     2.222     2.906     3.686     5.870
1717.001    196073         0    196053           0.273     0.867     1.232     1.611     1.905     2.540     3.348     4.694
1718.001    195948         0    195964           0.270     0.848     1.200     1.571     1.855     2.488     3.238     4.760
1719.001    195992         0    195987           0.270     1.037     1.433     1.887     2.232     2.937     3.815     5.435
1720.001    196030         0    196016           0.264     0.945     1.336     1.758     2.086     2.767     3.645     5.657
1721.001    195964         0    195985           0.261     0.894     1.281     1.683     1.999     2.671     3.527     5.480
1722.001    196022         0    196017           0.283     1.008     1.403     1.854     2.200     2.900     3.809     5.194
1723.001    196016         0    196018           0.262     0.908     1.287     1.681     2.003     2.683     3.496     5.333
1724.001    195977         0    195972           0.267     0.917     1.300     1.696     2.002     2.673     3.461     5.448
1725.001    196000         0    196004           0.242     0.957     1.379     1.865     2.210     2.865     3.734     5.087
1726.001    195974         0    195970           0.253     0.992     1.382     1.828     2.177     2.859     3.703     6.017
1727.001    196019         0    196029           0.257     0.946     1.332     1.756     2.086     2.759     3.568     4.887
1728.001    195944         0    195932           0.264     0.996     1.381     1.819     2.165     2.906     4.342     8.352
1729.001    196093         0    196093           0.280     0.915     1.297     1.707     2.039     2.783     3.897     6.205
1730.001    195999         0    195997           0.265     1.005     1.393     1.817     2.154     2.841     3.709     4.846
1731.001    195952         0    195961           0.270     0.905     1.275     1.653     1.944     2.568     3.351     4.952
1732.001    196012         0    195999           0.278     0.910     1.283     1.675     1.974     2.630     3.453     4.727
1733.001    196009         0    196028           0.281     0.974     1.347     1.752     2.065     2.712     3.506     4.821
1734.001    196022         0    196016           0.246     0.931     1.317     1.722     2.048     2.724     3.529     4.960
1735.001    195997         0    195996           0.275     0.990     1.385     1.822     2.154     2.820     3.658     4.841
1736.001    196025         0    196018           0.258     1.012     1.392     1.821     2.152     2.851     3.707     5.534
1737.001    195994         0    195998           0.260     0.881     1.256     1.630     1.916     2.554     3.330     4.805
1738.001    195998         0    196006           0.254     0.927     1.322     1.732     2.061     2.783     3.869     6.971
1739.001    195942         0    195937           0.279     1.038     1.410     1.836     2.169     2.871     3.736     5.194
1740.001    196065         0    196070           0.268     0.898     1.282     1.671     1.981     2.664     3.506     5.370
1741.001    195975         0    195959           0.281     0.877     1.244     1.620     1.904     2.525     3.316     4.674
1742.001    196024         0    196026           0.237     0.969     1.353     1.783     2.120     2.841     3.725     5.775
1743.001    195996         0    196005           0.269     0.947     1.338     1.758     2.090     2.793     3.725     5.935
1744.001    196003         0    195987           0.260     0.960     1.348     1.752     2.068     2.732     3.541     5.915
1745.001    195990         0    195992           0.268     1.049     1.436     1.882     2.222     2.933     3.844     6.423
1746.001    196041         0    196062           0.267     0.899     1.276     1.678     1.994     2.720     3.711     6.066
1747.001    195998         0    195994           0.271     0.846     1.202     1.566     1.842     2.494     3.346     5.095
1748.001    196014         0    195997           0.268     0.903     1.284     1.678     1.982     2.646     3.437     4.747
1749.001    195974         0    195978           0.264     0.973     1.349     1.748     2.057     2.707     3.492     5.112
1750.001    196008         0    196028           0.250     0.924     1.304     1.689     1.990     2.630     3.391     4.805
1751.001    196022         0    195989           0.265     0.911     1.288     1.682     1.990     2.650     3.443     5.226
1752.001    195989         0    196006           0.279     0.936     1.316     1.714     2.031     2.705     3.561     5.726
1753.001    196007         0    195978           0.252     0.919     1.298     1.687     1.998     2.664     3.447     4.755
1754.001    195965         0    196002           0.262     0.902     1.280     1.666     1.968     2.628     3.428     4.760
1755.001    196057         0    196050           0.278     0.926     1.310     1.706     2.015     2.650     3.422     5.214
1756.001    195993         0    195988           0.277     0.872     1.243     1.617     1.903     2.519     3.308     5.226
1757.001    195977         0    195980           0.245     0.909     1.290     1.683     1.982     2.626     3.414     4.805
1758.001    196004         0    196004           0.246     1.010     1.394     1.821     2.146     2.791     3.572     5.587
1759.001    196018         0    196009           0.247     0.890     1.279     1.687     2.005     2.652     3.467     4.858
1760.001    195985         0    195991           0.250     0.854     1.215     1.585     1.862     2.486     3.295     4.620
1761.001    195987         0    195995           0.259     0.954     1.331     1.727     2.041     2.701     3.494     4.923
1762.001    196012         0    196001           0.264     0.954     1.341     1.763     2.097     2.755     3.586     4.743
1763.001    196007         0    196016           0.271     0.899     1.283     1.678     1.998     2.671     3.510     4.768
1764.001    196000         0    196007           0.255     0.835     1.174     1.523     1.791     2.406     3.164     4.649
1765.001    196030         0    196001           0.265     0.996     1.379     1.809     2.142     2.810     3.633     4.887
1766.001    195982         0    195991           0.274     0.864     1.223     1.594     1.877     2.505     3.279     5.358
1767.001    196011         0    196016           0.264     0.856     1.215     1.583     1.865     2.501     3.299     4.956
1768.001    195982         0    195981           0.257     0.907     1.280     1.670     1.963     2.597     3.412     4.575
1769.001    196001         0    196012           0.268     0.951     1.337     1.750     2.071     2.748     3.590     4.977
1770.001    195965         0    195970           0.242     0.920     1.302     1.701     2.022     2.701     3.609     5.816
1771.001    196024         0    196012           0.273     0.965     1.360     1.798     2.132     2.793     3.670     5.738
1772.001    196014         0    196031           0.271     0.940     1.329     1.747     2.071     2.773     3.633     5.976
1773.001    195987         0    195974           0.261     0.947     1.330     1.732     2.049     2.734     3.586     5.186
1774.001    195994         0    196010           0.268     0.923     1.305     1.699     2.003     2.638     3.437     5.149
1775.001    196003         0    195981           0.268     0.953     1.337     1.749     2.064     2.742     3.523     4.686
1776.001    196021         0    196036           0.248     0.932     1.319     1.710     2.022     2.669     3.428     5.128
1777.001    195998         0    195967           0.258     0.975     1.358     1.770     2.093     2.744     3.545     4.887
1778.001    195984         0    196006           0.262     0.954     1.336     1.751     2.076     2.763     3.633     6.418
1779.001    196019         0    196028           0.276     0.919     1.303     1.723     2.040     2.722     3.564     5.280
1780.001    196000         0    195991           0.255     0.827     1.168     1.532     1.803     2.439     3.271     4.719
1781.001    195973         0    195969           0.269     1.039     1.446     1.907     2.255     2.976     3.826     6.443
1782.001    196015         0    196024           0.263     1.032     1.426     1.885     2.220     2.902     3.774     5.296
1783.001    196011         0    196010           0.265     0.904     1.286     1.684     1.996     2.666     3.537     5.091
1784.001    195989         0    195991           0.267     0.882     1.251     1.629     1.917     2.554     3.342     4.887
1785.001    196001         0    196005           0.272     0.988     1.379     1.827     2.181     2.963     4.121     8.098
1786.001    196012         0    195994           0.246     0.869     1.233     1.606     1.890     2.515     3.326     4.522
1787.001    196021         0    196026           0.271     0.862     1.228     1.594     1.874     2.488     3.293     4.542
1788.001    195987         0    195998           0.255     0.974     1.359     1.787     2.116     2.793     3.615     4.997
1789.001    196022         0    196015           0.242     0.882     1.252     1.631     1.920     2.556     3.357     4.973
1790.001    195981         0    195972           0.257     0.845     1.200     1.559     1.829     2.437     3.181     4.542
1791.001    196011         0    196012           0.233     0.930     1.300     1.687     1.987     2.615     3.410     4.567
1792.001    196012         0    196013           0.268     0.894     1.270     1.651     1.944     2.593     3.383     5.001
1793.001    196004         0    196018           0.276     0.910     1.285     1.671     1.977     2.630     3.434     5.071
1794.001    195994         0    195977           0.255     0.925     1.299     1.687     1.987     2.634     3.432     4.932
1795.001    195967         0    195978           0.243     0.961     1.348     1.761     2.087     2.748     3.621     5.460
1796.001    196007         0    196006           0.263     0.983     1.374     1.810     2.144     2.798     3.619     5.439
1797.001    196028         0    196017           0.273     0.970     1.360     1.779     2.105     2.757     3.533     4.952
1798.001    195944         0    195950           0.276     0.934     1.318     1.731     2.047     2.685     3.480     4.968
1799.001    196045         0    196048           0.262     1.009     1.403     1.848     2.181     2.853     3.699     5.259
1800.001    195974         0    195974           0.273     0.936     1.329     1.743     2.075     2.777     3.652     6.169
1801.001    196046         0    196053           0.268     0.919     1.302     1.706     2.020     2.683     3.516     5.018
1802.001    195987         0    195985           0.264     0.847     1.212     1.582     1.865     2.509     3.289     4.432
1803.001    196007         0    196004           0.270     0.908     1.284     1.670     1.971     2.621     3.424     5.030
1804.002    195965         0    195948           0.275     1.001     1.401     1.851     2.181     2.853     3.678     5.534
1805.001    196044         0    196053           0.255     0.936     1.323     1.733     2.059     2.701     3.521     4.870
1806.001    195982         0    195981           0.265     0.863     1.225     1.607     1.907     2.525     3.324     4.927
1807.001    196013         0    196016           0.263     0.885     1.261     1.644     1.952     2.583     3.373     4.899
1808.001    195917         0    195916           0.275     1.044     1.449     1.915     2.257     2.966     3.928     5.345
1809.001    196060         0    196072           0.252     0.918     1.297     1.701     2.016     2.683     3.594     7.680
1810.001    195981         0    195968           0.258     0.972     1.388     1.893     2.327    30.818   134.480   148.767
1811.001    195978         0    195995           0.262     1.051     1.479     2.005     2.394     3.484     6.894    13.705
1812.001    196046         0    196039           0.282     1.027     1.415     1.847     2.175     2.849     3.660     5.865
1813.001    196005         0    196005           0.266     0.989     1.373     1.782     2.116     2.890     5.575    10.592
1814.001    196006         0    196003           0.281     1.054     1.439     1.863     2.189     2.865     3.736     5.722
1815.001    196015         0    196003           0.264     1.073     1.493     2.014     2.384     3.574    50.725    64.455
1816.001    196029         0    196034           0.275     0.977     1.378     1.861     2.273     3.686     6.586    13.222
1817.001    195936         0    195944           0.268     1.030     1.413     1.835     2.163     2.830     3.690     5.194
1818.001    196007         0    195997           0.278     1.159     1.560     2.036     2.372     3.097     3.959     5.976
1819.001    196053         0    196067           0.275     1.006     1.385     1.801     2.128     2.787     3.613     4.694
1820.001    195969         0    195965           0.260     0.958     1.365     1.850     2.259     3.844    57.836    68.551
1821.001    196002         0    195997           0.271     1.037     1.473     2.036     2.472     3.899    25.444    37.093
1822.001    196026         0    196025           0.266     1.052     1.427     1.852     2.189     2.957     4.768     9.650
1823.001    195975         0    195983           0.270     1.054     1.454     1.915     2.238     2.902     3.748     5.403
1824.001    196039         0    196032           0.271     0.977     1.357     1.765     2.085     2.746     3.566     5.206
1825.001    195952         0    195959           0.255     1.013     1.393     1.824     2.159     2.892     3.994     6.423
1826.001    196046         0    196021           0.279     1.008     1.454     2.021     2.443     3.650     5.759     9.822
1827.001    195831         0    195853           0.251     1.212     1.698     2.380     2.951     4.415     6.820    13.885
1828.001    195819         0    195825           0.282     1.688     2.345     3.465     4.465     6.877    10.772    19.399
1829.001    196262         0    196268           0.298     1.475     2.017     2.830     3.535     5.296     9.249    15.041
1830.001    196041         0    196031           0.289     1.120     1.568     2.134     2.566     3.566     4.768     8.233
1831.001    195993         0    195977           0.247     1.059     1.490     2.023     2.445     3.408     4.608     6.877
1832.001    195974         0    195994           0.275     1.133     1.579     2.138     2.568     3.598     5.095     7.614
1833.001    196062         0    196043           0.252     1.113     1.556     2.105     2.519     3.510     5.898     9.896
1834.001    195980         0    195990           0.262     1.063     1.487     1.997     2.384     3.219     4.272     7.860
1835.001    195955         0    195964           0.286     1.190     1.634     2.204     2.613     3.533     4.653     7.438
1836.001    196036         0    196025           0.295     1.300     1.780     2.396     2.873     3.895     5.616    10.396
1837.001    195998         0    196002           0.267     1.166     1.604     2.148     2.540     3.404     4.424     7.324
1838.001    196034         0    196042           0.266     1.118     1.551     2.093     2.513     3.463     4.698     7.815
1839.001    195919         0    195908           0.279     1.146     1.615     2.271     2.859     4.440     6.672     9.757
1840.001    196037         0    196049           0.279     1.178     1.670     2.441     3.224     5.083     7.336    12.239
1841.001    195964         0    195961           0.265     1.224     1.731     2.597     3.637     6.611     9.912    16.794
1842.001    195992         0    195997           0.299     1.303     1.815     2.570     3.207     4.645     6.705    10.428
1843.001    196008         0    195994           0.273     1.333     1.850     2.677     3.447     5.313     7.737    12.534
1844.001    196007         0    196018           0.291     1.368     1.935     4.698     9.322    14.459    20.677    35.684
1845.001    196003         0    195976           0.289     1.363     1.915     2.681     3.310     4.694     6.717    10.633
1846.001    195997         0    196022           0.274     1.334     1.832     2.472     2.970     4.065     5.657     9.675
1847.001    196024         0    196011           0.272     1.291     1.777     2.425     2.931     4.057     5.624    10.125
1848.001    196006         0    196004           0.253     1.171     1.625     2.204     2.638     3.695     5.550     9.003
1849.001    196042         0    196049           0.270     1.215     1.715     2.384     2.949     4.489    10.166    16.564
1850.001    195992         0    196004           0.279     1.213     1.709     2.410     3.035     5.247    10.166    16.671
1851.001    196014         0    195996           0.280     1.204     1.698     2.380     2.939     4.415     6.762    11.665
1852.001    195916         0    195908           0.281     1.414     1.964     2.695     3.293     4.764     8.634    14.852
1853.001    196012         0    196040           0.282     1.525     2.116     2.949     3.625     5.132     7.315    11.125
1854.001    195925         0    195905           0.254     1.502     2.132     3.041     3.756     5.288     7.881    14.852
1855.001    195954         0    195953           0.263     1.498     2.187     3.455     4.714     7.803    12.263    19.939
1856.001    196114         0    196121           0.296     1.563     2.222     3.301     4.276     6.980    11.297    19.104
1857.001    196006         0    196019           0.265     1.292     1.800     2.521     3.203     6.070    11.141    17.957
1858.001    196029         0    196020           0.279     1.222     1.705     2.413     3.183     6.300    10.060    20.627
1859.001    196049         0    196047           0.270     1.177     1.663     2.388     3.066     4.862    12.542    29.213
1860.001    195978         0    195979           0.248     1.180     1.654     2.318     2.908     4.825    11.207    32.391
1861.001    195986         0    195972           0.275     1.127     1.579     2.210     2.734     4.465    13.713    29.950
1862.001    196027         0    196053           0.251     1.163     1.615     2.208     2.685     4.456    15.041    35.127
1863.001    195984         0    195974           0.269     1.170     1.652     2.343     2.935     4.751    13.910    27.607
1864.001    195959         0    195951           0.261     1.249     1.789     2.679     3.490     5.759    15.163    34.963
1865.001    196011         0    196025           0.288     1.336     1.886     2.781     3.580     5.956    16.015    42.369
1866.001    195966         0    195950           0.278     1.284     1.828     2.675     3.420     5.624    14.991    31.621
1867.001    196014         0    196016           0.285     1.323     1.888     2.818     3.674     5.964    12.616    34.505
1868.001    195780         0    195775           0.284     1.362     1.998     3.717     6.492    14.033    25.723    57.246
1869.001    196186         0    196196           0.281     1.379     1.996     3.158     4.526     9.273    15.639    31.719
1870.001    196041         0    196047           0.278     1.293     1.830     2.658     3.471     5.906    10.666    18.760
1871.001    196024         0    196025           0.289     1.226     1.720     2.394     2.953     4.424     7.197    11.387
1872.001    196043         0    196042           0.248     1.248     1.737     2.419     2.980     4.432     7.041    12.329
1873.001    196023         0    196014           0.266     1.211     1.707     2.425     3.062     4.960     8.847    16.122
1874.001    195949         0    195960           0.268     1.234     1.754     2.472     3.076     4.497     6.754    11.649
1875.001    195902         0    195901           0.263     1.394     1.968     2.791     3.453     4.977     7.209    12.321
1876.001    196039         0    196040           0.280     1.486     2.124     3.054     3.856     5.902    10.109    20.464
1877.001    196100         0    196068           0.292     1.503     2.095     2.935     3.627     5.165     7.373    14.295
1878.001    195944         0    195971           0.260     1.391     1.975     2.836     3.625     5.837    10.584    19.350
1879.001    196048         0    196042           0.276     1.324     1.900     2.750     3.510     5.874    12.820    21.905
1880.001    196049         0    196031           0.260     1.438     2.124     3.774     6.345    72.352    86.835    98.697
1881.001    195895         0    195925           0.264     1.241     1.763     2.554     3.258     5.390    15.335    24.953
1882.001    196070         0    196045           0.293     1.322     1.903     2.779     3.539     5.861    20.398    28.885
1883.001    195917         0    195946           0.280     1.243     1.760     2.517     3.187     5.059     7.999    14.049
1884.001    195985         0    195965           0.292     1.384     1.978     2.914     3.797     6.414    10.142    17.908
1885.001    196110         0    196111           0.259     1.393     1.983     2.884     3.627     5.493     9.789    16.736
1886.001    195949         0    195956           0.270     1.190     1.735     2.587     3.353     5.673    11.903    19.562
1887.001    195969         0    195944           0.251     1.345     1.947     2.927     3.783     6.234    11.321    24.297
1888.001    196059         0    196076           0.274     1.396     2.004     3.013     3.908     6.525    11.715    28.836
1889.001    196083         0    196088           0.290     1.220     1.755     2.677     3.615     6.902    11.313    21.905
1890.001    195951         0    195961           0.279     1.222     1.742     2.492     3.154     5.300    10.428    21.283
1891.001    195938         0    195929           0.296     1.222     1.733     2.519     3.183     5.112     9.978    25.346
1892.001    196084         0    196082           0.276     1.183     1.658     2.335     2.925     4.907     9.200    17.695
1893.001    195884         0    195898           0.285     1.122     1.603     2.308     2.943     5.153    13.165    34.111
1894.001    196088         0    196068           0.276     1.121     1.599     2.265     2.830     4.514     8.929    32.211
1895.001    196007         0    196010           0.295     1.185     1.684     2.365     2.961     4.665     9.257    31.015
1896.001    196015         0    196025           0.275     1.050     1.510     2.148     2.726     5.005    16.089    22.970
1897.001    196002         0    195993           0.282     1.178     1.654     2.310     2.845     4.188     6.222    11.002
1898.001    195995         0    196004           0.258     1.223     1.710     2.388     2.933     4.579    10.625    17.957
1899.001    195968         0    195973           0.265     1.255     1.748     2.445     3.033     4.473     6.840    11.911
1900.001    196045         0    196035           0.281     1.360     1.885     2.650     3.250     4.563     6.443     9.773
1901.001    195979         0    195962           0.264     1.195     1.687     2.349     2.861     4.076     6.033    10.600
1902.001    195991         0    196015           0.266     1.227     1.748     2.517     3.172     4.669     6.750    10.641
1903.001    196019         0    196025           0.263     1.176     1.657     2.329     2.853     4.147     6.062    10.928
1904.001    195849         0    195841           0.274     1.311     1.882     2.701     3.402     5.059     7.623    12.419
1905.001    196081         0    196078           0.235     1.327     1.897     2.789     3.623     6.296    10.117    18.760
1906.001    196083         0    196090           0.278     1.338     1.887     2.720     3.424     5.091     7.786    11.608
1907.001    195952         0    195939           0.294     1.266     1.786     2.521     3.111     4.493     6.963    13.140
1908.001    195997         0    195999           0.278     1.247     1.796     2.642     3.351     5.120     8.511    14.467
1909.001    195990         0    195989           0.287     1.266     1.810     2.630     3.336     4.964     7.274    12.567
1910.001    196008         0    196003           0.287     1.373     1.937     2.755     3.422     5.050     8.032    16.654
1911.001    196000         0    195998           0.282     1.434     2.059     3.025     3.805     5.886    11.813    21.250
1912.001    196066         0    196084           0.279     1.253     1.791     2.587     3.254     5.071     9.273    17.629
1913.001    195972         0    195972           0.279     1.225     1.720     2.421     2.992     4.366     7.049    19.612
1914.001    195993         0    196004           0.265     1.176     1.680     2.396     2.992     4.555     7.287    14.197
1915.001    195992         0    195976           0.278     1.147     1.627     2.318     2.910     4.760     8.593    20.414
1916.001    196042         0    196031           0.271     1.180     1.669     2.351     2.951     5.149    12.222    30.900
1917.001    195922         0    195914           0.269     1.126     1.620     2.322     2.961     5.829    13.992    35.586
1918.001    196097         0    196112           0.266     1.120     1.585     2.232     2.783     4.792    11.682    34.243
1919.001    195962         0    195966           0.258     1.197     1.721     2.513     3.254     6.541    12.370    39.223
1920.001    195954         0    195969           0.271     1.247     1.794     2.634     3.377     5.747    11.354    35.193
1921.001    196035         0    196005           0.275     1.250     1.790     2.589     3.252     4.870     7.770    21.266
1922.001    195933         0    195943           0.257     1.274     1.859     2.836     3.680     5.923    10.134    17.056
1923.001    196032         0    196037           0.296     1.347     1.927     2.910     3.832     5.812     8.905    13.500
1924.001    195984         0    195991           0.281     1.261     1.765     2.490     3.097     4.796     9.855    15.639
1925.001    196084         0    196058           0.278     1.231     1.757     2.574     3.404     8.602    15.122    23.069
1926.001    196029         0    196034           0.288     1.155     1.655     2.396     3.060     4.723     7.184    13.083
1927.001    195903         0    195926           0.255     1.320     1.835     2.542     3.111     4.444     6.693    11.739
1928.001    196098         0    196073           0.282     1.245     1.764     2.484     3.043     4.321     6.201    11.370
1929.001    196001         0    196025           0.265     1.180     1.661     2.331     2.830     3.979     5.628     8.831
1930.001    195969         0    195951           0.284     1.122     1.601     2.249     2.748     3.940     5.845     8.389
1931.001    196019         0    196012           0.284     1.170     1.661     2.331     2.843     3.994     5.718     8.872
1932.001    195981         0    196000           0.282     1.202     1.695     2.367     2.882     4.051     5.665     9.601
1933.001    196016         0    196008           0.280     1.197     1.702     2.390     2.925     4.170     6.029    10.691
1934.001    196011         0    196025           0.256     1.231     1.749     2.456     3.004     4.403     7.328    12.083
1935.001    196028         0    196017           0.272     1.111     1.588     2.232     2.726     3.957     6.029    11.944
1936.001    195951         0    195954           0.278     1.166     1.653     2.318     2.814     4.149     6.480    11.821
1937.001    195993         0    195985           0.286     1.341     1.891     2.634     3.242     4.911     7.631    12.534
1938.001    195945         0    195947           0.281     1.412     1.971     2.779     3.457     5.362     8.348    13.656
1939.001    196029         0    196034           0.269     1.378     1.931     2.726     3.365     4.968     7.578    12.370
1940.001    196070         0    196043           0.272     1.212     1.722     2.429     2.980     4.358     6.623    12.820
1941.001    195988         0    196008           0.275     1.219     1.730     2.415     2.941     4.231     6.455    21.447
1942.001    195980         0    195980           0.297     1.220     1.730     2.441     3.006     4.534     8.356    15.360
1943.001    196022         0    196022           0.295     1.367     1.950     2.869     3.650     5.595     8.610    15.663
1944.001    196035         0    196026           0.237     1.206     1.692     2.374     2.910     4.231     6.435    11.641
1945.001    195838         0    195864           0.290     1.194     1.707     2.462     3.111     5.321    10.330    23.626
1946.001    196116         0    196108           0.291     1.186     1.718     2.540     3.344     6.685    12.526    27.771
1947.001    196012         0    195993           0.280     1.236     1.743     2.501     3.144     5.100    11.338    28.328
1948.001    196019         0    196041           0.287     1.157     1.646     2.357     2.990     5.296    11.444    32.915
1949.001    196017         0    196005           0.270     1.168     1.661     2.378     2.968     4.481     6.812    15.000
1950.001    195977         0    195978           0.267     1.183     1.669     2.361     2.914     4.260     6.865    15.679
1951.001    195955         0    195953           0.272     1.300     1.836     2.591     3.185     4.542     7.197    14.483
1952.001    196017         0    196028           0.259     1.349     1.957     2.898     3.690     5.755    12.435    20.791
1953.001    195958         0    195947           0.277     1.436     2.058     2.978     3.752     5.718     8.659    13.836
1954.001    196093         0    196067           0.265     1.324     1.891     2.732     3.404     5.100     7.938    12.861
1955.001    195935         0    195977           0.267     1.300     1.876     2.740     3.445     5.313    14.434    20.644
1956.001    196018         0    196016           0.293     1.237     1.776     2.544     3.129     4.604    10.306    18.924
1957.001    195985         0    195983           0.265     1.203     1.724     2.470     3.037     4.370     6.762    12.075
1958.001    196048         0    196020           0.254     1.310     1.842     2.617     3.197     4.428     6.447    10.920
1959.001    195973         0    196000           0.255     1.305     1.844     2.585     3.142     4.469     6.947    12.558
1960.001    196028         0    196029           0.270     1.183     1.692     2.410     2.992     4.600     7.868    13.353
1961.001    195991         0    195978           0.262     1.091     1.577     2.220     2.691     3.875     5.845    10.928
1962.001    195999         0    196001           0.274     1.097     1.547     2.142     2.587     3.693     5.521    10.519
1963.001    196034         0    196038           0.276     1.106     1.563     2.185     2.666     3.844     5.530     9.257
1964.001    195984         0    195984           0.259     1.314     1.823     2.511     3.039     4.264     6.255    11.198
1965.001    196015         0    196019           0.271     1.269     1.804     2.552     3.131     4.481     6.394    12.706
1966.001    195963         0    195957           0.270     1.214     1.713     2.398     2.916     4.104     6.013    12.886
1967.001    196044         0    196040           0.278     1.182     1.683     2.376     2.902     4.106     6.279    15.188
1968.001    196026         0    196020           0.282     1.109     1.606     2.290     2.808     4.164     6.861    11.592
1969.001    195927         0    195942           0.278     1.129     1.628     2.331     2.871     4.164     6.509    12.935
1970.001    196057         0    196055           0.255     1.012     1.453     2.024     2.484     3.574     5.239     8.462
1971.001    195994         0    195987           0.268     1.068     1.513     2.081     2.507     3.521     7.647    26.542
1972.001    196010         0    196017           0.267     1.116     1.622     2.337     2.957     5.186    12.616    25.805
1973.001    195963         0    195966           0.246     1.172     1.688     2.427     3.066     4.997     9.863    29.393
1974.001    195956         0    195960           0.286     1.305     1.869     2.810     3.641     6.529    13.967    31.031
1975.001    196115         0    196097           0.262     1.086     1.549     2.202     2.755     4.768    10.035    26.984
1976.001    195890         0    195891           0.251     1.127     1.628     2.400     3.090     5.018     8.831    20.742
1977.001    196071         0    196080           0.266     1.124     1.663     2.492     3.183     5.345    13.394    20.955
1978.001    195921         0    195925           0.276     1.272     1.888     2.824     3.607     5.448     8.905    19.890
1979.001    195993         0    195986           0.283     1.431     2.114     3.217     4.069     6.001     8.749    14.565
1980.001    196057         0    196066           0.275     1.338     1.962     2.908     3.652     5.349     7.770    15.286
1981.001    195920         0    195920           0.267     1.154     1.730     2.619     3.367     5.149     8.331    31.785
1982.001    196077         0    196072           0.267     1.100     1.695     2.771     3.815     7.377    19.350    26.886
1983.001    195989         0    195989           0.256     1.145     1.663     2.423     3.000     4.387     6.554    11.125
1984.001    196048         0    196058           0.263     1.135     1.627     2.320     2.836     4.082     5.845    10.306
1985.001    196015         0    196003           0.261     1.044     1.530     2.200     2.722     4.039     5.825    10.502
1986.001    195908         0    195917           0.279     1.154     1.668     2.392     2.974     4.461     6.853    11.919
1987.001    195945         0    195953           0.271     1.291     1.880     2.806     3.602     5.472     8.012    14.729
1988.001    196162         0    196130           0.291     1.377     1.978     2.939     3.721     5.751     9.404    15.188
1989.001    195897         0    195905           0.272     1.250     1.875     2.836     3.682     6.193    10.461    27.132
1990.001    196101         0    196118           0.274     1.160     1.719     2.609     3.408     5.763    10.387    21.709
1991.001    196010         0    195999           0.250     1.034     1.497     2.126     2.628     3.955     6.476    15.761
1992.001    195985         0    195979           0.277     0.989     1.450     2.072     2.642     6.230    14.762    40.862
1993.001    195977         0    195986           0.268     1.060     1.536     2.230     2.912     7.045    14.721    32.539
1994.001    195986         0    195978           0.276     1.048     1.523     2.222     2.904     8.032    18.989    55.968
1995.001    195924         0    195915           0.262     1.091     1.564     2.318     3.176    10.428    28.934    71.500
1996.001    196154         0    196157           0.263     1.060     1.532     2.275     3.080     9.445    24.003    64.618
1997.001    195961         0    195974           0.257     0.974     1.426     2.060     2.666     6.324    15.753    33.538
1998.001    196047         0    196042           0.291     1.127     1.638     2.386     3.021     5.243    11.903    37.749
1999.001    195989         0    195991           0.254     1.066     1.538     2.198     2.730     4.272     8.131    19.743
2000.001    195983         0    195991           0.268     1.055     1.522     2.132     2.568     3.557     5.124     9.322
2001.001    195912         0    195910           0.260     1.124     1.651     2.486     3.205     5.157     8.430    17.613
2002.001    196072         0    196063           0.268     1.197     1.723     2.501     3.162     5.001     8.405    16.409
2003.001    195974         0    195981           0.262     1.161     1.673     2.394     2.943     4.293     6.504    11.305
2004.001    196042         0    196035           0.269     1.144     1.636     2.343     2.896     4.276     6.414    16.777
2005.001    195794         0    195777           0.273     1.390     2.035     3.305     4.665     8.741    12.976    20.087
2006.001    196142         0    196173           0.257     1.352     1.957     2.896     3.643     5.349     9.503    18.891
2007.001    195997         0    195995           0.280     1.225     1.747     2.525     3.121     4.407     6.320    10.805
2008.001    196068         0    196061           0.272     1.067     1.562     2.243     2.755     4.041     5.972     9.847
2009.001    196003         0    196002           0.273     1.072     1.563     2.230     2.742     4.043     6.033     8.937
2010.001    195916         0    195932           0.254     1.228     1.798     2.566     3.209     4.702     6.771    11.444
2011.001    196042         0    196039           0.273     1.287     1.892     2.933     3.973     7.287    11.411    18.514
2012.001    195935         0    195920           0.261     1.277     1.888     3.299     5.325    10.158    15.761    25.100
2013.001    196136         0    196142           0.289     1.204     1.780     2.677     3.656     7.885    12.517    21.447
2014.001    195933         0    195947           0.278     1.090     1.593     2.290     2.832     4.145     6.504    13.689
2015.001    196070         0    196055           0.280     1.081     1.572     2.241     2.746     3.969     6.210    11.821
2016.001    195996         0    195994           0.259     0.965     1.421     2.002     2.456     3.525     5.448    10.346
2017.001    196005         0    196005           0.270     1.089     1.589     2.273     2.798     4.301     7.225    17.711
2018.001    195864         0    195872           0.285     1.076     1.569     2.339     3.060     5.734    11.616    28.344
2019.001    196103         0    196075           0.269     1.185     1.723     2.615     3.537     6.754    12.059    27.345
2020.001    195958         0    195984           0.265     1.070     1.569     2.363     3.246     8.258    18.285    45.777
2021.001    196065         0    196067           0.271     0.989     1.468     2.290     3.437     9.929    23.052    54.526
2022.001    196011         0    195999           0.254     0.997     1.478     2.257     3.291     9.183    21.758    67.961
2023.001    195925         0    195926           0.264     1.121     1.621     2.441     3.365     7.823    15.475    40.108
2024.001    196115         0    196118           0.263     0.978     1.455     2.138     2.734     5.018    10.715    30.392
2025.001    195955         0    195971           0.263     0.982     1.459     2.114     2.650     4.801    10.494    27.361
2026.001    195969         0    195974           0.282     1.067     1.538     2.171     2.675     4.190     7.447    13.918
2027.001    195988         0    195975           0.255     1.168     1.691     2.410     2.998     4.846    10.732    28.492
2028.001    196039         0    196043           0.263     1.022     1.478     2.088     2.595     3.844     5.816    14.500
2029.001    196022         0    196019           0.268     1.043     1.532     2.189     2.664     3.879     5.669     9.970
2030.001    196013         0    196003           0.262     1.014     1.480     2.080     2.542     3.682     5.399     9.257
2031.001    195938         0    195949           0.264     1.063     1.536     2.181     2.646     3.740     5.407     8.200
2032.001    196046         0    196038           0.273     1.199     1.703     2.421     2.978     4.309     7.291    33.587
2033.001    196004         0    195997           0.251     1.153     1.697     2.372     2.865     4.035     5.882     9.216
2034.001    196023         0    196035           0.244     1.061     1.539     2.173     2.628     3.777     6.349    22.151
2035.001    195963         0    195971           0.281     1.146     1.648     2.327     2.824     4.018     5.931    11.821
2036.001    195977         0    195980           0.272     1.106     1.627     2.343     2.892     4.223     6.132     9.724
2037.001    196077         0    196059           0.276     1.115     1.605     2.257     2.728     3.813     5.300     8.065
2038.001    195955         0    195961           0.275     1.069     1.577     2.253     2.738     3.983     6.132    10.863
2039.001    196024         0    195996           0.270     1.093     1.601     2.279     2.769     3.983     5.796     9.077
2040.001    195995         0    196019           0.261     1.175     1.688     2.410     2.968     4.436     6.869    15.401
2041.001    196002         0    195980           0.265     1.201     1.713     2.437     2.982     4.305     6.631    31.097
2042.001    195991         0    196018           0.265     1.150     1.677     2.458     3.052     4.461     6.525    10.781
2043.001    195981         0    195976           0.271     1.158     1.690     2.398     2.914     4.223     6.418    12.419
2044.001    196040         0    196046           0.260     1.077     1.589     2.267     2.750     3.881     5.616    11.772
2045.001    195974         0    195972           0.262     1.070     1.585     2.277     2.793     4.088     6.431    15.655
2046.001    195982         0    195958           0.271     1.032     1.570     2.451     3.373     7.057    13.943    57.311
2047.001    196047         0    196051           0.273     1.018     1.549     2.415     3.308     6.562    12.362    38.568
2048.001    195967         0    195995           0.264     1.038     1.582     2.546     3.582     7.234    12.567    25.281
2049.001    196005         0    195999           0.252     0.967     1.444     2.241     3.314     7.561    14.598    35.848
2050.001    196035         0    196025           0.278     1.002     1.484     2.251     3.068     6.545    12.902    29.098
2051.001    196039         0    196029           0.266     1.031     1.523     2.300     3.111     6.320    11.928    25.919
2052.001    195934         0    195953           0.268     1.001     1.476     2.212     3.006     6.599    12.845    29.147
2053.001    196059         0    196046           0.274     1.010     1.463     2.109     2.699     6.304    16.859    47.219
2054.001    195913         0    195926           0.253     0.994     1.467     2.140     2.689     4.841    10.273    23.577
2055.001    196021         0    196011           0.263     1.083     1.590     2.296     2.824     4.180     6.722    16.073
2056.001    196020         0    196035           0.259     1.110     1.634     2.374     2.939     4.264     6.578    13.279
2057.001    195976         0    195975           0.261     1.116     1.672     2.566     3.367     5.984    11.477    20.611
2058.001    196066         0    196057           0.266     1.031     1.522     2.195     2.750     4.399     8.172    15.901
2059.001    195984         0    195997           0.264     0.978     1.474     2.175     2.718     4.100     5.960    10.215
2060.001    195970         0    195974           0.260     1.063     1.564     2.263     2.796     4.082     6.025    12.321
2061.001    196013         0    196004           0.268     1.007     1.505     2.195     2.732     4.090     6.009     9.667
2062.001    195981         0    195961           0.270     1.071     1.581     2.292     2.861     4.231     6.148     9.347
2063.001    196009         0    196035           0.268     1.186     1.701     2.421     2.966     4.184     5.870     9.478
2064.001    196003         0    195991           0.265     1.160     1.714     2.511     3.178     4.895     7.786    14.418
2065.001    195991         0    195979           0.278     1.061     1.574     2.284     2.830     4.157     5.988    10.756
2066.001    196030         0    196032           0.275     1.094     1.637     2.408     3.006     4.624     7.574    13.902
2067.001    195991         0    195996           0.240     1.117     1.651     2.378     2.925     4.231     6.005     9.421
2068.001    195955         0    195968           0.271     1.150     1.708     2.456     3.052     5.018    39.223    48.333
2069.001    196036         0    196017           0.278     1.150     1.677     2.367     2.863     3.979     5.841    15.524
2070.001    195983         0    195996           0.269     1.219     1.750     2.482     3.029     4.264     6.124    11.764
2071.001    196061         0    196044           0.283     1.180     1.684     2.388     2.886     4.022     5.599     8.634
2072.001    195930         0    195960           0.276     1.155     1.697     2.456     3.027     4.375     6.328    18.661
2073.001    196038         0    196040           0.272     1.172     1.700     2.480     3.158     5.317     8.188    13.697
2074.001    196021         0    195990           0.286     1.151     1.697     2.531     3.234     4.915     7.487    18.530
2075.001    195987         0    196015           0.276     1.100     1.659     2.490     3.199     5.104     8.114    14.541
2076.001    196006         0    195990           0.273     1.113     1.697     2.607     3.387     5.620     9.290    19.251
2077.001    195898         0    195905           0.247     1.198     1.841     2.945     3.922     6.959    11.370    21.201
2078.001    196079         0    196084           0.248     1.144     1.737     2.791     3.854     8.045    15.499    35.095
2079.001    195973         0    195940           0.285     1.253     1.934     3.156     4.293     8.430    14.385    33.309
2080.001    196021         0    196032           0.278     1.080     1.677     2.619     3.353     5.177     8.077    15.434
2081.001    196040         0    196052           0.280     1.093     1.657     2.578     3.447     6.640    11.846    21.496
2082.001    195984         0    195983           0.287     1.215     1.757     2.501     3.054     4.399     6.435    11.436
2083.001    195926         0    195907           0.259     1.236     1.792     2.576     3.183     4.624     6.734    12.993
2084.001    196160         0    196177           0.257     1.038     1.540     2.257     2.857     4.530     7.303    14.508
2085.001    195948         0    195937           0.271     0.985     1.475     2.183     2.763     4.186     6.418    10.215
2086.001    196068         0    196049           0.277     1.016     1.510     2.206     2.757     4.098     6.083    11.829
2087.001    195897         0    195934           0.268     1.066     1.567     2.271     2.847     4.219     6.070     9.830
2088.001    196039         0    196040           0.271     1.218     1.779     2.595     3.207     4.530     6.566    10.224
2089.001    195935         0    195934           0.288     1.034     1.544     2.259     2.806     4.155     6.107    11.526
2090.001    196044         0    196050           0.254     1.094     1.599     2.300     2.836     4.276     7.078    17.547
2091.001    196034         0    196012           0.271     1.034     1.524     2.181     2.673     3.877     5.759    12.050
2092.001    195978         0    195978           0.257     1.059     1.562     2.275     2.863     4.850     7.950    13.279
2093.001    195968         0    195979           0.278     1.153     1.666     2.367     2.884     4.092     5.931    11.198
2094.001    196049         0    196049           0.273     1.054     1.555     2.220     2.710     3.903     6.193    21.234
2095.001    195969         0    195950           0.266     1.028     1.511     2.140     2.607     3.721     5.452     9.232
2096.001    196058         0    196064           0.244     0.988     1.465     2.082     2.554     3.654     5.407    10.330
2097.001    195964         0    195979           0.264     0.967     1.439     2.026     2.484     3.473     4.858     8.167
2098.001    196060         0    196048           0.251     1.053     1.545     2.202     2.693     3.897     5.616     8.724
2099.002    195984         0    195988           0.256     1.029     1.533     2.218     2.740     3.971     5.984    10.478
2100.001    195980         0    195990           0.265     0.998     1.506     2.208     2.748     4.061     5.804     8.757
2101.001    195933         0    195918           0.266     1.052     1.558     2.251     2.787     4.184     6.570    30.196
2102.001    196030         0    196038           0.281     1.247     1.821     2.769     3.580     5.825     9.044    15.761
2103.001    195966         0    195962           0.265     1.306     1.948     2.963     3.791     5.710     8.086    12.329
2104.001    196094         0    196092           0.269     1.188     1.764     2.599     3.244     4.862     7.557    13.124
2105.001    195943         0    195935           0.273     1.046     1.558     2.228     2.734     3.963     5.763     9.798
2106.001    196026         0    196025           0.260     0.970     1.458     2.093     2.570     3.709     5.419     8.946
2107.001    196005         0    196019           0.261     0.989     1.481     2.198     2.841     5.407    13.894    73.335
2108.001    195933         0    195931           0.278     0.926     1.396     2.058     2.699     5.231    10.486    26.788
2109.001    196056         0    196067           0.253     1.049     1.555     2.314     3.113    10.019    24.822    82.379
2110.001    196012         0    195997           0.265     0.972     1.444     2.090     2.691     5.595    12.263    32.686
2111.001    196007         0    196022           0.249     1.125     1.612     2.249     2.712     3.869     6.857    15.360
2112.001    195968         0    195962           0.268     1.077     1.556     2.187     2.656     3.908     7.606    23.708
2113.001    196029         0    196029           0.259     0.975     1.493     2.263     2.877     4.751     8.733    25.248
2114.001    195998         0    196003           0.253     1.050     1.558     2.208     2.677     3.768     5.427    10.437
2115.001    196012         0    195999           0.273     1.062     1.551     2.212     2.703     3.871     5.595    11.764
2116.001    196068         0    196065           0.257     0.994     1.475     2.093     2.572     3.766     6.164    12.927
2117.001    195958         0    195976           0.268     0.952     1.426     2.022     2.484     3.506     5.001     9.454
2118.001    195962         0    195952           0.240     0.964     1.446     2.032     2.497     3.469     4.895     9.953
2119.001    196041         0    196049           0.282     0.945     1.431     2.029     2.494     3.549     5.100     7.754
2120.001    195939         0    195947           0.260     0.951     1.442     2.057     2.568     3.965    11.297    43.319
2121.001    196034         0    196025           0.255     1.012     1.487     2.114     2.597     3.768     5.546    11.133
2122.001    195992         0    195995           0.266     1.180     1.697     2.447     3.056     4.858     7.610    11.977
2123.001    196023         0    196025           0.261     1.002     1.525     2.263     2.857     4.690     8.188    14.647
2124.001    195971         0    195968           0.245     0.979     1.484     2.171     2.681     3.912     5.800    11.239
2125.001    196030         0    196024           0.283     1.086     1.606     2.370     2.963     4.362     6.500    11.444
2126.001    196012         0    196017           0.266     0.973     1.471     2.150     2.673     3.938     5.751    10.248
2127.001    195971         0    195946           0.261     1.006     1.516     2.220     2.750     4.035     5.874     9.339
2128.001    195991         0    196018           0.266     0.978     1.483     2.195     2.738     4.141     6.042    10.101
2129.001    196027         0    196005           0.249     1.171     1.720     2.507     3.123     4.575     6.607    10.748
2130.001    196022         0    196036           0.258     0.932     1.443     2.152     2.697     3.996     5.886     8.774
2131.001    195990         0    196007           0.270     0.970     1.485     2.224     2.793     4.239     6.869    17.236
2132.001    195978         0    195970           0.260     1.179     1.724     2.494     3.090     4.690     7.049    11.370
2133.001    196029         0    196029           0.272     1.070     1.610     2.425     3.172     6.300    13.771    21.938
2134.001    196000         0    195996           0.275     0.973     1.461     2.120     2.626     3.951     6.996    19.726
2135.001    196033         0    196030           0.256     0.929     1.424     2.159     2.773     4.411     6.889    14.860
2136.001    195987         0    195982           0.271     1.000     1.514     2.267     2.941     5.636    13.320    46.432
2137.001    195970         0    195989           0.280     0.951     1.448     2.206     2.955     5.448     9.445    19.005
2138.001    195948         0    195921           0.251     0.956     1.454     2.267     3.174     8.733    21.807    55.575
2139.001    196006         0    196018           0.250     0.871     1.343     2.255     3.688    15.335    36.307    72.548
2140.001    195987         0    195980           0.248     0.935     1.447     2.380     3.701    15.614    36.536    87.622
2141.001    195993         0    195997           0.283     1.070     1.603     2.548     3.881    17.170    47.219   129.040
2142.001    195923         0    195933           0.258     1.067     1.616     2.537     3.785    15.974    36.438    90.374
2143.001    196153         0    196147           0.255     0.979     1.489     2.304     3.219     9.552    26.427    88.998
2144.001    196013         0    196001           0.269     0.940     1.428     2.183     2.996     9.740    28.066    93.520
2145.001    195958         0    195983           0.250     1.074     1.588     2.337     2.949     4.952     9.167    23.675
2146.001    196042         0    196026           0.276     1.269     1.792     2.556     3.166     4.964    10.609    31.244
2147.001    195964         0    195963           0.264     0.984     1.514     2.343     3.168     7.025    16.392    44.794
2148.001    196050         0    196029           0.265     0.911     1.397     2.179     3.070     7.660    15.933    35.324
2149.001    195985         0    195993           0.266     0.965     1.476     2.181     2.742     4.141     6.537    11.125
2150.001    195979         0    195994           0.275     1.135     1.642     2.335     2.865     4.170     6.541    16.843
2151.001    195990         0    195978           0.268     1.079     1.589     2.353     3.052     5.620    10.011    17.859
2152.001    196077         0    196084           0.263     1.060     1.566     2.253     2.783     4.143     6.771    15.032
2153.001    195972         0    195972           0.246     0.995     1.503     2.138     2.632     3.768     5.390     8.962
2154.001    195973         0    195978           0.280     1.026     1.556     2.333     2.990     4.731     7.946    14.803
2155.001    196000         0    195985           0.269     1.106     1.645     2.454     3.109     4.895     8.397    14.795
2156.001    196021         0    196036           0.279     1.114     1.626     2.316     2.839     4.043     5.648     8.864
2157.001    196009         0    196005           0.259     1.041     1.580     2.294     2.822     4.078     5.878     8.430
2158.001    195991         0    195983           0.260     0.963     1.492     2.251     2.841     4.338     7.008    12.517
2159.001    195974         0    195998           0.239     0.939     1.457     2.234     2.855     4.440     6.881    12.329
2160.001    195999         0    195991           0.280     1.089     1.674     2.558     3.213     4.686     6.746    13.058
2161.001    196048         0    196047           0.272     1.060     1.602     2.349     2.908     4.301     6.488    33.309
2162.001    195979         0    195983           0.266     1.100     1.664     2.441     3.037     4.424     6.296    11.166
2163.001    196009         0    196002           0.288     1.072     1.644     2.462     3.064     4.506     6.480    11.878
2164.001    196038         0    196029           0.255     1.098     1.663     2.535     3.277     5.177     8.511    18.498
2165.001    195903         0    195927           0.268     1.151     1.689     2.451     3.037     4.538     7.623    23.265
2166.001    196085         0    196055           0.271     1.000     1.510     2.218     2.796     4.510     7.864    20.218
2167.001    195969         0    196000           0.251     0.945     1.437     2.086     2.607     3.957     6.889    17.334
2168.001    196060         0    196042           0.257     0.912     1.443     2.277     3.090     5.804    10.912    28.262
2169.001    195930         0    195924           0.262     0.918     1.414     2.331     3.885     9.396    19.333    51.642
2170.001    195899         0    195921           0.268     1.115     1.708     2.963     5.222    12.739    26.001    72.417
2171.001    196059         0    196050           0.274     0.926     1.443     2.484     4.547    13.591    32.571   103.875
2172.001    195988         0    195992           0.268     0.878     1.350     2.365     5.353    16.278    37.585   104.137
2173.001    195989         0    195975           0.277     0.931     1.436     2.564     5.988    18.563    47.448   123.601
2174.001    195983         0    195998           0.260     0.904     1.392     2.468     6.455    19.431    48.234   121.897
2175.001    195989         0    195977           0.245     1.058     1.582     2.734     5.456    17.744    42.402   123.470
2176.001    196083         0    196087           0.259     0.943     1.500     3.355     6.099    12.902    26.034    65.339
2177.001    196013         0    196016           0.278     0.934     1.462     2.707     4.887     9.888    17.383    33.538
2178.001    196074         0    196053           0.265     0.930     1.466     2.302     2.996     4.952     9.355    27.705
2179.001    195952         0    195964           0.248     0.902     1.405     2.095     2.609     3.887     5.878    15.294
2180.001    196033         0    196027           0.241     1.056     1.568     2.220     2.714     3.949     6.074    15.139
2181.001    195975         0    196001           0.258     0.984     1.505     2.204     2.728     3.973     5.902     9.322
2182.001    195989         0    195973           0.261     1.040     1.596     2.372     2.937     4.268     5.956     9.118
2183.001    196031         0    196026           0.255     1.164     1.729     2.523     3.095     4.375     6.156    11.043
2184.001    195910         0    195922           0.278     1.132     1.691     2.441     2.984     4.264     6.160     9.929
2185.001    196004         0    195987           0.260     1.300     1.874     2.675     3.281     4.825     7.209    12.370
2186.001    196113         0    196129           0.257     1.056     1.589     2.288     2.802     4.030     5.726     9.200
2187.001    195974         0    195975           0.255     1.011     1.522     2.148     2.615     3.713     5.267     8.626
2188.001    196011         0    195994           0.259     0.984     1.504     2.175     2.677     3.838     5.534     8.897
2189.001    196008         0    196015           0.256     0.986     1.521     2.271     2.861     4.370     7.127    14.336
2190.001    195967         0    195974           0.272     1.102     1.640     2.331     2.826     3.981     5.644     9.871
2191.001    196042         0    196039           0.235     1.150     1.702     2.382     2.865     3.942     5.472    10.174
2192.001    195992         0    196003           0.272     0.958     1.476     2.132     2.630     3.768     5.751    11.297
2193.001    195940         0    195941           0.287     1.020     1.583     2.296     2.816     4.024     5.943    10.576
2194.001    196015         0    196003           0.266     1.215     1.766     2.513     3.072     4.391     6.570    11.215
2195.001    196016         0    196030           0.270     1.096     1.628     2.322     2.845     4.157     6.676    17.564
2196.001    195940         0    195920           0.255     1.109     1.693     2.720     3.832     8.245    17.973    57.311
2197.001    196013         0    196025           0.268     0.965     1.519     2.664     4.243    10.002    20.316    60.228
2198.001    196068         0    196049           0.276     0.948     1.483     2.492     3.928     8.176    14.696    36.864
2199.001    195988         0    195997           0.260     0.945     1.473     2.337     3.439     9.454    21.152    46.137
2200.001    195964         0    195977           0.265     1.035     1.594     2.621     3.998    10.084    22.217    47.186
2201.001    196014         0    195999           0.280     0.973     1.521     2.638     4.153     9.363    19.841    62.816
2202.001    196040         0    196038           0.253     0.925     1.455     2.685     4.534    10.871    23.396    60.064
2203.001    195923         0    195910           0.278     0.949     1.507     2.761     4.698    12.067    28.017    73.466
2204.001    196032         0    196051           0.269     0.908     1.434     2.607     4.329     9.806    20.103    63.406
2205.001    195968         0    195985           0.266     0.959     1.494     2.626     4.301    10.576    25.526   105.316
2206.001    196092         0    196073           0.267     0.996     1.543     2.568     3.752     8.618    17.826    42.533
2207.001    196013         0    196021           0.251     0.995     1.580     2.593     3.660     6.857    12.435    31.359
2208.001    195966         0    195962           0.276     1.040     1.584     2.341     2.939     4.661     8.839    26.935
2209.001    196004         0    196008           0.274     1.025     1.547     2.226     2.732     3.922     5.833    13.328
2210.001    195967         0    195965           0.269     1.165     1.690     2.386     2.912     4.215     6.107     9.888
2211.001    196035         0    196039           0.286     1.064     1.595     2.314     2.859     4.207     6.431    15.016
2212.001    196039         0    196039           0.260     0.919     1.441     2.181     2.734     4.022     5.947    13.877
2213.001    196014         0    196014           0.247     0.998     1.534     2.212     2.736     4.168     8.139    25.264
2214.001    195972         0    195965           0.272     0.944     1.448     2.087     2.587     3.850     5.906    10.945
2215.001    196019         0    196018           0.272     1.065     1.579     2.243     2.734     4.030     6.570    13.902
2216.001    195975         0    195964           0.242     0.954     1.466     2.191     2.746     4.090     6.042     9.429
2217.001    196044         0    196055           0.261     1.003     1.544     2.292     2.851     4.223     6.357    13.418
2218.001    195973         0    195967           0.241     0.909     1.432     2.181     2.736     4.141     6.164    11.977
2219.001    196042         0    196047           0.270     0.941     1.468     2.157     2.699     4.057     6.398    11.543
2220.001    195962         0    195950           0.260     0.922     1.437     2.148     2.714     4.170     6.111     9.724
2221.001    196028         0    196036           0.272     1.057     1.587     2.269     2.761     3.944     6.070    30.786
2222.001    195982         0    195989           0.252     0.990     1.499     2.136     2.609     3.793     6.050    13.738
2223.001    195992         0    195995           0.272     0.996     1.523     2.187     2.681     3.842     5.591     9.888
2224.001    196015         0    196001           0.262     1.047     1.577     2.284     2.828     4.231     6.480    11.682
2225.001    196009         0    196012           0.274     0.925     1.447     2.134     2.652     3.910     5.747     9.118
2226.001    195994         0    196002           0.277     0.960     1.485     2.177     2.714     4.151     7.225    17.285
2227.001    195975         0    195958           0.271     0.930     1.477     2.439     3.492     8.659    22.757    65.700
2228.001    196049         0    196067           0.271     0.936     1.463     2.327     3.146     5.562    10.199    24.412
2229.001    195845         0    195838           0.247     0.895     1.396     2.253     3.389    10.445    29.327    72.942
2230.001    196019         0    196026           0.274     0.911     1.451     2.720     5.136    14.451    31.261    85.590
2231.001    195997         0    195973           0.259     0.989     1.585     3.279     6.746    16.466    33.751    96.076
2232.001    195920         0    195953           0.257     0.969     1.556     3.260     6.668    17.072    38.601    91.947
2233.001    196044         0    196042           0.274     1.082     1.710     3.351     6.975    17.629    39.682   103.023
2234.001    196023         0    196017           0.247     0.905     1.460     3.209     7.696    19.366    43.450   123.863
2235.001    196053         0    196052           0.268     0.888     1.431     3.052     5.861    14.746    32.621    96.731
2236.001    196044         0    196038           0.253     0.913     1.450     2.810     4.346     8.204    14.893    35.389
2237.001    195963         0    195962           0.239     0.864     1.338     2.245     3.363     7.967    17.400    44.040
2238.001    196046         0    196045           0.261     1.047     1.577     2.501     3.881    10.879    23.757    55.443
2239.001    196019         0    196009           0.267     0.870     1.336     2.189     3.529    10.052    21.561    49.873
2240.001    195994         0    195998           0.261     0.907     1.401     2.214     3.518     9.904    22.561    82.117
2241.001    195960         0    195975           0.271     1.116     1.679     2.482     3.162     5.235    10.150    34.079
2242.001    196070         0    196068           0.262     0.938     1.471     2.179     2.701     3.916     5.595     8.757
2243.001    195929         0    195940           0.264     1.013     1.565     2.263     2.810     4.456    12.222    34.636
2244.001    196016         0    196004           0.236     1.021     1.586     2.302     2.824     4.096     5.816    11.698
2245.001    196048         0    196033           0.265     0.959     1.494     2.191     2.699     3.953     5.947    12.026
2246.001    196042         0    196058           0.259     0.911     1.380     1.982     2.462     3.598     5.378     8.831
2247.001    196009         0    196003           0.256     0.900     1.368     1.993     2.486     3.715     5.566     9.495
2248.001    196012         0    195993           0.260     0.873     1.332     1.925     2.396     3.564     5.329    11.272
2249.001    195935         0    195966           0.267     0.885     1.357     1.969     2.458     3.619     5.304     9.208
2250.001    196023         0    195999           0.257     1.009     1.542     2.243     2.759     4.086     5.951     9.642
2251.001    195960         0    195973           0.253     0.979     1.523     2.226     2.748     4.018     5.915     9.658
2252.001    196001         0    195990           0.257     1.027     1.548     2.193     2.666     3.770     5.345     8.905
2253.001    196017         0    196033           0.264     0.970     1.499     2.138     2.613     3.721     5.403     8.405
2254.001    196007         0    195996           0.256     0.990     1.522     2.189     2.681     3.799     5.513     9.396
2255.001    195996         0    196011           0.257     1.018     1.513     2.185     2.722     4.084     6.066    11.829
2256.001    196003         0    195993           0.256     1.058     1.571     2.220     2.691     3.793     5.415     8.585
2257.001    196022         0    196029           0.257     0.931     1.456     2.144     2.654     3.906     5.784    11.010
2258.001    195987         0    195980           0.275     0.965     1.445     2.013     2.445     3.510     5.353     9.167
2259.001    195970         0    195953           0.250     1.207     1.748     2.521     3.148     4.649     6.730    10.748
2260.001    196069         0    196082           0.278     1.087     1.608     2.271     2.785     3.992     5.702    10.740
2261.001    195976         0    195983           0.268     0.966     1.451     2.025     2.468     3.504     5.063     8.397
2262.001    195955         0    195960           0.266     0.998     1.484     2.096     2.605     3.946     6.623    13.877
2263.001    195943         0    195942           0.243     1.014     1.613     2.939     4.747     9.937    19.071    49.021
2264.001    196008         0    196012           0.273     0.920     1.485     2.662     4.739    10.748    21.004    45.711
2265.001    196017         0    196011           0.272     0.874     1.403     2.890     5.202    11.215    22.118    64.782
2266.001    196019         0    196012           0.247     0.926     1.456     3.342     6.271    14.803    33.309    93.782
2267.001    196017         0    196004           0.258     0.863     1.348     2.849     4.940    11.166    22.970    52.920
2268.001    196032         0    196048           0.252     0.857     1.325     2.152     3.213     7.512    15.729    40.960
2269.001    195995         0    196003           0.257     0.866     1.367     2.232     3.148     7.586    18.907    63.701
2270.001    196028         0    196027           0.262     0.926     1.465     2.185     2.701     3.975     5.845    12.845
2271.001    196003         0    195987           0.258     0.884     1.405     2.165     2.728     4.260     8.212    23.151
2272.001    196024         0    196036           0.250     0.866     1.381     2.126     2.683     4.035     6.148    10.346
2273.001    195995         0    195989           0.249     0.899     1.410     2.063     2.562     3.729     5.534     9.273
2274.001    196001         0    196016           0.246     0.897     1.405     2.046     2.550     3.709     5.317     9.503
2275.001    196015         0    195993           0.265     0.878     1.373     1.937     2.392     3.459     5.616    19.366
2276.001    195980         0    195989           0.247     0.900     1.398     1.966     2.425     3.457     5.104    11.248
2277.001    196004         0    196004           0.258     0.972     1.468     2.025     2.454     3.387     4.731     8.139
2278.001    195989         0    195980           0.259     0.883     1.375     1.945     2.402     3.432     4.981     8.749
2279.001    195998         0    196024           0.266     1.031     1.529     2.107     2.566     3.604     5.206    15.196
2280.001    196015         0    195998           0.243     0.907     1.426     2.157     2.865     6.271    13.042    26.935
2281.001    195869         0    195853           0.262     0.892     1.420     2.365     3.647     8.479    17.875    42.664
2282.001    196151         0    196172           0.268     0.841     1.325     2.142     3.408     8.749    18.612    54.624
2283.001    195914         0    195908           0.262     0.845     1.348     2.484     4.342    10.363    21.987    60.359
2284.001    195919         0    195922           0.275     0.890     1.456     3.246     6.820    17.302    37.356    90.440
2285.001    196147         0    196152           0.270     0.877     1.398     2.769     5.554    13.967    31.015    95.289
2286.001    195945         0    195924           0.263     0.893     1.428     2.574     5.317    15.352    41.550   130.220
2287.001    196038         0    196056           0.262     0.886     1.420     2.738     5.095    12.050    24.986    84.607
2288.001    195977         0    195973           0.241     0.850     1.350     2.243     3.564     9.396    20.136    60.916
2289.001    196022         0    196029           0.272     0.865     1.363     2.187     3.414    10.838    25.035    66.126
2290.001    196045         0    196040           0.258     1.018     1.524     2.152     2.632     3.795     5.997    12.354
2291.001    195936         0    195943           0.258     0.870     1.353     1.966     2.435     3.535     5.411    10.150
2292.001    196077         0    196072           0.266     1.031     1.581     2.439     3.277     5.972    11.723    27.673
2293.001    195980         0    195978           0.262     0.973     1.470     2.073     2.527     3.566     5.124     8.311
2294.001    195992         0    195986           0.261     1.099     1.656     2.466     3.133     5.112     9.912    23.790
2295.001    195960         0    195958           0.276     1.183     1.784     2.718     3.492     6.017     9.994    19.644
2296.001    195990         0    195994           0.277     1.092     1.684     2.480     3.064     4.403     6.349    10.117
2297.001    196065         0    196064           0.268     1.081     1.673     2.484     3.084     4.497     6.582    14.557
2298.001    196003         0    196011           0.265     0.912     1.444     2.163     2.677     3.955     5.784     9.249
2299.001    195996         0    195992           0.270     0.903     1.449     2.183     2.705     3.963     5.890    10.830
2300.001    196018         0    196022           0.264     0.883     1.409     2.114     2.623     3.805     5.378     9.699
2301.001    196004         0    195978           0.275     0.978     1.543     2.370     3.052     4.768     7.942    16.024
2302.001    195929         0    195947           0.265     1.010     1.559     2.298     2.812     4.071     5.894    10.592
2303.001    196050         0    196062           0.255     0.992     1.543     2.277     2.791     4.039     5.968    10.732
2304.001    195958         0    195956           0.268     0.953     1.537     2.441     3.152     5.009     8.188    14.811
2305.001    196074         0    196058           0.265     0.903     1.499     2.478     3.289     5.427     9.249    21.021
2306.001    195984         0    195991           0.270     0.891     1.417     2.154     2.675     3.990     6.095    14.868
2307.001    196015         0    196020           0.262     0.965     1.547     2.408     3.125     5.280     9.994    25.494
2308.001    195990         0    195992           0.251     0.862     1.373     2.122     2.640     3.912     5.657     8.913
2309.001    195969         0    195966           0.259     0.978     1.534     2.238     2.742     4.000     5.988    11.280
2310.001    196009         0    196014           0.268     0.969     1.526     2.263     2.779     4.090     5.812     8.069
2311.001    195998         0    195990           0.243     0.912     1.471     2.208     2.744     4.037     6.017    13.599
2312.001    196024         0    196024           0.260     0.888     1.442     2.290     3.101     5.935    11.428    27.476
2313.001    196007         0    196001           0.236     0.890     1.410     2.269     3.373     7.021    13.337    37.454
2314.001    195974         0    195969           0.230     0.873     1.432     2.449     3.779     8.462    16.261    50.102
2315.001    195997         0    196007           0.261     0.899     1.450     2.408     3.928    10.068    21.692    54.755
2316.001    196020         0    196028           0.259     0.866     1.393     2.408     4.289    12.272    28.508    89.915
2317.001    195942         0    195941           0.271     0.841     1.345     2.253     3.123     6.758    14.868    36.045
2318.001    196112         0    196111           0.264     0.906     1.444     2.216     2.933     5.640    11.780    28.672
2319.001    195939         0    195936           0.274     0.895     1.432     2.111     2.632     3.969     6.345    14.746
2320.001    195974         0    195972           0.256     0.895     1.428     2.374     3.684     7.999    15.286    29.098
2321.001    196065         0    196066           0.259     0.829     1.337     2.298     3.381     6.971    12.976    30.065
2322.001    196002         0    195999           0.258     0.860     1.369     2.079     2.607     3.996     6.844    20.120
2323.001    195977         0    195976           0.257     0.873     1.385     1.996     2.466     3.535     5.149     8.634
2324.001    196032         0    196018           0.261     0.834     1.322     1.995     2.580     4.252     7.819    18.514
2325.001    195970         0    195984           0.263     0.911     1.434     2.148     2.701     4.119     6.709    15.655
2326.001    196031         0    196033           0.270     0.892     1.396     1.950     2.382     3.334     4.788    12.452
2327.001    196009         0    196011           0.264     0.855     1.351     1.999     2.503     3.650     5.456    11.813
2328.001    195964         0    195970           0.256     0.952     1.507     2.208     2.707     3.944     5.820    11.706
2329.001    196006         0    196001           0.249     0.892     1.437     2.146     2.644     3.842     5.603    11.043
2330.001    196062         0    196054           0.258     0.941     1.503     2.200     2.707     3.926     5.931    13.746
2331.001    195909         0    195923           0.272     0.891     1.402     2.070     2.615     4.194     8.151    21.283
2332.001    195999         0    195990           0.262     0.892     1.411     2.226     3.217     6.681    12.804    26.575
2333.001    196039         0    196037           0.266     0.946     1.532     2.488     3.312     5.841    10.961    29.213
2334.001    195999         0    196011           0.260     0.930     1.480     2.185     2.673     3.852     5.575    11.461
2335.001    195996         0    195999           0.243     0.859     1.386     2.247     2.972     5.677    11.895    35.881
2336.001    196018         0    196008           0.263     0.849     1.374     2.187     3.043     8.405    19.513    64.061
2337.001    196043         0    196038           0.264     0.874     1.392     2.037     2.509     3.578     5.145     7.893
2338.001    195985         0    195982           0.269     0.804     1.273     1.928     2.425     3.555     5.366     9.257
2339.001    196009         0    196020           0.261     0.851     1.357     2.001     2.490     3.623     5.296     9.380
2340.001    195947         0    195946           0.271     0.978     1.525     2.195     2.681     3.805     5.403     8.180
2341.001    196003         0    196003           0.247     1.078     1.613     2.261     2.734     3.863     5.947    31.818
2342.001    196057         0    196054           0.264     0.931     1.461     2.094     2.572     3.719     5.550    11.239
2343.001    195959         0    195949           0.263     0.871     1.404     2.140     2.765     4.723     9.077    19.890
2344.001    196012         0    196036           0.258     0.839     1.347     2.224     3.248     6.701    12.288    28.459
2345.001    195875         0    195869           0.263     0.919     1.466     2.367     3.211     6.337    13.246    35.160
2346.001    196031         0    196010           0.271     0.941     1.493     2.720     4.653    11.108    23.265    48.169
2347.001    195993         0    195999           0.258     1.004     1.611     3.174     4.891    10.093    20.988    53.608
2348.002    196070         0    196044           0.268     0.912     1.503     2.929     4.665     9.314    17.498    39.518
2349.001    196028         0    196055           0.274     0.840     1.371     2.562     3.987     8.937    18.907    53.281
2350.001    195873         0    195888           0.282     0.940     1.559     3.068     4.674     9.036    16.941    37.880
2351.001    196037         0    196034           0.243     0.895     1.506     3.615     6.148    13.074    26.477    66.879
2352.001    196028         0    196028           0.245     0.905     1.487     3.305     5.730    13.312    28.951    69.337
2353.001    196036         0    196035           0.263     0.983     1.556     2.542     3.623     7.193    14.418    29.835
2354.001    196021         0    196015           0.224     0.906     1.482     2.343     3.088     6.652    18.072    59.605
2355.001    196032         0    196025           0.253     0.952     1.487     2.183     2.671     3.805     5.648     9.986
2356.001    195950         0    195966           0.234     0.843     1.357     2.210     3.164     6.664    14.451    38.830
2357.001    196051         0    196054           0.268     0.862     1.365     2.067     2.638     4.239     7.545    19.415
2358.001    195957         0    195960           0.267     0.967     1.525     2.304     2.966     4.882     8.856    20.070
2359.001    195990         0    195991           0.273     0.933     1.509     2.263     2.855     4.358     6.750    14.893
2360.001    196068         0    196050           0.248     1.036     1.591     2.320     2.818     4.024     5.730     9.118
2361.001    195982         0    195986           0.272     0.891     1.421     2.090     2.585     3.863     5.902    10.273
2362.001    195971         0    195977           0.269     0.946     1.481     2.144     2.615     3.740     5.382     9.576
2363.001    196025         0    196018           0.275     0.882     1.411     2.051     2.519     3.547     5.120     8.380
2364.001    196005         0    196012           0.249     0.932     1.468     2.198     2.824     4.714     8.569    21.676
2365.001    196044         0    196030           0.258     0.881     1.393     2.093     2.599     3.774     5.689    11.969
2366.001    195969         0    195979           0.255     0.867     1.422     2.292     2.953     5.439    17.514    54.723
2367.001    195982         0    195977           0.265     0.883     1.405     2.114     2.605     3.781     5.423     8.970
2368.001    196025         0    196005           0.261     0.902     1.400     2.173     2.781     4.403     7.565    17.236
2369.001    196002         0    196026           0.242     0.867     1.369     2.111     2.697     4.264     7.274    15.303
2370.001    195970         0    195962           0.267     1.076     1.615     2.445     3.488     7.315    11.141    20.464
2371.001    196005         0    196018           0.271     1.006     1.506     2.132     2.666     4.514     9.372    73.597
2372.001    196000         0    195992           0.267     1.027     1.609     2.382     2.980     4.534     8.684    22.184
2373.001    196035         0    196044           0.251     0.916     1.491     2.275     2.847     4.264     6.566    13.222
2374.001    195986         0    195979           0.243     0.880     1.457     2.208     2.730     4.026     6.140    16.065
2375.001    196039         0    196040           0.254     0.887     1.448     2.101     2.597     3.801     6.771    24.707
2376.001    195897         0    195888           0.260     0.877     1.458     2.503     3.828     7.119    12.419    34.177
2377.001    196055         0    196042           0.256     0.881     1.437     2.486     4.112     7.979    13.885    33.473
2378.001    196044         0    196070           0.253     0.873     1.421     2.292     3.138     5.575    10.060    21.512
2379.001    195966         0    195966           0.269     0.844     1.364     2.044     2.601     3.996     6.746    16.122
2380.001    196015         0    195993           0.266     0.946     1.509     2.204     2.697     3.807     5.456    10.445
2381.001    195978         0    195989           0.252     0.939     1.496     2.294     2.943     4.805     8.479    21.758
2382.001    195998         0    196010           0.240     0.843     1.353     2.075     2.662     4.727    15.180    44.597
2383.001    196059         0    196040           0.267     0.893     1.446     2.218     2.791     4.841    15.000    57.311
2384.001    195977         0    195993           0.262     0.828     1.342     2.016     2.503     3.631     5.349    12.444
2385.001    195912         0    195899           0.269     0.892     1.443     2.290     3.246    10.068    22.446    68.092
2386.001    196077         0    196080           0.270     0.830     1.362     2.435     4.086    12.485    30.917    90.833
2387.001    195972         0    195981           0.250     0.913     1.501     2.527     3.580     7.209    14.434    39.846
2388.001    196041         0    196027           0.251     0.841     1.406     2.806     4.411     9.863    20.349    52.593
2389.001    195941         0    195951           0.259     0.842     1.391     2.499     3.506     7.426    16.720    61.866
2390.001    195899         0    195903           0.268     0.866     1.462     3.125     5.575    13.165    29.327    92.209
2391.001    196116         0    196096           0.255     0.830     1.388     3.033     4.620     9.544    18.547    50.037
2392.001    196026         0    196036           0.246     0.917     1.525     3.215     4.833     9.757    21.070    48.398
2393.001    195889         0    195886           0.256     0.927     1.538     2.949     4.530    10.281    22.741    65.602
2394.001    196079         0    196090           0.247     0.859     1.427     2.523     3.830     9.290    26.067   126.026
2395.001    196013         0    196011           0.249     0.929     1.525     2.490     3.283     5.382     8.847    16.925
2396.001    196059         0    196060           0.239     0.980     1.545     2.339     2.908     4.289     6.472    12.214
2397.001    195966         0    195946           0.256     0.934     1.469     2.179     2.748     4.325     7.418    14.860
2398.001    195973         0    195996           0.257     0.989     1.567     2.292     2.861     4.530     8.368    26.771
2399.001    196037         0    196023           0.249     0.908     1.466     2.173     2.658     3.826     5.603     8.159
2400.001    196027         0    196032           0.259     0.912     1.442     2.154     2.669     3.922     5.804    10.084
2401.001    195966         0    195983           0.271     0.922     1.480     2.144     2.628     3.813     6.119    32.506
2402.001    196009         0    196001           0.265     1.027     1.575     2.253     2.744     3.916     5.681     8.049
2403.001    195998         0    195990           0.250     0.861     1.393     2.033     2.501     3.570     5.149     8.593
2404.001    196038         0    196029           0.262     0.902     1.462     2.195     2.796     5.255    12.427    42.500
2405.001    196023         0    196025           0.275     0.838     1.374     2.057     2.527     3.643     5.276     7.909
2406.001    195948         0    195958           0.266     0.813     1.321     2.159     2.892     5.800    13.017    32.981
2407.001    196008         0    196020           0.261     0.900     1.444     2.142     2.673     4.026     6.795    24.691
2408.001    195923         0    195921           0.257     0.893     1.449     2.238     2.955     6.627    22.069    98.894
2409.001    196101         0    196073           0.253     0.818     1.340     2.329     3.117     5.542    12.616    44.466
2410.001    196017         0    196025           0.259     0.848     1.382     2.070     2.574     3.762     5.603     8.946
2411.001    195980         0    195996           0.251     0.862     1.400     2.091     2.601     3.811     5.751     9.896
2412.001    196002         0    195989           0.256     0.841     1.371     2.079     2.619     4.010     6.730    15.548
2413.001    195980         0    195988           0.243     0.827     1.341     2.043     2.556     3.723     5.493     9.495
2414.001    195970         0    195973           0.230     0.906     1.459     2.230     2.818     4.289     6.660    12.517
2415.001    196048         0    196044           0.264     1.078     1.666     2.423     2.959     4.350     6.476    11.616
2416.001    196006         0    196018           0.255     0.921     1.504     2.241     2.761     4.035     6.267    13.484
2417.001    195987         0    195977           0.256     0.860     1.402     2.107     2.609     3.865     5.927    10.404
2418.001    196025         0    196034           0.249     0.808     1.305     1.979     2.472     3.664     5.706    15.401
2419.001    195995         0    195965           0.254     0.828     1.357     2.132     2.879     5.231    10.158    39.256
2420.001    196054         0    196057           0.256     0.827     1.342     2.055     2.634     4.342     8.585    20.972
2421.001    195916         0    195919           0.254     0.822     1.329     2.082     2.886     6.504    14.942    41.517
2422.001    195950         0    195951           0.261     0.845     1.389     2.351     3.609     8.536    18.072    58.982
2423.001    196037         0    196052           0.246     0.828     1.362     2.451     3.799     8.020    15.761    40.075
2424.001    195974         0    195972           0.242     0.853     1.404     2.449     3.795     8.167    15.761    42.238
2425.001    195945         0    195946           0.263     0.885     1.456     2.683     5.386    15.262    31.326    68.813
2426.001    196042         0    196037           0.220     0.847     1.407     2.480     4.020    11.002    23.642    80.871
2427.001    196085         0    196077           0.265     0.829     1.373     2.482     4.147     9.961    18.792    52.986
2428.001    196015         0    196022           0.259     0.916     1.500     2.372     3.105     5.022     8.090    21.578
2429.001    195959         0    195977           0.264     0.852     1.408     2.312     3.224     7.062    14.877    37.847
2430.001    195966         0    195954           0.259     0.893     1.490     2.562     4.440    12.517    25.690    68.485
2431.001    196080         0    196076           0.250     0.892     1.460     2.206     2.869     5.366    12.255    32.653
2432.001    196001         0    196007           0.261     0.889     1.430     2.083     2.570     3.789     5.767    12.902
2433.001    195985         0    195983           0.273     0.878     1.412     2.024     2.462     3.510     5.116    10.248
2434.001    195986         0    195977           0.262     0.903     1.481     2.275     2.857     4.264     6.210     9.732
2435.001    195972         0    195983           0.242     0.999     1.596     2.372     2.922     4.329     6.386    10.232
2436.001    196071         0    196066           0.236     1.032     1.620     2.392     3.023     4.657     7.143    12.558
2437.001    195986         0    195986           0.232     0.826     1.362     2.042     2.515     3.637     5.276     8.368
2438.001    196004         0    196014           0.256     0.824     1.335     2.014     2.490     3.596     5.272     9.216
2439.001    196026         0    195995           0.257     0.827     1.331     1.929     2.347     3.326     4.862     7.995
2440.001    195982         0    196006           0.257     0.845     1.374     2.050     2.523     3.658     5.251     8.266
2441.001    195997         0    195986           0.267     0.861     1.367     2.009     2.494     3.727     5.857    12.640
2442.001    195945         0    195952           0.249     1.019     1.543     2.259     2.853     4.764     8.651    16.261
2443.001    196032         0    196033           0.248     0.967     1.583     2.464     3.160     4.973     8.258    17.220
2444.001    196010         0    196018           0.264     0.848     1.423     2.761     4.432    10.134    19.972    49.185
2445.001    195974         0    195966           0.253     0.841     1.376     2.257     2.984     5.100     9.634    37.028
2446.001    196070         0    196072           0.260     0.816     1.339     2.187     2.761     4.141     6.369    12.485
2447.001    195976         0    195961           0.251     0.819     1.320     2.099     2.882     5.849    13.320    40.665
2448.001    196021         0    196036           0.258     0.815     1.325     2.059     2.640     4.317     8.278    24.494
2449.001    195991         0    195983           0.259     0.906     1.460     2.218     2.763     4.123     6.263    12.943
2450.001    196002         0    196012           0.249     0.834     1.349     2.064     2.540     3.656     5.399     8.774
2451.001    195982         0    195971           0.239     0.881     1.414     2.068     2.533     3.707     5.485     8.307
2452.001    196015         0    196022           0.255     0.902     1.456     2.169     2.728     4.428     8.561    22.413
2453.001    195992         0    195985           0.265     0.946     1.498     2.187     2.701     3.998     6.017    11.583
2454.001    196019         0    196040           0.258     0.866     1.421     2.116     2.617     3.813     5.734    11.092
2455.001    195977         0    195966           0.253     0.902     1.464     2.175     2.701     4.166     7.303    21.201
2456.001    196020         0    196016           0.272     0.855     1.396     2.152     2.740     4.428     8.086    23.233
2457.001    196015         0    196022           0.255     0.847     1.416     2.157     2.712     4.194     7.127    18.448
2458.001    195947         0    195945           0.258     0.835     1.388     2.265     2.945     5.157    10.469    23.314
2459.001    195975         0    195963           0.270     0.836     1.405     2.998     5.128    10.256    18.563    48.529
2460.001    195951         0    195967           0.262     0.818     1.370     3.258     5.345    11.198    24.904    79.102
2461.001    196031         0    196011           0.257     0.856     1.452     3.703     6.349    12.640    24.723    60.031
2462.001    195995         0    195999           0.231     0.859     1.436     3.875     6.566    12.493    22.135    51.741
2463.001    196104         0    196120           0.249     0.887     1.467     2.490     3.549     6.697    12.968    36.569
2464.001    196001         0    195989           0.247     0.852     1.406     2.218     2.890     5.030    10.756    38.142
2465.001    196015         0    196015           0.230     0.824     1.357     2.020     2.488     3.555     5.214     9.314
2466.001    195977         0    195985           0.238     0.843     1.372     2.007     2.462     3.486     4.964     7.700
2467.001    196018         0    196001           0.259     0.817     1.351     2.107     2.617     3.787     5.480    10.215
2468.001    195991         0    196002           0.252     0.909     1.480     2.234     2.781     4.317     6.668    11.387
2469.001    195988         0    195981           0.249     0.964     1.522     2.161     2.613     3.723     5.415    11.846
2470.001    196034         0    196024           0.256     0.852     1.405     2.054     2.513     3.586     5.263     8.446
2471.001    195984         0    196014           0.258     0.804     1.315     2.051     2.537     3.641     5.304     9.617
2472.001    196013         0    196001           0.252     0.843     1.399     2.128     2.601     3.744     5.403     9.732
2473.001    195959         0    195976           0.258     0.822     1.337     1.997     2.464     3.531     5.202     8.188
2474.001    196017         0    196002           0.242     0.929     1.488     2.208     2.714     3.955     5.759     9.191
2475.001    196011         0    196010           0.243     0.836     1.358     2.228     2.769     4.080     5.972    10.437
2476.001    196014         0    196008           0.259     0.886     1.404     2.109     2.615     3.828     6.033    11.248
2477.001    195992         0    195993           0.266     0.882     1.421     2.193     2.779     4.424     8.073    18.809
2478.001    196011         0    196017           0.259     0.841     1.365     2.380     3.152     5.042     8.618    20.414
2479.001    195913         0    195919           0.259     0.864     1.409     2.406     3.199     6.201    14.893    43.090
2480.001    196057         0    196061           0.249     0.825     1.322     2.468     3.615     7.127    13.885    30.015
2481.001    196023         0    196020           0.246     0.825     1.360     2.312     2.910     4.456     7.139    17.433
2482.001    195998         0    195967           0.256     0.791     1.293     2.304     2.943     5.239    12.730    34.144
2483.001    195964         0    195975           0.259     0.788     1.233     2.124     2.746     4.370     7.709    22.659
2484.001    196046         0    196045           0.247     1.013     1.648     2.556     3.209     5.140     9.732    30.966
2485.001    195981         0    196010           0.250     0.908     1.550     2.376     2.873     4.127     5.825     8.839
2486.001    195978         0    195966           0.245     0.864     1.463     2.339     2.896     4.329     6.676    13.558
2487.001    196044         0    196037           0.263     0.843     1.407     2.249     2.830     4.428     8.602    18.874
2488.001    196027         0    196027           0.259     0.860     1.452     2.228     2.722     3.869     5.612     8.667
2489.001    195920         0    195921           0.266     0.974     1.576     2.327     2.826     4.127     6.234    10.027
2490.001    196077         0    196086           0.258     0.892     1.491     2.261     2.763     3.977     5.874    13.074
2491.001    195930         0    195935           0.263     0.835     1.402     2.193     2.697     3.899     5.710    12.599
2492.001    196042         0    196032           0.261     0.840     1.422     2.259     2.830     4.334     6.935    16.130
2493.001    195935         0    195929           0.252     0.834     1.405     2.497     3.598     7.643    15.786    38.961
2494.001    196021         0    196019           0.232     0.796     1.335     2.638     4.911    12.780    26.952    88.670
2495.001    195982         0    195988           0.261     0.780     1.300     2.648     5.566    15.311    34.898   104.333
2496.001    195985         0    195968           0.259     0.806     1.363     2.654     5.632    16.761    33.849    83.296
2497.001    196048         0    196058           0.255     0.803     1.348     2.525     4.053    10.019    21.201    63.111
2498.001    196014         0    196017           0.246     0.802     1.335     2.478     4.063     8.978    16.876    39.518
2499.001    195997         0    195993           0.255     0.824     1.395     2.564     4.305     9.994    19.775    60.031
2500.001    196004         0    196011           0.258     0.811     1.367     2.429     3.424     6.717    13.124    45.908
2501.001    196078         0    196080           0.263     0.793     1.303     2.269     3.047     6.046    13.656    33.653
2502.001    195930         0    195933           0.265     0.961     1.589     2.474     3.095     4.637     7.672    19.644
2503.001    196023         0    196003           0.255     0.848     1.442     2.347     2.879     4.139     6.136    20.742
2504.001    195976         0    195999           0.254     0.820     1.369     2.222     2.755     4.080     6.377    15.729
2505.001    195994         0    195976           0.244     0.865     1.447     2.198     2.669     3.832     5.628    18.776
2506.001    196040         0    196047           0.256     0.900     1.494     2.255     2.728     3.895     5.751     9.175
2507.001    195982         0    195981           0.265     0.837     1.392     2.187     2.671     3.805     5.558     8.987
2508.001    196002         0    196012           0.252     0.865     1.443     2.198     2.685     3.840     5.485     8.749
2509.001    196005         0    196004           0.254     0.970     1.546     2.277     2.765     3.965     5.640    10.371
2510.001    196007         0    195991           0.235     0.893     1.466     2.232     2.736     4.129     6.861    18.383
2511.001    196019         0    196032           0.265     0.838     1.409     2.398     3.154     5.222     8.946    25.379
2512.001    195898         0    195891           0.269     0.839     1.376     2.355     3.596     7.795    16.228    59.802
2513.001    196003         0    196014           0.263     0.835     1.328     2.327     6.697    20.283    41.058   133.759
2514.001    196073         0    196052           0.270     0.836     1.334     2.302     4.399    10.797    22.675    60.162
2515.001    196049         0    196059           0.231     0.832     1.329     2.296     3.992     9.257    18.514    43.745
2516.001    195987         0    195994           0.248     0.903     1.444     2.230     2.943     5.280    10.895    32.539
2517.001    196012         0    196004           0.238     0.898     1.464     2.251     2.771     4.157     6.693    16.335
2518.001    195984         0    195988           0.267     0.951     1.574     2.439     3.015     4.403     6.951    19.137
2519.001    196008         0    195999           0.262     0.835     1.417     2.263     2.755     3.961     5.689    10.174
2520.001    196035         0    196035           0.259     0.835     1.418     2.503     3.408     5.964    11.059    27.345
2521.001    195949         0    195948           0.262     0.819     1.302     2.009     2.654     4.502     9.724    32.391
2522.001    196033         0    196047           0.241     0.797     1.266     2.175     3.389     7.606    14.868    35.848
2523.001    195995         0    195978           0.239     0.794     1.250     2.036     2.554     3.766     5.681    10.584
2524.001    195959         0    195977           0.270     0.853     1.390     2.224     2.761     4.022     6.083    12.911
2525.001    196028         0    196024           0.247     0.842     1.468     2.339     2.834     4.088     5.931     8.987
2526.001    196024         0    196012           0.266     0.789     1.328     2.241     2.796     4.159     6.341    13.648
2527.001    195987         0    195986           0.240     0.807     1.377     2.390     3.095     5.026     9.036    20.529
2528.001    195890         0    195902           0.250     0.846     1.436     2.460     3.332     6.468    13.902    34.439
2529.001    196034         0    196041           0.247     0.817     1.373     2.687     4.919    11.370    21.610    67.240
2530.001    196043         0    196037           0.259     0.791     1.334     2.675     4.583    10.764    20.808    50.332
2531.001    196028         0    196008           0.249     0.847     1.377     2.361     4.260    11.272    23.167    54.034
2532.001    195970         0    195989           0.240     0.860     1.392     2.324     3.586     6.709    11.993    23.970
2533.001    196030         0    196028           0.229     0.947     1.496     2.298     3.185     5.947    11.379    27.083
2534.001    196029         0    196028           0.267     0.882     1.408     2.144     2.796     4.645     7.873    14.893
2535.001    195984         0    195999           0.263     0.861     1.397     2.072     2.531     3.609     5.267    10.502
2536.001    196022         0    196009           0.260     0.857     1.374     2.014     2.447     3.449     4.907    10.330
2537.001    195998         0    196000           0.271     0.907     1.447     2.140     2.640     3.828     5.677    11.125
2538.001    195996         0    195983           0.253     0.851     1.334     1.933     2.394     3.498     5.173     9.519
2539.001    196023         0    196026           0.242     0.880     1.426     2.089     2.537     3.598     5.161     9.347
2540.001    195979         0    195977           0.250     0.806     1.383     2.198     2.693     3.879     5.612     9.789
2541.001    195989         0    196010           0.247     0.799     1.355     2.210     2.712     3.910     5.616     9.003
2542.001    196019         0    196010           0.250     0.806     1.381     2.263     2.781     4.002     5.886     9.789
2543.001    195947         0    195965           0.254     0.825     1.418     2.259     2.804     4.264     7.995    22.315
2544.001    196029         0    196021           0.244     0.826     1.408     2.251     2.820     4.231     6.590    11.903
2545.001    196032         0    196023           0.234     0.807     1.351     2.067     2.601     4.243     9.544    25.133
2546.001    196003         0    196009           0.262     0.824     1.378     2.080     2.531     3.580     5.124     9.781
2547.001    195940         0    195939           0.238     0.908     1.503     2.314     2.941     4.751     9.232    20.775
2548.001    196001         0    195996           0.239     0.905     1.539     2.626     3.713     6.885    12.812    24.969
2549.001    196007         0    196000           0.245     0.805     1.362     2.445     3.639     7.475    14.828    42.009
2550.001    196002         0    196004           0.266     0.803     1.379     3.107     5.034    11.821    24.101    50.102
2551.001    195974         0    195985           0.253     0.811     1.401     3.463     5.591    12.698    27.886    85.590
2552.001    195821         0    195808           0.261     0.803     1.406     4.731     7.627    18.858    51.085   154.927
2553.001    196009         0    196020           0.247     0.833     1.492     6.644    10.953    25.919    54.591   116.851
2554.001    195901         0    195891           0.265     0.837     1.501     6.767    11.559    25.281    49.840   103.023
2555.001    195982         0    196000           0.263     0.830     1.489     8.266    16.056    34.996    66.879   171.573
2556.001    196158         0    196145           0.246     0.806     1.458     7.266    13.697    32.506    65.831   136.708
2557.001    195986         0    195997           0.240     0.839     1.507     6.660    11.518    25.657    49.250   133.825
2558.001    196124         0    196115           0.267     0.831     1.466     4.411     7.561    16.794    36.504   115.868
2559.001    196030         0    196011           0.247     0.873     1.535     2.980     4.522     9.912    20.283    53.871
2560.001    196101         0    196091           0.257     0.880     1.475     2.474     3.461     7.655    21.168    61.964
2561.001    195953         0    195989           0.264     0.887     1.443     2.116     2.572     3.613     5.272     8.430
2562.001    196015         0    196011           0.265     0.861     1.416     2.189     2.691     3.877     5.857    10.543
2563.001    196003         0    195993           0.253     0.849     1.419     2.202     2.683     3.830     5.476    11.362
2564.001    196036         0    196045           0.265     0.872     1.456     2.142     2.603     3.678     5.272     8.970
2565.001    195991         0    196003           0.257     0.867     1.399     2.063     2.525     3.662     5.403     8.708
2566.001    195940         0    195923           0.261     0.985     1.551     2.222     2.712     3.955     5.956    10.510
2567.001    196027         0    196027           0.265     0.986     1.591     2.335     2.847     4.157     6.099    10.666
2568.001    195993         0    195999           0.258     0.838     1.428     2.224     2.726     3.924     5.632     8.536
2569.001    196027         0    196012           0.250     0.829     1.397     2.181     2.722     3.928     5.710     9.159
2570.001    196031         0    196050           0.252     0.845     1.426     2.173     2.675     3.897     5.640    11.248
2571.001    195905         0    195891           0.249     0.862     1.475     2.318     2.986     5.665    12.788    37.913
2572.001    196069         0    196088           0.234     0.789     1.330     2.298     3.056     5.579    11.944    41.222
2573.001    196038         0    196018           0.252     0.803     1.343     2.204     2.925    10.592    29.114    79.626
2574.001    195985         0    195993           0.248     0.786     1.302     2.064     2.554     3.656     5.337    10.904
2575.001    195815         0    195815           0.253     0.778     1.298     2.566     3.985    10.510    24.265    87.884
2576.001    196139         0    196139           0.267     0.797     1.374     2.775     4.231     9.437    19.317    56.426
2577.001    195993         0    195988           0.248     0.806     1.363     2.626     4.174    10.191    22.479    77.136
2578.001    195888         0    195886           0.269     0.780     1.305     2.859     6.926    19.546    40.829   101.974
2579.001    195851         0    195859           0.235     0.807     1.360     2.851     7.287    24.936    55.509   131.006
2580.001    196144         0    196153           0.247     0.807     1.368     2.863     7.795    24.805    59.441   147.980
2581.001    195994         0    195981           0.241     0.786     1.328     2.914     8.479    27.656    73.269   159.777
2582.001    195849         0    195862           0.247     0.801     1.373     2.990     8.872    31.932    92.799   167.248
2583.001    196147         0    196144           0.258     0.827     1.412     2.943     8.122    31.244    89.784   189.268
2584.001    196032         0    196005           0.250     0.798     1.339     2.497     8.569    25.281    53.576   109.904
2585.001    195966         0    195992           0.269     0.845     1.406     2.560     9.110    25.821    53.051   137.626
2586.001    195878         0    195869           0.259     0.966     1.613     3.142     7.668    23.740    50.561   119.603
2587.001    196140         0    196149           0.263     0.840     1.427     2.949     8.610    26.739    61.309   141.296
2588.001    196086         0    196068           0.248     0.879     1.525     3.054     6.472    16.810    41.648   107.217
2589.001    195927         0    195943           0.261     0.819     1.375     2.646     5.087    12.853    25.297    65.274
2590.001    196085         0    196064           0.257     0.778     1.279     2.482     5.706    15.368    39.354   111.477
2591.001    196038         0    196062           0.267     0.805     1.356     2.298     3.779    11.346    32.752   103.285
2592.001    196038         0    196012           0.253     0.803     1.371     2.587     3.785     8.004    17.138    54.919
2593.001    195995         0    196014           0.260     0.790     1.332     2.329     3.115     5.394    11.379    35.455
2594.001    195924         0    195930           0.255     0.816     1.386     2.435     3.459     7.688    16.990    54.034
2595.001    195945         0    195947           0.271     0.780     1.305     2.994     5.726    13.566    37.487   111.804
2596.001    196145         0    196127           0.234     0.842     1.444     2.380     3.441    11.411    25.919    87.032
2597.001    195955         0    195976           0.243     0.812     1.372     2.331     3.308     6.087    11.493    30.540
2598.001    195990         0    195983           0.236     0.779     1.285     2.075     2.656     4.534     9.052    23.085
2599.001    196067         0    196056           0.258     0.819     1.383     2.078     2.527     3.594     5.181     8.643
2600.001    195975         0    195993           0.251     0.853     1.433     2.157     2.626     3.731     5.386     9.044
2601.001    195998         0    195991           0.254     0.901     1.504     2.294     2.814     4.088     6.070     9.552
2602.001    196054         0    196062           0.268     0.872     1.464     2.275     2.849     4.788    11.018    34.963
2603.001    196006         0    195990           0.228     0.802     1.319     2.002     2.451     3.484     5.140     8.716
2604.001    195979         0    195986           0.263     0.810     1.345     2.092     2.599     3.772     5.640    10.060
2605.001    195985         0    195989           0.238     0.793     1.308     2.062     2.597     3.957     6.586    17.416
2606.001    195852         0    195849           0.254     0.801     1.408     3.830     6.935    14.508    31.212   114.622
2607.001    196105         0    196093           0.258     0.808     1.435     3.977     7.221    17.220    35.914    93.782
2608.001    195949         0    195927           0.246     0.780     1.335     3.711     7.766    21.676    46.334   108.069
2609.001    195947         0    195971           0.234     0.779     1.313     2.857     7.111    24.527    50.627   115.933
2610.001    195963         0    195969           0.261     0.807     1.389     3.213     6.324    18.039    37.356   112.787
2611.001    195962         0    195961           0.264     0.834     1.439     3.236     7.909    22.168    43.090   133.104
2612.001    196072         0    196061           0.264     0.839     1.461     4.020     8.741    25.182    53.248   147.063
2613.001    195979         0    195985           0.245     0.808     1.398     3.035     7.959    26.771    52.855   152.699
2614.001    196053         0    196045           0.248     0.843     1.496     4.366     9.830    25.231    54.985   130.613
2615.001    195908         0    195914           0.239     0.809     1.423     3.369     7.274    18.268    36.340    79.823
2616.001    196044         0    196046           0.251     0.812     1.468     3.805     8.151    23.740    57.967   160.694
2617.001    196171         0    196175           0.222     0.831     1.465     3.559     6.271    17.547    45.875   138.412
2618.001    195968         0    195971           0.263     0.802     1.376     2.578     3.508     5.976    10.838    25.477
2619.001    195950         0    195958           0.268     0.792     1.348     2.683     3.752     6.832    12.378    38.240
2620.001    196100         0    196094           0.239     0.776     1.314     2.689     3.830     8.913    21.266    64.848
2621.001    195999         0    196000           0.258     0.792     1.315     2.150     2.628     3.756     5.452    10.060
2622.001    196035         0    196027           0.243     0.805     1.360     2.175     2.648     3.754     5.423     8.253
2623.001    195973         0    195978           0.257     0.785     1.314     2.171     2.662     3.811     5.603     9.667
2624.001    196038         0    196024           0.257     0.824     1.396     2.181     2.669     3.795     5.620     9.437
2625.001    195909         0    195929           0.271     0.819     1.282     1.877     2.318     3.338     5.018     8.282
2626.001    196069         0    196038           0.246     0.893     1.446     2.116     2.583     3.680     5.304     8.438
2627.001    195993         0    196007           0.251     0.858     1.426     2.177     2.646     3.760     5.575     8.970
2628.001    195993         0    195981           0.262     0.891     1.449     2.116     2.572     3.645     5.112    10.011
2629.001    195996         0    196027           0.258     0.928     1.470     2.116     2.572     3.750     5.587     9.347
2630.001    196033         0    196016           0.258     0.851     1.369     2.078     2.552     3.738     5.575    10.142
2631.001    196007         0    196018           0.247     0.824     1.345     2.193     2.777     4.395     8.073    18.465
2632.001    195985         0    195985           0.269     0.862     1.389     2.142     2.695     4.127     6.554    12.698
2633.001    196048         0    196038           0.271     0.876     1.411     2.261     2.916     4.678     8.413    19.448
2634.001    195936         0    195951           0.250     0.829     1.384     2.245     2.746     3.967     5.796     9.798
2635.001    196029         0    196014           0.240     0.813     1.375     2.251     2.744     3.906     5.652     8.987
2636.001    195995         0    196004           0.245     0.794     1.278     2.048     2.607     4.168     9.290    23.036
2637.001    195991         0    196003           0.257     0.778     1.229     1.929     2.415     3.486     5.214     8.176
2638.001    195997         0    195976           0.233     0.850     1.410     2.175     2.669     3.854     5.542     9.183
2639.001    196020         0    196022           0.258     0.851     1.443     2.224     2.712     3.848     5.583     9.052
2640.001    195977         0    195987           0.253     0.830     1.432     2.310     2.826     4.102     5.980    11.526
2641.001    195887         0    195877           0.250     0.810     1.398     2.304     2.931     6.230    21.561    74.514
2642.001    196102         0    196087           0.263     0.779     1.311     2.361     3.092     7.442    26.673    74.252
2643.001    195854         0    195875           0.251     0.787     1.342     2.527     3.801    13.476    31.654    91.292
2644.001    196080         0    196084           0.231     0.784     1.334     3.451     6.201    16.679    38.076   108.397
2645.001    195989         0    195983           0.253     0.813     1.420     3.547     6.066    15.286    44.466   112.919
2646.001    196045         0    196039           0.248     0.801     1.416     3.172     5.464    12.321    24.871    77.595
2647.001    195854         0    195867           0.258     0.792     1.366     3.181     5.923    17.613    38.207    81.396
2648.001    196116         0    196118           0.258     0.806     1.415     3.568     6.205    14.017    29.065    79.823
2649.001    196004         0    196001           0.244     0.788     1.342     3.291     6.058    18.153    39.551   110.625
2650.001    196016         0    196001           0.263     0.777     1.320     3.467     6.087    16.466    41.058   111.149
2651.001    196073         0    196093           0.244     0.791     1.337     2.425     3.172     5.951    14.762    39.617
2652.001    195973         0    195958           0.232     0.818     1.397     2.474     3.283     5.943    11.370    32.489
2653.001    195913         0    195923           0.257     0.829     1.404     2.515     3.561     7.537    16.196    54.723
2654.001    196149         0    196145           0.240     0.860     1.436     2.204     2.742     4.436    10.338    45.941
2655.001    195952         0    195963           0.252     0.837     1.435     2.421     3.279     6.312    12.870    40.468
2656.001    196024         0    196003           0.250     0.863     1.444     2.478     3.521     7.479    15.426    48.464
2657.001    196005         0    196016           0.244     0.785     1.233     2.059     2.734     4.710     9.134    32.899
2658.001    195981         0    195972           0.251     0.764     1.178     2.171     3.289     7.717    17.646    73.204
2659.001    196030         0    196038           0.241     0.734     1.056     1.791     2.976     6.689    13.918    42.795
2660.001    196037         0    196039           0.253     0.733     1.046     1.602     2.195     3.949     6.906    13.713
2661.001    196001         0    196000           0.241     0.707     0.966     1.470     2.049     3.596     6.369    16.474
2662.001    196035         0    196025           0.258     0.740     1.069     1.572     2.008     3.162     5.353    14.672
2663.001    195983         0    195980           0.243     0.709     0.975     1.453     1.958     3.346     6.423    18.809
2664.001    196011         0    196009           0.251     0.744     1.099     1.622     2.031     3.097     4.723     9.691
2665.001    195934         0    195943           0.256     0.803     1.285     1.922     2.372     3.463     5.165     8.651
2666.001    196017         0    196011           0.262     0.856     1.451     2.279     2.906     6.808    21.185    67.568
2667.001    196015         0    196012           0.244     0.785     1.306     2.161     2.623     3.738     5.497     8.929
2668.001    195997         0    195988           0.249     0.805     1.388     2.488     3.287     6.418    12.976    41.288
2669.001    195976         0    196004           0.240     0.791     1.327     2.206     2.712     4.035     7.447    27.017
2670.001    196021         0    195981           0.264     0.816     1.372     2.214     2.701     3.850     5.628     8.593
2671.001    195953         0    195977           0.255     0.831     1.318     2.051     2.580     3.938     6.537    14.778
2672.001    196043         0    196062           0.250     0.808     1.283     2.039     2.566     3.791     5.943    14.295
2673.001    196019         0    196007           0.253     0.803     1.267     2.045     2.578     3.842     6.148    14.213
2674.001    195974         0    195970           0.249     0.782     1.222     1.945     2.435     3.488     5.222     8.626
2675.001    196040         0    196046           0.249     0.802     1.293     2.076     2.583     3.877     6.693    22.725
2676.001    195970         0    195966           0.237     0.802     1.372     2.177     2.652     3.713     5.353     8.528
2677.001    196042         0    196043           0.247     0.805     1.330     2.058     2.535     3.559     5.071     8.700
2678.001    195985         0    195994           0.260     0.798     1.287     1.954     2.429     3.555     5.546     8.798
2679.001    195970         0    195963           0.252     0.780     1.244     2.038     2.646     4.293     7.737    19.923
2680.001    195970         0    195967           0.252     0.880     1.531     2.527     3.365     6.681    15.000    61.637
2681.001    196027         0    196023           0.255     0.795     1.350     2.562     3.873     8.864    18.039    46.563
2682.001    195903         0    195904           0.267     0.773     1.287     2.427     3.281     6.988    14.172    30.474
2683.001    196082         0    196066           0.251     0.781     1.333     2.540     3.383     6.685    14.565    44.007
2684.001    195933         0    195964           0.251     0.834     1.431     2.966     4.596    10.437    20.464    44.925
2685.001    196029         0    196000           0.241     0.833     1.417     2.826     4.964    13.697    27.902    88.015
2686.001    195981         0    196004           0.256     0.813     1.336     2.691     4.661    12.116    23.626    62.751
2687.001    196044         0    196057           0.257     0.827     1.360     2.687     4.821    13.337    34.144   100.532
2688.001    195988         0    195970           0.259     0.822     1.352     2.580     3.942     8.593    16.957    48.234
2689.001    196031         0    196034           0.252     0.833     1.359     2.589     4.375    11.952    23.839    66.388
2690.001    195996         0    196004           0.252     0.815     1.349     2.556     3.889     8.585    18.366    58.032
2691.001    195960         0    195946           0.265     0.793     1.364     2.474     3.369     6.812    14.696    37.093
2692.001    196084         0    196078           0.244     0.766     1.234     2.531     4.198    10.641    23.020    64.487
2693.001    195958         0    195961           0.239     0.758     1.188     2.449     4.119    10.002    20.365    60.064
2694.001    196018         0    196036           0.253     0.736     1.105     2.296     3.492     8.311    17.924    51.511
2695.001    196019         0    196014           0.243     0.740     1.126     2.046     2.699     4.260     7.467    24.838
2696.001    195866         0    195860           0.250     0.771     1.214     2.169     3.097     8.397    21.774    65.110
2697.001    196192         0    196178           0.246     0.741     1.108     1.823     2.384     5.784    17.744    42.238
2698.001    195995         0    196027           0.249     0.738     1.065     1.569     1.907     2.771     4.112     6.210
2699.001    196004         0    195991           0.258     0.716     0.982     1.433     1.776     2.597     3.865     7.832
2700.001    196019         0    196014           0.249     0.710     0.968     1.419     1.798     2.857     4.911    13.935
2701.001    195993         0    195996           0.259     0.751     1.100     1.576     1.921     2.892     6.738    34.144
2702.001    195930         0    195915           0.253     0.822     1.289     1.905     2.556     4.911     7.999    14.131
2703.001    196067         0    196079           0.253     0.793     1.261     1.926     2.435     4.086     8.151    17.089
2704.001    195968         0    195955           0.252     0.744     1.127     1.838     2.320     3.338     5.034     9.970
2705.001    196007         0    196013           0.258     0.774     1.233     2.020     2.540     3.658     5.411    11.346
2706.001    195975         0    195981           0.240     0.848     1.401     2.134     2.595     3.654     5.276     8.962
2707.001    195970         0    195973           0.262     0.858     1.384     2.380     3.324     6.468    12.878    46.203
2708.001    196015         0    196011           0.249     0.812     1.320     2.304     3.049     5.353    10.224    26.853
2709.001    196037         0    196056           0.250     0.795     1.251     2.013     2.535     3.721     6.128    16.663
2710.001    195986         0    195971           0.252     0.805     1.274     1.976     2.447     3.439     5.136     8.454
2711.001    196031         0    196018           0.257     0.836     1.385     2.177     2.671     3.865     6.128    15.581
2712.001    195962         0    195973           0.232     0.804     1.353     2.142     2.599     3.615     5.214     8.643
2713.001    196061         0    196041           0.243     0.806     1.376     2.331     2.941     4.223     6.328    11.960
2714.001    196000         0    196016           0.236     0.751     1.171     1.942     2.447     3.500     5.169     8.118
2715.001    195980         0    195979           0.225     0.741     1.142     1.881     2.374     3.402     5.014     7.946
2716.001    196026         0    196019           0.251     0.773     1.220     1.919     2.408     3.432     4.944     8.520
2717.001    195966         0    195990           0.244     0.740     1.128     1.853     2.339     3.336     4.932     8.151
2718.001    195992         0    195989           0.243     0.855     1.446     2.183     2.652     3.785     5.493     9.765
2719.001    196020         0    196009           0.251     0.822     1.398     2.204     2.687     3.899     5.927    12.485
2720.001    195872         0    195878           0.262     0.783     1.339     2.304     2.879     4.686    12.321    33.243
2721.001    196095         0    196104           0.249     0.808     1.381     2.374     3.150     6.066    12.370    35.586
2722.001    195987         0    195965           0.256     0.775     1.320     2.404     3.099     5.411    10.617    24.297
2723.001    195993         0    195997           0.237     0.763     1.292     2.777     4.399    10.158    20.152    49.349
2724.001    195968         0    195975           0.249     0.759     1.280     2.884     4.436     9.773    22.495    68.682
2725.001    196019         0    196040           0.258     0.793     1.365     2.660     3.627     6.742    13.148    41.910
2726.001    196040         0    196007           0.261     0.792     1.360     2.572     3.428     6.550    12.730    32.440
2727.001    196003         0    196013           0.253     0.759     1.282     2.695     4.039    14.082    33.440    96.469
2728.001    195954         0    195961           0.250     0.809     1.391     2.564     3.508     7.586    17.236    60.391
2729.001    196001         0    196006           0.255     0.832     1.451     3.056     4.788     8.692    15.344    40.894
2730.001    196028         0    196029           0.235     0.841     1.455     2.796     4.469     8.221    14.615    33.309
2731.001    196023         0    196009           0.252     0.810     1.385     2.406     3.158     5.239     8.954    21.692
2732.001    196029         0    196037           0.247     0.764     1.290     2.257     2.865     4.444     7.504    17.629
2733.001    195980         0    195974           0.252     0.770     1.289     2.355     3.150     5.419    10.084    23.970
2734.001    196020         0    196014           0.257     0.796     1.324     2.030     2.474     3.449     5.116     8.323
2735.001    195988         0    195998           0.256     0.844     1.415     2.152     2.626     3.772     6.263    18.874
2736.001    196017         0    196020           0.248     0.849     1.397     2.079     2.519     3.578     5.145     8.585
2737.001    195999         0    195989           0.259     0.913     1.492     2.261     2.744     3.858     5.616     8.065
2738.001    195988         0    196001           0.252     0.848     1.405     2.154     2.611     3.738     5.521     8.921
2739.001    196004         0    196002           0.257     0.891     1.465     2.146     2.599     3.705     5.976    12.878
2740.001    196031         0    196014           0.252     0.766     1.260     1.979     2.421     3.414     4.948     8.094
2741.001    196001         0    196011           0.260     0.767     1.244     1.945     2.380     3.348     4.710     9.617
2742.001    195993         0    195981           0.257     0.762     1.252     2.103     2.640     4.041     6.898    18.465
2743.001    195941         0    195947           0.249     0.772     1.292     2.515     3.817     8.307    16.024    48.005
2744.001    196005         0    196007           0.248     0.759     1.267     2.546     3.983     9.257    19.628    76.415
2745.001    196018         0    196030           0.245     0.773     1.268     2.120     2.685     4.362    10.732    55.017
2746.001    196019         0    196028           0.256     0.778     1.304     2.181     2.750     4.145     6.599    16.204
2747.001    196026         0    195995           0.259     0.791     1.345     2.392     3.025     4.821     8.511    23.822
2748.001    195997         0    196017           0.265     0.792     1.347     2.249     2.740     3.875     5.652    12.468
2749.001    196007         0    195997           0.258     0.771     1.283     2.210     2.691     3.789     5.579    10.232
2750.001    196008         0    196000           0.258     0.833     1.417     2.279     2.777     3.979     5.960    11.420
2751.001    195996         0    196007           0.242     0.801     1.346     2.191     2.716     4.239    10.707    41.779
2752.001    195987         0    195966           0.253     0.780     1.320     2.284     2.804     4.090     6.320    15.229
2753.001    195990         0    196011           0.253     0.840     1.476     2.615     3.580     8.511    23.396    70.386
2754.001    195886         0    195885           0.242     0.809     1.392     2.664     3.705     8.253    19.333    60.817
2755.001    196104         0    196114           0.255     0.786     1.362     3.064     4.522     9.347    20.644    58.032
2756.001    196037         0    196017           0.252     0.778     1.321     2.972     4.538     9.560    18.940    46.563
2757.001    195879         0    195887           0.254     0.762     1.279     2.742     4.239    11.117    24.445    55.706
2758.001    195961         0    195970           0.255     0.783     1.367     4.395     7.283    15.262    31.097    93.061
2759.001    196049         0    196021           0.262     0.772     1.298     5.145     9.060    21.660    43.254   108.921
2760.001    195943         0    195982           0.253     0.783     1.347     3.897     6.173    12.419    28.115    89.653
2761.001    195960         0    195950           0.258     0.776     1.328     4.518     8.012    19.399    41.648    91.881
2762.001    196035         0    196027           0.259     0.774     1.310     3.394     8.462    26.362    58.458   130.941
2763.001    195933         0    195930           0.252     0.776     1.293     2.912     6.636    21.643    48.366   117.965
2764.001    196133         0    196131           0.257     0.781     1.339     2.834     5.374    16.687    37.880   122.749
2765.001    195948         0    195955           0.258     0.783     1.338     2.879     5.976    18.039    41.550   121.831
2766.001    196090         0    196086           0.255     0.792     1.372     2.927     5.493    14.541    29.688   131.006
2767.001    195934         0    195935           0.254     0.786     1.343     2.591     4.211    11.567    25.821    69.140
2768.001    196111         0    196113           0.255     0.776     1.319     2.583     3.842     8.978    21.053    59.703
2769.001    195960         0    195955           0.253     0.779     1.326     2.236     2.927     5.231    10.355    27.050
2770.001    196069         0    196084           0.247     0.765     1.265     2.109     2.683     4.583    12.960    39.682
2771.001    196024         0    196012           0.260     0.778     1.295     2.075     2.544     3.609     5.349    13.787
2772.001    196007         0    196017           0.242     0.764     1.257     1.993     2.435     3.406     4.919     8.757
2773.001    195997         0    195998           0.253     0.771     1.256     1.897     2.310     3.299     4.780     8.929
2774.001    196003         0    195997           0.246     0.735     1.105     1.688     2.049     2.970     4.424    11.362
2775.001    195966         0    195956           0.242     0.779     1.238     1.849     2.269     3.289     4.911     8.258
2776.001    196049         0    196055           0.254     0.826     1.412     2.091     2.533     3.566     5.202    10.469
2777.001    195979         0    195967           0.238     0.796     1.335     2.039     2.486     3.527     5.124     9.077
2778.001    196002         0    196009           0.254     0.853     1.430     2.122     2.591     3.748     5.665     9.519
2779.001    195972         0    195982           0.257     0.832     1.403     2.128     2.593     3.686     5.460    13.894
2780.001    196022         0    196023           0.260     0.812     1.380     2.202     2.675     3.770     5.386     8.970
2781.001    196033         0    196023           0.251     0.790     1.333     2.144     2.613     3.723     5.505     9.503
2782.001    195988         0    195982           0.249     0.793     1.342     2.206     2.675     3.817     5.591     9.617
2783.001    195978         0    195986           0.241     0.808     1.376     2.419     3.072     4.866     8.413    16.613
2784.001    196010         0    196014           0.257     0.813     1.383     2.259     2.820     4.354     7.881    19.841
2785.001    196012         0    195994           0.245     0.791     1.337     2.200     2.683     3.805     5.521     9.552
2786.001    196006         0    196030           0.230     0.765     1.274     2.132     2.654     3.846     5.857    13.795
2787.001    195977         0    195973           0.262     0.775     1.311     2.150     2.707     4.415     9.912    22.462
2788.001    196041         0    196028           0.243     0.839     1.437     2.241     2.722     3.783     5.456     9.961
2789.001    195945         0    195945           0.255     0.780     1.306     2.232     2.810     4.502     9.986    27.017
2790.001    196015         0    196028           0.249     0.784     1.330     2.320     3.011     6.234    16.490    39.453
2791.001    195980         0    195980           0.256     0.868     1.473     2.273     2.771     4.035     6.304    14.426
2792.001    196003         0    195993           0.254     0.804     1.375     2.435     3.463     8.503    17.646    44.433
2793.001    196012         0    196023           0.232     0.777     1.315     2.378     3.064     5.177    10.437    38.633
2794.001    195764         0    195752           0.251     0.780     1.345     3.095     4.698    11.108    26.575    79.495
2795.001    196221         0    196221           0.258     0.784     1.371     3.916     6.255    13.509    36.176   113.246
2796.001    195998         0    196009           0.262     0.784     1.356     2.642     3.576     6.337    12.698    32.948
2797.001    196023         0    196013           0.245     0.802     1.400     2.572     3.496     6.750    14.033    33.096
2798.001    196032         0    196050           0.256     0.769     1.311     2.527     3.461     6.918    13.926    34.013
2799.001    195859         0    195857           0.253     0.771     1.317     4.366     8.032    17.121    31.523    73.204
2800.001    195985         0    195973           0.253     0.779     1.354     4.037     8.081    19.595    41.026   104.071
2801.001    195981         0    195983           0.244     0.772     1.326     3.078     6.713    20.742    43.975   120.586
2802.001    196144         0    196150           0.257     0.767     1.316     2.916     5.386    20.038    48.169   132.186
2803.001    196024         0    196020           0.260     0.811     1.382     2.445     3.131     5.595    13.713    40.272
2804.001    196020         0    196024           0.256     0.812     1.367     2.269     2.789     4.094     6.980    21.791
2805.001    195984         0    195982           0.256     0.824     1.426     2.464     3.043     4.403     6.599    12.165
2806.001    196034         0    196028           0.249     0.771     1.308     2.216     2.697     3.772     5.468     9.118
2807.001    195984         0    195973           0.247     0.787     1.358     2.296     2.816     4.096     6.365    15.352
2808.001    195983         0    195999           0.253     0.780     1.326     2.234     2.707     3.838     5.554     8.700
2809.001    195981         0    195989           0.239     0.818     1.432     2.327     2.841     4.164     6.312    10.314
2810.001    196032         0    196025           0.253     0.843     1.452     2.302     2.804     4.045     6.177    16.638
2811.001    196031         0    196025           0.233     0.839     1.423     2.218     2.697     3.998     6.640    20.234
2812.001    196020         0    196000           0.254     0.766     1.273     2.061     2.644     7.188    21.135    72.352
2813.001    195830         0    195856           0.250     0.778     1.300     2.148     3.125    11.043    24.019    59.310
2814.001    196113         0    196120           0.249     0.749     1.219     2.480     4.272    12.116    26.067    71.369
2815.001    195985         0    195975           0.254     0.780     1.322     2.564     3.910     9.486    17.891    55.345
2816.001    196030         0    196037           0.254     0.757     1.281     2.638     3.674     7.344    14.893    32.850
2817.001    195911         0    195904           0.257     0.771     1.311     2.451     3.328     6.939    13.672    30.360
2818.001    196066         0    196074           0.247     0.786     1.327     2.908     6.550    18.973    37.978    97.845
2819.001    196090         0    196068           0.252     0.786     1.314     2.084     2.619     4.076     6.898    16.703
2820.001    195939         0    195947           0.251     0.801     1.310     2.064     2.669     4.850     9.134    22.561
2821.001    195966         0    195979           0.261     0.792     1.303     2.035     2.550     3.799     8.421    34.963
2822.001    196033         0    196029           0.243     0.859     1.459     2.206     2.707     3.920     5.988     9.814
2823.001    196007         0    196009           0.246     0.763     1.255     2.150     2.763     4.948    11.510    37.159
2824.001    196019         0    196023           0.249     0.771     1.281     2.020     2.486     3.543     5.177     8.364
2825.001    195885         0    195883           0.243     0.758     1.280     2.380     3.377     7.832    15.565    38.339
2826.001    196108         0    196115           0.256     0.755     1.256     2.435     3.322     7.807    17.596    43.975
2827.001    195770         0    195760           0.254     0.758     1.287     3.033     4.637     9.732    19.104    43.975
2828.001    195848         0    195849           0.250     0.825     1.560     4.854    10.445    30.671    79.954   165.413
2829.001    196164         0    196168           0.246     0.797     1.428     4.952    11.518    30.867    92.013   210.108
2830.001    195895         0    195900           0.254     0.754     1.273     3.578    11.141    28.885    58.032   141.689
2831.001    195855         0    195850           0.256     0.773     1.396     7.815    17.580    46.137    84.673   167.641
2832.001    196064         0    196060           0.260     0.767     1.329     6.099    14.361    36.307    71.172   151.650
2833.001    196000         0    195994           0.265     0.805     1.485     7.614    14.402    39.813    85.328   166.724
2834.001    195975         0    195964           0.245     0.766     1.371     7.983    14.860    36.930    75.956   155.714
2835.001    196029         0    196032           0.256     0.771     1.378     7.270    13.402    30.835    63.341   139.592
2836.001    196141         0    196147           0.249     0.818     1.499     6.316    11.821    30.573    63.275   144.441
2837.001    195800         0    195813           0.232     0.801     1.349     6.676    12.394    30.704    76.677   148.111
2838.001    196353         0    196343           0.258     0.801     1.330     3.099     5.607    15.901    44.827   160.563
2839.001    196077         0    196086           0.234     0.803     1.321     2.658     4.723    11.690    31.556   100.008
2840.001    195986         0    195986           0.251     0.790     1.276     2.456     4.219    10.207    20.857    54.034
2841.001    195941         0    195933           0.247     0.813     1.332     2.621     4.801    12.198    24.232    48.660
2842.001    196093         0    196091           0.255     0.810     1.384     2.775     4.952    12.829    26.968    96.600
2843.001    195978         0    195960           0.226     0.775     1.310     2.728     4.119     9.044    19.366    55.411
2844.001    196076         0    196101           0.243     0.746     1.162     2.103     3.709     9.200    20.496    56.001
2845.001    195952         0    195953           0.242     0.735     1.111     2.021     3.211     6.812    15.540    36.798
2846.001    195980         0    195979           0.258     0.730     1.097     2.074     2.935     5.792    13.001    38.109
2847.001    195981         0    195967           0.250     0.751     1.162     2.083     2.720     5.530    19.644    51.839
2848.001    196098         0    196102           0.248     0.742     1.153     1.997     2.611     4.817    15.565    70.779
2849.001    196011         0    196013           0.226     0.737     1.116     1.780     2.214     3.160     4.661     8.176
2850.001    195958         0    195954           0.245     0.790     1.265     1.950     2.417     3.516     5.267     9.847
2851.001    195991         0    196009           0.259     0.801     1.287     1.982     2.529     3.881     6.812    19.366
2852.001    196011         0    196009           0.244     0.824     1.410     2.238     2.740     3.959     5.960    14.328
2853.001    196008         0    196001           0.243     0.803     1.376     2.216     2.697     3.854     5.612    10.904
2854.001    195993         0    195993           0.239     0.777     1.316     2.214     2.714     3.858     5.583     9.183
2855.001    195975         0    195976           0.248     0.764     1.286     2.208     2.699     3.815     5.640     8.782
2856.001    196039         0    196032           0.244     0.779     1.325     2.241     2.728     3.850     5.566     8.536
2857.001    196013         0    196005           0.261     0.776     1.318     2.238     2.730     3.842     5.644     8.806
2858.001    196006         0    196008           0.252     0.754     1.271     2.212     2.693     3.803     5.476     9.093
2859.001    195978         0    195988           0.230     0.766     1.303     2.220     2.718     3.797     5.464     8.905
2860.001    196015         0    196007           0.250     0.772     1.307     2.238     2.728     3.885     5.562     9.716
2861.001    195995         0    195989           0.241     0.765     1.278     2.187     2.673     3.768     5.521     8.626
2862.001    196003         0    196017           0.249     0.782     1.345     2.247     2.748     3.863     5.575     9.290
2863.001    196018         0    196016           0.258     0.845     1.461     2.304     2.791     3.949     5.816    10.559
2864.001    195941         0    195951           0.245     0.785     1.336     2.302     2.957     8.380    30.212    91.488
2865.001    196035         0    196026           0.248     0.770     1.286     2.150     2.630     3.670     5.313     8.692
2866.001    195957         0    195963           0.232     0.779     1.339     2.458     3.410     9.085    24.101    70.910
2867.001    196063         0    196043           0.264     0.861     1.505     2.429     2.998     4.547     8.937    28.344
2868.001    196003         0    196025           0.238     0.770     1.318     2.429     3.297     5.640    10.043    31.130
2869.001    195963         0    195950           0.259     0.773     1.305     2.341     2.929     4.362     6.853    15.385
2870.001    195930         0    195937           0.250     0.765     1.311     3.187     5.042    10.396    20.824    61.112
2871.001    195918         0    195925           0.251     0.777     1.332     4.123     6.504    13.869    28.475    76.546
2872.001    196122         0    196084           0.248     0.799     1.358     2.916     5.317    14.336    30.179    81.789
2873.001    195952         0    195987           0.247     0.766     1.289     3.006     6.566    16.720    32.604    74.646
2874.001    196027         0    195997           0.243     0.750     1.244     2.892     6.242    18.498    44.138   121.438
2875.001    195943         0    195980           0.257     0.762     1.300     3.213     7.168    19.972    41.550   111.608
2876.001    195996         0    195974           0.241     0.785     1.374     3.025     7.229    20.218    44.958   123.666
2877.001    195993         0    196006           0.253     0.769     1.332     2.972     8.122    20.152    37.880    95.683
2878.001    195987         0    195989           0.247     0.769     1.320     2.947     8.487    23.888    45.711   121.438
2879.001    196091         0    196093           0.251     0.759     1.278     2.904     7.692    20.218    38.633   101.319
2880.001    195998         0    196011           0.250     0.751     1.256     2.980     6.603    18.727    38.470    87.163
2881.001    195877         0    195871           0.252     0.766     1.309     2.845     5.956    16.253    38.273    78.250
2882.001    196126         0    196118           0.242     0.756     1.276     2.818     6.324    20.496    52.232   145.228
2883.001    196080         0    196072           0.253     0.762     1.274     2.466     3.906    12.206    29.458    92.340
2884.001    195927         0    195924           0.241     0.748     1.246     2.558     4.608    10.977    20.201    49.938
2885.001    196085         0    196080           0.248     0.768     1.302     2.406     3.394     6.873    14.729    32.866
2886.001    196021         0    196004           0.240     0.760     1.272     2.243     3.107     6.599    14.729    40.698
2887.001    195913         0    195947           0.239     0.734     1.141     2.234     4.248    11.575    22.938    50.692
2888.001    196124         0    196098           0.244     0.739     1.120     1.877     2.716     5.825    11.436    34.931
2889.001    195876         0    195892           0.242     0.719     1.067     1.976     2.951     6.627    17.711    61.932
2890.001    196115         0    196115           0.247     0.755     1.198     2.193     3.555     7.950    17.842    51.675
2891.001    195985         0    195986           0.246     0.715     0.992     1.499     1.924     2.941     4.575     9.019
2892.001    195995         0    196003           0.253     0.717     1.025     1.584     2.177     4.049     8.167    19.038
2893.001    195978         0    195973           0.242     0.740     1.109     1.772     2.693     7.508    17.220    56.820
2894.001    195953         0    195947           0.252     0.758     1.197     1.931     2.458     3.856     6.844    17.285
2895.001    196049         0    196060           0.235     0.864     1.462     2.279     2.773     4.047     6.947    17.711
2896.001    195935         0    195933           0.249     0.774     1.324     2.451     3.150     4.952     8.438    24.510
2897.001    196075         0    196067           0.254     0.766     1.306     2.331     2.849     4.112     6.468    18.858
2898.001    196035         0    196035           0.230     0.767     1.285     2.055     2.509     3.502     5.128     9.986
2899.001    195970         0    195986           0.250     0.762     1.258     2.092     2.554     3.584     5.292     9.019
2900.001    195995         0    195993           0.259     0.757     1.253     2.171     2.652     3.734     5.415     7.832
2901.001    195998         0    196002           0.239     0.794     1.347     2.206     2.683     3.740     5.394     8.913
2902.001    196021         0    195998           0.252     0.795     1.355     2.273     2.763     3.934     5.919    10.904
2903.001    195990         0    196003           0.256     0.766     1.317     2.341     2.836     3.992     5.861     9.822
2904.001    196003         0    195986           0.255     0.766     1.291     2.271     2.771     3.967     6.021    11.657
2905.001    196012         0    196017           0.234     0.795     1.384     2.322     2.912     4.780    10.076    22.135
2906.001    195919         0    195924           0.248     0.876     1.541     2.544     3.240     5.337     9.470    24.773
2907.001    196011         0    196009           0.243     0.861     1.505     2.458     3.176     5.480    10.011    25.084
2908.001    196044         0    196061           0.250     0.803     1.416     3.000     5.526    15.245    31.785    86.508
2909.001    196061         0    196050           0.234     0.762     1.279     2.238     2.826     4.760    10.969    34.636
2910.001    195984         0    195984           0.257     0.758     1.257     2.398     3.391     8.962    23.085    64.389
2911.001    195943         0    195956           0.260     0.787     1.335     2.456     3.283     6.029    11.960    30.556
2912.001    196008         0    196010           0.252     0.793     1.346     3.406     4.809     8.626    16.278    50.463
2913.001    195946         0    195923           0.258     0.808     1.340     2.763     4.301    10.076    20.693    62.947
2914.001    195948         0    195968           0.249     0.809     1.352     5.464     9.585    19.005    33.948    79.823
2915.001    195965         0    195967           0.253     0.824     1.366     4.053     7.348    15.417    29.802    63.472
2916.001    196070         0    196053           0.250     0.826     1.334     2.787     5.988    16.663    34.505    91.292
2917.001    196030         0    196033           0.259     0.801     1.289     2.900     6.455    17.105    43.450   122.487
2918.001    195958         0    195962           0.249     0.808     1.375     3.084     6.853    20.414    40.993   109.773
2919.001    195972         0    195968           0.257     0.784     1.323     3.707     6.603    15.573    29.114    65.733
2920.001    195986         0    195986           0.256     0.833     1.474     3.398     6.246    14.164    25.838    55.869
2921.001    196001         0    196015           0.240     0.744     1.146     2.691     5.972    14.385    30.802    98.042
2922.001    196065         0    196042           0.243     0.736     1.153     2.976     6.222    15.761    32.539    99.025
2923.001    195969         0    195989           0.245     0.743     1.150     2.714     6.967    20.021    38.339    98.566
2924.001    195968         0    195963           0.262     0.740     1.133     2.644     5.513    14.074    31.605    87.687
2925.001    196077         0    196067           0.256     0.755     1.168     2.497     4.071    10.428    26.673    82.182
2926.001    196027         0    196040           0.241     0.731     1.104     2.560     4.016     8.303    17.449    52.167
2927.001    195883         0    195876           0.248     0.763     1.201     2.763     5.657    14.631    33.473   115.081
2928.001    196154         0    196153           0.241     0.734     1.107     2.691     5.124    12.616    28.148    89.457
2929.001    196039         0    196040           0.246     0.741     1.142     2.150     2.755     4.168     6.840    18.858
2930.001    196016         0    196030           0.245     0.741     1.145     2.279     3.258     6.472    12.919    28.246
2931.001    195912         0    195898           0.235     0.759     1.202     2.101     2.630     3.848     5.841    10.576
2932.001    196095         0    196087           0.259     0.891     1.533     2.542     3.199     4.940     8.180    19.251
2933.001    195955         0    195950           0.251     0.869     1.521     2.476     3.062     4.465     6.902    16.171
2934.001    196059         0    196061           0.260     0.859     1.484     2.482     3.111     4.825     8.659    26.182
2935.001    195917         0    195941           0.239     0.789     1.355     2.294     2.785     4.004     5.919    11.264
2936.001    195992         0    195982           0.260     0.796     1.388     2.376     2.908     4.366     7.332    16.253
2937.001    196092         0    196076           0.255     0.774     1.345     2.351     2.830     4.022     5.882    12.394
2938.001    195980         0    195986           0.249     0.795     1.379     2.406     3.066     6.218    13.001    28.967
2939.001    196006         0    196003           0.242     0.828     1.349     2.118     2.578     3.656     5.390    10.314
2940.001    195990         0    196000           0.249     0.794     1.281     2.116     2.636     4.008     6.742    16.663
2941.001    196000         0    196002           0.248     0.800     1.284     2.091     2.587     3.770    13.517    35.815
2942.001    196030         0    196008           0.248     0.786     1.250     2.080     2.578     3.670     5.431     8.733
2943.001    195939         0    195968           0.250     0.793     1.272     2.080     2.566     3.588     5.329    10.207
2944.001    196008         0    195996           0.255     0.818     1.384     2.306     2.800     3.971     5.849     8.798
2945.001    196060         0    196067           0.252     0.774     1.331     2.304     2.806     4.108     6.472    16.368
2946.001    196007         0    195993           0.256     0.766     1.269     2.296     2.941     4.477     7.344    18.022
2947.001    195942         0    195961           0.262     0.781     1.281     2.187     2.685     3.838     5.669    10.559
2948.001    196041         0    196029           0.242     0.793     1.373     2.351     2.861     4.119     6.009    12.001
2949.001    195910         0    195919           0.265     0.802     1.399     2.648     3.676     7.135    13.427    31.080
2950.001    196103         0    196091           0.241     0.776     1.320     2.558     3.303     5.485    10.134    30.802
2951.001    195934         0    195945           0.253     0.767     1.309     2.570     3.334     5.485     9.789    24.527
2952.001    195992         0    195984           0.262     0.802     1.359     2.492     3.441     6.111    11.411    27.066
2953.001    196027         0    196032           0.254     0.794     1.284     2.478     3.615     6.750    12.460    35.455
2954.001    196030         0    196033           0.241     0.780     1.184     2.120     3.492     7.549    14.672    42.664
2955.001    196029         0    196025           0.254     0.763     1.153     2.154     3.246     5.931    10.830    29.884
2956.001    195976         0    195973           0.255     0.727     1.064     2.014     3.045     5.431     9.445    19.104
2957.001    196016         0    196019           0.244     0.715     0.989     1.641     2.587     4.653     8.454    23.855
2958.001    195966         0    195958           0.256     0.700     0.941     1.684     4.155     9.241    16.876    55.640
2959.001    196066         0    196070           0.238     0.692     0.930     1.480     2.146     3.521     5.898    21.905
2960.001    195911         0    195921           0.230     0.703     0.974     1.642     2.501     4.411     8.360    19.743
2961.001    196076         0    196067           0.248     0.701     0.950     1.524     2.345     5.050    11.674    28.492
2962.001    196027         0    196028           0.244     0.695     0.928     1.458     2.120     3.262     5.091     8.536
2963.001    195965         0    195964           0.248     0.703     0.949     1.480     2.051     3.062     4.657     7.975
2964.001    196031         0    196032           0.250     0.702     0.953     1.517     2.114     3.158     4.805     8.421
2965.001    195987         0    195986           0.238     0.701     0.964     1.537     2.136     3.234     4.977     8.196
2966.001    196057         0    196041           0.232     0.696     0.949     1.537     2.173     3.254     4.973     7.979
2967.001    195964         0    195964           0.239     0.705     0.958     1.566     2.208     3.310     5.075     9.044
2968.001    195987         0    196006           0.257     0.714     0.990     1.647     2.281     3.480     5.714    13.500
2969.001    195990         0    195990           0.244     0.708     0.985     1.648     2.255     3.367     5.226     8.839
2970.001    195984         0    195979           0.242     0.717     1.010     1.680     2.292     3.451     5.284     9.257
2971.001    196016         0    196031           0.255     0.741     1.096     1.776     2.318     3.469     5.276    10.437
2972.001    196029         0    195995           0.243     0.767     1.179     1.959     2.556     3.756     5.755     9.921
2973.001    195984         0    196004           0.252     0.747     1.083     1.669     2.228     3.369     5.173     9.568
2974.001    196038         0    196051           0.238     0.708     0.976     1.608     2.296     3.541     5.542     9.667
2975.001    195998         0    195990           0.248     0.686     0.894     1.221     1.503     2.576     4.049     7.959
2976.001    196012         0    196001           0.242     0.663     0.835     1.041     1.202     1.504     1.961     3.000
2977.001    196003         0    196009           0.231     0.667     0.843     1.060     1.225     1.546     2.022     3.234
2978.001    195993         0    196002           0.232     0.655     0.825     1.025     1.184     1.476     1.932     2.771
2979.001    196002         0    196003           0.231     0.656     0.824     1.020     1.175     1.458     1.895     3.154
2980.001    196033         0    196019           0.231     0.657     0.821     1.012     1.160     1.423     1.833     3.082
2981.001    195965         0    195967           0.240     0.652     0.817     1.007     1.158     1.426     1.824     3.574
2982.001    196018         0    196016           0.239     0.653     0.819     1.012     1.162     1.439     1.841     2.898
2983.001    195995         0    195999           0.245     0.654     0.824     1.028     1.187     1.475     1.896     2.853
2984.001    196015         0    196019           0.242     0.663     0.838     1.055     1.220     1.529     1.964     2.961
2985.001    196017         0    196004           0.237     0.650     0.812     0.992     1.139     1.393     1.754     2.449
2986.001    195969         0    195968           0.238     0.662     0.834     1.045     1.206     1.510     1.953     3.639
2987.001    195998         0    196010           0.247     0.656     0.829     1.043     1.212     1.560     2.460     6.058
2988.001    196003         0    195994           0.249     0.669     0.855     1.109     1.290     1.659     2.222     3.545
2989.001    195997         0    196007           0.258     0.672     0.852     1.092     1.269     1.634     2.208     3.385
2990.001    196033         0    196015           0.248     0.656     0.826     1.029     1.195     1.495     2.001     4.264
2991.001    196011         0    196004           0.254     0.651     0.814     0.999     1.148     1.415     1.823     2.912
2992.001    195976         0    195998           0.235     0.650     0.813     1.001     1.156     1.430     1.825     3.334
2993.001    195999         0    196006           0.253     0.648     0.809     0.993     1.139     1.408     1.784     2.658
2994.001    195996         0    195998           0.242     0.652     0.820     1.022     1.185     1.480     1.906     3.150
2995.001    195987         0    195983           0.240     0.662     0.840     1.074     1.250     1.589     2.090     3.158
2996.001    196036         0    196023           0.237     0.656     0.825     1.030     1.199     1.501     1.932     3.365
2997.001    195988         0    196000           0.239     0.648     0.810     1.000     1.155     1.443     1.865     2.765
2998.001    196010         0    196001           0.243     0.655     0.827     1.040     1.212     1.527     1.959     2.886
2999.001    195986         0    195994           0.239     0.653     0.818     1.010     1.164     1.451     1.905     3.140
3000.001    195997         0    195993           0.237     0.665     0.847     1.080     1.253     1.588     2.138     3.664
3001.001    196020         0    196007           0.244     0.670     0.855     1.112     1.307     1.778     9.757    32.883
3002.001    195993         0    196007           0.246     0.654     0.818     1.007     1.161     1.446     1.863     3.238
3003.001    196007         0    196008           0.243     0.654     0.823     1.026     1.187     1.483     1.921     3.178
3004.001    195991         0    195995           0.245     0.653     0.821     1.022     1.186     1.480     1.917     3.299
3005.002    196044         0    196012           0.244     0.663     0.842     1.078     1.261     1.665     2.445     5.816
3006.001    195989         0    196011           0.251     0.649     0.819     1.026     1.191     1.495     1.917     2.863
3007.001    195977         0    195994           0.245     0.654     0.827     1.039     1.204     1.520     1.975     3.416
3008.001    196003         0    195979           0.235     0.647     0.810     1.004     1.165     1.457     1.885     2.728
3009.001    196005         0    196013           0.228     0.648     0.816     1.018     1.184     1.496     1.902     3.164
3010.001    196013         0    196001           0.251     0.660     0.829     1.036     1.202     1.523     2.015     3.400
3011.001    195991         0    195999           0.236     0.673     0.857     1.111     1.294     1.656     2.193     3.232
3012.001    196016         0    196017           0.235     0.652     0.817     1.017     1.185     1.503     1.960     3.381
3013.001    195981         0    195979           0.240     0.655     0.829     1.053     1.227     1.552     2.017     3.109
3014.001    196023         0    196014           0.249     0.655     0.826     1.035     1.206     1.517     1.968     3.369
3015.001    195997         0    196014           0.243     0.647     0.806     0.987     1.133     1.396     1.793     2.791
3016.001    196009         0    196004           0.249     0.650     0.814     1.008     1.162     1.441     1.835     2.755
3017.001    195983         0    195981           0.245     0.646     0.813     1.008     1.168     1.470     1.910     3.561
3018.001    196006         0    196002           0.239     0.660     0.838     1.069     1.245     1.573     2.016     3.166
3019.001    195984         0    196002           0.249     0.662     0.837     1.058     1.228     1.547     1.994     3.088
3020.001    196023         0    196013           0.248     0.668     0.855     1.111     1.302     1.724     2.562     5.612
3021.001    195978         0    195986           0.243     0.655     0.827     1.043     1.219     1.610     2.517     5.427
3022.001    196020         0    196020           0.244     0.669     0.851     1.105     1.290     1.657     2.189     3.820
3023.001    196000         0    195994           0.228     0.646     0.806     0.988     1.137     1.412     1.810     2.750
3024.001    195997         0    195995           0.235     0.647     0.811     1.004     1.161     1.474     2.161     6.390
3025.001    196000         0    195995           0.242     0.653     0.823     1.030     1.195     1.500     1.939     3.332
3026.001    196018         0    196018           0.229     0.647     0.808     0.992     1.140     1.398     1.797     2.705
3027.001    195978         0    195991           0.220     0.645     0.805     0.985     1.130     1.392     1.772     2.822
3028.001    196044         0    196020           0.249     0.648     0.810     0.998     1.156     1.438     1.837     3.310
3029.001    195961         0    195994           0.238     0.649     0.812     1.004     1.165     1.462     1.879     2.949
3030.001    196008         0    195995           0.240     0.650     0.818     1.025     1.196     1.512     1.963     2.966
3031.001    196001         0    195990           0.227     0.654     0.823     1.033     1.204     1.517     1.954     2.892
3032.001    196002         0    196016           0.235     0.657     0.828     1.040     1.212     1.533     1.959     3.222
3033.001    195978         0    195973           0.255     0.659     0.835     1.064     1.247     1.596     2.132     3.512
3034.001    196037         0    196034           0.248     0.658     0.835     1.068     1.247     1.583     2.063     3.412
3035.001    195981         0    195992           0.238     0.652     0.820     1.023     1.191     1.509     1.936     3.045
3036.001    196026         0    196024           0.241     0.657     0.831     1.050     1.223     1.539     2.016     3.308
3037.001    195956         0    195963           0.235     0.654     0.825     1.034     1.203     1.520     1.988     3.475
3038.001    196049         0    196036           0.250     0.648     0.811     1.002     1.162     1.468     1.993     3.699
3039.001    195991         0    195996           0.243     0.652     0.818     1.012     1.172     1.460     1.877     3.293
3040.001    195980         0    195983           0.246     0.649     0.812     1.001     1.156     1.434     1.845     2.818
3041.001    196015         0    196018           0.238     0.643     0.804     0.987     1.145     1.432     1.859     3.523
3042.001    196008         0    195988           0.250     0.658     0.835     1.068     1.253     1.597     2.124     3.437
3043.001    196000         0    196005           0.248     0.668     0.856     1.124     1.310     1.678     2.245     3.729
3044.001    196001         0    196007           0.240     0.654     0.819     1.016     1.180     1.481     1.908     2.949
3045.001    196001         0    195997           0.233     0.652     0.821     1.031     1.210     1.556     2.214     3.707
3046.001    195998         0    196009           0.241     0.646     0.806     0.991     1.145     1.430     1.850     2.904
3047.001    195993         0    195993           0.242     0.655     0.822     1.028     1.196     1.518     2.002     3.734
3048.001    196029         0    196018           0.242     0.647     0.812     1.009     1.170     1.464     1.885     2.890
3049.001    195973         0    195985           0.237     0.648     0.813     1.010     1.172     1.474     1.914     2.953
3050.001    196009         0    196011           0.244     0.641     0.801     0.984     1.137     1.418     1.823     2.882
3051.001    196013         0    195999           0.247     0.647     0.811     1.012     1.180     1.489     1.913     3.172
3052.001    195996         0    195994           0.225     0.644     0.808     1.003     1.166     1.468     1.885     3.015
3053.001    195994         0    196010           0.255     0.653     0.830     1.058     1.241     1.581     2.068     3.117
3054.001    196003         0    196008           0.243     0.646     0.811     1.009     1.174     1.481     1.909     2.994
3055.001    196011         0    195987           0.235     0.675     0.869     1.153     1.343     1.766     2.572     7.381
3056.001    195992         0    196008           0.226     0.647     0.817     1.022     1.192     1.506     1.961     3.095
3057.001    196033         0    196011           0.246     0.649     0.816     1.017     1.182     1.488     1.939     2.986
3058.001    195966         0    195988           0.250     0.648     0.813     1.010     1.176     1.488     1.980     3.383
3059.001    196012         0    195998           0.237     0.649     0.812     1.003     1.165     1.457     1.878     2.740
3060.001    196005         0    196011           0.253     0.653     0.820     1.029     1.202     1.514     1.961     3.379
3061.001    195995         0    196002           0.253     0.646     0.806     0.995     1.155     1.479    10.093    33.407
3062.001    196008         0    196007           0.241     0.645     0.801     0.976     1.120     1.391     1.800     2.793
3063.001    196006         0    195999           0.255     0.653     0.821     1.027     1.198     1.508     1.965     3.080
3064.001    195965         0    195980           0.240     0.647     0.810     1.001     1.161     1.454     1.890     2.863
3065.001    196047         0    196017           0.250     0.655     0.820     1.018     1.182     1.495     1.922     3.095
3066.001    195963         0    195986           0.250     0.651     0.819     1.020     1.188     1.493     1.937     3.013
3067.001    196034         0    196009           0.247     0.655     0.831     1.060     1.241     1.573     2.018     3.248
3068.001    196009         0    196029           0.250     0.657     0.833     1.062     1.245     1.603     2.187     3.893
3069.001    195987         0    195982           0.238     0.649     0.818     1.030     1.209     1.551     2.050     4.317
3070.001    195986         0    195991           0.244     0.646     0.808     0.998     1.156     1.453     1.924     3.178
3071.001    196015         0    196007           0.237     0.652     0.824     1.036     1.212     1.566     2.163     3.502
3072.001    196005         0    196005           0.247     0.648     0.818     1.033     1.219     1.639     2.519     5.497
3073.001    196005         0    196014           0.228     0.635     0.794     0.969     1.107     1.369     1.713     2.427
3074.001    195984         0    195992           0.243     0.647     0.812     1.009     1.170     1.477     1.993     3.690
3075.001    196022         0    196009           0.236     0.651     0.822     1.042     1.224     1.621     2.445     6.070
3076.001    195994         0    195992           0.244     0.640     0.803     0.993     1.155     1.458     1.903     3.551
3077.001    195988         0    195991           0.250     0.656     0.833     1.061     1.241     1.586     2.146     3.699
3078.001    196023         0    196009           0.243     0.646     0.807     0.995     1.152     1.445     1.881     3.238
3079.001    195983         0    196008           0.239     0.645     0.807     1.002     1.169     1.477     1.949     3.318
3080.001    196002         0    196005           0.244     0.648     0.814     1.014     1.189     1.514     1.994     3.734
3081.001    196027         0    196004           0.239     0.647     0.816     1.021     1.195     1.517     1.980     2.783
3082.001    195972         0    195999           0.249     0.647     0.810     1.008     1.175     1.490     2.074     3.299
3083.001    196012         0    195984           0.234     0.655     0.829     1.052     1.232     1.576     2.065     3.293
3084.001    196005         0    196016           0.234     0.638     0.793     0.962     1.096     1.351     1.692     2.468
3085.001    196007         0    196000           0.238     0.650     0.820     1.032     1.207     1.535     2.050     3.363
3086.001    196000         0    195990           0.235     0.646     0.816     1.026     1.204     1.523     1.992     3.641
3087.001    196003         0    196016           0.237     0.642     0.803     0.991     1.149     1.452     1.865     3.152
3088.001    195983         0    196000           0.228     0.648     0.814     1.017     1.187     1.509     1.975     3.283
3089.001    195991         0    195977           0.245     0.650     0.820     1.036     1.214     1.547     2.072     3.230
3090.001    196021         0    196019           0.250     0.643     0.808     1.010     1.182     1.495     1.923     2.710
3091.001    196003         0    196011           0.233     0.634     0.792     0.965     1.106     1.373     1.759     3.015
3092.001    196004         0    196005           0.253     0.638     0.796     0.973     1.120     1.397     1.756     2.726
3093.001    195988         0    195992           0.237     0.646     0.813     1.019     1.192     1.520     1.979     2.986
3094.001    196016         0    195999           0.250     0.650     0.823     1.051     1.238     1.591     2.169     3.795
3095.001    196018         0    196025           0.245     0.641     0.800     0.983     1.138     1.433     1.877     2.773
3096.001    195980         0    195994           0.247     0.637     0.794     0.967     1.109     1.388     1.778     2.750
3097.001    196000         0    195995           0.245     0.645     0.813     1.026     1.208     1.538     2.006     3.271
3098.001    196002         0    196000           0.240     0.648     0.819     1.040     1.221     1.560     2.071     3.181
3099.001    196016         0    196002           0.237     0.650     0.824     1.055     1.240     1.598     2.193     3.441
3100.001    196004         0    196003           0.233     0.647     0.813     1.022     1.203     1.564     2.294     4.997
3101.001    195982         0    195995           0.231     0.642     0.803     0.986     1.143     1.435     1.876     2.777
3102.001    196015         0    196014           0.239     0.640     0.797     0.975     1.123     1.400     1.768     2.494
3103.001    196014         0    196000           0.231     0.639     0.800     0.986     1.144     1.436     1.850     2.634
3104.001    195978         0    195990           0.245     0.644     0.809     1.007     1.172     1.482     1.928     3.443
3105.001    195998         0    195990           0.238     0.651     0.821     1.039     1.215     1.549     2.060     3.289
3106.001    196003         0    196017           0.239     0.638     0.800     0.985     1.140     1.430     1.845     3.299
3107.001    196009         0    196007           0.223     0.635     0.793     0.964     1.106     1.370     1.751     2.890
3108.001    195998         0    195991           0.244     0.646     0.813     1.017     1.190     1.523     2.081     4.073
3109.001    195976         0    195995           0.255     0.639     0.798     0.973     1.116     1.386     1.762     2.564
3110.001    196035         0    196016           0.244     0.653     0.822     1.034     1.217     1.548     2.032     3.009
3111.001    195997         0    195999           0.233     0.643     0.802     0.986     1.143     1.431     1.853     3.174
3112.001    195973         0    195986           0.251     0.654     0.823     1.037     1.217     1.551     2.090     3.373
3113.002    196052         0    196021           0.254     0.645     0.807     1.001     1.166     1.474     1.977     3.480
3114.001    195996         0    196003           0.227     0.643     0.805     1.002     1.175     1.493     1.976     3.656
3115.001    195972         0    195981           0.248     0.659     0.833     1.061     1.242     1.582     2.114     3.215
3116.001    196044         0    196026           0.242     0.642     0.803     0.994     1.159     1.468     1.917     3.774
3117.001    195975         0    195995           0.253     0.642     0.804     0.998     1.163     1.481     2.077     6.091
3118.001    196014         0    196010           0.248     0.642     0.801     0.982     1.134     1.409     1.809     2.945
3119.001    195988         0    195986           0.241     0.635     0.792     0.968     1.115     1.390     1.755     2.771
3120.001    196010         0    196007           0.240     0.645     0.814     1.031     1.217     1.593     2.232     3.609
3121.001    196006         0    196007           0.241     0.637     0.795     0.974     1.132     1.467     8.937    32.440
3122.001    195982         0    195995           0.249     0.646     0.810     1.013     1.186     1.492     1.963     3.047
3123.001    195979         0    195982           0.234     0.653     0.830     1.077     1.276     1.694     2.425     7.578
3124.001    196015         0    196007           0.238     0.647     0.814     1.019     1.194     1.524     2.035     3.070
3125.001    196007         0    196013           0.230     0.637     0.800     0.991     1.153     1.452     1.884     3.058
3126.001    196010         0    196007           0.232     0.649     0.814     1.018     1.192     1.513     1.976     2.912
3127.001    195995         0    195990           0.233     0.655     0.834     1.071     1.251     1.601     2.109     3.185
3128.001    196014         0    196015           0.242     0.650     0.817     1.025     1.200     1.530     2.054     3.080
3129.001    196001         0    196007           0.239     0.645     0.810     1.016     1.193     1.520     2.016     2.873
3130.001    196000         0    195992           0.232     0.637     0.796     0.978     1.133     1.418     1.841     3.066
3131.001    195991         0    196000           0.238     0.639     0.799     0.986     1.147     1.446     1.867     3.289
3132.001    196000         0    195998           0.251     0.644     0.808     1.009     1.179     1.494     1.974     3.019
3133.001    196022         0    196020           0.253     0.642     0.803     0.989     1.150     1.444     1.900     3.279
3134.001    195990         0    195983           0.237     0.636     0.795     0.977     1.133     1.421     1.880     5.448
3135.001    196020         0    196024           0.249     0.635     0.792     0.968     1.117     1.388     1.770     2.595
3136.001    195985         0    195990           0.233     0.637     0.795     0.971     1.117     1.398     1.788     2.836
3137.001    195994         0    195989           0.240     0.642     0.806     1.001     1.167     1.482     2.022     5.132
3138.001    196026         0    196016           0.244     0.649     0.820     1.040     1.223     1.593     2.550     4.399
3139.001    195972         0    195983           0.248     0.646     0.817     1.032     1.207     1.533     2.041     3.019
3140.001    196013         0    196004           0.235     0.638     0.798     0.979     1.135     1.420     1.814     2.839
3141.001    195986         0    196003           0.243     0.634     0.793     0.973     1.123     1.407     1.801     2.757
3142.001    196035         0    196016           0.244     0.637     0.799     0.988     1.148     1.438     1.880     2.918
3143.001    195986         0    195993           0.242     0.637     0.799     0.989     1.156     1.461     1.939     3.586
3144.001    195993         0    196002           0.247     0.633     0.791     0.972     1.126     1.417     1.841     2.591
3145.001    196000         0    195999           0.252     0.639     0.805     1.009     1.185     1.519     2.019     3.254
3146.001    196022         0    196013           0.240     0.633     0.790     0.961     1.105     1.383     1.778     2.863
3147.001    195998         0    196000           0.249     0.630     0.788     0.962     1.108     1.393     1.774     2.638
3148.001    195987         0    195996           0.239     0.641     0.808     1.015     1.189     1.502     1.964     2.970
3149.001    196030         0    196007           0.248     0.641     0.803     0.995     1.163     1.470     1.951     3.252
3150.001    195974         0    195995           0.231     0.634     0.791     0.966     1.109     1.392     1.775     2.527
3151.001    196020         0    196011           0.249     0.642     0.800     0.985     1.139     1.413     1.828     2.750
3152.001    195997         0    195995           0.240     0.634     0.793     0.972     1.124     1.403     1.834     3.408
3153.001    196011         0    196003           0.238     0.645     0.812     1.021     1.201     1.536     2.026     3.033
3154.001    195983         0    196002           0.252     0.642     0.809     1.021     1.202     1.577     2.339     4.579
3155.001    196010         0    196004           0.239     0.637     0.796     0.976     1.134     1.415     1.836     2.763
3156.001    196012         0    196006           0.248     0.631     0.787     0.963     1.108     1.380     1.763     2.724
3157.001    196006         0    196001           0.237     0.643     0.806     1.006     1.177     1.503     1.947     3.373
3158.001    195962         0    195982           0.240     0.634     0.793     0.975     1.132     1.424     1.854     2.980
3159.001    196023         0    196014           0.243     0.638     0.801     0.998     1.170     1.489     1.955     3.017
3160.001    195995         0    195991           0.238     0.654     0.837     1.098     1.293     1.673     2.210     3.766
3161.001    196022         0    196021           0.230     0.632     0.791     0.974     1.135     1.443     1.849     2.806
3162.001    195991         0    195985           0.240     0.633     0.787     0.951     1.087     1.354     1.724     2.812
3163.001    195996         0    196010           0.234     0.633     0.791     0.969     1.124     1.426     1.871     3.131
3164.001    196016         0    196003           0.240     0.629     0.784     0.951     1.089     1.371     1.807     3.052
3165.001    195989         0    195992           0.243     0.629     0.782     0.950     1.085     1.359     1.717     2.712
3166.001    196016         0    196017           0.240     0.631     0.785     0.956     1.096     1.363     1.743     2.755
3167.001    195970         0    195979           0.238     0.641     0.805     1.005     1.181     1.516     1.965     2.832
3168.001    196026         0    196018           0.238     0.639     0.803     1.004     1.178     1.503     2.081     5.439
3169.001    196019         0    196001           0.252     0.647     0.822     1.055     1.241     1.596     2.120     3.045
3170.001    195969         0    196000           0.241     0.635     0.796     0.978     1.136     1.440     1.855     2.922
3171.001    196020         0    196010           0.237     0.635     0.795     0.976     1.135     1.463     2.408     5.468
3172.001    195969         0    195978           0.241     0.636     0.793     0.971     1.124     1.408     1.805     3.041
3173.001    196023         0    196019           0.224     0.633     0.791     0.968     1.121     1.411     1.832     2.988
3174.001    196006         0    196005           0.232     0.625     0.781     0.954     1.103     1.394     1.800     2.750
3175.001    195983         0    195981           0.235     0.641     0.810     1.031     1.214     1.563     2.126     3.058
3176.001    196030         0    196022           0.229     0.639     0.806     1.022     1.212     1.552     1.993     3.410
3177.001    195964         0    195985           0.246     0.635     0.800     1.000     1.178     1.513     2.009     3.232
3178.001    196010         0    195992           0.232     0.651     0.833     1.083     1.273     1.625     2.138     3.715
3179.001    196023         0    196037           0.245     0.636     0.795     0.978     1.141     1.443     1.880     3.531
3180.001    195992         0    195976           0.253     0.645     0.806     1.007     1.182     1.511     1.940     3.158
3181.001    195990         0    195996           0.251     0.652     0.829     1.072     1.269     1.666     9.626    31.015
3182.001    196009         0    196014           0.236     0.643     0.808     1.017     1.197     1.539     2.148     3.152
3183.001    196019         0    196004           0.247     0.639     0.801     0.996     1.162     1.477     1.918     3.267
3184.001    195974         0    195993           0.255     0.636     0.798     0.990     1.157     1.479     1.930     3.326
3185.001    196006         0    196001           0.245     0.638     0.804     1.014     1.196     1.543     2.046     3.588
3186.001    196004         0    196003           0.249     0.640     0.802     0.995     1.161     1.479     1.962     3.234
3187.001    196012         0    196011           0.237     0.638     0.802     0.997     1.165     1.484     1.979     2.980
3188.001    195990         0    195993           0.249     0.641     0.803     0.997     1.161     1.474     1.905     2.869
3189.001    196011         0    196013           0.244     0.634     0.792     0.969     1.115     1.392     1.786     2.550
3190.001    196013         0    196008           0.234     0.634     0.796     0.982     1.143     1.451     1.898     3.772
3191.001    195986         0    195986           0.250     0.643     0.805     0.997     1.170     1.499     1.915     3.127
3192.001    196000         0    195989           0.237     0.642     0.810     1.025     1.206     1.540     1.996     3.219
3193.001    196000         0    195995           0.243     0.648     0.824     1.057     1.247     1.601     2.070     3.207
3194.001    195998         0    196008           0.244     0.663     0.861     1.169     1.369     1.753     2.320     3.584
3195.001    196006         0    196019           0.233     0.645     0.818     1.047     1.239     1.598     2.085     3.457
3196.001    196012         0    196010           0.232     0.630     0.784     0.952     1.086     1.357     1.735     2.896
3197.001    196008         0    195985           0.216     0.645     0.815     1.033     1.223     1.574     2.038     3.230
3198.001    196010         0    196028           0.251     0.632     0.791     0.969     1.123     1.427     1.859     3.672
3199.001    195975         0    195975           0.241     0.634     0.798     0.998     1.176     1.500     1.913     3.418
3200.001    196001         0    195993           0.240     0.645     0.814     1.034     1.219     1.554     2.028     3.125
3201.001    196025         0    196023           0.233     0.629     0.789     0.970     1.128     1.425     1.829     2.800
3202.001    195981         0    196003           0.235     0.639     0.803     1.004     1.178     1.504     1.953     3.111
3203.001    195963         0    195946           0.247     0.664     0.863     1.175     1.376     1.769     2.376     4.186
3204.001    196067         0    196047           0.220     0.632     0.803     1.021     1.219     1.582     2.035     3.283
3205.001    195980         0    196006           0.226     0.628     0.785     0.958     1.109     1.424     2.394     5.210
3206.001    195998         0    195994           0.249     0.635     0.798     0.996     1.170     1.503     1.995     2.986
3207.001    196019         0    196014           0.249     0.637     0.801     1.007     1.188     1.522     1.949     2.855
3208.001    196018         0    196008           0.247     0.641     0.813     1.038     1.226     1.582     2.091     3.652
3209.001    195979         0    195986           0.252     0.638     0.805     1.012     1.192     1.518     1.989     2.847
3210.001    195994         0    195992           0.251     0.654     0.839     1.120     1.323     1.704     2.236     3.232
3211.001    195989         0    195988           0.244     0.642     0.811     1.033     1.225     1.567     2.008     3.135
3212.001    195994         0    196017           0.246     0.648     0.819     1.051     1.246     1.604     2.049     3.906
3213.001    195993         0    195986           0.246     0.650     0.836     1.111     1.315     1.712     2.304     3.478
3214.001    196033         0    196032           0.261     0.643     0.808     1.010     1.187     1.512     1.973     3.285
3215.001    196003         0    195990           0.243     0.643     0.807     1.016     1.202     1.540     1.957     3.045
3216.001    196007         0    196013           0.246     0.631     0.791     0.972     1.132     1.439     1.847     3.285
3217.001    195988         0    195987           0.239     0.626     0.783     0.955     1.101     1.385     1.763     2.658
3218.001    196011         0    196011           0.239     0.645     0.815     1.039     1.229     1.589     2.109     3.990
3219.001    196000         0    195999           0.242     0.641     0.812     1.041     1.240     1.588     2.070     3.213
3220.001    195998         0    195993           0.233     0.639     0.813     1.050     1.254     1.646     2.245     3.211
3221.001    195992         0    195997           0.236     0.648     0.838     1.121     1.324     1.689     2.224     3.686
3222.001    196021         0    196005           0.247     0.642     0.824     1.085     1.287     1.674     2.259     6.640
3223.001    195985         0    196013           0.244     0.657     0.840     1.100     1.295     1.668     2.249     3.979
3224.001    196010         0    195999           0.226     0.636     0.796     0.986     1.153     1.463     1.959     3.246
3225.001    195991         0    195993           0.241     0.645     0.816     1.042     1.233     1.577     2.051     2.968
3226.001    196010         0    196016           0.243     0.642     0.814     1.043     1.235     1.577     2.047     3.279
3227.001    195998         0    195989           0.243     0.647     0.826     1.076     1.276     1.655     2.187     4.178
3228.001    196007         0    196013           0.239     0.645     0.821     1.072     1.273     1.633     2.144     3.418
3229.001    196001         0    196005           0.229     0.638     0.800     0.991     1.161     1.471     1.919     2.646
3230.001    196006         0    195995           0.242     0.638     0.807     1.022     1.207     1.550     2.005     2.984
3231.001    195982         0    195984           0.239     0.645     0.824     1.086     1.290     1.669     2.290     4.008
3232.001    195993         0    196006           0.240     0.657     0.851     1.154     1.359     1.749     2.300     3.418
3233.001    196022         0    196002           0.249     0.633     0.791     0.969     1.121     1.416     1.839     3.068
3234.001    195996         0    195998           0.225     0.650     0.830     1.086     1.285     1.669     2.198     3.406
3235.001    195999         0    196005           0.233     0.637     0.804     1.014     1.197     1.537     2.078     3.627
3236.001    196008         0    196013           0.243     0.641     0.805     1.012     1.192     1.522     1.969     2.968
3237.001    195974         0    195979           0.236     0.659     0.861     1.183     1.383     1.763     2.329     3.340
3238.001    196037         0    196020           0.238     0.639     0.815     1.049     1.247     1.620     2.105     3.471
3239.001    196000         0    195998           0.236     0.644     0.819     1.053     1.243     1.611     2.241     4.682
3240.001    195983         0    195987           0.241     0.649     0.829     1.080     1.271     1.636     2.144     3.535
3241.001    196001         0    196016           0.245     0.658     0.861     1.185     1.397     1.872    12.190    31.916
3242.001    196006         0    195991           0.247     0.634     0.797     0.996     1.174     1.503     1.973     4.297
3243.001    196011         0    196015           0.248     0.638     0.806     1.021     1.209     1.559     2.015     3.230
3244.001    195978         0    195996           0.230     0.627     0.783     0.955     1.102     1.383     1.754     2.785
3245.001    196031         0    196000           0.239     0.631     0.791     0.971     1.130     1.423     1.833     3.019
3246.001    195978         0    195995           0.231     0.652     0.837     1.109     1.307     1.675     2.204     3.254
3247.001    196029         0    196017           0.244     0.651     0.838     1.117     1.321     1.725     2.281     3.097
3248.001    195982         0    195990           0.248     0.635     0.801     1.006     1.185     1.522     1.978     3.269
3249.001    196015         0    196004           0.245     0.638     0.809     1.035     1.227     1.586     2.024     2.912
3250.001    196003         0    196012           0.245     0.656     0.849     1.147     1.346     1.737     2.335     3.740
3251.001    196027         0    196006           0.243     0.638     0.803     1.009     1.181     1.501     1.966     3.445
3252.001    195981         0    196000           0.243     0.630     0.793     0.982     1.150     1.460     1.858     3.291
3253.001    195999         0    196015           0.247     0.632     0.794     0.980     1.142     1.442     1.865     3.099
3254.001    196002         0    195987           0.244     0.634     0.802     1.016     1.202     1.539     2.020     3.615
3255.001    196000         0    195988           0.248     0.649     0.829     1.086     1.289     1.722     2.367     4.264
3256.001    195990         0    196001           0.245     0.644     0.821     1.065     1.266     1.644     2.210     3.592
3257.001    195991         0    196011           0.253     0.642     0.811     1.028     1.213     1.563     2.026     3.154
3258.001    196021         0    195995           0.226     0.644     0.821     1.065     1.273     1.649     2.191     3.074
3259.001    196016         0    196016           0.238     0.643     0.816     1.051     1.240     1.594     2.142     3.406
3260.001    195975         0    195982           0.244     0.642     0.809     1.021     1.208     1.547     2.024     3.373
3261.001    196045         0    196026           0.242     0.635     0.801     1.002     1.180     1.507     1.998     3.133
3262.001    195978         0    195995           0.245     0.633     0.792     0.971     1.122     1.410     1.809     3.295
3263.001    195997         0    195995           0.236     0.638     0.805     1.016     1.195     1.530     2.023     3.336
3264.001    195979         0    195990           0.234     0.649     0.827     1.077     1.277     1.629     2.105     3.324
3265.001    196008         0    196004           0.243     0.650     0.834     1.101     1.297     1.669     2.214     3.361
3266.001    196007         0    196012           0.250     0.634     0.794     0.973     1.133     1.434     1.903     3.107
3267.001    195998         0    195996           0.250     0.641     0.814     1.057     1.256     1.615     2.122     3.383
3268.001    195991         0    195985           0.242     0.646     0.824     1.074     1.268     1.620     2.092     3.521
3269.001    196008         0    196011           0.247     0.649     0.833     1.105     1.308     1.682     2.204     3.375
3270.001    196024         0    196017           0.243     0.642     0.811     1.033     1.226     1.584     2.066     3.009
3271.001    195984         0    196003           0.251     0.633     0.797     0.994     1.166     1.481     1.930     2.951
3272.001    196021         0    195991           0.242     0.636     0.805     1.023     1.209     1.549     1.989     3.209
3273.001    196009         0    196005           0.250     0.636     0.804     1.021     1.211     1.554     2.011     3.107
3274.001    195983         0    195998           0.249     0.645     0.820     1.062     1.258     1.620     2.159     3.013
3275.001    195967         0    195991           0.242     0.648     0.831     1.104     1.307     1.684     2.232     3.498
3276.001    196036         0    196019           0.246     0.635     0.800     1.006     1.186     1.514     1.924     3.047
3277.001    195988         0    196000           0.244     0.641     0.813     1.043     1.236     1.590     2.099     3.381
3278.001    195981         0    195976           0.246     0.644     0.822     1.072     1.270     1.624     2.161     3.144
3279.001    196044         0    196027           0.235     0.646     0.824     1.073     1.268     1.627     2.165     3.903
3280.001    195990         0    196008           0.246     0.636     0.799     0.992     1.161     1.482     1.983     3.367
3281.001    196006         0    195991           0.236     0.635     0.798     0.995     1.174     1.492     1.954     3.465
3282.001    196008         0    195991           0.248     0.638     0.814     1.056     1.252     1.603     2.046     2.992
3283.001    196009         0    196020           0.247     0.648     0.835     1.119     1.325     1.694     2.232     3.377
3284.001    196000         0    196004           0.233     0.635     0.801     1.007     1.186     1.522     2.087     3.529
3285.001    195976         0    195982           0.238     0.651     0.832     1.090     1.284     1.650     2.204     3.357
3286.001    196011         0    196013           0.241     0.645     0.823     1.079     1.280     1.645     2.126     3.252
3287.001    195993         0    196001           0.234     0.651     0.841     1.125     1.327     1.713     2.306     3.064
3288.001    196004         0    196001           0.233     0.627     0.790     0.980     1.153     1.479     1.905     3.217
3289.001    196006         0    195997           0.254     0.640     0.810     1.030     1.218     1.573     2.091     3.488
3290.001    196001         0    196001           0.236     0.633     0.794     0.980     1.148     1.450     1.868     2.832
3291.001    195989         0    195996           0.232     0.641     0.810     1.036     1.225     1.587     2.179     3.054
3292.001    196005         0    196009           0.248     0.633     0.802     1.019     1.207     1.552     2.043     3.316
3293.001    195998         0    196003           0.234     0.642     0.817     1.060     1.263     1.628     2.171     3.447
3294.001    196024         0    196014           0.241     0.627     0.790     0.985     1.162     1.498     1.940     3.107
3295.001    195989         0    196004           0.243     0.643     0.814     1.042     1.232     1.595     2.107     3.267
3296.001    196007         0    195994           0.240     0.636     0.809     1.044     1.239     1.603     2.173     3.099
3297.001    196006         0    195998           0.236     0.630     0.795     0.991     1.170     1.496     1.924     3.226
3298.001    195992         0    196007           0.238     0.646     0.824     1.075     1.269     1.631     2.189     3.101
3299.001    196025         0    196011           0.256     0.647     0.818     1.042     1.231     1.574     2.072     3.369
3300.001    195978         0    195988           0.252     0.646     0.815     1.032     1.217     1.549     1.995     3.236
3301.001    196003         0    196000           0.247     0.662     0.865     1.179     1.378     1.835    11.223    31.392
3302.001    196000         0    196003           0.238     0.635     0.807     1.030     1.227     1.628     2.245     3.766
3303.001    196012         0    196017           0.250     0.640     0.807     1.019     1.204     1.539     2.044     3.439
3304.001    195991         0    195979           0.251     0.656     0.847     1.147     1.348     1.748     2.331     3.434
3305.001    195988         0    196001           0.250     0.645     0.826     1.090     1.284     1.658     2.236     3.265
3306.001    196025         0    196003           0.242     0.640     0.814     1.054     1.255     1.609     2.075     3.066
3307.001    196005         0    196016           0.222     0.644     0.810     1.026     1.205     1.541     2.050     3.301
3308.001    195983         0    195981           0.238     0.636     0.804     1.021     1.213     1.573     2.062     3.195
3309.001    196023         0    196006           0.246     0.642     0.814     1.037     1.226     1.585     2.148     3.572
3310.001    195989         0    196001           0.242     0.650     0.840     1.127     1.325     1.701     2.288     3.594
3311.001    196011         0    196026           0.236     0.638     0.806     1.021     1.210     1.586     2.191     3.863
3312.001    196002         0    195999           0.234     0.646     0.831     1.101     1.294     1.672     2.257     3.322
3313.001    195975         0    195970           0.249     0.649     0.830     1.084     1.287     1.655     2.165     3.547
3314.001    196021         0    196013           0.230     0.662     0.871     1.203     1.396     1.781     2.359     3.514
3315.001    196007         0    196016           0.243     0.644     0.823     1.084     1.286     1.654     2.212     3.582
3316.001    195993         0    195997           0.245     0.634     0.801     1.016     1.203     1.537     2.000     2.998
3317.001    195993         0    195993           0.234     0.632     0.794     0.988     1.158     1.474     1.894     2.724
3318.001    196027         0    196015           0.255     0.654     0.841     1.118     1.316     1.678     2.216     3.545
3319.001    195998         0    195991           0.236     0.637     0.801     1.013     1.197     1.533     2.025     3.047
3320.001    195988         0    196003           0.246     0.629     0.787     0.967     1.122     1.427     1.878     3.277
3321.001    196005         0    196000           0.242     0.633     0.792     0.971     1.125     1.423     2.080     5.018
3322.001    195992         0    196005           0.238     0.633     0.802     1.020     1.219     1.655     4.157     6.959
3323.001    196009         0    195994           0.236     0.632     0.804     1.034     1.229     1.583     2.103     3.516
3324.001    196009         0    196009           0.237     0.630     0.799     1.013     1.203     1.542     1.994     3.197
3325.001    195999         0    196002           0.234     0.631     0.794     0.992     1.169     1.496     1.935     3.418
3326.001    196010         0    196006           0.231     0.626     0.783     0.958     1.105     1.405     1.838     3.140
3327.001    195986         0    195999           0.248     0.634     0.804     1.030     1.226     1.574     2.065     3.289
3328.001    196028         0    196006           0.242     0.630     0.797     1.005     1.190     1.529     1.946     3.391
3329.001    195975         0    195983           0.221     0.635     0.805     1.024     1.214     1.551     1.971     2.931
3330.001    196009         0    196018           0.239     0.639     0.815     1.044     1.235     1.594     2.072     3.338
3331.001    196010         0    196007           0.248     0.643     0.817     1.053     1.239     1.609     2.154     3.457
3332.001    195985         0    195983           0.252     0.631     0.794     0.989     1.164     1.491     1.940     3.369
3333.001    195999         0    196008           0.241     0.635     0.804     1.022     1.213     1.551     2.025     3.215
3334.001    196022         0    196002           0.238     0.634     0.800     1.007     1.186     1.520     2.024     3.099
3335.001    195979         0    195998           0.218     0.639     0.814     1.049     1.243     1.599     2.206     3.226
3336.001    196017         0    196011           0.248     0.627     0.786     0.969     1.133     1.499     2.621     5.911
3337.001    196007         0    196001           0.246     0.635     0.804     1.021     1.203     1.541     2.082     3.281
3338.001    196007         0    195999           0.245     0.632     0.796     0.999     1.181     1.516     1.977     2.916
3339.001    195987         0    196001           0.246     0.631     0.801     1.017     1.205     1.551     2.084     3.449
3340.001    196002         0    195998           0.232     0.625     0.786     0.972     1.134     1.437     1.888     2.988
3341.001    196014         0    196002           0.234     0.633     0.797     1.001     1.183     1.505     1.951     2.933
3342.001    195970         0    196003           0.240     0.632     0.796     1.001     1.188     1.516     1.962     3.240
3343.001    195987         0    195980           0.246     0.628     0.793     0.991     1.169     1.498     1.934     3.019
3344.001    196048         0    196026           0.242     0.642     0.818     1.063     1.260     1.611     2.134     3.262
3345.001    195984         0    195994           0.232     0.627     0.786     0.971     1.135     1.449     1.882     3.484
3346.001    196008         0    196021           0.252     0.626     0.786     0.972     1.138     1.460     1.910     3.353
3347.001    196004         0    195988           0.242     0.632     0.794     0.988     1.164     1.498     1.936     2.929
3348.001    195994         0    196007           0.236     0.642     0.813     1.043     1.236     1.606     2.189     3.320
3349.001    196012         0    195999           0.233     0.637     0.815     1.073     1.272     1.648     2.228     3.121
3350.001    195985         0    195999           0.229     0.629     0.787     0.971     1.130     1.436     1.917     3.138
3351.001    196017         0    196005           0.242     0.631     0.796     0.999     1.184     1.514     1.942     3.228
3352.001    195977         0    195985           0.234     0.624     0.781     0.955     1.103     1.395     1.797     2.871
3353.001    196032         0    196024           0.224     0.633     0.798     1.001     1.184     1.517     1.981     3.039
3354.001    195980         0    195986           0.249     0.631     0.791     0.980     1.148     1.469     1.881     2.789
3355.001    196014         0    195999           0.251     0.634     0.793     0.980     1.146     1.450     1.882     3.084
3356.001    195989         0    196007           0.235     0.643     0.827     1.098     1.304     1.676     2.195     3.363
3357.001    196011         0    196011           0.242     0.633     0.802     1.025     1.215     1.553     2.031     3.299
3358.001    195992         0    195991           0.249     0.630     0.790     0.980     1.146     1.457     1.879     2.939
3359.001    196012         0    195998           0.241     0.630     0.792     0.980     1.149     1.470     1.925     3.668
3360.001    195994         0    196011           0.245     0.635     0.806     1.031     1.224     1.575     2.128     3.310
3361.001    196009         0    196006           0.243     0.632     0.801     1.025     1.223     1.605     9.642    29.032
3362.001    196006         0    196001           0.244     0.629     0.788     0.973     1.139     1.459     1.975     3.138
3363.001    196000         0    195998           0.237     0.632     0.804     1.035     1.230     1.595     2.101     3.353
3364.001    195999         0    195997           0.257     0.643     0.829     1.107     1.305     1.682     2.253     4.366
3365.001    196008         0    196006           0.239     0.644     0.824     1.084     1.283     1.660     2.220     3.557
3366.001    195988         0    195998           0.237     0.637     0.810     1.056     1.255     1.629     2.279     3.224
3367.001    196008         0    196013           0.243     0.633     0.802     1.021     1.211     1.567     2.138     3.213
3368.001    195990         0    195988           0.244     0.636     0.805     1.022     1.217     1.561     2.072     2.906
3369.001    195971         0    195975           0.243     0.627     0.793     0.994     1.180     1.517     2.007     3.430
3370.001    196042         0    196034           0.241     0.636     0.809     1.048     1.251     1.602     2.083     3.283
3371.001    196002         0    196005           0.233     0.635     0.802     1.015     1.196     1.538     2.057     3.668
3372.001    196000         0    195994           0.247     0.647     0.836     1.123     1.322     1.708     2.296     3.731
3373.001    196025         0    196022           0.248     0.637     0.810     1.039     1.229     1.613     2.306     4.045
3374.001    195994         0    195986           0.238     0.630     0.795     1.000     1.181     1.519     2.002     3.230
3375.001    195993         0    195995           0.235     0.634     0.805     1.029     1.226     1.572     2.022     3.041
3376.001    196004         0    196005           0.242     0.626     0.785     0.967     1.129     1.439     1.873     3.068
3377.001    196005         0    196012           0.238     0.626     0.787     0.976     1.143     1.453     1.953     3.187
3378.001    195973         0    195972           0.253     0.634     0.799     1.008     1.196     1.542     2.050     3.346
3379.001    196026         0    196025           0.241     0.643     0.826     1.096     1.303     1.683     2.228     3.570
3380.001    195978         0    195991           0.237     0.649     0.832     1.095     1.294     1.695     2.370     3.914
3381.001    196015         0    195998           0.237     0.633     0.805     1.037     1.233     1.590     2.099     3.144
3382.001    195977         0    195992           0.251     0.632     0.797     1.001     1.185     1.531     1.989     3.197
3383.001    196055         0    196029           0.236     0.643     0.819     1.064     1.261     1.633     2.181     3.031
3384.001    195950         0    195978           0.238     0.639     0.815     1.059     1.262     1.612     2.087     3.252
3385.001    196024         0    196018           0.234     0.632     0.804     1.039     1.234     1.582     2.055     3.265
3386.001    196019         0    196004           0.237     0.630     0.798     1.011     1.195     1.535     2.070     3.334
3387.001    196006         0    195997           0.220     0.635     0.810     1.054     1.252     1.609     2.126     3.459
3388.001    195997         0    196013           0.231     0.631     0.804     1.035     1.228     1.580     2.099     3.017
3389.001    195973         0    195987           0.248     0.643     0.822     1.074     1.269     1.640     2.175     3.516
3390.001    196016         0    196012           0.246     0.623     0.781     0.961     1.113     1.406     1.794     2.695
3391.001    196006         0    196001           0.234     0.624     0.785     0.975     1.150     1.504     2.257     5.206
3392.001    195993         0    196002           0.240     0.634     0.803     1.021     1.215     1.581     2.169     3.375
3393.001    196007         0    196001           0.242     0.638     0.816     1.069     1.269     1.630     2.154     3.863
3394.001    196020         0    195996           0.233     0.643     0.824     1.087     1.282     1.642     2.183     3.660
3395.001    195977         0    195995           0.234     0.629     0.788     0.974     1.143     1.455     1.866     3.113
3396.001    196046         0    196032           0.231     0.630     0.795     0.998     1.181     1.518     2.045     3.547
3397.001    195968         0    195975           0.236     0.622     0.781     0.961     1.118     1.431     1.894     2.853
3398.001    196002         0    195995           0.244     0.624     0.787     0.983     1.159     1.489     1.988     3.801
3399.001    195983         0    196000           0.228     0.630     0.790     0.977     1.145     1.451     1.898     3.305
3400.001    196026         0    196014           0.234     0.634     0.801     1.013     1.205     1.552     2.056     3.301
3401.001    195986         0    195999           0.228     0.629     0.794     0.996     1.172     1.505     2.059     3.414
3402.001    196009         0    195999           0.246     0.621     0.788     0.993     1.180     1.527     2.128     3.693
3403.001    195998         0    195995           0.249     0.630     0.794     0.991     1.168     1.506     2.025     3.332
3404.001    196006         0    196026           0.249     0.626     0.791     0.992     1.176     1.509     1.971     3.117
3405.001    196009         0    195987           0.240     0.637     0.814     1.062     1.266     1.632     2.167     3.365
3406.002    196037         0    196013           0.236     0.627     0.792     0.993     1.176     1.514     1.910     2.857
3407.001    195950         0    195991           0.237     0.630     0.797     1.011     1.198     1.541     2.031     3.729
3408.001    196029         0    196016           0.245     0.624     0.781     0.958     1.111     1.406     1.819     3.439
3409.001    195974         0    195981           0.239     0.633     0.801     1.014     1.205     1.555     2.093     3.434
3410.001    196016         0    196019           0.246     0.633     0.795     0.988     1.163     1.498     1.922     4.391
3411.001    195992         0    195989           0.231     0.621     0.783     0.971     1.145     1.464     1.959     4.432
3412.001    196010         0    196010           0.237     0.626     0.792     0.997     1.175     1.522     2.089     3.725
3413.001    195986         0    195991           0.244     0.626     0.788     0.982     1.154     1.469     1.997     3.365
3414.001    195999         0    195997           0.248     0.636     0.810     1.052     1.251     1.622     2.142     3.281
3415.001    196018         0    196013           0.243     0.628     0.785     0.966     1.122     1.434     1.867     2.834
3416.001    196036         0    196010           0.240     0.622     0.782     0.961     1.119     1.425     1.878     2.941
3417.001    195982         0    195998           0.251     0.629     0.797     1.013     1.206     1.553     2.052     3.342
3418.001    196011         0    196012           0.241     0.635     0.812     1.059     1.262     1.640     2.230     4.063
3419.001    195983         0    195993           0.244     0.618     0.772     0.938     1.080     1.366     1.756     2.628
3420.001    195988         0    195977           0.227     0.646     0.831     1.111     1.308     1.680     2.212     3.258
3421.001    196010         0    196017           0.241     0.635     0.806     1.035     1.236     1.618    10.453    31.097
3422.001    196036         0    196006           0.250     0.630     0.791     0.977     1.144     1.459     1.924     3.391
3423.001    195959         0    196001           0.240     0.627     0.783     0.960     1.114     1.416     1.829     2.857
3424.001    196002         0    195992           0.230     0.626     0.785     0.970     1.134     1.436     1.916     2.808
3425.001    196012         0    196017           0.243     0.628     0.790     0.983     1.159     1.488     1.951     2.826
3426.001    195995         0    195983           0.226     0.628     0.792     0.987     1.163     1.514     2.142     3.461
3427.001    196011         0    196026           0.241     0.629     0.798     1.009     1.195     1.558     2.177     3.015
3428.001    196001         0    195996           0.236     0.633     0.799     1.009     1.193     1.536     2.012     3.095
3429.001    195979         0    195995           0.233     0.630     0.795     0.998     1.181     1.529     2.073     3.305
3430.001    196024         0    196006           0.244     0.631     0.801     1.027     1.227     1.580     2.047     3.113
3431.001    195979         0    195997           0.242     0.626     0.784     0.966     1.133     1.442     1.902     3.004
3432.001    196006         0    195997           0.221     0.633     0.799     1.014     1.203     1.555     2.030     3.258
3433.001    196002         0    196001           0.247     0.623     0.780     0.955     1.110     1.411     1.874     3.101
3434.001    196014         0    196000           0.242     0.636     0.805     1.026     1.214     1.584     2.191     3.916
3435.001    195996         0    196003           0.257     0.636     0.805     1.021     1.207     1.558     2.059     3.090
3436.001    195995         0    195994           0.235     0.624     0.787     0.980     1.158     1.485     1.937     3.049
3437.001    196030         0    196006           0.232     0.626     0.781     0.949     1.094     1.374     1.766     2.894
3438.001    195973         0    196003           0.243     0.628     0.794     1.001     1.186     1.522     2.003     3.391
3439.001    195993         0    195988           0.240     0.635     0.806     1.037     1.239     1.646     2.519     5.960
3440.001    196009         0    196006           0.251     0.626     0.785     0.963     1.119     1.416     1.865     3.092
3441.001    196014         0    196029           0.245     0.628     0.790     0.983     1.154     1.478     1.928     3.580
3442.001    195996         0    195978           0.236     0.626     0.785     0.972     1.139     1.457     1.932     3.287
3443.001    196033         0    196026           0.251     0.629     0.790     0.977     1.141     1.440     1.874     2.830
3444.001    195968         0    195983           0.231     0.630     0.795     1.001     1.193     1.533     1.998     2.933
3445.001    195993         0    196010           0.238     0.621     0.777     0.948     1.098     1.393     1.845     3.285
3446.001    196014         0    195997           0.243     0.628     0.797     1.011     1.201     1.554     2.105     3.236
3447.001    195991         0    195996           0.235     0.629     0.793     0.991     1.177     1.506     1.992     3.222
3448.001    196017         0    196004           0.248     0.629     0.793     0.992     1.171     1.496     1.991     3.072
3449.001    195995         0    196005           0.238     0.626     0.782     0.957     1.110     1.417     1.859     3.244
3450.001    196018         0    196014           0.241     0.634     0.800     1.006     1.189     1.525     2.038     3.529
3451.001    196001         0    195998           0.248     0.629     0.795     1.004     1.197     1.541     2.030     3.267
3452.001    195979         0    195990           0.251     0.626     0.785     0.968     1.129     1.438     1.890     3.314
3453.001    196014         0    196007           0.239     0.639     0.819     1.071     1.266     1.633     2.202     3.711
3454.001    196018         0    196000           0.241     0.621     0.778     0.949     1.100     1.394     1.821     2.791
3455.001    195980         0    196001           0.241     0.621     0.779     0.957     1.116     1.430     1.922     4.555
3456.001    195999         0    196010           0.231     0.628     0.788     0.978     1.145     1.450     1.924     3.246
3457.001    196019         0    195981           0.242     0.628     0.790     0.984     1.164     1.501     2.081     3.699
3458.001    195983         0    196017           0.247     0.622     0.778     0.951     1.105     1.406     1.817     2.691
3459.001    196009         0    195993           0.250     0.632     0.800     1.016     1.211     1.559     2.019     3.566
3460.001    195993         0    196009           0.247     0.625     0.781     0.955     1.102     1.385     1.770     3.129
3461.001    196023         0    196002           0.240     0.620     0.772     0.935     1.071     1.345     1.694     2.746
3462.001    195990         0    196004           0.239     0.637     0.811     1.051     1.252     1.620     2.118     3.262
3463.001    195994         0    195986           0.244     0.630     0.798     1.015     1.212     1.565     2.028     3.183
3464.001    195980         0    196000           0.246     0.627     0.793     1.001     1.189     1.534     2.012     3.228
3465.001    196012         0    196014           0.230     0.627     0.789     0.985     1.165     1.497     1.903     2.929
3466.001    196004         0    196006           0.235     0.626     0.785     0.971     1.141     1.485     2.294     4.878
3467.001    196003         0    196000           0.242     0.619     0.774     0.943     1.090     1.382     1.781     2.712
3468.001    195989         0    195985           0.249     0.626     0.791     0.996     1.187     1.545     2.105     3.107
3469.001    196029         0    196011           0.229     0.639     0.812     1.049     1.243     1.607     2.195     3.385
3470.001    195996         0    196008           0.236     0.625     0.790     0.985     1.165     1.505     2.083     3.232
3471.001    195998         0    195999           0.242     0.622     0.774     0.939     1.078     1.362     1.747     2.787
3472.001    196032         0    196006           0.228     0.626     0.786     0.973     1.144     1.462     1.920     2.992
3473.001    195996         0    196007           0.235     0.630     0.798     1.015     1.207     1.564     2.173     3.473
3474.001    195993         0    196002           0.232     0.628     0.790     0.980     1.150     1.489     2.078     3.785
3475.001    196002         0    195996           0.226     0.623     0.778     0.952     1.100     1.394     1.869     4.260
3476.001    195994         0    195981           0.226     0.628     0.790     0.982     1.154     1.481     1.926     4.751
3477.001    196007         0    196014           0.245     0.642     0.827     1.107     1.313     1.704     2.249     3.473
3478.001    196001         0    196010           0.241     0.629     0.792     0.996     1.182     1.510     1.903     3.033
3479.001    195983         0    195998           0.249     0.630     0.796     1.005     1.187     1.521     1.991     3.369
3480.001    195998         0    195993           0.233     0.625     0.787     0.982     1.158     1.482     1.997     3.273
3481.001    196007         0    195991           0.242     0.635     0.803     1.022     1.220     1.634    12.722    33.751
3482.001    196016         0    196025           0.236     0.623     0.780     0.958     1.114     1.421     1.848     4.792
3483.001    195998         0    196003           0.251     0.626     0.781     0.951     1.094     1.378     1.779     2.939
3484.001    195989         0    195994           0.231     0.620     0.775     0.943     1.089     1.376     1.759     2.542
3485.001    196007         0    196007           0.235     0.629     0.796     1.009     1.201     1.548     2.020     3.572
3486.001    195997         0    195990           0.236     0.638     0.815     1.065     1.264     1.638     2.228     3.570
3487.001    196006         0    196003           0.246     0.638     0.818     1.076     1.280     1.687     2.456     5.206
3488.001    196000         0    196010           0.243     0.640     0.823     1.090     1.296     1.675     2.341     5.149
3489.001    195999         0    195999           0.243     0.629     0.792     0.994     1.180     1.512     2.016     2.925
3490.001    195993         0    195987           0.235     0.635     0.800     1.010     1.200     1.544     2.142     2.945
3491.001    196004         0    196019           0.239     0.625     0.782     0.960     1.115     1.422     1.848     3.619
3492.001    196019         0    195995           0.237     0.623     0.778     0.951     1.101     1.401     1.850     2.818
3493.001    196019         0    196008           0.246     0.621     0.777     0.951     1.100     1.405     1.866     4.710
3494.001    195989         0    196010           0.241     0.620     0.778     0.959     1.117     1.432     1.847     3.394
3495.001    195985         0    195983           0.238     0.619     0.773     0.941     1.080     1.372     1.820     4.530
3496.001    196024         0    196021           0.243     0.625     0.783     0.963     1.119     1.419     1.821     3.144
3497.001    195987         0    195966           0.245     0.637     0.817     1.075     1.277     1.646     2.200     3.574
3498.001    196001         0    196017           0.252     0.621     0.783     0.978     1.155     1.492     1.993     3.236
3499.001    196000         0    196025           0.232     0.632     0.796     1.002     1.187     1.538     2.081     3.363
3500.001    196001         0    195990           0.248     0.627     0.783     0.959     1.112     1.410     1.841     3.166
3501.001    196018         0    195980           0.237     0.638     0.808     1.031     1.229     1.562     2.025     3.320
3502.001    195977         0    196012           0.244     0.635     0.805     1.032     1.227     1.582     2.146     4.960
3503.001    196013         0    196007           0.239     0.628     0.790     0.982     1.155     1.502     2.253     5.128
3504.001    196012         0    195991           0.234     0.627     0.793     1.001     1.186     1.528     2.066     3.383
3505.001    195983         0    196013           0.237     0.630     0.797     1.007     1.193     1.523     2.003     3.138
3506.001    196023         0    196007           0.248     0.628     0.798     1.018     1.210     1.563     2.081     3.623
3507.001    196003         0    196003           0.246     0.629     0.791     0.988     1.165     1.510     2.058     4.739
3508.001    195982         0    195996           0.234     0.637     0.809     1.041     1.236     1.590     2.128     3.920
3509.001    196007         0    196003           0.242     0.629     0.793     0.995     1.188     1.558     2.279     3.195
3510.001    196007         0    195991           0.248     0.632     0.804     1.029     1.229     1.599     2.214     3.142
3511.001    196007         0    196020           0.244     0.624     0.786     0.977     1.150     1.467     1.924     3.611
3512.001    195999         0    196008           0.247     0.623     0.785     0.981     1.162     1.497     1.981     3.299
3513.001    196011         0    196000           0.239     0.627     0.788     0.981     1.155     1.476     1.903     4.223
3514.001    195982         0    195984           0.225     0.625     0.785     0.973     1.142     1.462     1.868     2.925
3515.001    195989         0    196001           0.243     0.625     0.787     0.983     1.157     1.484     2.012     4.334
3516.001    195998         0    195983           0.249     0.618     0.774     0.949     1.102     1.405     1.866     3.058
3517.001    196023         0    196030           0.241     0.628     0.796     1.014     1.204     1.566     2.175     3.224
3518.001    195991         0    195990           0.234     0.624     0.781     0.955     1.109     1.408     1.799     2.718
3519.001    195987         0    195990           0.233     0.628     0.795     1.006     1.193     1.537     2.034     3.168
3520.001    196024         0    196018           0.240     0.634     0.807     1.053     1.257     1.649     2.320     5.734
3521.001    196013         0    196011           0.241     0.634     0.800     1.014     1.198     1.535     1.947     3.420
3522.001    195968         0    195980           0.244     0.633     0.808     1.051     1.254     1.650     2.439     5.755
3523.001    196039         0    196016           0.248     0.632     0.809     1.052     1.252     1.641     2.277     3.877
3524.001    196014         0    196016           0.246     0.632     0.800     1.019     1.210     1.555     2.086     3.381
3525.001    195975         0    195982           0.238     0.629     0.796     1.007     1.200     1.541     2.019     3.807
3526.001    196001         0    196000           0.236     0.617     0.777     0.959     1.127     1.443     1.871     3.043
3527.001    196021         0    196018           0.249     0.627     0.790     0.991     1.172     1.490     1.931     2.793
3528.001    195983         0    195996           0.245     0.616     0.772     0.944     1.093     1.388     1.799     2.816
3529.001    196004         0    195999           0.249     0.611     0.766     0.935     1.083     1.378     1.795     3.297
3530.001    195995         0    195991           0.247     0.628     0.791     0.987     1.167     1.495     1.948     3.391
3531.001    195985         0    196010           0.223     0.624     0.785     0.980     1.159     1.492     1.895     3.131
3532.001    196018         0    196013           0.237     0.641     0.818     1.074     1.278     1.650     2.206     3.377
3533.001    196013         0    195984           0.247     0.632     0.797     1.008     1.202     1.544     1.968     3.607
3534.001    195973         0    196000           0.243     0.628     0.796     1.013     1.210     1.568     2.114     3.310
3535.001    196038         0    196019           0.238     0.620     0.782     0.977     1.165     1.512     2.021     3.357
3536.001    195974         0    195986           0.250     0.621     0.783     0.983     1.168     1.547     2.265     6.234
3537.001    196008         0    195998           0.252     0.633     0.808     1.051     1.252     1.608     2.150     3.308
3538.001    196011         0    196002           0.251     0.632     0.803     1.031     1.233     1.591     2.101     3.115
3539.001    195984         0    196002           0.226     0.628     0.796     1.020     1.223     1.579     2.097     3.684
3540.001    196001         0    195997           0.242     0.629     0.803     1.038     1.235     1.602     2.189     3.394
3541.001    195996         0    196000           0.227     0.629     0.803     1.040     1.243     1.645    10.076    29.950
3542.001    196009         0    196006           0.253     0.632     0.802     1.032     1.227     1.604     2.173     4.878
3543.001    196011         0    196007           0.251     0.626     0.785     0.970     1.138     1.463     2.019     3.473
3544.001    195991         0    195989           0.241     0.632     0.803     1.040     1.246     1.594     2.103     3.256
3545.001    196016         0    196005           0.243     0.633     0.796     0.997     1.182     1.520     1.971     3.256
3546.001    196006         0    196008           0.235     0.638     0.809     1.041     1.242     1.604     2.228     4.239
3547.001    196013         0    196007           0.257     0.625     0.780     0.952     1.108     1.419     1.872     3.197
3548.001    195981         0    196001           0.233     0.625     0.786     0.978     1.155     1.491     1.934     3.308
3549.001    195983         0    195981           0.228     0.626     0.787     0.980     1.163     1.504     1.929     2.859
3550.001    196040         0    196035           0.257     0.637     0.817     1.082     1.286     1.654     2.181     3.332
3551.001    196000         0    196000           0.252     0.623     0.778     0.949     1.098     1.399     1.811     2.851
3552.001    195981         0    195985           0.249     0.633     0.802     1.030     1.229     1.583     2.101     3.246
3553.001    196005         0    196008           0.236     0.624     0.787     0.984     1.166     1.514     2.007     3.764
3554.001    195979         0    195986           0.237     0.630     0.800     1.025     1.225     1.597     2.183     3.582
3555.001    196023         0    196016           0.242     0.629     0.788     0.974     1.143     1.457     1.905     2.849
3556.001    195995         0    195984           0.248     0.633     0.804     1.035     1.238     1.603     2.177     6.132
3557.001    196006         0    196014           0.247     0.648     0.844     1.151     1.351     1.744     2.365     3.885
3558.001    196009         0    196012           0.248     0.635     0.807     1.042     1.250     1.613     2.157     3.363
3559.001    196012         0    195997           0.238     0.630     0.800     1.030     1.226     1.603     2.152     3.682
3560.001    196000         0    196015           0.239     0.623     0.782     0.968     1.139     1.465     1.971     3.037
3561.001    195981         0    195979           0.244     0.627     0.792     0.998     1.195     1.538     1.974     2.875
3562.001    196007         0    196013           0.246     0.642     0.817     1.072     1.280     1.645     2.234     4.411
3563.001    195995         0    196001           0.242     0.627     0.797     1.018     1.220     1.597     2.261     3.664
3564.001    196050         0    196009           0.230     0.629     0.796     1.010     1.209     1.547     2.031     3.047
3565.001    195984         0    195999           0.249     0.628     0.796     1.015     1.212     1.568     2.002     2.834
3566.001    195982         0    196003           0.248     0.626     0.788     0.985     1.169     1.502     1.911     3.258
3567.001    195990         0    195982           0.253     0.629     0.798     1.020     1.221     1.573     2.132     2.968
3568.001    195981         0    195986           0.244     0.636     0.807     1.044     1.251     1.635     2.306     5.583
3569.001    196037         0    196026           0.249     0.638     0.818     1.087     1.291     1.670     2.191     3.504
3570.001    195993         0    195987           0.246     0.626     0.789     0.982     1.161     1.488     1.929     3.152
3571.001    195993         0    196012           0.232     0.633     0.804     1.035     1.232     1.597     2.181     3.316
3572.001    196004         0    195999           0.237     0.629     0.795     1.006     1.196     1.545     2.072     3.297
3573.001    195999         0    195999           0.248     0.632     0.804     1.034     1.233     1.590     2.130     3.170
3574.001    196029         0    196013           0.241     0.630     0.796     1.006     1.198     1.596     2.427     6.238
3575.001    195997         0    196000           0.243     0.631     0.802     1.039     1.250     1.632     2.245     3.678
3576.001    195978         0    195992           0.239     0.636     0.815     1.077     1.281     1.678     2.271     3.224
3577.001    196024         0    196004           0.251     0.637     0.815     1.073     1.280     1.674     2.269     3.633
3578.001    195980         0    196001           0.235     0.624     0.788     0.989     1.184     1.538     2.062     3.475
3579.001    196023         0    196016           0.232     0.630     0.797     1.009     1.210     1.553     2.068     3.434
3580.001    196006         0    195998           0.244     0.636     0.812     1.066     1.280     1.697     2.390     3.903
3581.001    196002         0    196008           0.250     0.639     0.816     1.075     1.291     1.674     2.269     3.334
3582.001    195984         0    196005           0.234     0.633     0.802     1.033     1.243     1.603     2.041     3.092
3583.001    196008         0    195989           0.249     0.622     0.782     0.975     1.156     1.494     2.086     3.422
3584.001    196016         0    195996           0.243     0.620     0.776     0.948     1.098     1.409     1.834     2.922
3585.001    195982         0    196000           0.248     0.628     0.795     1.003     1.197     1.531     1.947     3.230
3586.001    196018         0    196004           0.243     0.630     0.796     1.009     1.202     1.545     1.994     2.976
3587.001    195997         0    196019           0.240     0.621     0.779     0.964     1.129     1.447     1.878     4.428
3588.001    195999         0    195979           0.256     0.632     0.797     1.004     1.196     1.541     2.001     3.219
3589.001    195999         0    196001           0.214     0.641     0.822     1.092     1.295     1.677     2.230     3.699
3590.001    196000         0    196004           0.246     0.636     0.809     1.052     1.250     1.614     2.120     3.594
3591.001    195994         0    195994           0.250     0.636     0.817     1.081     1.286     1.672     2.255     3.889
3592.001    195997         0    196004           0.247     0.634     0.810     1.062     1.269     1.635     2.185     4.202
3593.001    195991         0    195996           0.239     0.645     0.836     1.143     1.343     1.746     2.327     4.485
3594.001    195996         0    196010           0.250     0.639     0.819     1.097     1.320     1.764     2.617     5.988
3595.001    196041         0    196016           0.243     0.645     0.838     1.137     1.337     1.711     2.249     3.363
3596.001    196008         0    196007           0.246     0.629     0.796     1.012     1.217     1.559     2.072     3.383
3597.001    195998         0    195993           0.244     0.616     0.772     0.942     1.091     1.397     1.820     2.902
3598.001    195977         0    196001           0.234     0.628     0.793     1.001     1.194     1.544     1.977     3.668
3599.001    195988         0    195984           0.242     0.637     0.810     1.053     1.261     1.612     2.059     3.351
3600.001    196020         0    196016           0.230     0.628     0.792     0.994     1.192     1.536     1.980     2.849
3601.001    196011         0    196000           0.239     0.623     0.783     0.977     1.162     1.512     9.003    33.096
3602.001    196005         0    196010           0.242     0.623     0.783     0.975     1.153     1.481     1.875     2.595
3603.001    195999         0    196000           0.239     0.622     0.782     0.974     1.150     1.490     1.971     3.154
3604.001    196000         0    196012           0.229     0.623     0.786     0.987     1.175     1.514     1.931     3.234
3605.001    195991         0    195982           0.225     0.629     0.797     1.014     1.212     1.559     2.029     3.127
3606.001    196017         0    196003           0.247     0.627     0.790     0.991     1.177     1.512     1.961     3.729
3607.001    195987         0    196002           0.248     0.635     0.815     1.077     1.281     1.651     2.193     4.102
3608.001    196000         0    196006           0.241     0.624     0.796     1.024     1.226     1.579     2.077     3.420
3609.001    196017         0    196024           0.240     0.638     0.825     1.111     1.318     1.700     2.290     3.635
3610.001    195978         0    195969           0.251     0.636     0.811     1.055     1.255     1.612     2.109     3.756
3611.001    196015         0    196020           0.236     0.633     0.808     1.051     1.255     1.611     2.146     3.340
3612.001    195999         0    195991           0.252     0.622     0.783     0.980     1.163     1.514     2.081     3.256
3613.001    196005         0    195997           0.241     0.631     0.803     1.033     1.231     1.594     2.161     2.996
3614.001    195989         0    195999           0.234     0.630     0.803     1.038     1.241     1.601     2.118     3.099
3615.001    196021         0    196015           0.238     0.617     0.775     0.952     1.117     1.432     1.903     3.277
3616.001    195995         0    195989           0.244     0.618     0.773     0.944     1.097     1.404     1.807     3.060
3617.001    196009         0    196016           0.243     0.625     0.787     0.989     1.176     1.511     1.937     2.918
3618.001    195975         0    195980           0.245     0.640     0.822     1.095     1.293     1.665     2.245     4.239
3619.001    196012         0    196019           0.243     0.627     0.787     0.978     1.163     1.492     1.914     3.006
3620.001    195998         0    195989           0.238     0.630     0.797     1.012     1.204     1.549     1.990     3.006
3621.001    196008         0    196006           0.227     0.625     0.793     1.008     1.204     1.548     2.053     3.348
3622.001    196020         0    196010           0.246     0.626     0.794     1.013     1.213     1.553     1.997     3.529
3623.001    195999         0    195997           0.234     0.621     0.777     0.954     1.116     1.432     1.872     2.826
3624.001    195971         0    195999           0.244     0.631     0.800     1.026     1.222     1.575     2.082     3.088
3625.001    196022         0    196004           0.251     0.630     0.796     1.006     1.197     1.547     2.076     3.267
3626.001    196009         0    196006           0.253     0.630     0.800     1.034     1.237     1.625     2.267     3.518
3627.001    195997         0    196003           0.256     0.636     0.812     1.059     1.258     1.615     2.146     3.291
3628.001    195962         0    195968           0.250     0.629     0.799     1.021     1.219     1.593     2.228     3.451
3629.001    196025         0    196020           0.245     0.656     0.857     1.191     1.388     1.792     2.433     3.666
3630.001    195984         0    195992           0.248     0.626     0.786     0.981     1.163     1.500     1.973     3.310
3631.001    196041         0    196027           0.250     0.628     0.803     1.051     1.263     1.616     2.082     3.355
3632.001    196001         0    196001           0.246     0.621     0.778     0.959     1.126     1.456     1.887     2.652
3633.001    195991         0    195980           0.233     0.630     0.798     1.019     1.221     1.579     2.029     3.281
3634.001    195987         0    196019           0.250     0.622     0.778     0.948     1.101     1.403     1.810     2.796
3635.001    196035         0    195998           0.238     0.629     0.796     1.015     1.215     1.567     1.992     3.527
3636.001    195983         0    196005           0.223     0.626     0.787     0.978     1.157     1.479     1.907     3.076
3637.001    196001         0    196002           0.247     0.624     0.783     0.971     1.147     1.474     1.880     2.712
3638.001    196003         0    195992           0.247     0.627     0.796     1.020     1.221     1.577     2.090     3.236
3639.001    196017         0    196043           0.247     0.631     0.807     1.061     1.270     1.630     2.120     3.273
3640.001    196003         0    195976           0.231     0.621     0.782     0.974     1.156     1.490     1.897     3.064
3641.001    196008         0    196009           0.237     0.625     0.792     1.005     1.202     1.540     2.054     3.484
3642.001    195979         0    195993           0.241     0.627     0.793     1.002     1.198     1.551     2.072     3.961
3643.001    195990         0    195986           0.231     0.628     0.795     1.011     1.212     1.564     2.015     3.135
3644.001    196017         0    196022           0.235     0.629     0.801     1.040     1.245     1.604     2.175     3.432
3645.001    195981         0    195987           0.252     0.638     0.826     1.121     1.323     1.712     2.302     4.004
3646.001    196021         0    196006           0.248     0.627     0.793     1.003     1.205     1.577     2.157     3.422
3647.001    195977         0    195987           0.227     0.621     0.781     0.972     1.153     1.495     2.011     3.310
3648.001    196021         0    196015           0.240     0.631     0.795     0.997     1.189     1.534     1.959     3.009
3649.001    196004         0    195998           0.245     0.634     0.808     1.057     1.270     1.634     2.195     3.351
3650.001    195998         0    196011           0.243     0.624     0.786     0.977     1.158     1.488     1.945     3.140
3651.001    196004         0    195996           0.232     0.622     0.781     0.969     1.148     1.485     1.939     2.961
3652.001    196005         0    196000           0.247     0.625     0.786     0.981     1.168     1.508     1.968     3.346
3653.001    196012         0    196015           0.242     0.616     0.772     0.946     1.103     1.418     1.819     2.601
3654.001    195987         0    195989           0.235     0.613     0.769     0.942     1.096     1.407     1.846     2.814
3655.001    196013         0    196013           0.241     0.625     0.788     0.983     1.165     1.490     1.960     2.980
3656.001    195995         0    195997           0.233     0.624     0.787     0.984     1.163     1.507     2.038     3.332
3657.001    195996         0    195999           0.248     0.628     0.800     1.037     1.242     1.601     2.187     3.502
3658.001    196012         0    195999           0.249     0.635     0.808     1.055     1.261     1.610     2.097     3.420
3659.001    196009         0    196011           0.241     0.622     0.782     0.971     1.149     1.479     1.926     2.896
3660.001    195977         0    195979           0.242     0.627     0.796     1.021     1.226     1.589     2.088     3.467
3661.001    196018         0    196014           0.242     0.630     0.808     1.075     1.291     1.718    11.551    30.245
3662.001    195996         0    196008           0.229     0.637     0.817     1.090     1.305     1.720     2.431     4.153
3663.001    196027         0    196008           0.248     0.628     0.799     1.029     1.236     1.609     2.187     3.893
3664.001    195976         0    195985           0.253     0.628     0.797     1.020     1.218     1.575     2.111     3.260
3665.001    196009         0    196010           0.237     0.646     0.841     1.151     1.350     1.738     2.333     3.846
3666.001    196003         0    196002           0.232     0.624     0.785     0.982     1.177     1.535     1.968     3.142
3667.001    195998         0    196008           0.240     0.625     0.788     0.991     1.182     1.540     2.054     3.607
3668.001    196021         0    195999           0.245     0.617     0.778     0.967     1.147     1.479     1.933     3.070
3669.001    195996         0    195996           0.237     0.619     0.774     0.947     1.100     1.409     1.827     2.654
3670.001    195993         0    196007           0.237     0.638     0.818     1.085     1.294     1.668     2.236     3.113
3671.001    195981         0    195982           0.232     0.619     0.783     0.983     1.180     1.586     2.560     6.435
3672.001    196007         0    196023           0.247     0.621     0.782     0.973     1.154     1.497     2.001     3.379
3673.001    196018         0    195998           0.248     0.630     0.798     1.018     1.214     1.583     2.138     3.336
3674.001    196001         0    195996           0.233     0.624     0.784     0.974     1.149     1.475     1.895     3.176
3675.001    195999         0    195991           0.228     0.641     0.838     1.158     1.364     1.733     2.284     3.295
3676.001    195991         0    196014           0.252     0.624     0.791     0.999     1.199     1.566     2.087     3.695
3677.001    195995         0    195999           0.243     0.616     0.772     0.945     1.102     1.404     1.803     3.463
3678.001    195998         0    195988           0.243     0.651     0.865     1.215     1.415     1.822     2.406     3.602
3679.001    196017         0    196014           0.238     0.628     0.793     1.004     1.201     1.555     2.063     3.039
3680.001    195988         0    196000           0.233     0.629     0.797     1.016     1.215     1.581     2.134     3.373
3681.001    196043         0    196003           0.227     0.643     0.826     1.107     1.314     1.701     2.312     3.420
3682.001    195956         0    195995           0.238     0.631     0.798     1.017     1.213     1.569     2.167     5.071
3683.001    196025         0    195996           0.250     0.627     0.787     0.980     1.158     1.486     1.960     3.664
3684.001    195979         0    196017           0.234     0.625     0.782     0.964     1.132     1.450     1.889     3.416
3685.001    195982         0    195974           0.250     0.623     0.781     0.963     1.136     1.463     1.929     2.861
3686.001    196016         0    196010           0.237     0.625     0.789     0.991     1.189     1.536     2.026     3.039
3687.001    196001         0    196013           0.246     0.627     0.795     1.006     1.203     1.546     2.000     3.002
3688.001    196031         0    195999           0.244     0.635     0.811     1.062     1.275     1.649     2.163     3.690
3689.001    195979         0    195989           0.238     0.644     0.837     1.152     1.364     1.779     2.560     4.977
3690.001    195998         0    196016           0.242     0.630     0.800     1.030     1.229     1.575     2.039     3.324
3691.001    196017         0    196012           0.240     0.622     0.784     0.978     1.162     1.490     1.910     3.187
3692.001    195988         0    195985           0.238     0.627     0.790     0.993     1.185     1.522     1.902     2.630
3693.001    196016         0    196019           0.247     0.618     0.777     0.956     1.118     1.432     1.911     3.101
3694.001    196002         0    195990           0.247     0.623     0.784     0.979     1.162     1.505     2.010     3.740
3695.001    196021         0    196006           0.240     0.637     0.809     1.050     1.258     1.672     2.654     5.362
3696.001    195984         0    195988           0.251     0.638     0.806     1.029     1.231     1.584     2.032     3.609
3697.001    195979         0    195991           0.237     0.643     0.817     1.057     1.255     1.624     2.169     3.406
3698.001    196015         0    196012           0.238     0.636     0.806     1.033     1.228     1.588     2.118     3.404
3699.001    196009         0    196011           0.249     0.642     0.810     1.043     1.246     1.613     2.185     2.992
3700.001    196007         0    196011           0.254     0.621     0.777     0.955     1.118     1.448     1.926     3.269
3701.001    195995         0    196001           0.256     0.639     0.808     1.033     1.230     1.582     2.067     3.445
3702.001    195998         0    196000           0.241     0.634     0.801     1.022     1.220     1.577     2.109     4.155
3703.001    195977         0    195972           0.237     0.644     0.817     1.067     1.273     1.626     2.093     3.412
3704.001    196006         0    195997           0.246     0.649     0.837     1.122     1.324     1.738     2.390     3.703
3705.001    196026         0    196020           0.246     0.643     0.819     1.075     1.282     1.648     2.214     3.461
3706.001    195993         0    196011           0.249     0.641     0.810     1.038     1.238     1.624     2.331     6.001
3707.001    196039         0    196021           0.239     0.630     0.788     0.973     1.142     1.452     1.895     3.000
3708.001    195962         0    195971           0.238     0.630     0.793     0.989     1.169     1.492     1.952     3.213
3709.001    196022         0    196012           0.252     0.628     0.792     0.992     1.184     1.519     1.926     2.636
3710.001    195989         0    196004           0.245     0.626     0.783     0.965     1.127     1.437     1.875     2.888
3711.001    195992         0    195997           0.242     0.633     0.797     0.998     1.177     1.504     1.906     3.162
3712.001    196017         0    196011           0.242     0.635     0.801     1.020     1.215     1.562     2.087     3.443
3713.001    195982         0    195985           0.256     0.628     0.791     0.992     1.184     1.526     1.958     3.238
3714.001    196019         0    196012           0.247     0.645     0.833     1.127     1.333     1.748     2.466     5.976
3715.001    195986         0    195990           0.243     0.639     0.824     1.108     1.316     1.705     2.286     3.867
3716.001    196018         0    196005           0.252     0.630     0.798     1.023     1.225     1.597     2.179     3.602
3717.001    195966         0    195984           0.240     0.641     0.827     1.117     1.325     1.701     2.255     3.844
3718.001    196012         0    196023           0.245     0.632     0.805     1.044     1.249     1.591     2.014     3.080
3719.001    196035         0    196001           0.239     0.642     0.827     1.112     1.315     1.683     2.208     3.305
3720.001    196002         0    196016           0.232     0.626     0.781     0.954     1.108     1.417     1.872     2.994
3721.001    196010         0    195991           0.246     0.637     0.802     1.014     1.203     1.585    12.763    31.998
3722.001    195984         0    196013           0.243     0.634     0.804     1.035     1.242     1.594     2.090     2.988
3723.001    195988         0    195989           0.242     0.633     0.802     1.022     1.218     1.579     2.109     3.875
3724.001    196009         0    196010           0.247     0.635     0.797     1.001     1.185     1.526     2.020     2.957
3725.001    196012         0    196011           0.251     0.634     0.797     1.002     1.186     1.548     2.146     3.715
3726.001    196000         0    195983           0.239     0.637     0.800     0.998     1.171     1.506     2.022     3.930
3727.001    196009         0    196018           0.244     0.627     0.786     0.977     1.152     1.470     1.902     3.828
3728.001    195967         0    195988           0.244     0.630     0.793     0.989     1.167     1.493     1.903     3.015
3729.001    196022         0    196022           0.254     0.631     0.788     0.973     1.142     1.466     1.883     2.863
3730.001    196000         0    195989           0.243     0.636     0.799     1.001     1.185     1.517     1.994     5.632
3731.001    196009         0    195997           0.253     0.662     0.861     1.194     1.400     1.892     2.585     5.128
3732.001    195989         0    195988           0.252     0.635     0.801     1.014     1.208     1.556     2.040     2.966
3733.001    196008         0    196010           0.231     0.649     0.843     1.152     1.349     1.734     2.259     3.424
3734.001    196009         0    196008           0.250     0.648     0.830     1.108     1.314     1.705     2.359     3.906
3735.001    196019         0    196015           0.245     0.635     0.802     1.018     1.205     1.552     2.085     3.330
3736.001    195978         0    196006           0.247     0.623     0.784     0.976     1.155     1.492     1.997     3.074
3737.001    196003         0    195984           0.250     0.645     0.822     1.072     1.265     1.636     2.202     7.062
3738.001    195991         0    196000           0.254     0.627     0.795     1.014     1.217     1.598     2.363     5.779
3739.001    196006         0    196002           0.238     0.632     0.800     1.016     1.207     1.548     2.054     3.269
3740.001    196028         0    196014           0.247     0.624     0.780     0.960     1.121     1.437     1.879     3.027
3741.001    195970         0    195977           0.246     0.626     0.788     0.984     1.168     1.514     2.026     3.391
3742.001    196009         0    196010           0.249     0.638     0.813     1.066     1.272     1.636     2.152     4.059
3743.001    196020         0    196012           0.233     0.625     0.793     1.010     1.210     1.559     1.975     3.058
3744.001    195976         0    195982           0.247     0.631     0.798     1.017     1.219     1.595     2.388     6.070
3745.001    196007         0    196020           0.231     0.631     0.796     1.002     1.191     1.576     2.331     4.833
3746.001    195978         0    195985           0.244     0.625     0.787     0.988     1.180     1.522     1.962     4.534
3747.001    196011         0    195991           0.244     0.639     0.820     1.095     1.299     1.657     2.150     3.222
3748.001    196044         0    196027           0.239     0.641     0.812     1.051     1.254     1.609     2.053     3.355
3749.001    195976         0    195992           0.246     0.625     0.787     0.980     1.161     1.495     2.018     3.283
3750.001    195986         0    195991           0.240     0.638     0.817     1.075     1.271     1.632     2.183     3.176
3751.001    196021         0    196011           0.236     0.632     0.805     1.051     1.255     1.618     2.171     3.504
3752.001    195989         0    196003           0.228     0.621     0.780     0.968     1.140     1.457     1.912     2.867
3753.001    196036         0    196004           0.234     0.627     0.791     0.992     1.183     1.529     2.114     3.598
3754.001    195961         0    195975           0.243     0.630     0.795     1.004     1.200     1.559     2.122     3.103
3755.001    196014         0    196032           0.245     0.628     0.792     0.995     1.184     1.535     2.159     3.287
3756.001    196007         0    196002           0.244     0.618     0.771     0.938     1.086     1.382     1.775     3.344
3757.001    195986         0    195988           0.241     0.637     0.813     1.066     1.274     1.680     2.408     5.964
3758.001    196030         0    196023           0.249     0.641     0.818     1.075     1.280     1.675     2.322     3.742
3759.001    195990         0    195993           0.229     0.632     0.796     1.001     1.192     1.529     1.993     3.310
3760.001    195994         0    195999           0.239     0.628     0.789     0.979     1.157     1.501     2.021     3.084
3761.001    196002         0    195993           0.220     0.637     0.813     1.063     1.266     1.646     2.284     3.291
3762.001    196006         0    196019           0.232     0.631     0.798     1.017     1.212     1.555     2.000     3.176
3763.001    196017         0    196006           0.239     0.618     0.775     0.948     1.105     1.434     1.834     2.841
3764.001    195994         0    195999           0.237     0.623     0.785     0.978     1.158     1.500     1.990     3.596
3765.001    196005         0    196000           0.248     0.634     0.805     1.039     1.245     1.580     2.019     4.379
3766.001    195977         0    195990           0.253     0.626     0.795     1.020     1.219     1.578     2.072     3.285
3767.001    196009         0    195992           0.255     0.630     0.792     0.988     1.168     1.511     2.011     3.375
3768.001    195998         0    196011           0.250     0.626     0.793     1.006     1.200     1.547     2.063     4.219
3769.001    196001         0    195999           0.241     0.625     0.791     0.996     1.189     1.533     2.042     3.185
3770.001    196003         0    196006           0.241     0.633     0.809     1.074     1.280     1.660     2.228     3.568
3771.001    196007         0    196006           0.246     0.616     0.781     0.987     1.197     1.648     2.800     6.480
3772.001    196017         0    195999           0.247     0.624     0.783     0.964     1.133     1.446     1.871     3.365
3773.001    195986         0    195995           0.238     0.631     0.805     1.052     1.257     1.633     2.171     3.375
3774.001    196001         0    196010           0.241     0.635     0.805     1.037     1.240     1.627     2.353     6.324
3775.001    195995         0    195987           0.232     0.655     0.865     1.207     1.407     1.822     2.427     4.506
3776.001    196030         0    196017           0.254     0.634     0.808     1.055     1.269     1.634     2.220     3.174
3777.001    195993         0    195997           0.230     0.626     0.787     0.978     1.158     1.491     1.943     3.078
3778.001    195991         0    196000           0.243     0.633     0.798     1.013     1.200     1.534     2.016     3.181
3779.001    195980         0    195994           0.244     0.627     0.788     0.987     1.171     1.523     1.971     3.670
3780.001    196025         0    196006           0.238     0.621     0.780     0.968     1.145     1.475     1.900     2.925
3781.001    195991         0    195997           0.238     0.620     0.777     0.959     1.127     1.478     9.429    30.179
3782.001    196031         0    196023           0.245     0.622     0.777     0.946     1.097     1.406     1.839     2.650
3783.001    195991         0    195993           0.241     0.622     0.776     0.947     1.102     1.406     1.834     3.441
3784.001    196013         0    195994           0.247     0.628     0.795     1.013     1.215     1.575     2.029     3.539
3785.001    195984         0    196014           0.246     0.621     0.784     0.985     1.172     1.521     1.988     3.400
3786.001    195998         0    196003           0.237     0.617     0.779     0.971     1.157     1.502     1.913     2.984
3787.001    195996         0    195985           0.244     0.629     0.799     1.029     1.236     1.592     2.075     3.195
3788.001    195994         0    195992           0.235     0.631     0.810     1.070     1.277     1.675     2.320     3.777
3789.001    195998         0    195997           0.239     0.636     0.816     1.081     1.293     1.713     2.370     4.514
3790.001    196020         0    196019           0.242     0.631     0.809     1.068     1.277     1.638     2.116     3.973
3791.001    195993         0    196009           0.239     0.638     0.830     1.146     1.349     1.736     2.316     3.502
3792.001    196024         0    196003           0.245     0.631     0.810     1.071     1.278     1.660     2.290     3.647
3793.001    195967         0    195982           0.238     0.624     0.791     0.999     1.193     1.542     2.068     3.226
3794.001    196016         0    196011           0.251     0.630     0.803     1.042     1.241     1.607     2.187     3.346
3795.001    196010         0    195997           0.243     0.620     0.777     0.957     1.119     1.435     1.869     2.785
3796.001    195990         0    196008           0.255     0.630     0.804     1.046     1.260     1.618     2.126     3.523
3797.001    196014         0    196011           0.246     0.622     0.784     0.978     1.161     1.502     1.913     3.004
3798.001    196022         0    195989           0.245     0.613     0.770     0.949     1.114     1.449     1.879     2.884
3799.001    195971         0    196018           0.242     0.623     0.784     0.980     1.170     1.506     1.923     3.234
3800.001    196018         0    196000           0.239     0.619     0.781     0.978     1.163     1.497     1.972     3.408
3801.001    196004         0    196002           0.225     0.626     0.797     1.030     1.242     1.606     2.103     2.949
3802.001    195992         0    196001           0.241     0.621     0.777     0.955     1.115     1.436     1.922     3.033
3803.001    195998         0    195967           0.244     0.631     0.802     1.040     1.244     1.623     2.255     3.561
3804.001    195983         0    196011           0.247     0.631     0.804     1.052     1.264     1.626     2.146     3.553
3805.001    196005         0    196000           0.245     0.620     0.781     0.973     1.157     1.489     1.904     2.650
3806.001    196014         0    196008           0.235     0.629     0.800     1.038     1.243     1.606     2.183     3.338
3807.001    196009         0    196012           0.235     0.636     0.819     1.102     1.318     1.692     2.236     3.449
3808.001    196034         0    196015           0.240     0.614     0.770     0.942     1.099     1.408     1.802     2.730
3809.001    196000         0    196005           0.239     0.617     0.775     0.961     1.135     1.458     1.890     3.877
3810.001    195972         0    195984           0.247     0.632     0.807     1.055     1.262     1.631     2.150     3.867
3811.001    195993         0    196012           0.243     0.618     0.776     0.957     1.124     1.446     1.889     2.939
3812.001    196013         0    196000           0.231     0.626     0.790     0.993     1.190     1.527     1.981     3.441
3813.001    195971         0    195984           0.238     0.628     0.796     1.016     1.205     1.566     2.109     3.156
3814.001    196025         0    196016           0.237     0.628     0.794     1.008     1.202     1.549     2.035     3.252
3815.001    196015         0    196004           0.250     0.626     0.789     0.994     1.193     1.533     1.973     3.178
3816.001    195988         0    196007           0.236     0.622     0.786     0.993     1.194     1.552     2.008     2.902
3817.001    195994         0    195979           0.238     0.620     0.776     0.953     1.113     1.435     1.827     2.720
3818.001    195993         0    196014           0.243     0.636     0.821     1.105     1.314     1.675     2.179     3.412
3819.001    196017         0    195992           0.236     0.630     0.799     1.033     1.237     1.582     2.035     2.832
3820.001    196001         0    196006           0.246     0.620     0.781     0.972     1.161     1.511     1.947     3.265
3821.001    195997         0    195997           0.237     0.628     0.794     1.014     1.210     1.573     2.298     6.468
3822.001    196021         0    196008           0.242     0.626     0.792     1.007     1.200     1.541     2.024     3.009
3823.001    195979         0    195993           0.246     0.620     0.777     0.954     1.113     1.436     1.898     3.504
3824.001    196015         0    196005           0.232     0.624     0.787     0.988     1.182     1.532     2.079     3.375
3825.001    196014         0    196021           0.237     0.629     0.801     1.033     1.234     1.607     2.189     3.242
3826.001    195989         0    195995           0.235     0.621     0.778     0.958     1.123     1.452     1.847     2.882
3827.001    195980         0    196001           0.248     0.627     0.790     0.988     1.175     1.520     2.033     3.715
3828.001    195999         0    195974           0.223     0.632     0.801     1.028     1.226     1.594     2.189     3.430
3829.001    196007         0    196020           0.231     0.644     0.833     1.120     1.316     1.695     2.247     3.541
3830.001    195990         0    195996           0.242     0.626     0.797     1.027     1.240     1.594     2.048     3.367
3831.001    196039         0    196023           0.234     0.637     0.827     1.137     1.345     1.712     2.253     3.537
3832.001    195987         0    195990           0.235     0.617     0.777     0.969     1.147     1.480     1.923     3.105
3833.001    195999         0    195996           0.239     0.635     0.810     1.075     1.286     1.638     2.120     4.106
3834.001    196004         0    196015           0.244     0.624     0.787     0.993     1.197     1.541     2.007     3.150
3835.001    195990         0    195996           0.252     0.628     0.795     1.021     1.223     1.575     2.043     3.133
3836.001    196005         0    195986           0.243     0.620     0.775     0.952     1.112     1.437     1.805     2.648
3837.001    196008         0    196017           0.254     0.617     0.772     0.942     1.097     1.400     1.794     3.254
3838.001    195981         0    195977           0.249     0.624     0.785     0.982     1.171     1.569     2.699     6.128
3839.001    196043         0    196035           0.238     0.625     0.791     0.999     1.189     1.540     2.066     3.637
3840.001    195988         0    195996           0.244     0.628     0.795     1.013     1.211     1.616     2.519     6.447
3841.001    196008         0    196001           0.239     0.620     0.783     0.979     1.168     1.540    11.854    30.687
3842.001    195976         0    195990           0.246     0.621     0.780     0.964     1.133     1.452     1.955     2.830
3843.001    196029         0    196014           0.232     0.629     0.795     1.008     1.210     1.571     2.101     3.688
3844.001    195982         0    195993           0.233     0.627     0.795     1.015     1.223     1.573     1.999     3.414
3845.001    196009         0    195991           0.237     0.623     0.783     0.976     1.161     1.497     1.925     2.875
3846.001    196002         0    196002           0.250     0.637     0.809     1.046     1.246     1.624     2.216     3.463
3847.001    195992         0    196000           0.238     0.621     0.781     0.978     1.168     1.514     1.926     2.869
3848.001    196022         0    196018           0.242     0.648     0.842     1.154     1.354     1.740     2.343     3.639
3849.001    195950         0    195975           0.239     0.629     0.800     1.037     1.241     1.593     2.099     3.328
3850.001    196058         0    196043           0.236     0.619     0.782     0.981     1.174     1.510     1.964     3.391
3851.001    195987         0    195982           0.231     0.617     0.778     0.966     1.145     1.490     1.973     3.293
3852.001    196008         0    196012           0.243     0.623     0.789     0.999     1.200     1.549     2.007     3.484
3853.001    196020         0    196008           0.243     0.621     0.784     0.982     1.171     1.506     1.911     2.832
3854.001    195990         0    195992           0.235     0.611     0.761     0.922     1.050     1.341     1.686     2.494
3855.001    195985         0    195991           0.237     0.618     0.775     0.953     1.122     1.458     2.093     5.095
3856.001    196001         0    196006           0.230     0.623     0.780     0.962     1.127     1.439     1.908     2.904
3857.001    196008         0    196006           0.243     0.621     0.780     0.965     1.137     1.473     1.951     2.824
3858.001    195982         0    195986           0.245     0.624     0.791     1.010     1.207     1.561     2.026     3.215
3859.001    196022         0    196029           0.246     0.635     0.816     1.098     1.303     1.665     2.167     3.525
3860.001    195999         0    196001           0.236     0.622     0.782     0.972     1.150     1.481     1.933     3.037
3861.001    195987         0    195973           0.242     0.636     0.815     1.087     1.292     1.672     2.269     4.202
3862.001    195994         0    196010           0.219     0.644     0.840     1.165     1.372     1.763     2.390     4.534
3863.001    196019         0    196012           0.240     0.632     0.806     1.064     1.273     1.641     2.214     3.303
3864.001    195983         0    195981           0.237     0.628     0.797     1.028     1.241     1.609     2.157     3.260
3865.001    196011         0    196000           0.240     0.632     0.805     1.052     1.257     1.623     2.187     3.217
3866.001    196005         0    196019           0.240     0.629     0.800     1.030     1.237     1.599     2.094     3.342
3867.001    196005         0    195991           0.242     0.629     0.801     1.039     1.243     1.601     2.114     3.250
3868.001    196008         0    196021           0.243     0.626     0.784     0.976     1.159     1.483     1.931     3.322
3869.001    196004         0    195997           0.235     0.620     0.780     0.971     1.156     1.498     1.960     2.882
3870.001    195986         0    195994           0.237     0.614     0.764     0.924     1.055     1.338     1.674     2.421
3871.001    196001         0    196003           0.241     0.617     0.772     0.942     1.096     1.400     1.807     2.925
3872.001    195998         0    196003           0.234     0.617     0.777     0.961     1.130     1.466     1.956     2.980
3873.001    196021         0    196023           0.230     0.629     0.797     1.022     1.237     1.671     2.380     3.385
3874.001    196001         0    195981           0.239     0.614     0.777     0.972     1.162     1.501     1.942     3.035
3875.001    196002         0    195994           0.239     0.622     0.785     0.987     1.178     1.527     2.042     3.377
3876.001    195998         0    196003           0.240     0.631     0.807     1.067     1.289     1.640     2.109     3.465
3877.001    195994         0    195999           0.248     0.627     0.792     1.000     1.194     1.543     2.037     2.886
3878.001    195991         0    196001           0.233     0.626     0.797     1.031     1.238     1.598     2.073     3.627
3879.001    196025         0    196022           0.232     0.632     0.812     1.077     1.290     1.675     2.220     3.127
3880.001    196012         0    195997           0.243     0.625     0.786     0.977     1.156     1.492     1.949     3.727
3881.001    195996         0    195988           0.239     0.621     0.780     0.964     1.136     1.462     1.913     3.111
3882.001    195995         0    196008           0.238     0.622     0.790     1.014     1.214     1.575     2.146     3.404
3883.001    195988         0    195999           0.241     0.626     0.797     1.035     1.241     1.609     2.148     3.637
3884.001    196006         0    195989           0.244     0.614     0.771     0.949     1.115     1.448     1.862     3.011
3885.001    196017         0    196023           0.238     0.635     0.807     1.052     1.264     1.636     2.157     3.365
3886.001    195981         0    195992           0.243     0.627     0.796     1.019     1.220     1.572     2.107     3.615
3887.001    196009         0    196007           0.242     0.622     0.787     1.002     1.203     1.555     2.026     2.949
3888.001    195991         0    195976           0.246     0.617     0.775     0.954     1.124     1.444     1.882     2.914
3889.001    196015         0    196026           0.238     0.624     0.788     0.995     1.203     1.582     2.191     3.582
3890.001    195987         0    195995           0.237     0.623     0.790     1.011     1.222     1.641     2.521     5.472
3891.001    196000         0    196005           0.230     0.625     0.788     0.991     1.189     1.545     1.974     3.285
3892.001    196009         0    195990           0.246     0.618     0.779     0.970     1.152     1.482     1.892     3.002
3893.001    195992         0    196004           0.242     0.620     0.781     0.976     1.160     1.504     1.985     3.340
3894.001    196015         0    196010           0.246     0.612     0.770     0.950     1.114     1.437     1.896     3.287
3895.001    196003         0    195997           0.241     0.629     0.803     1.052     1.261     1.646     2.320     6.513
3896.001    196013         0    196006           0.231     0.633     0.814     1.087     1.292     1.660     2.210     4.436
3897.001    195982         0    196001           0.248     0.623     0.793     1.017     1.225     1.586     2.063     3.230
3898.001    196020         0    196018           0.245     0.625     0.790     0.990     1.186     1.535     2.038     3.017
3899.001    195983         0    195986           0.244     0.628     0.794     1.011     1.207     1.553     2.066     3.709
3900.001    195996         0    195997           0.249     0.624     0.792     1.011     1.214     1.578     2.140     3.207
3901.001    196006         0    196000           0.232     0.638     0.814     1.071     1.280     1.697    13.058    31.769
3902.001    196008         0    196008           0.243     0.617     0.774     0.953     1.117     1.448     1.920     3.404
3903.001    196005         0    196002           0.241     0.630     0.800     1.033     1.239     1.601     2.148     3.209
3904.001    195999         0    195995           0.237     0.632     0.805     1.052     1.261     1.617     2.101     3.617
3905.001    196027         0    196012           0.229     0.620     0.779     0.971     1.160     1.555     2.447     5.325
3906.001    195980         0    195998           0.245     0.623     0.793     1.018     1.223     1.591     2.142     3.217
3907.001    195995         0    195994           0.242     0.617     0.776     0.961     1.132     1.463     1.900     2.826
3908.001    196004         0    196011           0.240     0.620     0.782     0.978     1.161     1.496     1.979     3.557
3909.001    196002         0    195990           0.244     0.614     0.765     0.928     1.074     1.378     1.798     2.857
3910.001    196012         0    196021           0.238     0.622     0.782     0.975     1.160     1.513     2.000     3.365
3911.001    195979         0    195983           0.240     0.617     0.781     0.985     1.177     1.524     2.026     3.752
3912.001    196026         0    196012           0.244     0.626     0.798     1.036     1.242     1.598     2.088     3.496
3913.001    195995         0    195999           0.242     0.616     0.776     0.963     1.144     1.482     1.954     3.238
3914.001    196016         0    196012           0.225     0.617     0.771     0.938     1.086     1.384     1.803     3.168
3915.001    195989         0    195989           0.245     0.624     0.784     0.978     1.152     1.485     2.030     3.355
3916.001    195992         0    196003           0.234     0.629     0.797     1.016     1.214     1.570     2.077     3.342
3917.001    196008         0    195986           0.247     0.626     0.792     1.006     1.207     1.569     2.085     3.504
3918.001    196013         0    196012           0.244     0.627     0.796     1.018     1.222     1.582     2.118     3.336
3919.001    195978         0    196004           0.237     0.632     0.810     1.076     1.289     1.677     2.281     3.930
3920.001    195994         0    195996           0.243     0.625     0.796     1.025     1.231     1.585     2.091     3.396
3921.001    196020         0    196011           0.237     0.624     0.786     0.990     1.187     1.532     1.962     2.988
3922.001    195987         0    195987           0.241     0.633     0.813     1.085     1.299     1.727     2.623     6.119
3923.001    196032         0    196020           0.235     0.630     0.806     1.063     1.273     1.632     2.099     3.361
3924.001    196006         0    196011           0.239     0.621     0.783     0.976     1.162     1.516     1.970     4.272
3925.001    195971         0    195984           0.251     0.628     0.791     0.996     1.192     1.536     2.023     3.267
3926.001    196018         0    196009           0.237     0.622     0.782     0.971     1.152     1.480     1.905     3.275
3927.001    195989         0    195986           0.246     0.629     0.802     1.044     1.263     1.633     2.200     3.230
3928.001    196008         0    196026           0.224     0.615     0.770     0.945     1.099     1.413     1.827     2.976
3929.001    195994         0    195985           0.252     0.617     0.778     0.966     1.142     1.471     1.884     3.072
3930.001    196020         0    196001           0.243     0.624     0.787     0.986     1.179     1.526     1.992     3.170
3931.001    196019         0    196012           0.236     0.615     0.766     0.926     1.062     1.348     1.710     2.761
3932.001    195957         0    195983           0.242     0.628     0.800     1.034     1.235     1.617     2.236     3.430
3933.001    196016         0    196007           0.255     0.626     0.793     1.012     1.210     1.563     2.011     3.158
3934.001    196019         0    196015           0.252     0.633     0.810     1.063     1.276     1.635     2.122     4.106
3935.001    195981         0    195992           0.246     0.628     0.794     1.012     1.207     1.553     2.051     3.273
3936.001    196014         0    196008           0.236     0.624     0.792     1.014     1.225     1.587     2.023     3.092
3937.001    195999         0    195993           0.241     0.616     0.770     0.938     1.091     1.413     1.886     2.871
3938.001    195980         0    195995           0.247     0.626     0.796     1.035     1.250     1.677     2.499     5.865
3939.001    196013         0    196006           0.236     0.629     0.801     1.040     1.242     1.597     2.161     3.535
3940.001    195992         0    195995           0.250     0.631     0.799     1.019     1.215     1.562     2.056     3.285
3941.001    196024         0    196022           0.238     0.622     0.787     0.998     1.207     1.645     3.113     7.631
3942.001    195998         0    195997           0.237     0.615     0.774     0.958     1.134     1.484     2.353     6.259
3943.001    196003         0    195990           0.238     0.627     0.795     1.012     1.207     1.553     2.079     3.336
3944.001    196014         0    196022           0.237     0.615     0.773     0.959     1.133     1.460     1.939     3.092
3945.001    195975         0    195996           0.232     0.609     0.758     0.917     1.046     1.335     1.726     2.845
3946.001    196019         0    196010           0.230     0.609     0.759     0.918     1.047     1.335     1.695     2.544
3947.001    195979         0    195974           0.238     0.621     0.777     0.958     1.124     1.441     1.859     2.853
3948.001    196041         0    196036           0.252     0.624     0.787     0.993     1.193     1.570     2.367     7.033
3949.001    195974         0    195982           0.240     0.630     0.798     1.030     1.241     1.597     2.092     2.939
3950.001    195991         0    195996           0.242     0.630     0.796     1.012     1.211     1.583     2.167     3.500
3951.001    196030         0    196018           0.248     0.620     0.782     0.988     1.186     1.534     1.987     3.559
3952.001    195984         0    196006           0.248     0.622     0.781     0.971     1.149     1.487     1.924     3.463
3953.001    195997         0    195978           0.243     0.621     0.785     0.999     1.204     1.596     2.290     3.344
3954.001    196019         0    196018           0.245     0.618     0.780     0.977     1.162     1.510     2.136     3.469
3955.001    195992         0    196006           0.245     0.621     0.781     0.974     1.155     1.486     1.939     3.152
3956.001    195995         0    195978           0.231     0.631     0.810     1.076     1.287     1.665     2.216     3.469
3957.001    196026         0    196022           0.235     0.620     0.790     1.017     1.223     1.586     2.152     3.201
3958.001    195975         0    195970           0.249     0.628     0.802     1.046     1.258     1.661     2.562     5.857
3959.001    196037         0    196038           0.241     0.619     0.778     0.966     1.148     1.482     1.981     3.336
3960.001    195959         0    195972           0.249     0.616     0.766     0.927     1.067     1.358     1.724     3.183
3961.001    196017         0    196013           0.237     0.615     0.776     0.967     1.152     1.529    12.288    31.146
3962.001    196000         0    195995           0.236     0.637     0.816     1.081     1.292     1.671     2.238     3.078
3963.001    196016         0    196017           0.239     0.633     0.803     1.039     1.248     1.607     2.111     3.383
3964.001    195998         0    195994           0.239     0.621     0.784     0.986     1.182     1.514     1.922     2.970
3965.001    196002         0    196002           0.239     0.625     0.787     0.992     1.187     1.524     1.967     3.727
3966.001    196008         0    196012           0.243     0.618     0.769     0.933     1.076     1.380     1.755     2.609
3967.001    195991         0    195998           0.239     0.630     0.802     1.052     1.270     1.670     2.329     3.473
3968.001    195997         0    195988           0.240     0.624     0.781     0.959     1.119     1.433     1.878     3.166
3969.001    195992         0    196018           0.238     0.614     0.769     0.944     1.105     1.422     1.870     3.111
3970.001    196015         0    195986           0.250     0.624     0.791     1.011     1.209     1.578     2.136     3.092
3971.001    195992         0    196019           0.232     0.631     0.805     1.053     1.255     1.645     2.290     3.627
3972.001    196024         0    195992           0.240     0.622     0.790     1.006     1.209     1.556     2.047     3.434
3973.001    195980         0    195999           0.231     0.622     0.785     0.988     1.178     1.530     1.978     3.779
3974.001    195998         0    196002           0.239     0.615     0.776     0.972     1.159     1.532     2.290     6.287
3975.001    196024         0    196011           0.237     0.626     0.802     1.056     1.262     1.638     2.234     3.359
3976.001    195997         0    195991           0.241     0.626     0.794     1.012     1.212     1.574     2.126     3.156
3977.001    196001         0    196021           0.250     0.624     0.794     1.022     1.226     1.588     2.148     3.252
3978.001    196005         0    196004           0.238     0.617     0.774     0.956     1.125     1.453     1.904     3.224
3979.001    195976         0    195985           0.245     0.615     0.769     0.935     1.083     1.381     1.763     2.728
3980.001    196023         0    196006           0.242     0.630     0.806     1.055     1.258     1.616     2.128     3.385
3981.001    195979         0    195990           0.246     0.629     0.797     1.025     1.227     1.576     2.073     3.420
3982.001    196030         0    196031           0.232     0.621     0.784     0.989     1.183     1.523     1.960     2.998
3983.001    195976         0    195973           0.233     0.614     0.765     0.928     1.068     1.367     1.754     2.931
3984.001    196035         0    196005           0.237     0.622     0.787     0.992     1.197     1.556     2.120     3.021
3985.001    196005         0    196011           0.244     0.613     0.765     0.929     1.074     1.376     1.767     2.662
3986.001    195992         0    195999           0.240     0.611     0.763     0.930     1.072     1.372     1.767     2.417
3987.001    195994         0    196011           0.236     0.624     0.790     1.008     1.209     1.556     2.046     3.451
3988.001    195979         0    195973           0.236     0.617     0.771     0.945     1.101     1.418     1.842     3.289
3989.001    196031         0    196018           0.230     0.625     0.788     0.992     1.185     1.546     2.058     3.652
3990.001    195970         0    195987           0.241     0.630     0.808     1.079     1.289     1.652     2.193     3.402
3991.001    196011         0    196013           0.240     0.636     0.818     1.097     1.303     1.710     2.435     6.910
3992.001    195995         0    195985           0.223     0.620     0.778     0.968     1.151     1.495     1.967     4.338
3993.001    196007         0    196010           0.247     0.621     0.787     0.999     1.201     1.564     2.065     4.297
3994.001    195993         0    196002           0.242     0.623     0.786     0.995     1.191     1.549     2.136     3.146
3995.001    196007         0    195996           0.246     0.646     0.844     1.163     1.365     1.818     2.445     3.783
3996.001    195995         0    196007           0.244     0.616     0.771     0.937     1.089     1.404     1.849     2.974
3997.001    196016         0    196002           0.252     0.630     0.802     1.047     1.264     1.628     2.148     3.209
3998.001    195998         0    196015           0.240     0.621     0.780     0.966     1.150     1.520     2.398     5.190
3999.001    196017         0    196003           0.241     0.621     0.788     1.004     1.196     1.537     2.067     3.344
4000.001    196006         0    195991           0.242     0.625     0.787     0.993     1.191     1.562     2.169     3.332
4001.001    195997         0    196017           0.241     0.621     0.780     0.971     1.154     1.482     1.918     3.203
4002.001    195990         0    195975           0.237     0.623     0.786     0.988     1.177     1.531     1.967     3.297
4003.001    196007         0    196018           0.252     0.629     0.801     1.043     1.258     1.630     2.105     3.541
4004.001    196005         0    195988           0.243     0.619     0.773     0.944     1.095     1.394     1.794     3.203
4005.001    196002         0    196012           0.248     0.611     0.767     0.944     1.111     1.451     1.961     3.222
4006.001    196017         0    196004           0.244     0.631     0.798     1.020     1.224     1.575     2.120     3.787
4007.001    195979         0    195993           0.241     0.623     0.788     0.998     1.192     1.548     2.068     4.280
4008.001    196003         0    196000           0.233     0.625     0.786     0.979     1.155     1.497     2.038     3.383
4009.001    196002         0    196015           0.243     0.629     0.791     0.986     1.174     1.526     1.963     3.049
4010.001    196026         0    196003           0.233     0.622     0.782     0.978     1.166     1.511     1.952     3.090
4011.001    195965         0    195983           0.237     0.623     0.786     0.990     1.187     1.528     1.951     3.168
4012.001    196018         0    196028           0.243     0.642     0.824     1.104     1.308     1.695     2.255     3.125
4013.001    195989         0    195979           0.248     0.622     0.788     0.999     1.190     1.543     2.075     3.658
4014.001    196011         0    196012           0.236     0.629     0.797     1.025     1.230     1.575     2.004     3.174
4015.001    196021         0    196003           0.239     0.628     0.793     1.009     1.211     1.567     2.055     3.447
4016.001    195987         0    195998           0.254     0.625     0.782     0.963     1.129     1.447     1.901     3.152
4017.001    195990         0    196000           0.242     0.621     0.777     0.954     1.114     1.435     1.942     3.705
4018.001    196014         0    196007           0.239     0.641     0.821     1.098     1.308     1.697     2.281     3.793
4019.001    196002         0    196001           0.250     0.625     0.783     0.966     1.138     1.460     1.922     2.970
4020.001    195990         0    195991           0.230     0.620     0.775     0.947     1.102     1.414     1.849     3.025
4021.001    195992         0    196006           0.241     0.618     0.778     0.959     1.139     1.498     8.749    30.769
4022.001    196004         0    196004           0.236     0.626     0.788     0.987     1.176     1.522     1.965     3.232
4023.001    196019         0    195999           0.244     0.621     0.779     0.962     1.129     1.453     1.891     3.025
4024.001    195992         0    196017           0.242     0.618     0.781     0.977     1.165     1.514     2.055     3.252
4025.001    196000         0    195990           0.242     0.626     0.785     0.976     1.154     1.487     1.949     3.637
4026.001    196024         0    195994           0.244     0.624     0.794     1.020     1.220     1.564     2.016     3.344
4027.001    196000         0    196020           0.234     0.634     0.811     1.072     1.277     1.634     2.130     3.191
4028.001    195979         0    195985           0.242     0.628     0.792     0.991     1.176     1.524     2.078     3.437
4029.001    196010         0    195993           0.232     0.632     0.804     1.043     1.245     1.645     2.306     3.328
4030.001    195993         0    196014           0.239     0.641     0.825     1.105     1.315     1.731     2.394     3.588
4031.001    196000         0    196004           0.246     0.630     0.798     1.020     1.221     1.578     2.107     3.467
4032.001    195999         0    196000           0.248     0.620     0.773     0.938     1.083     1.379     1.749     2.681
4033.001    196018         0    196000           0.242     0.622     0.782     0.967     1.142     1.470     1.895     2.779
4034.001    195981         0    196000           0.242     0.625     0.788     0.992     1.189     1.531     2.002     2.968
4035.001    196012         0    195998           0.244     0.619     0.780     0.976     1.167     1.510     1.924     3.318
4036.001    195977         0    195982           0.239     0.627     0.803     1.056     1.273     1.639     2.138     3.453
4037.001    196023         0    196016           0.245     0.622     0.785     0.982     1.167     1.498     1.983     3.590
4038.001    195978         0    195991           0.235     0.624     0.788     0.998     1.193     1.528     1.996     3.283
4039.001    196040         0    196029           0.239     0.614     0.769     0.939     1.090     1.402     1.825     2.802
4040.001    196003         0    196007           0.237     0.624     0.785     0.978     1.160     1.497     1.922     3.408
4041.001    196007         0    196001           0.235     0.613     0.769     0.939     1.093     1.402     1.808     2.755
4042.001    195991         0    195992           0.244     0.624     0.787     0.989     1.180     1.525     2.008     3.025
4043.001    195998         0    196002           0.232     0.629     0.804     1.056     1.265     1.618     2.173     3.230
4044.001    196004         0    195995           0.230     0.624     0.793     1.016     1.211     1.562     2.081     2.877
4045.001    195971         0    196000           0.233     0.617     0.776     0.960     1.135     1.462     1.896     3.158
4046.001    196033         0    196003           0.221     0.624     0.793     1.014     1.218     1.580     2.126     2.935
4047.001    195999         0    196016           0.220     0.635     0.808     1.056     1.261     1.660     2.281     3.637
4048.001    195990         0    195985           0.251     0.625     0.782     0.965     1.136     1.467     1.918     2.712
4049.001    196001         0    196002           0.235     0.627     0.791     0.991     1.178     1.525     2.075     3.451
4050.001    195997         0    196006           0.246     0.624     0.782     0.970     1.151     1.488     1.926     3.760
4051.001    196033         0    196015           0.245     0.625     0.791     1.001     1.202     1.559     2.026     3.215
4052.001    195989         0    195990           0.239     0.636     0.818     1.103     1.316     1.731     2.343     3.463
4053.001    195984         0    196002           0.242     0.631     0.801     1.032     1.241     1.594     2.058     3.379
4054.001    196025         0    195998           0.244     0.620     0.777     0.957     1.124     1.448     1.875     2.994
4055.001    196019         0    196009           0.243     0.638     0.814     1.068     1.268     1.637     2.179     3.150
4056.001    195982         0    196000           0.242     0.614     0.766     0.927     1.068     1.371     1.785     2.609
4057.001    195987         0    195995           0.241     0.617     0.772     0.943     1.099     1.414     1.836     2.925
4058.001    195997         0    196000           0.229     0.626     0.790     0.997     1.195     1.545     2.007     3.883
4059.001    196003         0    196013           0.240     0.628     0.793     1.006     1.199     1.537     1.985     3.017
4060.001    196024         0    195998           0.235     0.621     0.781     0.974     1.154     1.487     1.960     2.859
4061.001    196001         0    196002           0.241     0.622     0.781     0.966     1.141     1.462     1.909     3.054
4062.001    196003         0    196006           0.235     0.627     0.796     1.022     1.223     1.584     2.067     3.252
4063.001    195991         0    195991           0.235     0.618     0.778     0.966     1.144     1.474     1.916     3.187
4064.001    195988         0    196008           0.241     0.625     0.785     0.973     1.148     1.463     1.906     3.164
4065.001    196013         0    195995           0.242     0.620     0.781     0.973     1.154     1.482     1.989     3.000
4066.001    196028         0    196013           0.247     0.625     0.794     1.018     1.223     1.584     2.068     3.068
4067.001    195958         0    195984           0.254     0.625     0.792     1.013     1.219     1.579     2.082     3.256
4068.001    196030         0    196017           0.235     0.635     0.813     1.075     1.285     1.682     2.306     3.957
4069.001    196010         0    196000           0.251     0.633     0.803     1.030     1.234     1.652     2.279     3.201
4070.001    195995         0    196002           0.242     0.637     0.814     1.071     1.277     1.635     2.140     3.103
4071.001    195992         0    195993           0.251     0.615     0.772     0.953     1.121     1.445     1.887     2.843
4072.001    195999         0    196000           0.227     0.617     0.770     0.935     1.077     1.379     1.791     2.689
4073.001    196008         0    196016           0.241     0.613     0.767     0.932     1.076     1.375     1.797     2.714
4074.001    195995         0    195993           0.239     0.625     0.793     1.010     1.213     1.602     2.312     5.214
4075.001    195997         0    195999           0.248     0.624     0.787     0.991     1.191     1.535     1.967     3.445
4076.001    195988         0    196002           0.250     0.620     0.776     0.951     1.111     1.423     1.834     3.281
4077.001    196059         0    196023           0.233     0.621     0.781     0.975     1.163     1.500     1.909     2.769
4078.001    195976         0    196001           0.236     0.610     0.762     0.924     1.060     1.357     1.750     2.691
4079.001    196001         0    196004           0.236     0.633     0.805     1.046     1.255     1.620     2.204     3.428
4080.001    196025         0    195986           0.233     0.622     0.786     0.993     1.181     1.524     2.066     3.498
4081.001    195953         0    195996           0.231     0.618     0.781     0.979     1.171     1.558    11.018    33.047
4082.001    196009         0    195993           0.224     0.630     0.798     1.020     1.215     1.564     2.107     3.475
4083.001    196009         0    196012           0.235     0.623     0.790     1.006     1.211     1.568     2.038     3.158
4084.001    195999         0    196005           0.232     0.624     0.794     1.020     1.229     1.591     2.103     3.590
4085.001    195987         0    195994           0.244     0.623     0.786     0.986     1.181     1.526     1.963     3.328
4086.001    196031         0    196018           0.233     0.620     0.784     0.988     1.182     1.529     2.067     3.181
4087.001    195982         0    195993           0.245     0.628     0.793     1.002     1.196     1.543     2.114     3.353
4088.001    196030         0    196007           0.245     0.632     0.805     1.050     1.255     1.616     2.183     3.371
4089.001    195986         0    196008           0.251     0.620     0.774     0.948     1.098     1.405     1.844     3.305
4090.001    196001         0    195982           0.252     0.624     0.787     0.988     1.172     1.511     1.967     3.381
4091.001    195999         0    196001           0.243     0.623     0.781     0.966     1.140     1.465     1.876     2.894
4092.001    195985         0    196006           0.245     0.630     0.807     1.065     1.278     1.654     2.267     4.129
4093.001    196023         0    196009           0.246     0.627     0.795     1.010     1.203     1.558     2.071     3.709
4094.001    195991         0    195978           0.246     0.616     0.770     0.938     1.089     1.400     1.805     2.824
4095.001    196017         0    196022           0.225     0.625     0.788     0.988     1.177     1.511     1.942     3.371
4096.001    195976         0    195989           0.237     0.620     0.775     0.950     1.104     1.428     1.844     2.804
4097.001    196012         0    196009           0.241     0.627     0.790     0.989     1.174     1.519     2.017     4.588
4098.001    195996         0    196000           0.247     0.639     0.811     1.051     1.245     1.619     2.175     3.318
4099.001    196001         0    196003           0.240     0.637     0.810     1.059     1.271     1.636     2.152     3.340
4100.001    196010         0    195990           0.242     0.638     0.825     1.117     1.328     1.739     2.355     4.084
4101.001    195995         0    196016           0.245     0.635     0.809     1.061     1.271     1.649     2.234     3.404
4102.001    196016         0    196002           0.252     0.641     0.827     1.118     1.327     1.726     2.304     3.482
4103.001    196017         0    196014           0.226     0.616     0.766     0.930     1.067     1.360     1.749     2.634
4104.001    195943         0    195966           0.241     0.623     0.781     0.970     1.146     1.477     1.891     3.131
4105.001    196024         0    196013           0.242     0.628     0.800     1.037     1.235     1.609     2.204     3.828
4106.001    196015         0    196013           0.242     0.632     0.798     1.017     1.212     1.563     2.091     3.316
4107.001    195983         0    195978           0.227     0.623     0.783     0.972     1.151     1.490     1.956     3.234
4108.001    196017         0    196007           0.239     0.628     0.797     1.028     1.235     1.623     2.423     6.500
4109.001    195991         0    196013           0.241     0.629     0.795     1.009     1.203     1.560     2.063     3.289
4110.001    195991         0    195978           0.236     0.622     0.786     0.992     1.185     1.538     2.002     3.111
4111.001    196027         0    196024           0.237     0.619     0.782     0.983     1.179     1.529     1.993     2.867
4112.001    196001         0    195998           0.234     0.621     0.781     0.970     1.153     1.481     1.913     3.170
4113.001    195992         0    196011           0.240     0.617     0.771     0.940     1.092     1.406     1.817     2.630
4114.001    196004         0    195996           0.248     0.618     0.776     0.954     1.113     1.431     1.873     3.002
4115.001    195998         0    196005           0.240     0.627     0.795     1.016     1.217     1.585     2.150     3.125
4116.001    195997         0    196005           0.247     0.614     0.767     0.937     1.092     1.400     1.841     3.058
4117.001    196006         0    195989           0.236     0.618     0.774     0.952     1.113     1.426     1.882     3.287
4118.001    195997         0    196006           0.245     0.616     0.774     0.957     1.123     1.442     1.902     3.361
4119.001    196003         0    196009           0.245     0.625     0.786     0.985     1.175     1.509     2.036     3.402
4120.001    196012         0    196010           0.226     0.622     0.784     0.983     1.170     1.514     1.956     3.119
4121.001    196032         0    196009           0.250     0.617     0.767     0.930     1.072     1.370     1.783     2.886
4122.001    195969         0    195966           0.241     0.618     0.774     0.946     1.101     1.418     1.842     2.877
4123.001    196029         0    196021           0.235     0.618     0.778     0.962     1.136     1.469     1.923     3.279
4124.001    195991         0    196003           0.241     0.619     0.780     0.971     1.152     1.485     1.997     3.305
4125.001    195971         0    195991           0.232     0.635     0.820     1.099     1.302     1.679     2.269     3.680
4126.001    196001         0    196005           0.239     0.638     0.823     1.114     1.324     1.681     2.230     3.572
4127.001    196038         0    196014           0.249     0.628     0.793     1.003     1.202     1.554     2.049     3.916
4128.001    195976         0    195991           0.230     0.622     0.783     0.977     1.166     1.507     1.977     3.088
4129.001    196010         0    196010           0.235     0.624     0.786     0.993     1.190     1.537     2.011     3.129
4130.001    195979         0    195986           0.239     0.620     0.784     0.988     1.182     1.519     1.974     3.410
4131.001    196006         0    195996           0.241     0.613     0.773     0.954     1.125     1.461     1.890     2.988
4132.001    196020         0    196032           0.227     0.618     0.778     0.967     1.147     1.482     1.898     3.109
4133.001    195995         0    195995           0.232     0.616     0.769     0.932     1.080     1.383     1.785     3.267
4134.001    196014         0    196008           0.244     0.616     0.774     0.954     1.125     1.465     1.909     3.121
4135.001    195999         0    195992           0.239     0.633     0.805     1.046     1.249     1.605     2.136     3.262
4136.001    196001         0    196002           0.242     0.621     0.782     0.975     1.160     1.489     1.904     2.785
4137.001    195988         0    196002           0.250     0.616     0.773     0.951     1.113     1.439     1.909     3.101
4138.001    196007         0    195991           0.233     0.623     0.788     1.000     1.196     1.548     2.109     3.717
4139.001    196014         0    196013           0.239     0.620     0.781     0.973     1.158     1.503     1.980     3.066
4140.001    195985         0    195997           0.233     0.616     0.773     0.949     1.111     1.427     1.869     2.933
4141.001    196009         0    196006           0.238     0.635     0.807     1.054     1.263     1.669    11.764    31.425
4142.001    195966         0    195963           0.237     0.635     0.817     1.091     1.297     1.674     2.220     3.490
4143.001    196044         0    196047           0.227     0.617     0.775     0.958     1.134     1.480     2.001     3.043
4144.001    195984         0    195979           0.249     0.631     0.806     1.056     1.263     1.642     2.257     3.641
4145.001    196005         0    196005           0.239     0.631     0.805     1.051     1.262     1.635     2.169     4.555
4146.001    196011         0    196002           0.236     0.628     0.799     1.033     1.239     1.628     2.261     3.314
4147.001    195987         0    195986           0.243     0.622     0.785     0.991     1.178     1.516     1.969     3.338
4148.001    196014         0    196042           0.233     0.616     0.771     0.944     1.102     1.421     1.827     2.953
4149.001    195999         0    195980           0.234     0.618     0.775     0.954     1.123     1.446     1.873     2.910
4150.001    195992         0    196004           0.242     0.620     0.778     0.964     1.138     1.467     1.925     3.318
4151.001    196030         0    196003           0.242     0.626     0.792     1.012     1.218     1.585     2.165     3.234
4152.001    195975         0    196000           0.245     0.613     0.770     0.950     1.118     1.448     1.872     2.998
4153.001    196028         0    196023           0.238     0.613     0.766     0.940     1.097     1.415     1.835     2.904
4154.001    195977         0    195991           0.239     0.615     0.770     0.943     1.098     1.407     1.854     2.734
4155.001    196017         0    195987           0.243     0.626     0.795     1.020     1.228     1.625     2.394     5.820
4156.001    195972         0    196001           0.237     0.632     0.810     1.068     1.274     1.652     2.251     3.803
4157.001    196054         0    196023           0.242     0.625     0.790     1.003     1.205     1.556     2.004     3.011
4158.001    195971         0    195987           0.241     0.623     0.791     1.018     1.225     1.596     2.218     3.463
4159.001    196000         0    196002           0.236     0.631     0.807     1.065     1.283     1.675     2.552     6.734
4160.001    195988         0    195989           0.246     0.628     0.801     1.048     1.258     1.611     2.134     3.516
4161.001    196041         0    196031           0.220     0.624     0.792     1.016     1.220     1.568     2.060     3.207
4162.001    195986         0    195980           0.247     0.618     0.780     0.981     1.164     1.521     2.002     3.455
4163.001    195986         0    196006           0.243     0.610     0.762     0.929     1.079     1.391     1.818     2.642
4164.001    196000         0    195998           0.249     0.623     0.795     1.033     1.241     1.611     2.161     3.711
4165.001    196010         0    196014           0.235     0.621     0.783     0.979     1.169     1.507     1.973     3.281
4166.001    196020         0    196003           0.246     0.616     0.766     0.924     1.062     1.350     1.766     3.232
4167.001    195989         0    195989           0.244     0.618     0.779     0.975     1.163     1.501     1.929     2.998
4168.001    195998         0    196009           0.241     0.620     0.781     0.979     1.176     1.525     1.966     2.906
4169.001    195987         0    195986           0.235     0.616     0.773     0.949     1.110     1.432     1.876     3.275
4170.001    196027         0    196004           0.234     0.614     0.770     0.941     1.098     1.419     1.834     2.873
4171.001    196001         0    196019           0.247     0.619     0.778     0.965     1.137     1.467     1.935     3.135
4172.001    195975         0    195973           0.237     0.625     0.788     0.996     1.193     1.550     2.083     3.811
4173.001    196015         0    196023           0.247     0.635     0.819     1.103     1.315     1.714     2.316     3.437
4174.001    195981         0    195983           0.229     0.625     0.790     1.006     1.210     1.573     2.159     3.910
4175.001    196034         0    196030           0.244     0.620     0.783     0.983     1.175     1.520     1.999     3.346
4176.001    196013         0    195996           0.244     0.627     0.800     1.048     1.265     1.650     2.284     3.285
4177.001    195971         0    195994           0.231     0.632     0.807     1.060     1.275     1.628     2.169     3.402
4178.001    196016         0    196011           0.250     0.617     0.779     0.974     1.161     1.503     1.996     3.236
4179.001    196001         0    196002           0.237     0.621     0.782     0.979     1.164     1.500     2.017     3.521
4180.001    195992         0    196001           0.242     0.632     0.809     1.073     1.277     1.651     2.226     4.669
4181.001    196004         0    195993           0.236     0.621     0.789     1.009     1.215     1.583     2.122     3.068
4182.001    196007         0    196008           0.236     0.623     0.784     0.987     1.184     1.538     2.091     3.449
4183.001    196019         0    196003           0.237     0.617     0.773     0.951     1.115     1.430     1.889     3.684
4184.001    195980         0    196010           0.248     0.620     0.777     0.959     1.132     1.461     1.903     3.222
4185.001    196014         0    195992           0.249     0.615     0.767     0.936     1.082     1.390     1.823     2.828
4186.001    196001         0    196012           0.249     0.613     0.769     0.944     1.103     1.421     1.865     3.455
4187.001    195980         0    195977           0.241     0.613     0.765     0.929     1.067     1.352     1.757     3.193
4188.001    196019         0    196013           0.240     0.616     0.767     0.927     1.059     1.345     1.708     2.642
4189.001    196005         0    196001           0.245     0.621     0.784     0.986     1.176     1.517     1.964     3.336
4190.001    195987         0    195998           0.237     0.618     0.778     0.962     1.132     1.458     1.907     3.154
4191.001    195985         0    195982           0.249     0.635     0.819     1.094     1.298     1.662     2.200     3.262
4192.001    196024         0    196028           0.243     0.627     0.798     1.036     1.250     1.619     2.111     3.111
4193.001    195977         0    195981           0.248     0.627     0.798     1.031     1.240     1.631     2.394     5.874
4194.001    196027         0    196022           0.246     0.630     0.800     1.032     1.235     1.612     2.177     4.252
4195.001    196020         0    195996           0.233     0.622     0.791     1.017     1.225     1.585     2.107     3.000
4196.001    195962         0    195994           0.223     0.624     0.792     1.010     1.217     1.574     2.079     3.381
4197.001    196025         0    196017           0.239     0.638     0.824     1.115     1.322     1.708     2.357     4.301
4198.001    195991         0    195993           0.239     0.625     0.785     0.982     1.167     1.528     2.021     3.791
4199.001    196017         0    196015           0.239     0.623     0.786     0.991     1.186     1.540     2.070     3.293
4200.001    195993         0    195991           0.243     0.618     0.780     0.976     1.167     1.520     2.038     3.912
4201.001    196013         0    196012           0.227     0.616     0.771     0.942     1.099     1.438    13.050    32.522
4202.001    196008         0    196007           0.237     0.620     0.782     0.974     1.162     1.493     1.939     2.916
4203.001    195988         0    196005           0.235     0.621     0.780     0.961     1.125     1.445     1.896     3.023
4204.001    195999         0    196003           0.232     0.617     0.770     0.933     1.072     1.358     1.748     2.863
4205.001    196004         0    195976           0.242     0.624     0.786     0.981     1.163     1.493     1.904     3.164
4206.001    195980         0    195991           0.236     0.624     0.784     0.977     1.158     1.501     1.902     2.943
4207.001    196032         0    196017           0.246     0.632     0.802     1.034     1.236     1.603     2.142     3.303
4208.001    195981         0    195989           0.246     0.624     0.790     1.005     1.207     1.569     2.091     3.301
4209.001    196016         0    196006           0.243     0.642     0.834     1.138     1.339     1.711     2.296     3.836
4210.001    195994         0    196009           0.253     0.622     0.784     0.979     1.158     1.483     2.019     3.011
4211.001    196005         0    196017           0.236     0.619     0.778     0.963     1.135     1.460     1.916     2.820
4212.001    195989         0    195967           0.240     0.635     0.819     1.105     1.311     1.722     2.374     3.686
4213.001    195997         0    196020           0.228     0.641     0.830     1.138     1.346     1.721     2.286     4.112
4214.001    196004         0    196001           0.248     0.617     0.777     0.965     1.144     1.469     1.878     2.916
4215.001    195988         0    195994           0.259     0.633     0.804     1.036     1.230     1.601     2.138     3.142
4216.001    196024         0    196010           0.245     0.624     0.788     0.991     1.183     1.527     2.073     3.006
4217.001    195979         0    195995           0.246     0.623     0.789     1.005     1.203     1.584     2.230     4.379
4218.001    196032         0    196016           0.247     0.625     0.783     0.970     1.143     1.479     2.077     3.918
4219.001    195975         0    195990           0.234     0.626     0.792     1.008     1.206     1.544     2.031     3.226
4220.001    196013         0    196004           0.247     0.616     0.773     0.957     1.125     1.459     1.947     2.953
4221.001    196006         0    196011           0.245     0.625     0.784     0.969     1.145     1.465     1.869     2.865
4222.001    195986         0    195980           0.230     0.623     0.789     1.000     1.196     1.545     2.034     3.058
4223.001    196022         0    196018           0.232     0.629     0.795     1.007     1.201     1.553     2.007     3.027
4224.001    195979         0    195977           0.240     0.621     0.776     0.955     1.116     1.438     1.868     3.064
4225.001    196015         0    196008           0.238     0.632     0.803     1.038     1.244     1.601     2.077     3.058
4226.001    196023         0    196008           0.227     0.623     0.784     0.973     1.151     1.483     1.950     3.574
4227.001    195988         0    196008           0.234     0.626     0.793     1.013     1.215     1.574     2.148     3.807
4228.001    195997         0    196004           0.246     0.623     0.787     0.993     1.190     1.530     1.974     3.674
4229.001    196016         0    196001           0.254     0.634     0.805     1.044     1.257     1.621     2.165     3.957
4230.001    195988         0    195999           0.226     0.631     0.804     1.046     1.255     1.633     2.202     3.150
4231.001    196008         0    196013           0.229     0.624     0.789     0.995     1.189     1.534     2.024     3.705
4232.001    195995         0    196006           0.241     0.625     0.794     1.022     1.229     1.596     2.116     3.424
4233.001    195978         0    195972           0.244     0.638     0.820     1.082     1.281     1.678     2.294     3.346
4234.001    196023         0    196018           0.243     0.623     0.788     0.996     1.195     1.566     2.202     3.619
4235.001    196003         0    195999           0.252     0.629     0.790     0.986     1.167     1.516     2.114     3.850
4236.001    196012         0    196013           0.254     0.631     0.801     1.031     1.229     1.612     2.232     3.396
4237.001    196000         0    195988           0.247     0.629     0.800     1.034     1.243     1.594     2.091     3.250
4238.001    196009         0    196015           0.229     0.633     0.800     1.016     1.210     1.567     2.114     3.219
4239.001    195968         0    195989           0.248     0.624     0.787     0.988     1.179     1.521     1.985     3.097
4240.001    196020         0    196008           0.235     0.622     0.782     0.970     1.144     1.468     1.885     3.013
4241.001    195994         0    195992           0.245     0.623     0.788     0.999     1.207     1.563     2.021     3.109
4242.001    195998         0    196013           0.248     0.628     0.797     1.021     1.227     1.573     2.008     3.082
4243.001    196032         0    196005           0.234     0.623     0.784     0.976     1.160     1.494     1.952     3.086
4244.001    195977         0    195991           0.246     0.625     0.782     0.964     1.128     1.443     1.920     3.328
4245.001    196021         0    196002           0.246     0.646     0.834     1.120     1.319     1.705     2.284     3.361
4246.001    195987         0    196006           0.237     0.631     0.806     1.054     1.260     1.621     2.171     3.938
4247.001    196005         0    196002           0.248     0.630     0.798     1.023     1.221     1.569     2.142     3.422
4248.001    195994         0    196003           0.232     0.622     0.782     0.972     1.145     1.481     1.975     3.074
4249.001    195992         0    195988           0.216     0.623     0.788     0.997     1.195     1.538     2.009     3.367
4250.001    195997         0    196002           0.228     0.620     0.780     0.970     1.150     1.485     1.938     2.949
4251.001    196025         0    196001           0.247     0.633     0.805     1.042     1.246     1.640     2.253     3.346
4252.001    196011         0    196023           0.251     0.622     0.781     0.971     1.145     1.481     2.002     2.933
4253.001    195976         0    195990           0.237     0.620     0.774     0.942     1.093     1.391     1.833     3.164
4254.001    196018         0    196015           0.236     0.623     0.788     0.993     1.185     1.532     2.109     3.283
4255.001    196011         0    195987           0.236     0.628     0.790     0.986     1.165     1.498     1.956     2.951
4256.001    195995         0    196006           0.229     0.632     0.803     1.041     1.250     1.614     2.154     3.662
4257.001    196004         0    196009           0.244     0.616     0.776     0.962     1.137     1.471     1.933     3.537
4258.001    195966         0    195965           0.234     0.620     0.784     0.987     1.175     1.525     2.040     3.166
4259.001    196012         0    196025           0.251     0.620     0.780     0.968     1.138     1.457     1.896     3.365
4260.001    196032         0    196001           0.239     0.618     0.775     0.952     1.112     1.433     1.829     2.886
4261.001    196003         0    196011           0.254     0.622     0.781     0.968     1.145     1.501     9.961    30.917
4262.001    195967         0    195972           0.252     0.627     0.788     0.982     1.165     1.502     1.953     2.982
4263.001    196029         0    196034           0.247     0.645     0.833     1.123     1.319     1.689     2.259     3.461
4264.001    195982         0    195991           0.235     0.623     0.783     0.967     1.141     1.478     1.959     2.894
4265.001    196034         0    196015           0.247     0.624     0.791     1.004     1.199     1.571     2.154     3.987
4266.001    195987         0    195998           0.228     0.615     0.772     0.951     1.119     1.446     1.878     3.232
4267.001    196003         0    195986           0.243     0.625     0.792     1.011     1.211     1.577     2.138     3.279
4268.001    195972         0    196000           0.255     0.638     0.833     1.143     1.350     1.864     2.429     3.625
4269.001    196006         0    195998           0.244     0.624     0.788     0.998     1.190     1.540     2.111     3.516
4270.001    196017         0    196019           0.236     0.620     0.779     0.966     1.143     1.465     1.906     3.496
4271.001    196000         0    195998           0.245     0.625     0.785     0.979     1.163     1.492     1.979     3.396
4272.001    196006         0    195995           0.242     0.618     0.778     0.967     1.141     1.466     1.942     3.314
4273.001    195985         0    196006           0.236     0.617     0.771     0.945     1.099     1.406     1.829     2.976
4274.001    196022         0    196010           0.231     0.639     0.820     1.089     1.292     1.648     2.128     3.461
4275.001    195993         0    195998           0.246     0.635     0.812     1.064     1.280     1.639     2.120     3.688
4276.001    196002         0    195994           0.241     0.623     0.789     0.996     1.186     1.536     2.038     3.226
4277.001    195993         0    196009           0.244     0.619     0.772     0.942     1.093     1.390     1.820     2.857
4278.001    196015         0    195989           0.230     0.618     0.778     0.964     1.142     1.485     1.935     3.461
4279.001    196003         0    196012           0.239     0.621     0.780     0.967     1.138     1.455     1.881     3.334
4280.001    196020         0    196016           0.241     0.632     0.803     1.037     1.239     1.602     2.116     3.275
4281.001    195990         0    195992           0.243     0.627     0.797     1.021     1.223     1.575     2.089     3.332
4282.001    196023         0    196002           0.239     0.624     0.789     0.994     1.183     1.541     2.054     3.193
4283.001    195986         0    196001           0.248     0.632     0.812     1.079     1.289     1.654     2.159     3.428
4284.001    196014         0    196006           0.241     0.628     0.802     1.046     1.256     1.617     2.101     3.342
4285.001    195984         0    195992           0.231     0.627     0.804     1.056     1.266     1.642     2.241     3.613
4286.001    195983         0    195999           0.238     0.620     0.777     0.959     1.127     1.455     1.930     2.922
4287.001    196025         0    196001           0.252     0.615     0.773     0.953     1.120     1.439     1.927     3.203
4288.001    195982         0    196007           0.244     0.631     0.795     1.006     1.196     1.532     2.023     3.447
4289.001    196002         0    195991           0.236     0.621     0.784     0.984     1.178     1.532     1.980     3.113
4290.001    195999         0    196008           0.223     0.623     0.786     0.982     1.164     1.498     1.920     3.357
4291.001    196008         0    196004           0.251     0.625     0.783     0.968     1.144     1.465     1.895     3.332
4292.001    196004         0    195997           0.246     0.621     0.779     0.961     1.124     1.432     1.878     3.174
4293.001    195990         0    196005           0.241     0.637     0.810     1.049     1.251     1.607     2.070     3.463
4294.001    196015         0    196007           0.247     0.619     0.774     0.945     1.096     1.396     1.819     2.996
4295.001    195994         0    196003           0.235     0.621     0.779     0.961     1.127     1.449     1.863     2.877
4296.001    196016         0    196007           0.246     0.618     0.775     0.950     1.109     1.426     1.846     2.857
4297.001    195988         0    195988           0.251     0.632     0.806     1.048     1.253     1.622     2.204     3.529
4298.001    196018         0    195996           0.241     0.624     0.782     0.962     1.124     1.441     1.892     2.826
4299.001    196000         0    196011           0.245     0.626     0.791     0.992     1.182     1.530     2.018     3.058
4300.001    195971         0    195985           0.235     0.639     0.830     1.126     1.323     1.698     2.281     3.412
4301.001    196007         0    196005           0.242     0.627     0.798     1.032     1.237     1.616     2.243     3.490
4302.001    196020         0    196013           0.244     0.623     0.790     1.008     1.202     1.556     2.122     3.791
4303.001    195980         0    195994           0.233     0.646     0.839     1.135     1.330     1.727     2.314     3.693
4304.001    196016         0    195991           0.240     0.620     0.782     0.979     1.159     1.504     2.060     3.355
4305.001    196002         0    196010           0.248     0.627     0.802     1.060     1.269     1.640     2.150     3.600
4306.001    195992         0    196003           0.242     0.626     0.788     0.990     1.176     1.507     1.997     3.244
4307.001    195997         0    195996           0.241     0.625     0.785     0.975     1.156     1.494     1.938     3.305
4308.001    196020         0    196006           0.252     0.623     0.782     0.969     1.148     1.486     2.039     2.970
4309.001    195989         0    196009           0.244     0.618     0.774     0.951     1.108     1.417     1.857     3.117
4310.001    196005         0    195995           0.248     0.630     0.798     1.020     1.218     1.563     2.055     3.201
4311.001    196008         0    196003           0.245     0.627     0.795     1.020     1.225     1.580     2.055     3.432
4312.001    195994         0    196011           0.248     0.621     0.777     0.956     1.117     1.446     1.884     2.841
4313.001    195986         0    195984           0.237     0.616     0.772     0.949     1.110     1.424     1.836     3.158
4314.001    196017         0    196002           0.231     0.623     0.783     0.972     1.144     1.463     1.907     3.060
4315.001    196011         0    196013           0.241     0.625     0.784     0.972     1.144     1.463     1.962     2.873
4316.001    195984         0    196000           0.229     0.629     0.794     1.002     1.198     1.552     2.055     3.901
4317.001    196033         0    196005           0.241     0.633     0.812     1.078     1.284     1.639     2.134     3.314
4318.001    195979         0    196006           0.251     0.634     0.814     1.083     1.287     1.665     2.245     3.111
4319.001    196006         0    195987           0.229     0.625     0.807     1.082     1.292     1.676     2.284     3.854
4320.001    196025         0    196024           0.237     0.626     0.795     1.019     1.218     1.561     1.993     3.273
4321.001    195963         0    195981           0.237     0.637     0.822     1.105     1.313     1.781    10.527    32.358
4322.001    196012         0    196012           0.242     0.628     0.797     1.025     1.227     1.583     2.109     3.219
4323.001    196010         0    196005           0.232     0.631     0.799     1.020     1.211     1.563     2.126     3.066
4324.001    196020         0    196001           0.239     0.630     0.799     1.028     1.224     1.583     2.150     3.373
4325.001    195985         0    196008           0.244     0.618     0.772     0.942     1.094     1.413     1.847     2.904
4326.001    196005         0    195992           0.239     0.621     0.784     0.985     1.181     1.532     1.977     3.105
4327.001    195988         0    196000           0.242     0.618     0.780     0.975     1.162     1.500     1.953     3.150
4328.001    196020         0    196008           0.249     0.627     0.804     1.061     1.266     1.628     2.187     3.441
4329.001    195991         0    196008           0.247     0.631     0.798     1.016     1.213     1.558     2.040     3.260
4330.001    196011         0    195988           0.236     0.615     0.769     0.942     1.096     1.399     1.803     2.886
4331.001    195994         0    196010           0.246     0.617     0.775     0.956     1.119     1.432     1.858     3.279
4332.001    195974         0    195985           0.232     0.624     0.785     0.981     1.158     1.487     1.979     2.957
4333.001    196047         0    196011           0.237     0.629     0.797     1.024     1.224     1.584     2.084     3.140
4334.001    196005         0    196029           0.248     0.624     0.789     0.991     1.182     1.520     2.008     2.841
4335.001    195969         0    195964           0.246     0.632     0.814     1.081     1.285     1.667     2.253     3.246
4336.001    196025         0    196016           0.240     0.630     0.805     1.060     1.270     1.651     2.173     2.990
4337.001    195983         0    196005           0.242     0.625     0.794     1.018     1.218     1.567     2.058     3.557
4338.001    196012         0    195998           0.226     0.616     0.770     0.938     1.086     1.388     1.833     3.398
4339.001    195989         0    195995           0.240     0.630     0.801     1.032     1.230     1.595     2.128     3.707
4340.001    196003         0    196012           0.244     0.623     0.787     0.992     1.183     1.528     2.075     3.473
4341.001    196013         0    195999           0.236     0.618     0.784     0.996     1.188     1.531     2.052     2.980
4342.001    196021         0    195985           0.226     0.620     0.781     0.973     1.156     1.498     1.985     3.185
4343.001    195978         0    196020           0.252     0.627     0.794     1.010     1.211     1.574     2.114     3.389
4344.001    196006         0    196009           0.232     0.624     0.789     0.997     1.198     1.543     1.991     3.275
4345.001    195991         0    195986           0.243     0.618     0.780     0.974     1.161     1.503     1.945     3.135
4346.001    195984         0    195992           0.243     0.621     0.785     0.986     1.172     1.511     1.977     3.166
4347.001    196021         0    196015           0.236     0.617     0.779     0.969     1.150     1.483     1.935     3.107
4348.001    196006         0    196011           0.238     0.621     0.785     0.991     1.192     1.587     2.382     3.211
4349.001    196005         0    195998           0.255     0.613     0.768     0.937     1.085     1.391     1.804     2.755
4350.001    196000         0    196010           0.236     0.624     0.783     0.968     1.138     1.447     1.918     2.922
4351.001    196007         0    195990           0.254     0.632     0.804     1.043     1.248     1.595     2.120     3.166
4352.001    195971         0    195987           0.232     0.616     0.774     0.951     1.110     1.424     1.868     3.363
4353.001    196051         0    196021           0.248     0.633     0.807     1.057     1.267     1.633     2.144     3.336
4354.001    195966         0    195989           0.244     0.641     0.824     1.104     1.313     1.686     2.259     3.760
4355.001    196027         0    196013           0.236     0.616     0.774     0.954     1.117     1.436     1.908     3.138
4356.001    195983         0    195987           0.248     0.623     0.788     0.996     1.195     1.563     2.163     3.480
4357.001    196005         0    196010           0.233     0.621     0.788     1.004     1.202     1.563     2.105     3.099
4358.001    195993         0    195999           0.249     0.627     0.793     1.006     1.197     1.542     2.068     3.279
4359.001    195999         0    196002           0.248     0.632     0.808     1.072     1.280     1.657     2.245     3.406
4360.001    196008         0    195999           0.247     0.624     0.794     1.020     1.225     1.582     2.116     3.142
4361.001    195995         0    196008           0.232     0.618     0.774     0.949     1.106     1.421     1.928     3.006
4362.001    196020         0    195998           0.245     0.616     0.773     0.949     1.109     1.425     1.849     3.092
4363.001    195974         0    195985           0.234     0.616     0.769     0.934     1.077     1.362     1.745     3.054
4364.001    196016         0    196014           0.233     0.622     0.785     0.986     1.172     1.502     1.994     3.068
4365.001    196022         0    196021           0.241     0.616     0.767     0.931     1.073     1.367     1.760     2.990
4366.001    196004         0    195986           0.241     0.616     0.774     0.960     1.132     1.459     1.878     2.806
4367.001    195977         0    195998           0.245     0.621     0.783     0.984     1.171     1.530     2.093     2.961
4368.001    196010         0    196004           0.229     0.617     0.772     0.944     1.100     1.415     1.885     2.828
4369.001    195999         0    195996           0.252     0.621     0.777     0.954     1.113     1.426     1.859     3.117
4370.001    195997         0    196000           0.239     0.623     0.789     1.001     1.195     1.544     2.063     3.299
4371.001    195995         0    196007           0.246     0.623     0.788     0.999     1.191     1.535     2.094     3.060
4372.001    196026         0    196015           0.242     0.614     0.767     0.932     1.080     1.386     1.805     3.293
4373.001    195985         0    195977           0.238     0.629     0.798     1.022     1.227     1.580     2.132     2.955
4374.001    195977         0    195997           0.243     0.647     0.842     1.162     1.364     1.763     2.365     3.492
4375.001    196031         0    196011           0.241     0.635     0.820     1.106     1.307     1.684     2.236     3.398
4376.001    195989         0    196006           0.225     0.621     0.780     0.970     1.147     1.484     1.977     3.004
4377.001    195988         0    195975           0.223     0.614     0.773     0.960     1.132     1.461     1.952     3.250
4378.001    196003         0    196026           0.240     0.624     0.791     1.007     1.212     1.583     2.202     3.228
4379.001    196059         0    196020           0.228     0.614     0.767     0.935     1.085     1.391     1.798     3.283
4380.001    195964         0    195993           0.240     0.613     0.763     0.921     1.047     1.315     1.650     2.320
4381.001    196001         0    195989           0.248     0.619     0.777     0.959     1.129     1.478     7.606    29.868
4382.001    196013         0    196000           0.229     0.630     0.806     1.055     1.268     1.634     2.136     3.400
4383.001    195996         0    196002           0.243     0.638     0.825     1.118     1.322     1.707     2.259     3.011
4384.001    195993         0    196010           0.244     0.619     0.781     0.979     1.166     1.511     1.995     3.009
4385.001    196007         0    195993           0.249     0.623     0.790     1.008     1.212     1.572     2.049     3.125
4386.001    196032         0    196021           0.243     0.622     0.785     0.982     1.159     1.497     1.982     3.213
4387.001    196005         0    196002           0.229     0.612     0.765     0.931     1.077     1.376     1.792     2.746
4388.001    195984         0    195995           0.248     0.615     0.771     0.945     1.106     1.425     1.859     3.377
4389.001    195986         0    195994           0.229     0.623     0.784     0.985     1.168     1.510     2.000     2.851
4390.001    195973         0    195979           0.227     0.624     0.795     1.026     1.232     1.592     2.150     3.828
4391.001    196039         0    196029           0.236     0.632     0.806     1.052     1.250     1.633     2.232     3.545
4392.001    195991         0    195999           0.254     0.621     0.781     0.973     1.155     1.499     2.015     3.178
4393.001    195990         0    196001           0.250     0.635     0.814     1.081     1.290     1.686     2.279     3.504
4394.001    196031         0    196005           0.252     0.623     0.781     0.965     1.136     1.455     1.940     2.941
4395.001    195990         0    196004           0.225     0.615     0.773     0.950     1.110     1.431     1.915     3.297
4396.001    195999         0    195998           0.249     0.629     0.800     1.035     1.234     1.610     2.193     3.400
4397.001    195994         0    195981           0.259     0.626     0.793     1.012     1.208     1.555     2.044     3.086
4398.001    196017         0    196019           0.248     0.633     0.805     1.049     1.258     1.616     2.099     3.330
4399.001    195992         0    196008           0.253     0.625     0.786     0.979     1.161     1.497     1.949     3.123
4400.001    195989         0    195981           0.233     0.616     0.775     0.962     1.134     1.462     1.919     2.849
4401.001    196025         0    196006           0.251     0.626     0.786     0.979     1.160     1.491     1.924     3.860
4402.001    196006         0    196024           0.237     0.614     0.770     0.940     1.090     1.391     1.825     2.599
4403.001    196007         0    195994           0.235     0.618     0.773     0.948     1.102     1.411     1.829     2.949
4404.001    195979         0    196004           0.234     0.620     0.779     0.964     1.135     1.466     1.906     3.199
4405.001    196013         0    195994           0.236     0.625     0.795     1.023     1.226     1.582     2.049     3.533
4406.001    195985         0    195995           0.231     0.617     0.778     0.971     1.151     1.486     1.961     3.351
4407.001    196009         0    196004           0.232     0.618     0.784     0.991     1.185     1.533     2.035     3.127
4408.001    196018         0    196002           0.242     0.644     0.838     1.148     1.347     1.725     2.284     3.496
4409.001    195977         0    195997           0.238     0.617     0.777     0.973     1.160     1.505     1.990     2.935
4410.001    196004         0    195999           0.238     0.615     0.772     0.950     1.111     1.422     1.884     2.845
4411.001    196024         0    196013           0.234     0.629     0.801     1.040     1.246     1.621     2.152     3.226
4412.001    196010         0    195995           0.241     0.643     0.830     1.120     1.322     1.704     2.298     5.022
4413.001    195967         0    196001           0.253     0.620     0.783     0.983     1.172     1.524     1.998     3.467
4414.001    195998         0    195996           0.238     0.639     0.817     1.079     1.281     1.651     2.191     3.518
4415.001    196018         0    196017           0.239     0.627     0.793     1.004     1.202     1.556     2.049     3.736
4416.001    196007         0    196004           0.242     0.614     0.766     0.931     1.075     1.374     1.809     3.301
4417.001    195991         0    195985           0.236     0.614     0.769     0.934     1.080     1.376     1.777     2.632
4418.001    196004         0    196014           0.248     0.620     0.779     0.970     1.151     1.491     1.950     3.068
4419.001    196011         0    196005           0.239     0.615     0.771     0.947     1.104     1.413     1.844     2.918
4420.001    195983         0    195990           0.239     0.626     0.785     0.973     1.147     1.474     1.948     3.222
4421.001    195996         0    195999           0.233     0.624     0.785     0.977     1.154     1.484     1.971     2.978
4422.001    196002         0    195997           0.252     0.621     0.787     0.999     1.191     1.533     2.030     2.949
4423.001    196019         0    196020           0.243     0.622     0.785     0.984     1.172     1.516     1.997     3.152
4424.001    195968         0    195968           0.226     0.630     0.805     1.053     1.257     1.612     2.120     3.301
4425.001    196017         0    196013           0.235     0.633     0.805     1.044     1.252     1.613     2.154     3.457
4426.001    196017         0    196017           0.235     0.619     0.780     0.977     1.162     1.508     2.024     3.338
4427.001    195994         0    195989           0.235     0.630     0.803     1.047     1.255     1.628     2.202     3.545
4428.001    196002         0    196003           0.231     0.626     0.796     1.032     1.236     1.607     2.128     3.144
4429.001    196005         0    196014           0.232     0.625     0.791     1.000     1.194     1.541     2.072     3.213
4430.001    195981         0    195994           0.236     0.637     0.821     1.099     1.305     1.697     2.304     3.893
4431.001    196022         0    196011           0.242     0.621     0.782     0.974     1.151     1.473     1.944     2.845
4432.001    195995         0    195992           0.247     0.626     0.793     1.010     1.205     1.564     2.148     3.234
4433.001    196019         0    196021           0.242     0.630     0.806     1.061     1.270     1.664     2.236     3.549
4434.001    196007         0    195999           0.238     0.613     0.762     0.922     1.054     1.336     1.680     2.349
4435.001    195980         0    195994           0.245     0.617     0.772     0.944     1.100     1.412     1.834     3.189
4436.001    196017         0    196001           0.226     0.619     0.778     0.962     1.137     1.459     1.907     3.330
4437.001    195992         0    195998           0.242     0.628     0.794     1.015     1.210     1.559     1.999     3.148
4438.001    195986         0    195986           0.229     0.618     0.779     0.966     1.141     1.466     1.947     3.172
4439.001    196029         0    196025           0.249     0.622     0.785     0.988     1.181     1.523     2.000     3.054
4440.001    195985         0    195984           0.245     0.630     0.808     1.069     1.281     1.647     2.257     3.248
4441.001    196006         0    196010           0.240     0.615     0.776     0.967     1.155     1.531    12.968    31.457
4442.001    195982         0    195981           0.251     0.628     0.805     1.058     1.268     1.639     2.232     3.719
4443.001    195993         0    196010           0.233     0.627     0.795     1.017     1.214     1.572     2.043     3.525
4444.001    196018         0    196007           0.252     0.626     0.797     1.027     1.229     1.596     2.091     3.160
4445.001    196004         0    196004           0.241     0.625     0.790     0.996     1.191     1.554     2.055     3.572
4446.001    196002         0    196013           0.242     0.621     0.778     0.956     1.117     1.438     1.891     3.002
4447.001    196026         0    196000           0.225     0.642     0.835     1.143     1.342     1.755     2.378     3.834
4448.001    195986         0    196005           0.244     0.626     0.798     1.035     1.240     1.608     2.179     3.488
4449.001    196004         0    195993           0.239     0.609     0.762     0.929     1.077     1.385     1.809     2.683
4450.001    196014         0    196006           0.243     0.610     0.762     0.929     1.074     1.372     1.784     3.117
4451.001    195980         0    195993           0.234     0.620     0.783     0.987     1.178     1.523     2.053     3.217
4452.001    196023         0    196018           0.241     0.621     0.784     0.980     1.164     1.506     1.988     3.127
4453.001    196006         0    196003           0.242     0.616     0.770     0.934     1.072     1.359     1.744     2.777
4454.001    195999         0    195986           0.250     0.615     0.770     0.940     1.091     1.396     1.849     3.322
4455.001    195969         0    195987           0.251     0.638     0.829     1.123     1.329     1.732     2.304     3.736
4456.001    196021         0    196007           0.243     0.623     0.787     0.988     1.181     1.530     2.013     3.654
4457.001    196005         0    196007           0.236     0.617     0.770     0.935     1.075     1.364     1.756     2.902
4458.001    195994         0    196007           0.234     0.630     0.803     1.038     1.238     1.606     2.136     3.609
4459.001    196016         0    196003           0.235     0.628     0.790     0.986     1.165     1.505     1.978     3.015
4460.001    195988         0    196002           0.231     0.629     0.801     1.036     1.239     1.599     2.136     3.348
4461.001    196008         0    195999           0.246     0.623     0.782     0.972     1.149     1.480     1.937     2.904
4462.001    196001         0    196000           0.234     0.623     0.788     0.995     1.188     1.539     2.070     3.228
4463.001    195999         0    196004           0.244     0.623     0.783     0.977     1.164     1.512     1.969     3.570
4464.001    196023         0    196009           0.236     0.619     0.777     0.956     1.120     1.442     1.894     2.800
4465.001    195975         0    195992           0.239     0.625     0.793     1.008     1.203     1.553     2.191     3.420
4466.001    196016         0    196001           0.240     0.629     0.798     1.022     1.215     1.570     2.126     3.160
4467.001    195988         0    196007           0.223     0.625     0.791     1.001     1.197     1.545     2.037     3.127
4468.001    195996         0    195985           0.240     0.611     0.765     0.936     1.087     1.388     1.825     3.144
4469.001    196018         0    196025           0.247     0.620     0.782     0.980     1.161     1.494     1.979     3.154
4470.001    195982         0    195984           0.254     0.616     0.774     0.955     1.116     1.430     1.873     2.769
4471.001    196002         0    196011           0.251     0.635     0.812     1.079     1.287     1.651     2.185     3.582
4472.001    196001         0    196012           0.230     0.622     0.788     1.003     1.201     1.563     2.146     4.379
4473.001    196001         0    195993           0.252     0.630     0.798     1.021     1.221     1.569     2.070     3.101
4474.001    196017         0    195998           0.244     0.620     0.780     0.971     1.148     1.466     1.926     3.060
4475.001    196010         0    196010           0.226     0.620     0.779     0.964     1.141     1.479     1.916     3.240
4476.001    196000         0    195994           0.231     0.624     0.790     1.001     1.207     1.568     2.051     3.428
4477.001    195978         0    195994           0.247     0.641     0.829     1.129     1.335     1.723     2.259     3.516
4478.001    196010         0    196006           0.244     0.618     0.778     0.965     1.141     1.466     1.940     3.267
4479.001    195978         0    195996           0.239     0.633     0.814     1.085     1.293     1.665     2.202     3.072
4480.001    196016         0    196013           0.237     0.618     0.774     0.944     1.096     1.391     1.830     2.798
4481.001    195993         0    195991           0.249     0.623     0.781     0.963     1.127     1.443     1.883     2.947
4482.001    196031         0    196017           0.234     0.626     0.790     0.986     1.170     1.504     1.981     3.265
4483.001    195995         0    195994           0.226     0.623     0.782     0.972     1.145     1.475     1.975     3.670
4484.001    196005         0    196007           0.247     0.624     0.791     1.002     1.189     1.517     2.084     3.617
4485.001    195996         0    196001           0.239     0.638     0.823     1.096     1.294     1.683     2.255     3.613
4486.001    196013         0    196004           0.247     0.624     0.788     0.989     1.179     1.504     1.958     3.086
4487.001    195978         0    195985           0.246     0.626     0.788     0.986     1.174     1.511     1.972     3.234
4488.001    196016         0    196004           0.254     0.626     0.790     0.991     1.181     1.525     1.986     3.269
4489.001    196012         0    196012           0.245     0.623     0.780     0.957     1.113     1.423     1.888     2.910
4490.001    195978         0    196004           0.239     0.617     0.774     0.950     1.108     1.423     1.866     2.945
4491.001    196013         0    195992           0.241     0.623     0.784     0.978     1.159     1.497     1.967     3.389
4492.001    195999         0    196014           0.241     0.621     0.789     1.005     1.209     1.562     2.073     3.054
4493.001    196002         0    196002           0.234     0.620     0.784     0.992     1.187     1.544     2.109     3.072
4494.001    195998         0    195985           0.242     0.623     0.785     0.980     1.162     1.493     1.967     3.150
4495.001    196004         0    196003           0.243     0.626     0.802     1.050     1.255     1.622     2.167     3.588
4496.001    196023         0    196016           0.246     0.622     0.791     1.018     1.220     1.566     2.109     3.189
4497.001    195996         0    196003           0.256     0.622     0.782     0.968     1.136     1.459     1.953     2.734
4498.001    195975         0    195990           0.226     0.620     0.781     0.972     1.151     1.479     1.936     2.892
4499.001    195994         0    195986           0.243     0.620     0.781     0.972     1.149     1.471     1.957     2.982
4500.001    196035         0    196015           0.237     0.632     0.806     1.046     1.250     1.615     2.152     3.492
4501.001    195992         0    196022           0.246     0.627     0.793     1.004     1.200     1.583    10.469    29.721
4502.001    196013         0    195990           0.229     0.624     0.791     1.009     1.207     1.570     2.200     3.420
4503.001    195989         0    195999           0.245     0.631     0.807     1.066     1.276     1.653     2.212     3.359
4504.001    196008         0    196009           0.238     0.622     0.786     0.990     1.184     1.535     2.040     3.095
4505.001    196028         0    195993           0.244     0.622     0.783     0.980     1.162     1.510     1.995     3.072
4506.001    195984         0    195997           0.249     0.621     0.782     0.972     1.150     1.483     1.939     3.189
4507.001    195973         0    195998           0.227     0.620     0.780     0.968     1.142     1.469     1.923     3.195
4508.001    196015         0    196008           0.241     0.632     0.805     1.042     1.256     1.640     2.247     3.664
4509.001    196019         0    196005           0.248     0.633     0.806     1.052     1.258     1.631     2.159     3.434
4510.001    195992         0    196003           0.228     0.613     0.768     0.942     1.100     1.426     1.876     3.162
4511.001    195981         0    195990           0.237     0.618     0.781     0.984     1.176     1.509     1.964     3.152
4512.001    196010         0    196009           0.241     0.614     0.770     0.943     1.098     1.407     1.828     3.146
4513.001    196004         0    195997           0.244     0.622     0.778     0.957     1.120     1.424     1.845     3.224
4514.001    196004         0    196010           0.246     0.626     0.789     0.988     1.177     1.518     1.985     2.859
4515.001    195992         0    195993           0.227     0.622     0.782     0.974     1.156     1.488     1.968     3.348
4516.001    195988         0    195997           0.242     0.620     0.785     0.988     1.179     1.524     2.044     3.111
4517.001    196024         0    196013           0.247     0.621     0.782     0.975     1.152     1.477     1.950     3.391
4518.001    196003         0    195991           0.236     0.614     0.773     0.958     1.125     1.450     1.892     2.996
4519.001    196004         0    196025           0.237     0.638     0.830     1.146     1.352     1.729     2.337     3.539
4520.001    195981         0    195987           0.241     0.619     0.780     0.974     1.153     1.488     1.980     3.232
4521.001    196005         0    196000           0.242     0.626     0.797     1.029     1.231     1.593     2.144     3.701
4522.001    195990         0    195985           0.235     0.621     0.787     0.995     1.192     1.555     2.058     3.412
4523.001    196018         0    196020           0.231     0.620     0.777     0.956     1.120     1.437     1.878     3.502
4524.001    196020         0    195997           0.250     0.618     0.778     0.964     1.138     1.468     1.943     3.201
4525.001    195986         0    195999           0.242     0.625     0.796     1.025     1.228     1.576     2.078     3.246
4526.001    196017         0    196018           0.242     0.623     0.794     1.022     1.223     1.585     2.157     3.623
4527.001    196002         0    195992           0.247     0.616     0.770     0.939     1.089     1.385     1.777     2.548
4528.001    195998         0    195985           0.241     0.623     0.786     0.990     1.184     1.530     2.074     3.422
4529.001    196006         0    196020           0.241     0.618     0.780     0.970     1.146     1.464     1.925     3.193
4530.001    195982         0    195998           0.239     0.621     0.782     0.973     1.149     1.477     1.929     2.894
4531.001    196010         0    195999           0.243     0.621     0.782     0.980     1.163     1.498     1.966     3.105
4532.001    196001         0    196009           0.238     0.623     0.786     0.990     1.183     1.538     2.018     3.494
4533.001    195986         0    195991           0.232     0.624     0.790     1.006     1.200     1.562     2.163     3.391
4534.001    196001         0    195996           0.227     0.619     0.782     0.980     1.162     1.495     2.030     3.129
4535.001    196017         0    196016           0.254     0.623     0.785     0.978     1.163     1.501     1.957     3.363
4536.001    195999         0    196004           0.214     0.620     0.782     0.975     1.157     1.498     1.997     2.849
4537.001    196014         0    196013           0.250     0.611     0.765     0.930     1.074     1.369     1.763     2.806
4538.001    195964         0    195964           0.247     0.651     0.843     1.149     1.345     1.776     2.404     3.717
4539.001    196036         0    196036           0.232     0.632     0.808     1.059     1.266     1.662     2.275     3.441
4540.001    195981         0    195972           0.235     0.625     0.786     0.982     1.163     1.538     2.208     3.258
4541.001    196027         0    196027           0.243     0.639     0.814     1.062     1.266     1.640     2.185     3.424
4542.001    195989         0    195997           0.232     0.622     0.781     0.968     1.143     1.469     1.935     2.916
4543.001    196003         0    195999           0.241     0.616     0.776     0.962     1.140     1.467     1.943     3.113
4544.001    195991         0    195998           0.235     0.617     0.782     0.984     1.170     1.514     2.007     3.217
4545.001    196009         0    196003           0.249     0.618     0.782     0.982     1.171     1.520     2.020     3.185
4546.001    196011         0    195999           0.244     0.609     0.764     0.934     1.084     1.381     1.773     2.976
4547.001    195982         0    196005           0.236     0.634     0.804     1.027     1.222     1.572     2.066     2.998
4548.001    196016         0    196006           0.233     0.632     0.802     1.027     1.225     1.576     2.074     3.127
4549.001    196002         0    196009           0.241     0.623     0.787     0.986     1.165     1.503     2.016     3.408
4550.001    196001         0    195994           0.238     0.622     0.780     0.961     1.125     1.438     1.889     3.164
4551.001    196006         0    196004           0.237     0.622     0.791     1.009     1.209     1.570     2.111     3.654
4552.001    195992         0    195992           0.242     0.624     0.787     0.987     1.174     1.503     1.985     3.021
4553.001    196000         0    195996           0.232     0.621     0.779     0.958     1.120     1.430     1.866     2.966
4554.001    196010         0    196013           0.232     0.617     0.784     0.994     1.198     1.567     2.067     3.191
4555.001    195969         0    195980           0.237     0.625     0.794     1.013     1.206     1.556     2.118     3.535
4556.001    196020         0    196004           0.237     0.630     0.808     1.067     1.269     1.645     2.236     3.801
4557.001    196016         0    196021           0.249     0.633     0.808     1.063     1.264     1.636     2.198     3.555
4558.001    196001         0    196004           0.247     0.633     0.807     1.057     1.268     1.664     2.236     3.244
4559.001    195989         0    196000           0.247     0.622     0.780     0.965     1.134     1.449     1.930     3.256
4560.001    195997         0    195993           0.236     0.622     0.782     0.972     1.152     1.495     2.007     3.217
4561.001    195998         0    196001           0.231     0.628     0.799     1.033     1.240     1.651    12.255    30.867
4562.001    196022         0    196015           0.254     0.631     0.802     1.038     1.246     1.612     2.124     3.338
4563.001    196003         0    196000           0.234     0.622     0.779     0.960     1.123     1.442     1.874     3.353
4564.001    195991         0    196001           0.224     0.626     0.790     0.988     1.175     1.509     2.001     3.338
4565.001    196001         0    195993           0.236     0.625     0.787     0.985     1.172     1.513     1.967     2.767
4566.001    195996         0    195996           0.227     0.629     0.793     0.992     1.178     1.512     1.974     2.986
4567.001    196040         0    196026           0.239     0.630     0.799     1.023     1.222     1.587     2.146     3.594
4568.001    195990         0    195991           0.235     0.615     0.770     0.937     1.084     1.380     1.777     2.677
4569.001    195982         0    195993           0.227     0.628     0.802     1.044     1.247     1.603     2.109     3.645
4570.001    195987         0    195992           0.237     0.634     0.810     1.055     1.256     1.618     2.132     3.471
4571.001    196016         0    196014           0.246     0.625     0.791     1.000     1.196     1.559     2.077     4.028
4572.001    196011         0    196005           0.221     0.631     0.801     1.026     1.222     1.572     2.075     3.314
4573.001    195999         0    196004           0.242     0.634     0.812     1.073     1.278     1.674     2.284     3.746
4574.001    195992         0    195990           0.248     0.628     0.796     1.016     1.214     1.578     2.111     3.363
4575.001    196004         0    196002           0.243     0.635     0.816     1.085     1.284     1.667     2.238     3.713
4576.001    196016         0    196015           0.232     0.626     0.798     1.028     1.231     1.593     2.132     3.439
4577.001    195986         0    195991           0.239     0.627     0.794     1.015     1.221     1.595     2.130     3.518
4578.001    196007         0    196009           0.243     0.633     0.807     1.052     1.255     1.618     2.148     3.453
4579.001    195995         0    195998           0.243     0.637     0.813     1.062     1.263     1.620     2.187     3.645
4580.001    196020         0    196002           0.229     0.622     0.785     0.984     1.164     1.503     1.969     3.009
4581.001    196003         0    196007           0.226     0.621     0.782     0.975     1.155     1.493     2.002     3.207
4582.001    195988         0    196000           0.231     0.621     0.783     0.977     1.158     1.486     1.959     3.346
4583.001    196035         0    196015           0.233     0.616     0.774     0.957     1.122     1.445     1.942     3.705
4584.001    195974         0    196001           0.229     0.613     0.770     0.942     1.094     1.389     1.784     2.638
4585.001    196015         0    195998           0.242     0.613     0.767     0.934     1.074     1.358     1.741     2.890
4586.001    195989         0    195991           0.239     0.622     0.780     0.961     1.123     1.437     1.869     3.383
4587.001    195986         0    195996           0.232     0.631     0.804     1.048     1.251     1.615     2.146     3.201
4588.001    196005         0    195991           0.234     0.632     0.812     1.077     1.286     1.668     2.263     3.576
4589.001    196000         0    196010           0.248     0.634     0.814     1.086     1.295     1.670     2.234     3.140
4590.001    196000         0    195998           0.240     0.622     0.788     1.001     1.199     1.555     2.074     3.197
4591.001    196034         0    196017           0.258     0.629     0.790     0.992     1.180     1.513     2.038     3.250
4592.001    195970         0    195990           0.247     0.629     0.798     1.021     1.212     1.558     2.103     3.727
4593.001    196006         0    196003           0.250     0.630     0.805     1.050     1.260     1.636     2.202     3.781
4594.001    196005         0    196005           0.241     0.628     0.797     1.020     1.225     1.591     2.132     3.002
4595.001    195998         0    196003           0.242     0.622     0.778     0.958     1.116     1.425     1.839     3.031
4596.001    196006         0    196005           0.248     0.617     0.773     0.948     1.102     1.402     1.835     2.654
4597.001    195991         0    195997           0.242     0.630     0.800     1.020     1.221     1.581     2.138     3.705
4598.001    196014         0    196021           0.251     0.633     0.813     1.073     1.277     1.671     2.273     3.654
4599.001    196016         0    196003           0.238     0.623     0.785     0.977     1.152     1.487     1.978     3.602
4600.001    195996         0    195991           0.243     0.621     0.781     0.968     1.138     1.465     1.963     3.312
4601.001    195967         0    195972           0.242     0.612     0.766     0.932     1.080     1.370     1.779     2.939
4602.001    196043         0    196032           0.243     0.622     0.778     0.958     1.114     1.412     1.843     3.025
4603.001    196000         0    195998           0.247     0.632     0.806     1.048     1.254     1.618     2.154     2.955
4604.001    195980         0    195992           0.251     0.621     0.784     0.982     1.163     1.495     1.994     3.437
4605.001    195988         0    195993           0.244     0.627     0.800     1.043     1.256     1.624     2.212     3.162
4606.001    196015         0    196021           0.250     0.624     0.787     0.985     1.170     1.512     1.976     3.375
4607.001    196013         0    196001           0.239     0.617     0.776     0.955     1.120     1.433     1.898     2.935
4608.001    195996         0    196005           0.236     0.632     0.805     1.050     1.256     1.623     2.132     3.105
4609.001    196014         0    196006           0.234     0.621     0.786     0.992     1.182     1.528     2.032     3.453
4610.001    195967         0    195965           0.244     0.618     0.776     0.958     1.121     1.446     1.914     3.277
4611.001    195994         0    196002           0.234     0.627     0.796     1.014     1.214     1.576     2.128     3.832
4612.001    196042         0    196031           0.235     0.620     0.783     0.979     1.157     1.494     2.010     3.545
4613.001    195980         0    195995           0.242     0.620     0.780     0.973     1.151     1.481     1.935     3.025
4614.001    196001         0    196006           0.244     0.622     0.784     0.985     1.175     1.522     2.019     3.236
4615.001    196025         0    196000           0.239     0.617     0.774     0.948     1.102     1.405     1.858     3.207
4616.001    195984         0    195990           0.236     0.622     0.785     0.979     1.160     1.492     2.002     3.113
4617.001    196030         0    195996           0.237     0.628     0.793     0.996     1.181     1.513     2.020     3.138
4618.001    195957         0    196001           0.240     0.627     0.795     1.013     1.207     1.549     2.084     3.428
4619.001    196021         0    196021           0.245     0.624     0.785     0.978     1.158     1.477     1.932     3.142
4620.001    195996         0    195997           0.245     0.624     0.789     0.997     1.193     1.548     2.053     3.410
4621.001    196020         0    196011           0.243     0.625     0.785     0.974     1.150     1.523     8.221    31.228
4622.001    195985         0    195981           0.243     0.621     0.783     0.975     1.155     1.488     1.955     3.152
4623.001    195996         0    195992           0.235     0.622     0.787     0.993     1.191     1.548     2.056     3.303
4624.001    196009         0    196026           0.231     0.623     0.789     0.998     1.196     1.540     2.019     3.037
4625.001    196031         0    196001           0.237     0.632     0.813     1.082     1.291     1.652     2.177     3.103
4626.001    195980         0    195997           0.242     0.622     0.785     0.985     1.171     1.511     2.021     3.078
4627.001    195990         0    196006           0.240     0.622     0.790     1.004     1.210     1.576     2.088     3.103
4628.001    196019         0    196008           0.247     0.623     0.788     0.996     1.192     1.547     2.128     3.764
4629.001    195986         0    195991           0.239     0.622     0.786     0.987     1.172     1.509     2.014     3.068
4630.001    195975         0    195982           0.246     0.636     0.817     1.076     1.278     1.649     2.206     3.252
4631.001    196021         0    196016           0.239     0.625     0.797     1.022     1.224     1.586     2.103     3.187
4632.001    196021         0    196004           0.240     0.620     0.781     0.970     1.141     1.460     1.966     3.156
4633.001    195989         0    196007           0.240     0.618     0.777     0.957     1.117     1.431     1.883     2.757
4634.001    196041         0    196006           0.253     0.629     0.797     1.017     1.214     1.558     2.066     3.219
4635.001    195966         0    195986           0.243     0.630     0.801     1.034     1.236     1.599     2.122     3.523
4636.001    195992         0    195997           0.242     0.627     0.799     1.036     1.246     1.598     2.122     3.285
4637.001    196029         0    196027           0.237     0.623     0.785     0.979     1.162     1.504     1.986     2.925
4638.001    195991         0    195980           0.232     0.642     0.830     1.125     1.331     1.708     2.259     3.871
4639.001    196010         0    196015           0.230     0.626     0.796     1.013     1.205     1.566     2.099     3.205
4640.001    195972         0    195989           0.242     0.615     0.773     0.952     1.112     1.422     1.876     3.236
4641.001    196018         0    196016           0.245     0.621     0.780     0.961     1.125     1.435     1.889     2.814
4642.001    195992         0    195978           0.246     0.635     0.815     1.076     1.276     1.645     2.216     3.158
4643.001    196001         0    196009           0.252     0.625     0.792     1.008     1.203     1.561     2.124     3.545
4644.001    196011         0    196000           0.242     0.635     0.811     1.066     1.263     1.626     2.132     3.459
4645.001    195994         0    196011           0.236     0.628     0.785     0.965     1.129     1.448     1.871     3.394
4646.001    195979         0    195984           0.246     0.629     0.800     1.030     1.228     1.602     2.206     3.318
4647.001    196039         0    196027           0.238     0.638     0.819     1.090     1.291     1.652     2.224     3.398
4648.001    195994         0    195985           0.243     0.637     0.816     1.070     1.271     1.655     2.249     3.490
4649.001    196016         0    196021           0.252     0.618     0.780     0.976     1.158     1.495     1.976     3.047
4650.001    195995         0    196000           0.241     0.624     0.788     0.986     1.169     1.503     2.019     3.095
4651.001    195985         0    195977           0.241     0.618     0.779     0.973     1.153     1.492     2.016     3.363
4652.001    195988         0    196001           0.235     0.641     0.829     1.130     1.339     1.739     2.294     3.521
4653.001    196023         0    196026           0.235     0.628     0.801     1.041     1.250     1.618     2.216     4.973
4654.001    196007         0    196013           0.245     0.616     0.774     0.954     1.117     1.431     1.871     3.064
4655.001    195999         0    195986           0.235     0.625     0.791     1.002     1.203     1.548     2.107     3.125
4656.001    196007         0    196011           0.252     0.624     0.787     0.980     1.156     1.480     1.956     3.275
4657.001    195996         0    195996           0.257     0.622     0.782     0.971     1.146     1.468     1.940     4.927
4658.001    195995         0    195998           0.228     0.618     0.774     0.947     1.097     1.397     1.808     3.811
4659.001    196019         0    196011           0.250     0.624     0.790     0.999     1.193     1.536     2.008     3.129
4660.001    196020         0    195994           0.238     0.630     0.801     1.032     1.237     1.606     2.183     3.502
4661.001    195961         0    195996           0.237     0.618     0.781     0.977     1.157     1.500     1.977     3.109
4662.001    195999         0    195999           0.251     0.630     0.802     1.036     1.237     1.585     2.107     3.342
4663.001    196008         0    195998           0.250     0.630     0.798     1.018     1.203     1.549     2.107     3.172
4664.001    196004         0    195997           0.237     0.624     0.795     1.019     1.218     1.578     2.150     3.346
4665.001    196005         0    196006           0.244     0.620     0.777     0.958     1.122     1.441     1.893     3.123
4666.001    196008         0    196010           0.237     0.632     0.812     1.077     1.277     1.646     2.204     3.455
4667.001    195976         0    195982           0.251     0.632     0.806     1.047     1.252     1.611     2.202     3.611
4668.001    196013         0    196007           0.242     0.626     0.799     1.033     1.235     1.635     2.269     3.162
4669.001    196029         0    196021           0.250     0.619     0.787     0.998     1.191     1.530     2.085     3.312
4670.001    195977         0    195972           0.248     0.622     0.787     0.993     1.185     1.543     2.167     2.929
4671.001    196017         0    196017           0.233     0.623     0.792     1.015     1.221     1.616     2.236     3.262
4672.001    195985         0    196014           0.241     0.619     0.785     0.993     1.189     1.547     2.061     3.535
4673.001    196014         0    195999           0.244     0.616     0.770     0.934     1.069     1.350     1.715     2.605
4674.001    195994         0    195997           0.253     0.623     0.783     0.975     1.149     1.459     1.936     3.637
4675.001    195984         0    195991           0.247     0.624     0.788     0.987     1.166     1.495     1.986     3.211
4676.001    196028         0    196021           0.233     0.617     0.775     0.951     1.107     1.421     1.853     2.871
4677.001    195992         0    195995           0.234     0.627     0.797     1.022     1.219     1.569     2.109     3.250
4678.001    196007         0    195983           0.236     0.626     0.795     1.019     1.215     1.562     2.092     3.238
4679.001    196018         0    196034           0.231     0.624     0.787     0.983     1.162     1.500     2.041     2.943
4680.001    195981         0    195989           0.242     0.624     0.798     1.037     1.242     1.601     2.146     3.250
4681.001    196007         0    195996           0.236     0.626     0.799     1.038     1.243     1.654    10.387    31.670
4682.001    196009         0    196009           0.226     0.632     0.806     1.050     1.250     1.624     2.173     4.026
4683.001    195989         0    195997           0.236     0.633     0.823     1.120     1.328     1.698     2.238     3.310
4684.001    196023         0    195995           0.232     0.616     0.779     0.977     1.163     1.518     2.065     3.770
4685.001    195975         0    196009           0.233     0.628     0.796     1.013     1.208     1.559     2.107     3.373
4686.001    196008         0    195995           0.238     0.633     0.811     1.070     1.281     1.724     2.357     3.682
4687.001    196005         0    196014           0.228     0.630     0.802     1.041     1.252     1.657     2.267     3.451
4688.001    195988         0    195995           0.230     0.622     0.783     0.978     1.160     1.492     1.995     3.373
4689.001    196018         0    196007           0.240     0.620     0.780     0.964     1.133     1.446     1.890     2.816
4690.001    195980         0    195985           0.237     0.620     0.779     0.968     1.142     1.464     1.937     3.166
4691.001    195993         0    195993           0.234     0.632     0.806     1.049     1.255     1.619     2.148     3.461
4692.001    196026         0    196027           0.231     0.627     0.794     1.010     1.208     1.565     2.096     3.494
4693.001    196014         0    196005           0.243     0.613     0.766     0.934     1.079     1.374     1.770     3.467
4694.001    196009         0    196004           0.247     0.617     0.774     0.950     1.108     1.418     1.858     3.076
4695.001    195969         0    195984           0.246     0.627     0.803     1.053     1.265     1.666     2.275     3.211
4696.001    196020         0    196011           0.240     0.620     0.783     0.985     1.172     1.507     2.053     3.236
4697.001    195986         0    196001           0.250     0.628     0.796     1.011     1.207     1.556     2.080     3.404
4698.001    196012         0    195995           0.238     0.630     0.800     1.035     1.234     1.590     2.122     3.748
4699.001    195987         0    195988           0.242     0.624     0.794     1.018     1.213     1.578     2.157     3.697
4700.001    195995         0    196012           0.231     0.617     0.781     0.976     1.161     1.514     2.130     3.815
4701.001    196027         0    196010           0.237     0.625     0.795     1.025     1.232     1.610     2.228     3.510
4702.001    195999         0    195980           0.251     0.630     0.802     1.039     1.245     1.619     2.171     3.234
4703.001    195995         0    196017           0.250     0.617     0.779     0.969     1.147     1.479     1.977     2.945
4704.001    195980         0    195984           0.243     0.621     0.793     1.028     1.227     1.577     2.144     3.246
4705.001    196035         0    196025           0.249     0.619     0.784     0.986     1.171     1.511     2.009     3.232
4706.001    196007         0    196001           0.239     0.625     0.784     0.972     1.141     1.457     1.944     3.840
4707.001    195959         0    195981           0.245     0.636     0.818     1.086     1.290     1.675     2.208     3.811
4708.001    196021         0    196006           0.241     0.619     0.782     0.975     1.158     1.494     1.969     2.904
4709.001    196020         0    196032           0.236     0.618     0.776     0.957     1.122     1.444     1.880     2.988
4710.001    195973         0    195978           0.243     0.620     0.779     0.967     1.142     1.460     1.914     2.963
4711.001    196024         0    195998           0.247     0.634     0.803     1.020     1.207     1.541     2.021     3.508
4712.001    195999         0    196017           0.233     0.629     0.804     1.046     1.249     1.636     2.253     3.391
4713.001    196000         0    195996           0.235     0.639     0.821     1.089     1.294     1.674     2.245     3.281
4714.001    196003         0    196001           0.243     0.620     0.782     0.970     1.137     1.458     1.944     3.146
4715.001    195987         0    195996           0.248     0.633     0.801     1.026     1.225     1.586     2.094     3.322
4716.001    196034         0    196011           0.242     0.626     0.785     0.967     1.129     1.433     1.882     3.262
4717.001    195978         0    195997           0.245     0.624     0.793     1.018     1.214     1.567     2.087     3.301
4718.001    196006         0    196014           0.246     0.641     0.826     1.106     1.315     1.722     2.308     3.492
4719.001    196005         0    195992           0.247     0.612     0.773     0.958     1.128     1.448     1.942     3.004
4720.001    196010         0    196006           0.242     0.630     0.793     0.993     1.172     1.509     2.014     3.217
4721.001    196000         0    196000           0.236     0.625     0.787     0.979     1.160     1.490     1.963     2.992
4722.001    195992         0    196000           0.250     0.635     0.806     1.040     1.240     1.609     2.148     3.351
4723.001    195999         0    195994           0.244     0.631     0.816     1.096     1.302     1.687     2.238     3.467
4724.001    196027         0    196026           0.250     0.638     0.818     1.084     1.290     1.719     2.357     3.418
4725.001    195977         0    195991           0.250     0.623     0.787     0.984     1.167     1.493     1.965     3.054
4726.001    195998         0    195993           0.248     0.623     0.785     0.976     1.156     1.486     1.972     3.199
4727.001    196004         0    196000           0.240     0.623     0.790     0.996     1.188     1.539     2.049     3.185
4728.001    195997         0    196011           0.240     0.620     0.777     0.956     1.110     1.413     1.850     2.894
4729.001    195999         0    195992           0.237     0.629     0.798     1.025     1.225     1.580     2.126     3.209
4730.001    195998         0    196000           0.249     0.631     0.802     1.033     1.229     1.579     2.088     3.467
4731.001    196015         0    196016           0.239     0.623     0.782     0.962     1.126     1.444     1.921     2.791
4732.001    195994         0    195984           0.250     0.628     0.798     1.021     1.223     1.589     2.189     4.387
4733.001    196014         0    196016           0.237     0.621     0.783     0.974     1.150     1.479     1.961     2.929
4734.001    195984         0    195980           0.251     0.628     0.792     0.996     1.179     1.517     2.058     3.318
4735.001    196026         0    196024           0.239     0.624     0.794     1.018     1.213     1.566     2.092     3.465
4736.001    195988         0    196002           0.238     0.626     0.792     1.005     1.195     1.541     2.075     3.568
4737.001    196017         0    195998           0.231     0.646     0.825     1.098     1.302     1.706     2.316     3.635
4738.001    196006         0    196013           0.249     0.629     0.791     0.987     1.171     1.498     1.999     3.236
4739.001    195977         0    195984           0.242     0.635     0.810     1.060     1.270     1.642     2.224     3.422
4740.001    196011         0    196007           0.234     0.631     0.802     1.033     1.235     1.607     2.132     3.154
4741.001    196022         0    196001           0.233     0.628     0.797     1.016     1.219     1.608    10.428    31.703
4742.001    195969         0    195993           0.245     0.625     0.793     1.015     1.213     1.581     2.128     3.207
4743.001    196023         0    196016           0.236     0.625     0.793     1.009     1.206     1.553     2.103     3.316
4744.001    195969         0    195992           0.243     0.621     0.780     0.965     1.135     1.455     1.929     3.013
4745.001    196023         0    196001           0.246     0.623     0.786     0.986     1.177     1.526     2.041     3.064
4746.001    195997         0    196000           0.246     0.627     0.800     1.034     1.240     1.605     2.152     3.166
4747.001    195998         0    196001           0.237     0.633     0.817     1.096     1.304     1.778     2.380     3.525
4748.001    196023         0    196018           0.236     0.617     0.779     0.970     1.152     1.493     2.043     3.207
4749.001    195976         0    195975           0.235     0.620     0.777     0.956     1.115     1.421     1.851     3.166
4750.001    195999         0    196013           0.243     0.615     0.777     0.969     1.150     1.485     1.983     3.365
4751.001    196023         0    196006           0.245     0.619     0.778     0.964     1.133     1.460     1.931     3.379
4752.001    196021         0    196012           0.247     0.618     0.775     0.951     1.105     1.410     1.857     3.156
4753.001    195998         0    196005           0.238     0.621     0.785     0.989     1.186     1.560     2.249     4.057
4754.001    195975         0    195998           0.248     0.622     0.781     0.966     1.139     1.454     1.913     3.049
4755.001    196030         0    195993           0.246     0.635     0.816     1.084     1.289     1.673     2.296     4.387
4756.001    195949         0    195971           0.254     0.635     0.809     1.057     1.266     1.655     2.279     3.746
4757.001    196023         0    196020           0.250     0.622     0.778     0.957     1.113     1.422     1.858     2.970
4758.001    195989         0    196009           0.234     0.621     0.778     0.962     1.126     1.448     1.901     2.902
4759.001    196010         0    196004           0.239     0.621     0.785     0.985     1.170     1.527     1.983     2.898
4760.001    196002         0    196000           0.248     0.620     0.780     0.969     1.143     1.466     1.961     3.310
4761.001    196013         0    195989           0.247     0.633     0.814     1.084     1.291     1.686     2.290     3.815
4762.001    196013         0    196020           0.247     0.630     0.801     1.035     1.238     1.603     2.142     3.445
4763.001    195984         0    196000           0.245     0.619     0.778     0.967     1.139     1.462     1.923     3.211
4764.001    196012         0    196004           0.245     0.632     0.806     1.049     1.261     1.646     2.251     3.330
4765.001    196021         0    195998           0.238     0.616     0.775     0.952     1.108     1.412     1.901     3.111
4766.001    195961         0    195980           0.251     0.631     0.797     1.007     1.195     1.541     2.095     3.332
4767.001    196000         0    196015           0.242     0.621     0.781     0.970     1.138     1.458     1.914     3.152
4768.001    196021         0    196012           0.241     0.621     0.779     0.962     1.123     1.438     1.869     2.841
4769.001    195999         0    195984           0.229     0.633     0.808     1.057     1.262     1.629     2.179     3.699
4770.001    196005         0    196005           0.233     0.639     0.821     1.087     1.291     1.682     2.306     3.793
4771.001    195998         0    196019           0.246     0.628     0.802     1.042     1.253     1.691     2.388     3.625
4772.001    195997         0    195992           0.248     0.624     0.786     0.979     1.157     1.482     1.965     2.906
4773.001    196012         0    196003           0.236     0.631     0.801     1.028     1.220     1.585     2.146     3.502
4774.001    195983         0    195998           0.242     0.623     0.787     0.985     1.165     1.507     2.014     3.226
4775.001    196010         0    196002           0.239     0.633     0.812     1.073     1.277     1.654     2.247     3.342
4776.001    195992         0    195993           0.245     0.624     0.786     0.985     1.166     1.494     1.972     3.105
4776.236     46083         0    196094           0.257     0.625     0.792     1.010     1.203     1.550     2.049     3.330

SUMMARY STATS ══════════════════════════════════════════════════════════════════════════════════════════════════════════════
    Elapsed time       [s]   4776.242                                                                 
        CPU time       [s]  40545.830                                                                 
 CPU utilisation       [%]       23.6                                                                 
          Cycles      [op]  936149584                                                                 
          Errors      [op]          0                                                                 
              └─       [%]        0.0                                                                 
        Requests     [req]  936149584                                                                 
              └─  [req/op]        1.0                                                                 
         Retries     [ret]          0                                                                 
              └─ [ret/req]    0.00000                                                                 
            Rows     [row]  748916535                                                                 
              └─ [row/req]        0.8                                                                 
     Concurrency     [req]         14 ± 7                                                             
              └─       [%]         11                                                                 
      Throughput    [op/s]     196001 ± 12                                                            
              ├─   [req/s]     196001 ± 12                                                            
              └─   [row/s]     156800 ± 10                                                            
   Cycle latency      [ms]      0.974 ± 0.004                                                         
 Request latency      [ms]      0.901 ± 0.000                                                         

CYCLE LATENCY for standard1_select_cache [ms]  ═════════════════════════════════════════════════════════════════════════════
          Min                   0.214 ± 0.023                                                         
           25                   0.549 ± 0.001                                                         
           50                   0.715 ± 0.002                                                         
           75                   1.037 ± 0.005                                                         
           90                   1.488 ± 0.007                                                         
           95                   1.831 ± 0.011                                                         
           98                   2.482 ± 0.033                                                         
           99                   3.301 ± 0.066                                                         
           99.9                12.337 ± 1.091                                                         
           99.99               44.237 ± 15.063                                                        
          Max                 210.108 ± 42.570                                                        

CYCLE LATENCY for standard1_insert [ms]  ═══════════════════════════════════════════════════════════════════════════════════
          Min                   0.237 ± 0.032                                                         
           25                   0.535 ± 0.005                                                         
           50                   0.662 ± 0.007                                                         
           75                   0.852 ± 0.013                                                         
           90                   1.185 ± 0.025                                                         
           95                   1.369 ± 0.028                                                         
           98                   1.579 ± 0.044                                                         
           99                   1.739 ± 0.068                                                         
           99.9                 2.447 ± 0.346                                                         
           99.99                4.768 ± 116.385                                                       
          Max                 167.641 ± 168.246                                                       

CYCLE LATENCY for standard1_select [ms]  ═══════════════════════════════════════════════════════════════════════════════════
          Min                   0.396 ± 0.048                                                         
           25                   0.897 ± 0.009                                                         
           50                   1.188 ± 0.018                                                         
           75                   1.751 ± 0.034                                                         
           90                   2.429 ± 0.046                                                         
           95                   2.951 ± 0.084                                                         
           98                   3.887 ± 0.191                                                         
           99                   5.136 ± 0.487                                                         
           99.9                17.187 ± 6.372                                                         
           99.99               49.840 ± 53.800                                                        
          Max                 182.977 ± 109.049                                                       

CYCLE LATENCY for standard1_insert_cache [ms]  ═════════════════════════════════════════════════════════════════════════════
          Min                   0.229 ± 0.032                                                         
           25                   0.535 ± 0.005                                                         
           50                   0.663 ± 0.006                                                         
           75                   0.853 ± 0.012                                                         
           90                   1.186 ± 0.023                                                         
           95                   1.369 ± 0.027                                                         
           98                   1.579 ± 0.046                                                         
           99                   1.739 ± 0.063                                                         
           99.9                 2.445 ± 0.409                                                         
           99.99                4.755 ± 110.454                                                       
          Max                 173.539 ± 162.363                                                       

