CONFIG ═════════════════════════════════════════════════════════════════════════════════════════════════════════════════════
            Date            Sun, 13 Jul 2025                                                          
            Time            17:29:17 +0000                                                            
         Cluster            cassandra                                                                 
      Datacenter                                                                                      
   Cass. version            5.0.2                                                                     
        Workload            workload.rn                                                               
     Function(s)            standard1_insert:1, standard1_insert_cache:4, standard1_select:4, standard1_select_cache:16                                            
     Consistency            LocalQuorum                                                               
            Tags                                                                                      
────────────────────────────────────────────────────────────────────────────────────────────────────────────────────────────
       -P offset            500000000                                                                 
────────────────────────────────────────────────────────────────────────────────────────────────────────────────────────────
         Threads                   12                                                                 
     Connections                    1                                                                 
     Concurrency     [req]        128                                                                 
        Max rate    [op/s]     240000                                                                 
          Warmup       [s]                                                                            
              └─      [op]          1                                                                 
        Run time       [s]    21600.0                                                                 
              └─      [op]                                                                            
        Sampling       [s]        1.0                                                                 
              └─      [op]                                                                            
 Request timeout       [s]          5                                                                 
         Retries                                                                                      
  ┌──────┴number                   10                                                                 
  ├─min interval      [ms]        100                                                                 
  └─max interval      [ms]       5000                                                                 

LOG ════════════════════════════════════════════════════════════════════════════════════════════════════════════════════════
    Time    Cycles    Errors    Thrpt.     ────────────────────────────────── Latency [ms/op] ──────────────────────────────
     [s]      [op]      [op]    [op/s]             Min        50        75        90        95        99      99.9       Max
   1.001    239872         0    239740           0.385     0.942     1.153     1.365     1.510     1.982     6.185    11.043
   2.001    240044         0    240021           0.385     0.926     1.136     1.357     1.516     2.318     4.571    12.485
   3.001    239965         0    239962           0.378     0.941     1.157     1.390     1.580     2.738     5.079     8.327
   4.001    240010         0    239985           0.386     0.943     1.157     1.379     1.540     2.253     4.125     7.008
   5.001    240025         0    240048           0.398     0.947     1.157     1.369     1.513     1.943     3.461     8.036
   6.001    240008         0    239996           0.382     0.938     1.154     1.388     1.583     2.765     4.817     8.229
   7.001    239941         0    239950           0.360     0.980     1.235     1.610     2.271     4.342     7.049    21.086
   8.001    240080         0    240060           0.396     0.946     1.150     1.354     1.489     1.796     2.671     4.518
   9.001    239974         0    239996           0.387     0.931     1.134     1.339     1.469     1.749     2.591     5.026
  10.001    239981         0    239995           0.367     0.923     1.123     1.327     1.455     1.722     2.390     4.192
  11.001    240036         0    240023           0.375     0.927     1.126     1.330     1.458     1.724     2.568     6.238
  12.001    239966         0    239966           0.403     0.969     1.184     1.391     1.519     1.770     2.599     6.107
  13.002     65086         0     65048           0.439     0.995     1.248     1.590    11.321    31.982   450.363   688.914
  14.002        31         0        31         870.842  1081.082  1337.983  1342.177  1343.226  1543.504  1543.504  1543.504
2025-07-13 17:29:31.619: [ERROR][Attempt 0/10][Retry in 127 ms] Failed to execute query "INSERT INTO keyspace1.standard1(key, c0, c1, c2, c3, c4) VALUES (:key, :c0, :c1, :c2, :c3, :c4)" with params [Blob([44, 109, 23, 7, 131, 181, 227, 210, 132, 164]), Blob(<size>=200), Blob(<size>=200), Blob(<size>=200), Blob(<size>=200), Blob(<size>=200)]: Database returned an error: Not enough nodes responded to the write request in time to satisfy required consistency level (consistency: LocalQuorum, received: 1, required: 2, write_type: Simple), Error message: Operation timed out - received only 1 responses.
2025-07-13 17:29:31.550: [ERROR][Attempt 0/10][Retry in 61 ms] Failed to execute query "INSERT INTO keyspace1.standard1(key, c0, c1, c2, c3, c4) VALUES (:key, :c0, :c1, :c2, :c3, :c4)" with params [Blob([222, 192, 169, 129, 187, 99, 53, 67, 34, 246]), Blob(<size>=200), Blob(<size>=200), Blob(<size>=200), Blob(<size>=200), Blob(<size>=200)]: Database returned an error: Not enough nodes responded to the write request in time to satisfy required consistency level (consistency: LocalQuorum, received: 1, required: 2, write_type: Simple), Error message: Operation timed out - received only 1 responses.
2025-07-13 17:29:31.550: [ERROR][Attempt 0/10][Retry in 141 ms] Failed to execute query "INSERT INTO keyspace1.standard1(key, c0, c1, c2, c3, c4) VALUES (:key, :c0, :c1, :c2, :c3, :c4)" with params [Blob([172, 129, 245, 93, 211, 154, 154, 103, 242, 120]), Blob(<size>=200), Blob(<size>=200), Blob(<size>=200), Blob(<size>=200), Blob(<size>=200)]: Database returned an error: Not enough nodes responded to the write request in time to satisfy required consistency level (consistency: LocalQuorum, received: 1, required: 2, write_type: Simple), Error message: Operation timed out - received only 1 responses.
2025-07-13 17:29:31.917: [ERROR][Attempt 0/10][Retry in 125 ms] Failed to execute query "INSERT INTO keyspace1.standard1(key, c0, c1, c2, c3, c4) VALUES (:key, :c0, :c1, :c2, :c3, :c4)" with params [Blob([189, 1, 28, 97, 117, 23, 223, 214, 113, 45]), Blob(<size>=200), Blob(<size>=200), Blob(<size>=200), Blob(<size>=200), Blob(<size>=200)]: Database returned an error: Not enough nodes responded to the write request in time to satisfy required consistency level (consistency: LocalQuorum, received: 1, required: 2, write_type: Simple), Error message: Operation timed out - received only 1 responses.
2025-07-13 17:29:31.549: [ERROR][Attempt 0/10][Retry in 117 ms] Failed to execute query "INSERT INTO keyspace1.standard1(key, c0, c1, c2, c3, c4) VALUES (:key, :c0, :c1, :c2, :c3, :c4)" with params [Blob([200, 73, 104, 111, 224, 144, 224, 89, 93, 10]), Blob(<size>=200), Blob(<size>=200), Blob(<size>=200), Blob(<size>=200), Blob(<size>=200)]: Database returned an error: Not enough nodes responded to the write request in time to satisfy required consistency level (consistency: LocalQuorum, received: 1, required: 2, write_type: Simple), Error message: Operation timed out - received only 1 responses.
...number of dropped error messages per sampling period: 8
  15.001    263447         0    263560        1609.564  1944.060  2082.472  2125.464  2143.289  2168.455  2206.204  2621.440
  16.002    546837         0    546361         335.806   987.759  1307.574  1502.609  1567.621  1621.098  1638.924  1651.507
  17.001    324593         0    324863           0.397     1.620   165.806   279.446   316.932   350.224   369.885   381.944
  18.001    240009         0    240005           0.335     0.943     1.145     1.347     1.473     1.737     2.415     4.092
  19.001    239992         0    240002           0.383     0.943     1.154     1.374     1.531     2.150     3.494     5.493
  20.001    240027         0    240014           0.379     0.947     1.152     1.354     1.483     1.752     2.476     5.530
  21.001    239929         0    239948           0.388     0.929     1.128     1.329     1.452     1.713     2.312     4.223
  22.001    240092         0    240082           0.396     0.943     1.167     1.426     1.703     3.916    10.658    29.196
  23.001    239947         0    239959           0.392     0.930     1.145     1.391     1.633     9.798    40.534    57.934
  24.001    240053         0    240006           0.380     0.940     1.144     1.346     1.473     1.738     2.509     5.116
  25.001    239944         0    239980           0.406     0.939     1.142     1.346     1.470     1.732     2.447     4.858
  26.001    239997         0    240003           0.360     0.947     1.152     1.354     1.482     1.743     2.529     6.177
  27.001    240030         0    240011           0.387     0.937     1.140     1.341     1.469     1.732     2.376     4.657
  28.001    239990         0    240009           0.390     0.942     1.145     1.346     1.473     1.739     2.437     6.226
  29.001    239981         0    239984           0.400     0.954     1.163     1.369     1.498     1.775     2.658     4.702
  30.001    240032         0    240021           0.342     0.948     1.162     1.390     1.556     2.339     4.047     6.816
  31.001    239960         0    239951           0.381     0.949     1.164     1.388     1.553     2.349     4.162     7.995
  32.001    240002         0    240000           0.388     0.940     1.141     1.338     1.460     1.715     2.296     3.805
  33.001    240030         0    240050           0.404     0.972     1.199     1.442     1.636     2.900     6.640    12.296
  34.001    240000         0    239985           0.372     0.962     1.194     1.450     1.696     3.285     5.923     9.298
  35.001    239994         0    239999           0.389     0.932     1.136     1.340     1.473     1.762     2.621     4.903
  36.001    239980         0    239991           0.398     0.959     1.168     1.373     1.502     1.767     2.499     4.698
  37.001    240017         0    240000           0.390     0.954     1.163     1.369     1.501     1.781     2.578     4.551
  38.001    239975         0    239962           0.386     0.971     1.183     1.389     1.520     1.803     2.544     4.633
  39.001    240068         0    240067           0.365     0.929     1.133     1.338     1.471     1.763     2.531     4.714
  40.001    239977         0    239995           0.342     0.946     1.153     1.359     1.489     1.763     2.535     4.944
  41.001    240067         0    240013           0.400     0.958     1.168     1.375     1.508     1.793     2.605     4.850
  42.001    239915         0    239983           0.399     0.952     1.164     1.370     1.502     1.810     2.689     4.866
  43.001    239996         0    240002           0.385     0.951     1.161     1.366     1.495     1.764     2.501     4.530
  44.001    240016         0    239995           0.377     0.940     1.145     1.348     1.474     1.744     2.439     5.816
  45.001    240003         0    240014           0.399     0.967     1.177     1.384     1.517     1.815     2.599     5.513
  46.001    239994         0    239973           0.385     0.953     1.164     1.373     1.510     1.848     2.902     5.890
  47.001    239988         0    240006           0.391     0.967     1.179     1.384     1.518     1.833     2.699     7.434
  48.001    239993         0    239983           0.397     0.974     1.220     1.535     1.973     3.631     7.516    21.119
  49.001    239987         0    239982           0.383     0.945     1.153     1.360     1.492     1.815     2.951     7.791
  50.001    240020         0    240033           0.398     0.977     1.206     1.458     1.683     2.986     5.681    17.809
  51.001    239994         0    239994           0.390     0.946     1.154     1.359     1.490     1.757     2.497     5.575
  52.001    240021         0    240013           0.388     0.938     1.140     1.340     1.467     1.747     2.537     6.619
  53.001    240004         0    240013           0.391     0.940     1.141     1.342     1.469     1.751     2.497     5.431
  54.001    239957         0    239951           0.393     0.966     1.178     1.384     1.513     1.801     2.689     5.804
  55.001    240008         0    239962           0.383     0.940     1.145     1.350     1.481     1.772     2.572     5.636
  56.001    239962         0    240019           0.392     0.955     1.168     1.378     1.512     1.807     2.587     4.280
  57.001    240069         0    240049           0.395     0.959     1.171     1.381     1.512     1.796     2.640     5.833
  58.001    239970         0    239956           0.397     0.972     1.199     1.442     1.632     2.845     6.627    10.371
  59.001    240043         0    240065           0.388     0.942     1.148     1.354     1.486     1.776     2.550     5.100
  60.001    239990         0    240012           0.390     0.956     1.164     1.369     1.498     1.761     2.490     5.677
  61.001    239978         0    239959           0.405     0.968     1.180     1.382     1.510     1.784     2.742     6.812
  62.001    239970         0    239992           0.386     0.970     1.182     1.388     1.518     1.788     2.609     4.628
  63.001    240062         0    240004           0.365     0.969     1.184     1.396     1.530     1.816     2.707     7.168
  64.001    239997         0    240025           0.366     0.943     1.148     1.351     1.479     1.735     2.415     4.710
  65.001    239993         0    239998           0.364     0.944     1.149     1.352     1.481     1.757     2.656     5.931
  66.001    239954         0    239961           0.381     0.940     1.146     1.353     1.482     1.748     2.425     4.192
  67.001    239971         0    239985           0.408     0.959     1.186     1.434     1.641     2.787     5.296    10.142
  68.001    240038         0    240025           0.413     0.951     1.157     1.360     1.489     1.760     2.540     4.936
  69.001    240042         0    240050           0.388     0.941     1.145     1.348     1.480     1.773     2.664     5.911
  70.001    239966         0    239948           0.394     0.963     1.175     1.381     1.509     1.768     2.494     4.465
  71.001    239942         0    239952           0.390     0.948     1.153     1.358     1.488     1.772     2.636     6.943
  72.001    240055         0    240031           0.387     0.960     1.203     1.502     1.879     3.279     5.558     8.397
  73.001    240041         0    240053           0.392     0.941     1.154     1.376     1.542     2.417     4.649    12.280
  74.001    239983         0    239981           0.404     0.958     1.168     1.374     1.505     1.769     2.474     5.308
  75.001    239984         0    240001           0.403     0.972     1.191     1.418     1.577     2.447     5.566    10.740
  76.001    240026         0    239997           0.411     0.981     1.197     1.407     1.540     1.825     2.685     5.407
  77.001    239988         0    240005           0.381     0.949     1.157     1.364     1.495     1.783     2.611     4.825
  78.001    240030         0    240021           0.393     0.973     1.187     1.400     1.537     1.881     3.117    11.854
  79.001    239964         0    239973           0.399     0.988     1.206     1.417     1.547     1.841     2.638     4.637
  80.001    240034         0    240033           0.358     0.960     1.172     1.378     1.512     1.786     2.540     4.825
  81.001    239944         0    239965           0.402     0.959     1.170     1.377     1.505     1.773     2.490     4.600
  82.001    240019         0    239998           0.403     0.967     1.181     1.385     1.514     1.780     2.521     6.554
  83.001    240061         0    240013           0.405     0.959     1.170     1.376     1.505     1.779     2.560     5.235
  84.001    239890         0    239931           0.382     0.979     1.194     1.403     1.537     1.865     2.830     7.356
  85.001    240052         0    240070           0.388     0.947     1.157     1.366     1.503     1.846     2.806     5.186
  86.001    240013         0    239990           0.407     0.966     1.178     1.384     1.516     1.822     2.742     5.370
  87.001    239883         0    239906           0.394     0.981     1.198     1.410     1.543     1.847     2.777     6.427
  88.001    240128         0    240124           0.391     0.992     1.225     1.469     1.661     2.726     4.362     6.595
  89.001    239982         0    239991           0.396     0.968     1.180     1.389     1.521     1.796     2.611     4.833
  90.001    239947         0    239916           0.402     0.943     1.147     1.349     1.476     1.733     2.345     5.239
  91.001    240060         0    240084           0.395     0.961     1.181     1.406     1.560     2.157     4.243     6.902
  92.001    239971         0    239961           0.384     0.955     1.165     1.372     1.501     1.778     2.646     5.554
  93.001    240001         0    239986           0.384     0.954     1.164     1.369     1.497     1.775     2.666     6.607
  94.001    239998         0    240006           0.398     0.973     1.188     1.397     1.528     1.786     2.433     4.041
  95.001    240018         0    240016           0.414     0.948     1.157     1.362     1.492     1.760     2.554     6.111
  96.001    239962         0    239999           0.390     0.921     1.118     1.320     1.445     1.708     2.365     5.022
  97.001    240043         0    240015           0.398     0.953     1.163     1.371     1.500     1.766     2.574     5.964
  98.001    240050         0    240021           0.381     0.935     1.138     1.342     1.469     1.738     2.515     5.845
  99.001    239987         0    240003           0.393     0.932     1.133     1.334     1.462     1.724     2.474     4.985
 100.001    239945         0    239980           0.404     0.957     1.167     1.372     1.500     1.748     2.320     3.936
 101.001    239990         0    239977           0.390     0.941     1.146     1.346     1.471     1.716     2.292     5.247
 102.001    240035         0    240039           0.401     0.955     1.162     1.364     1.489     1.735     2.318     4.583
 103.001    239989         0    239999           0.397     0.936     1.139     1.341     1.468     1.723     2.339     4.411
 104.001    240010         0    239985           0.374     0.948     1.152     1.358     1.488     1.759     2.593     6.570
 105.001    239987         0    239973           0.389     0.958     1.179     1.409     1.579     2.388     4.059     7.270
 106.001    240007         0    240026           0.384     0.932     1.135     1.340     1.468     1.747     2.513     4.567
 107.001    239988         0    239998           0.394     0.953     1.159     1.365     1.496     1.767     2.527     6.132
 108.001    240076         0    240010           0.393     0.935     1.150     1.389     1.593     2.677     4.583     9.634
 109.001    239925         0    239981           0.409     0.946     1.162     1.393     1.569     2.521     4.465     7.586
 110.001    239951         0    239949           0.409     0.947     1.154     1.358     1.487     1.795     2.753     5.730
 111.001    240065         0    240047           0.383     0.973     1.204     1.454     1.665     2.724     4.530     7.242
 112.001    240018         0    240003           0.409     0.942     1.148     1.351     1.483     1.770     2.720     5.784
 113.001    239963         0    239994           0.389     0.956     1.180     1.415     1.597     2.486     4.119     7.016
 114.001    240021         0    240039           0.386     0.955     1.176     1.407     1.585     2.523     4.305     7.307
 115.001    239966         0    239956           0.381     0.950     1.158     1.360     1.487     1.736     2.415     4.362
 116.001    240025         0    240025           0.400     0.950     1.155     1.359     1.488     1.758     2.640     4.866
 117.001    240023         0    239987           0.389     0.950     1.160     1.376     1.528     2.265     4.903     9.241
 118.001    239994         0    240037           0.385     0.940     1.146     1.352     1.482     1.749     2.519     4.698
 119.001    239993         0    239964           0.387     0.922     1.120     1.322     1.448     1.733     2.578     4.862
 120.001    240013         0    240040           0.399     0.949     1.155     1.359     1.490     1.762     2.687     6.623
 121.001    239960         0    239964           0.403     0.953     1.159     1.363     1.489     1.745     2.472     5.435
 122.001    240041         0    240017           0.399     0.974     1.203     1.448     1.654     3.408    25.952    58.393
 123.001    239959         0    239926           0.406     0.975     1.201     1.447     1.655     2.879     5.165    11.117
 124.001    240020         0    240050           0.374     0.942     1.149     1.355     1.486     1.780     2.535     4.973
 125.001    239974         0    239999           0.391     0.947     1.155     1.360     1.491     1.800     2.652     6.365
 126.001    240032         0    240016           0.403     0.975     1.189     1.395     1.527     1.826     2.611     4.665
 127.001    239946         0    239950           0.415     0.953     1.162     1.368     1.499     1.816     2.660     7.549
 128.001    240067         0    240072           0.406     0.946     1.151     1.359     1.494     1.809     2.697     4.870
 129.001    239983         0    239976           0.407     0.979     1.207     1.447     1.645     2.857     5.276    10.953
 130.001    239927         0    239946           0.390     0.968     1.181     1.386     1.521     1.817     2.652     5.509
 131.001    240057         0    240047           0.383     0.955     1.164     1.373     1.510     1.852     2.869     5.730
 132.001    240004         0    240000           0.397     0.951     1.159     1.363     1.495     1.790     2.601     5.448
 133.001    240029         0    240028           0.408     0.946     1.153     1.359     1.488     1.763     2.560     4.702
 134.001    239962         0    239968           0.385     0.962     1.170     1.377     1.508     1.812     2.828     5.628
 135.001    239973         0    239985           0.390     0.959     1.171     1.380     1.513     1.790     2.587     5.853
 136.001    240029         0    240016           0.395     0.982     1.194     1.399     1.529     1.804     2.605     4.489
 137.001    240030         0    240029           0.393     0.961     1.175     1.383     1.513     1.783     2.529     5.292
 138.001    239964         0    239961           0.371     0.969     1.186     1.394     1.525     1.801     2.611     4.968
 139.001    240032         0    239994           0.407     0.950     1.158     1.362     1.488     1.759     2.507     4.420
 140.001    239996         0    240045           0.403     0.971     1.185     1.396     1.533     1.836     2.693     4.657
 141.001    239975         0    239937           0.358     0.956     1.167     1.376     1.506     1.819     2.689     5.448
 142.001    239996         0    240010           0.378     0.972     1.186     1.396     1.531     1.848     2.634     5.272
 143.001    239962         0    239958           0.374     0.961     1.174     1.384     1.520     1.850     2.810     5.198
 144.001    240047         0    240057           0.392     0.947     1.153     1.361     1.497     1.839     2.800     6.943
 145.001    239948         0    239969           0.371     0.972     1.195     1.434     1.622     2.806     6.664    12.075
 146.001    240039         0    240030           0.382     0.942     1.146     1.350     1.482     1.782     2.689     8.298
 147.001    240002         0    239993           0.371     0.944     1.150     1.362     1.505     1.923     3.303     7.967
 148.001    240020         0    240033           0.382     0.952     1.179     1.445     1.745     3.475     6.799    11.960
 149.001    240028         0    239948           0.388     0.950     1.159     1.367     1.502     1.843     2.757     5.313
 150.001    240000         0    240043           0.393     0.978     1.194     1.402     1.536     1.851     2.685     4.469
 151.001    239987         0    240026           0.364     0.974     1.191     1.405     1.543     1.898     3.006     6.373
 152.001    240006         0    239985           0.413     0.988     1.206     1.417     1.552     1.872     2.669     4.686
 153.001    239924         0    239934           0.406     0.979     1.197     1.408     1.544     1.901     2.730     4.596
 154.001    240051         0    240054           0.404     0.995     1.215     1.431     1.565     1.898     2.697     4.559
 155.001    239973         0    239974           0.409     0.978     1.196     1.410     1.549     1.889     2.732     5.423
 156.001    240053         0    240046           0.369     0.985     1.213     1.458     1.659     2.619     4.293     7.361
 157.001    239949         0    239970           0.396     0.961     1.175     1.382     1.517     1.826     2.662     5.468
 158.001    240034         0    240001           0.352     0.944     1.147     1.353     1.485     1.770     2.535     5.353
 159.001    239989         0    240006           0.396     0.949     1.156     1.361     1.494     1.802     2.574     4.041
 160.001    239989         0    239981           0.403     0.958     1.167     1.375     1.505     1.808     2.640     6.955
 161.001    239986         0    239984           0.418     0.978     1.194     1.405     1.538     1.868     2.775     5.915
 162.001    240052         0    240062           0.385     0.972     1.185     1.392     1.525     1.849     2.761     5.456
 163.001    239939         0    239943           0.409     0.999     1.224     1.441     1.580     1.959     2.959    10.330
 164.001    239989         0    239981           0.413     1.007     1.228     1.443     1.581     1.970     2.812     4.968
 165.001    240107         0    240074           0.401     0.987     1.204     1.417     1.556     1.929     2.818     6.746
 166.001    239996         0    240002           0.389     0.985     1.205     1.422     1.568     2.060     3.619     8.585
 167.001    239936         0    239929           0.394     0.978     1.207     1.449     1.638     2.535     4.272     8.253
 168.001    239967         0    240003           0.396     0.997     1.218     1.433     1.567     1.934     2.894     5.415
 169.001    240022         0    240029           0.365     0.986     1.221     1.483     1.726     2.814     4.309     6.906
 170.001    240014         0    239995           0.390     0.973     1.190     1.402     1.538     1.864     2.736     4.604
 171.001    240000         0    239986           0.371     0.970     1.187     1.405     1.556     2.140     3.586     5.964
 172.001    240023         0    240016           0.388     0.987     1.215     1.452     1.642     2.695     4.960     7.803
 173.001    240006         0    239991           0.399     0.977     1.192     1.400     1.533     1.825     2.583     4.776
 174.001    239948         0    240019           0.387     0.944     1.151     1.358     1.488     1.789     2.652     5.988
 175.001    239960         0    239937           0.402     0.976     1.192     1.402     1.536     1.820     2.587     4.792
 176.001    239994         0    240007           0.385     0.950     1.159     1.366     1.501     1.803     2.695     5.104
 177.001    240089         0    240084           0.390     0.955     1.184     1.435     1.668     4.358     7.950    11.133
 178.001    240012         0    239957           0.379     0.956     1.169     1.376     1.511     1.839     2.714     5.280
 179.001    239987         0    240024           0.404     0.978     1.195     1.406     1.543     1.890     2.785     5.190
 180.001    239953         0    239977           0.385     0.953     1.163     1.370     1.507     1.866     2.798     5.489
 181.001    240062         0    240044           0.397     0.983     1.201     1.414     1.550     1.911     2.834     4.956
 182.001    239960         0    239972           0.374     0.949     1.164     1.390     1.554     2.343     5.018    10.256
 183.001    240017         0    239987           0.400     0.942     1.156     1.381     1.550     2.294     3.738     7.475
 184.001    239986         0    240002           0.389     0.935     1.137     1.340     1.471     1.751     2.499     4.907
 185.001    239946         0    239915           0.351     0.956     1.170     1.399     1.578     2.732     5.067     7.930
 186.001    240087         0    240117           0.371     0.927     1.128     1.337     1.478     1.884     3.545     7.672
 187.001    239981         0    239992           0.385     0.940     1.147     1.355     1.489     1.808     2.820     4.825
 188.001    239996         0    239994           0.394     0.930     1.130     1.332     1.460     1.750     2.546     4.911
 189.001    239978         0    239987           0.401     0.949     1.158     1.368     1.500     1.810     2.732     4.739
 190.001    240021         0    240013           0.375     0.927     1.130     1.337     1.467     1.774     2.626     4.444
 191.001    240030         0    240004           0.370     0.937     1.146     1.356     1.492     1.824     2.783     6.517
 192.001    240042         0    240011           0.419     0.961     1.174     1.384     1.522     1.844     2.804    11.223
 193.001    239923         0    239984           0.388     0.935     1.145     1.355     1.487     1.787     2.662     6.250
 194.001    239957         0    239931           0.357     0.948     1.155     1.362     1.493     1.792     2.652     5.038
 195.001    240056         0    240068           0.404     0.971     1.184     1.393     1.524     1.806     2.652     4.796
 196.001    239976         0    239991           0.384     0.946     1.155     1.361     1.491     1.769     2.679    13.140
 197.001    240006         0    239992           0.378     0.941     1.146     1.353     1.483     1.765     2.521     5.374
 198.001    240015         0    240007           0.384     0.944     1.151     1.357     1.487     1.764     2.480     5.833
 199.001    239985         0    240003           0.401     0.944     1.151     1.358     1.486     1.769     2.517     6.164
 200.001    239970         0    239959           0.376     0.927     1.140     1.378     1.572     2.695     6.304     9.904
 201.001    240018         0    240030           0.406     0.957     1.192     1.463     1.739     3.135     5.075     8.081
 202.001    240030         0    240024           0.394     0.955     1.163     1.371     1.501     1.778     2.447     4.000
 203.001    239999         0    239981           0.403     0.970     1.182     1.390     1.522     1.808     2.630     5.423
 204.001    239952         0    239968           0.392     0.920     1.122     1.329     1.462     1.774     2.628     6.488
 205.001    239966         0    239950           0.400     0.966     1.189     1.426     1.608     2.589     5.435     9.191
 206.001    240080         0    240098           0.392     0.928     1.135     1.342     1.477     1.787     2.638     7.320
 207.001    240022         0    240027           0.383     0.949     1.157     1.367     1.498     1.804     2.673     4.923
 208.001    239974         0    239964           0.394     0.938     1.148     1.368     1.526     2.210     4.235     7.471
 209.001    240005         0    240000           0.380     0.920     1.120     1.325     1.451     1.730     2.499     4.325
 210.001    240030         0    240032           0.404     0.943     1.152     1.360     1.493     1.779     2.550     3.781
 211.001    239973         0    239966           0.399     0.963     1.193     1.446     1.679     3.404     6.283     9.863
 212.001    239948         0    239948           0.392     0.961     1.182     1.411     1.581     2.468     4.350     8.172
 213.001    240041         0    240059           0.403     0.948     1.155     1.360     1.491     1.769     2.546     5.288
 214.001    240039         0    240000           0.376     0.947     1.154     1.361     1.494     1.772     2.494     4.514
 215.001    239967         0    239999           0.379     0.949     1.158     1.367     1.500     1.806     2.660     5.444
 216.001    240034         0    240042           0.382     0.947     1.157     1.363     1.495     1.790     2.597     4.592
 217.001    239926         0    239924           0.395     0.921     1.119     1.324     1.453     1.763     2.724     6.267
 218.001    239994         0    239986           0.401     0.988     1.208     1.420     1.554     1.855     2.693     5.374
 219.001    240010         0    240019           0.378     0.931     1.136     1.346     1.481     1.787     2.597     4.588
 220.001    239966         0    239970           0.379     0.927     1.139     1.368     1.543     2.566     4.895     7.815
 221.001    240089         0    240074           0.389     0.927     1.139     1.369     1.549     2.761     6.685    10.650
 222.001    239982         0    239986           0.392     0.923     1.122     1.322     1.447     1.708     2.497     5.296
 223.001    239980         0    239986           0.379     0.954     1.164     1.368     1.494     1.757     2.503     4.968
 224.001    240056         0    240013           0.391     0.941     1.147     1.354     1.485     1.765     2.585     4.522
 225.001    239971         0    240012           0.401     0.933     1.148     1.379     1.561     2.435     4.014     7.356
 226.001    239962         0    239957           0.409     0.958     1.171     1.379     1.513     1.800     2.578     4.399
 227.001    240018         0    239994           0.400     0.953     1.172     1.396     1.550     2.122     3.717     6.836
 228.001    240019         0    240051           0.372     0.928     1.135     1.350     1.501     2.198     5.923    10.125
 229.001    240002         0    240007           0.396     0.954     1.164     1.370     1.500     1.793     2.654     4.391
 230.001    239988         0    239972           0.393     0.927     1.144     1.394     1.633     2.867     4.628     8.184
 231.001    239990         0    240000           0.395     0.955     1.165     1.369     1.496     1.779     2.535     4.592
 232.001    240023         0    240026           0.380     0.966     1.178     1.385     1.519     1.816     2.693     5.431
 233.001    240013         0    240006           0.403     0.949     1.156     1.359     1.487     1.763     2.474     4.354
 234.001    239973         0    239982           0.391     0.964     1.179     1.386     1.518     1.819     2.724     6.136
 235.001    240011         0    239981           0.387     0.959     1.174     1.381     1.514     1.796     2.560     4.354
 236.001    240010         0    240033           0.376     0.980     1.209     1.450     1.638     2.517     4.168     7.520
 237.001    240029         0    240002           0.375     0.952     1.165     1.373     1.506     1.809     2.697     5.423
 238.001    239987         0    239982           0.387     0.970     1.185     1.396     1.533     1.843     2.687     5.276
 239.001    239892         0    239904           0.402     0.991     1.230     1.500     1.794     4.188     7.406    11.657
 240.002    240177         0    240111           0.384     0.968     1.182     1.391     1.525     1.824     2.607     4.923
 241.001    239943         0    239989           0.406     0.956     1.164     1.369     1.503     1.812     2.714     4.575
 242.001    239927         0    239972           0.382     0.956     1.168     1.375     1.510     1.834     2.652     3.877
 243.001    240035         0    239993           0.390     0.949     1.159     1.369     1.507     1.874     2.820     5.427
 244.001    239924         0    239957           0.405     0.947     1.157     1.364     1.499     1.823     2.617     4.088
 245.001    240067         0    240078           0.412     0.940     1.147     1.358     1.493     1.833     2.804     6.402
 246.001    239971         0    239946           0.390     0.956     1.166     1.374     1.506     1.806     2.658     4.760
 247.001    239990         0    239985           0.388     0.971     1.190     1.403     1.538     1.841     2.742     5.063
 248.001    240029         0    240041           0.394     0.952     1.160     1.365     1.494     1.768     2.472     4.596
 249.001    240002         0    240005           0.355     0.944     1.150     1.352     1.479     1.735     2.388     4.977
 250.001    240051         0    239998           0.389     0.937     1.143     1.347     1.477     1.734     2.402     7.762
 251.001    239985         0    240048           0.377     0.960     1.171     1.379     1.507     1.769     2.531     4.669
 252.001    239970         0    239959           0.370     0.949     1.159     1.366     1.497     1.776     2.576     4.510
 253.001    240010         0    240000           0.409     0.975     1.192     1.400     1.529     1.792     2.554     4.719
 254.001    239979         0    239989           0.412     0.982     1.200     1.410     1.540     1.799     2.558     5.566
 255.001    240081         0    240061           0.404     0.943     1.170     1.431     1.680     3.396     5.730     9.036
 256.001    239973         0    239989           0.393     0.951     1.162     1.368     1.499     1.774     2.695     6.316
 257.001    239975         0    239972           0.371     0.949     1.183     1.449     1.715     2.990     4.841     8.389
 258.001    240010         0    240016           0.400     0.953     1.163     1.371     1.500     1.783     2.669     5.456
 259.001    239979         0    239976           0.393     0.953     1.160     1.365     1.494     1.760     2.599     4.993
 260.001    239966         0    239991           0.393     0.948     1.166     1.396     1.571     2.546     4.882     7.651
 261.001    240028         0    239974           0.379     0.962     1.185     1.414     1.580     2.429     4.907     9.011
 262.001    240083         0    240054           0.371     0.936     1.146     1.354     1.491     1.803     2.939     9.658
 263.001    239882         0    239957           0.400     0.952     1.161     1.369     1.501     1.792     2.638     4.461
 264.001    240037         0    240043           0.382     0.945     1.152     1.356     1.486     1.776     2.544     4.911
 265.001    239978         0    239966           0.376     0.950     1.160     1.366     1.498     1.782     2.597     6.337
 266.001    240006         0    240016           0.407     0.950     1.162     1.369     1.499     1.778     2.503     4.747
 267.001    240036         0    240018           0.409     0.942     1.147     1.352     1.486     1.824     2.879     6.033
 268.001    240012         0    240026           0.381     0.945     1.166     1.405     1.608     3.054     5.218     8.032
 269.001    239975         0    239977           0.406     0.935     1.138     1.340     1.471     1.767     2.875     6.210
 270.001    240057         0    239990           0.340     0.969     1.190     1.418     1.591     2.394     3.721     6.201
 271.001    239930         0    239989           0.369     0.921     1.125     1.337     1.482     2.007     4.112     7.860
 272.001    240033         0    240035           0.387     0.940     1.144     1.349     1.481     1.765     2.560     5.046
 273.001    239974         0    239963           0.403     0.946     1.151     1.357     1.485     1.759     2.472     5.071
 274.001    240012         0    240024           0.394     0.965     1.176     1.382     1.511     1.785     2.548     4.780
 275.001    239951         0    239948           0.393     0.964     1.179     1.386     1.521     1.821     2.677     4.600
 276.001    240039         0    240056           0.391     0.971     1.196     1.437     1.631     2.650     5.022     9.626
 277.001    239984         0    239959           0.383     0.944     1.154     1.364     1.497     1.804     2.617     6.844
 278.001    240003         0    239976           0.394     0.949     1.161     1.370     1.506     1.822     2.634     4.489
 279.001    240016         0    240065           0.400     0.964     1.175     1.382     1.512     1.810     2.636     5.894
 280.001    239992         0    239966           0.397     0.955     1.163     1.367     1.493     1.752     2.591     5.194
 281.001    240043         0    240038           0.403     0.973     1.202     1.451     1.669     2.857     4.776     7.897
 282.001    239927         0    239934           0.393     0.953     1.163     1.370     1.498     1.793     2.619     5.063
 283.001    240000         0    240019           0.392     0.966     1.182     1.392     1.527     1.829     2.613     4.162
 284.001    240002         0    239991           0.405     0.962     1.174     1.380     1.512     1.818     2.736     6.459
 285.001    240024         0    240021           0.401     0.990     1.228     1.492     1.746     3.058     4.923     7.758
 286.001    240007         0    240025           0.388     0.959     1.171     1.380     1.513     1.837     2.787     5.001
 287.001    239981         0    239925           0.398     0.955     1.161     1.365     1.491     1.756     2.447     4.866
 288.001    239986         0    240037           0.410     0.950     1.162     1.370     1.499     1.784     2.599     5.956
 289.001    240009         0    240011           0.404     0.942     1.150     1.357     1.491     1.794     2.599     4.231
 290.001    239995         0    239989           0.380     0.946     1.156     1.364     1.498     1.795     2.587     5.358
 291.001    240068         0    240026           0.406     0.960     1.183     1.418     1.605     2.544     4.280     7.643
 292.001    239992         0    240005           0.392     0.983     1.201     1.411     1.544     1.840     2.744     5.734
 293.001    239969         0    239989           0.380     0.953     1.163     1.371     1.503     1.799     2.628     6.042
 294.001    240003         0    240010           0.391     0.967     1.184     1.394     1.529     1.830     2.687     4.772
 295.001    240005         0    240002           0.405     0.952     1.162     1.369     1.501     1.788     2.564     4.559
 296.001    239977         0    239978           0.385     0.978     1.191     1.399     1.530     1.816     2.599     4.776
 297.001    240040         0    240029           0.377     0.951     1.164     1.374     1.508     1.802     2.634     6.619
 298.001    240002         0    240001           0.404     0.953     1.161     1.367     1.501     1.802     2.755     7.574
 299.001    239994         0    239985           0.379     0.947     1.155     1.362     1.493     1.782     2.589     4.649
 300.001    239988         0    240002           0.403     0.955     1.168     1.378     1.513     1.821     2.730     5.005
 301.001    239955         0    239972           0.375     0.957     1.170     1.379     1.514     1.865     2.841     4.841
 302.001    239930         0    239881           0.376     0.982     1.214     1.467     1.689     6.103    11.133    16.605
 303.001    240087         0    240126           0.403     0.958     1.193     1.477     1.837     4.063     7.225    11.239
 304.001    240023         0    240004           0.389     0.952     1.164     1.376     1.511     1.820     2.648     4.510
 305.001    240024         0    240034           0.395     0.955     1.165     1.372     1.507     1.821     2.679     6.283
 306.001    240010         0    240006           0.386     0.935     1.146     1.356     1.487     1.778     2.611     5.370
 307.001    239928         0    239939           0.379     0.940     1.146     1.354     1.489     1.807     2.683     5.366
 308.001    240064         0    240058           0.383     0.953     1.165     1.374     1.506     1.803     2.595     4.735
 309.001    239992         0    239991           0.392     0.954     1.182     1.427     1.636     2.871     5.403     9.552
 310.001    240037         0    239985           0.356     0.948     1.155     1.358     1.488     1.777     2.589     6.509
 311.001    239981         0    240012           0.402     0.952     1.163     1.374     1.506     1.803     2.619     4.131
 312.001    239918         0    239954           0.377     0.965     1.183     1.396     1.532     1.845     2.710     4.833
 313.001    240032         0    240032           0.394     0.954     1.165     1.378     1.514     1.844     2.685     4.772
 314.001    240025         0    239997           0.399     0.956     1.169     1.377     1.510     1.826     2.681     4.866
 315.001    239979         0    240001           0.412     0.969     1.184     1.395     1.531     1.857     2.804     4.530
 316.001    240014         0    240013           0.389     0.938     1.146     1.353     1.485     1.782     2.636     4.600
 317.001    239985         0    239991           0.411     0.965     1.179     1.389     1.521     1.793     2.617     5.030
 318.001    239998         0    239979           0.398     0.949     1.157     1.362     1.488     1.752     2.521     4.710
 319.001    239991         0    240007           0.395     0.958     1.168     1.373     1.499     1.763     2.523     4.612
 320.001    239995         0    240001           0.389     0.987     1.204     1.411     1.541     1.817     2.605     4.243
 321.001    240005         0    239987           0.394     0.970     1.198     1.441     1.644     2.914     5.005     8.978
 322.001    239984         0    239987           0.365     0.972     1.188     1.400     1.537     1.864     2.777     4.678
 323.001    240049         0    240057           0.386     0.967     1.182     1.392     1.529     1.864     2.746     4.456
 324.001    239986         0    239988           0.376     0.962     1.177     1.385     1.526     1.877     3.025     6.566
 325.001    240000         0    239985           0.389     0.950     1.161     1.370     1.503     1.808     2.599     4.895
 326.001    239967         0    239992           0.406     0.951     1.161     1.369     1.503     1.810     2.615     5.100
 327.001    239922         0    239896           0.391     0.974     1.203     1.455     1.669     2.867     4.538     7.926
 328.001    240061         0    240074           0.359     0.950     1.164     1.381     1.530     2.105     3.979     6.431
 329.001    240008         0    240009           0.387     0.951     1.162     1.369     1.502     1.812     2.632     4.448
 330.001    240015         0    240025           0.405     0.938     1.144     1.351     1.483     1.786     2.623     4.645
 331.001    240058         0    240037           0.403     0.945     1.152     1.360     1.490     1.795     2.576     5.931
 332.001    239970         0    239977           0.400     0.945     1.153     1.361     1.494     1.782     2.580     4.297
 333.001    239973         0    239944           0.385     0.945     1.151     1.355     1.485     1.756     2.568     4.977
 334.001    240031         0    240057           0.391     0.948     1.156     1.360     1.489     1.761     2.544     4.305
 335.001    239993         0    240002           0.378     0.944     1.152     1.362     1.494     1.796     2.677     4.833
 336.001    240030         0    240030           0.381     0.941     1.147     1.352     1.480     1.742     2.380     5.743
 337.001    239952         0    239929           0.386     0.947     1.157     1.363     1.492     1.773     2.630     4.735
 338.001    240004         0    240019           0.411     0.959     1.172     1.380     1.512     1.792     2.546     4.915
 339.001    240003         0    240004           0.402     0.966     1.182     1.389     1.519     1.798     2.605    10.559
 340.001    240037         0    240022           0.404     0.943     1.150     1.355     1.482     1.753     2.466     4.239
 341.001    239948         0    239954           0.388     0.940     1.144     1.346     1.473     1.737     2.408     5.792
 342.001    239974         0    239975           0.401     0.947     1.182     1.464     1.789     3.443     9.863    34.177
 343.001    240037         0    240054           0.376     0.958     1.195     1.471     1.780     3.768     6.914    10.191
 344.001    240037         0    239993           0.391     0.972     1.187     1.396     1.527     1.796     2.576     5.579
 345.001    239978         0    240004           0.402     0.979     1.194     1.402     1.531     1.790     2.505     4.567
 346.001    239980         0    239976           0.412     0.977     1.194     1.408     1.539     1.809     2.546     4.542
 347.001    239999         0    240013           0.391     0.998     1.271     1.674     2.314     4.123     6.574    13.754
 348.001    240016         0    239980           0.402     0.981     1.199     1.410     1.541     1.824     2.605     4.801
 349.001    240000         0    240027           0.387     0.950     1.160     1.363     1.491     1.765     2.540     4.477
 350.001    239976         0    240003           0.396     0.968     1.184     1.395     1.530     1.830     2.701     5.566
 351.001    240026         0    239991           0.394     0.941     1.151     1.357     1.488     1.774     2.617     4.334
 352.001    240053         0    240041           0.393     0.962     1.177     1.385     1.519     1.817     2.699     8.831
 353.001    239956         0    239966           0.378     0.961     1.174     1.382     1.513     1.802     2.578     5.374
 354.001    239973         0    239938           0.380     0.955     1.168     1.376     1.507     1.804     2.718     5.071
 355.001    240003         0    240083           0.391     0.951     1.163     1.369     1.495     1.759     2.486     4.764
 356.001    240047         0    239997           0.384     0.955     1.165     1.371     1.497     1.766     2.550     7.029
 357.001    239956         0    239975           0.396     0.962     1.175     1.386     1.522     1.795     2.537    13.222
 358.001    239983         0    239991           0.371     0.930     1.139     1.347     1.478     1.759     2.490     5.128
 359.001    240055         0    240045           0.390     0.947     1.156     1.362     1.491     1.764     2.509     4.776
 360.001    239992         0    240012           0.400     0.971     1.184     1.394     1.527     1.818     2.648     6.730
 361.001    239969         0    239941           0.401     0.936     1.146     1.365     1.519     2.096     3.348     8.335
 362.001    239970         0    239967           0.404     0.966     1.192     1.438     1.650     2.785     4.661     7.561
 363.001    240079         0    240098           0.411     0.968     1.184     1.396     1.534     1.890     2.828     8.577
 364.001    239970         0    239964           0.380     0.950     1.164     1.373     1.507     1.829     2.687     6.316
 365.001    240015         0    239992           0.399     0.994     1.231     1.484     1.698     3.101     5.157     8.724
 366.001    239993         0    240005           0.386     0.974     1.192     1.404     1.538     1.834     2.642     5.128
 367.001    239989         0    239983           0.385     0.989     1.209     1.421     1.555     1.875     2.836     6.861
 368.001    239988         0    240000           0.402     1.010     1.233     1.447     1.577     1.844     2.558     5.100
 369.001    240026         0    240039           0.403     0.970     1.186     1.394     1.529     1.822     2.705     4.714
 370.001    239910         0    239906           0.398     0.970     1.186     1.392     1.526     1.831     2.857     5.988
 371.001    240057         0    240056           0.398     0.950     1.174     1.423     1.653     3.041     6.226    11.715
 372.001    239968         0    239987           0.380     0.955     1.163     1.370     1.498     1.768     2.578     6.623
 373.001    240015         0    240010           0.366     0.970     1.190     1.402     1.538     1.823     2.660     4.678
 374.001    240027         0    240013           0.382     0.950     1.161     1.370     1.501     1.818     2.675     4.858
 375.001    240032         0    240036           0.362     0.968     1.182     1.392     1.530     1.834     2.744     7.832
 376.001    239985         0    239962           0.378     0.998     1.228     1.460     1.631     2.695     5.894    10.682
 377.001    240021         0    240007           0.414     0.980     1.200     1.412     1.544     1.843     2.660     5.722
 378.001    239969         0    240005           0.378     0.946     1.155     1.361     1.495     1.817     2.699     4.833
 379.001    240002         0    239992           0.390     0.965     1.177     1.384     1.513     1.812     2.568     4.600
 380.001    240001         0    239981           0.399     0.974     1.194     1.405     1.541     1.861     2.740     5.997
 381.001    240017         0    240053           0.404     0.966     1.181     1.392     1.527     1.826     2.654     4.862
 382.001    239938         0    239919           0.392     0.971     1.185     1.395     1.530     1.833     2.693     4.698
 383.001    240023         0    240034           0.380     0.979     1.197     1.408     1.540     1.846     2.738     8.684
 384.001    240054         0    240036           0.398     0.954     1.166     1.375     1.508     1.808     2.791     7.999
 385.001    239911         0    239940           0.381     0.950     1.158     1.364     1.495     1.780     2.648    11.330
 386.001    240102         0    240045           0.411     0.975     1.192     1.401     1.536     1.867     3.172    11.985
 387.001    240054         0    240033           0.391     0.980     1.207     1.443     1.623     2.535     4.657    11.723
 388.001    239910         0    239975           0.380     0.980     1.211     1.456     1.655     2.628     4.379     8.610
 389.001    239997         0    239984           0.398     0.950     1.171     1.405     1.589     2.437     3.879     8.700
 390.001    239993         0    239995           0.387     0.943     1.150     1.358     1.492     1.791     2.611    15.270
 391.001    240030         0    240045           0.398     0.933     1.139     1.350     1.485     1.804     2.691     7.209
 392.001    239984         0    239987           0.405     0.951     1.166     1.378     1.518     1.850     2.695     5.046
 393.001    240010         0    240000           0.387     0.937     1.145     1.354     1.487     1.783     2.623     4.981
 394.001    239992         0    240008           0.377     0.930     1.134     1.336     1.463     1.747     2.542     4.948
 395.001    239972         0    239955           0.397     0.945     1.162     1.388     1.545     2.195     3.822     6.300
 396.001    239994         0    240022           0.373     0.935     1.141     1.347     1.476     1.754     2.466     5.161
 397.001    240017         0    239980           0.382     0.953     1.167     1.379     1.513     1.829     3.019     7.651
 398.001    239971         0    239979           0.389     0.935     1.144     1.350     1.482     1.779     2.572     4.186
 399.001    240076         0    240058           0.363     0.940     1.147     1.355     1.487     1.803     2.666     5.210
 400.001    240001         0    240011           0.403     0.970     1.198     1.437     1.617     2.501     4.628     8.774
 401.001    239930         0    239964           0.388     0.922     1.129     1.340     1.479     1.849     2.720     5.837
 402.001    240032         0    240005           0.409     0.980     1.199     1.413     1.549     1.939     2.845     5.374
 403.001    239928         0    239949           0.390     0.971     1.190     1.405     1.544     1.913     2.904     5.730
 404.001    240062         0    240048           0.382     0.945     1.156     1.366     1.501     1.837     2.699     5.116
 405.001    239971         0    239983           0.383     0.948     1.170     1.415     1.621     2.863     5.108     8.847
 406.001    240054         0    240024           0.409     0.938     1.146     1.355     1.489     1.825     2.736     5.292
 407.001    239988         0    240002           0.407     0.952     1.163     1.370     1.502     1.802     2.560     4.317
 408.001    239976         0    239956           0.374     0.952     1.169     1.390     1.546     2.224     4.104     7.578
 409.001    239999         0    240006           0.377     0.956     1.181     1.413     1.591     2.554     5.153     8.139
 410.001    239980         0    240014           0.388     0.947     1.162     1.378     1.522     1.918     3.062     6.676
 411.001    240000         0    239995           0.407     0.956     1.174     1.386     1.527     1.870     2.630     4.821
 412.001    240025         0    240020           0.394     0.956     1.174     1.391     1.535     1.940     2.847     8.937
 413.001    239996         0    239991           0.405     0.971     1.191     1.406     1.547     1.913     2.689     5.079
 414.001    239978         0    239996           0.386     0.965     1.181     1.395     1.534     1.906     2.843     6.545
 415.001    240028         0    240018           0.400     0.967     1.189     1.406     1.545     1.913     2.738     7.709
 416.001    239990         0    239987           0.360     0.917     1.126     1.352     1.521     2.220     3.652     6.988
 417.001    239973         0    239949           0.365     0.966     1.191     1.422     1.597     2.423     4.260    32.326
 418.001    240004         0    240022           0.387     0.946     1.160     1.372     1.509     1.852     2.707     7.987
 419.001    240051         0    240057           0.388     0.937     1.146     1.356     1.490     1.806     2.648     4.448
 420.001    239988         0    239932           0.372     0.934     1.139     1.348     1.482     1.797     2.587     5.669
 421.001    239961         0    240016           0.413     0.947     1.156     1.366     1.504     1.872     2.916     6.922
 422.001    240050         0    240049           0.387     0.961     1.183     1.415     1.589     4.127    33.341    42.992
 423.001    239931         0    239928           0.348     0.933     1.146     1.371     1.537     2.329     4.014    11.534
 424.001    240098         0    240100           0.399     0.961     1.185     1.419     1.606     2.634     4.854     9.421
 425.001    239971         0    239966           0.391     0.952     1.175     1.407     1.587     2.599     4.768     8.618
 426.001    239970         0    239971           0.402     0.976     1.202     1.434     1.596     2.400     4.690     8.360
 427.001    240011         0    240024           0.402     0.962     1.192     1.441     1.654     3.015     9.789    22.512
 428.001    239991         0    239972           0.400     0.934     1.165     1.431     1.706     3.480     5.870     9.724
 429.001    240054         0    240039           0.405     0.961     1.176     1.384     1.519     1.824     2.728     5.071
 430.001    239974         0    239984           0.364     0.940     1.149     1.357     1.488     1.786     2.615     4.661
 431.001    239997         0    240027           0.398     0.932     1.141     1.350     1.485     1.792     2.808    13.206
 432.001    239965         0    239939           0.389     0.943     1.171     1.425     1.670     5.841    10.363    14.959
 433.001    240004         0    239990           0.361     0.958     1.174     1.382     1.513     1.803     2.548     4.993
 434.001    240006         0    240017           0.398     0.939     1.149     1.355     1.484     1.765     2.488     6.038
 435.001    240027         0    240050           0.387     0.927     1.130     1.334     1.458     1.725     2.523     9.167
 436.001    239991         0    239974           0.401     0.933     1.139     1.345     1.474     1.747     2.466     4.268
 437.001    239907         0    239929           0.393     0.954     1.186     1.446     1.697     3.004     4.825     8.290
 438.001    240022         0    240009           0.394     0.941     1.154     1.372     1.516     1.995     3.416     5.894
 439.001    240033         0    240035           0.391     0.938     1.147     1.357     1.491     1.816     2.652     4.469
 440.001    240056         0    240033           0.413     0.945     1.154     1.364     1.502     1.851     2.767     6.504
 441.001    240003         0    239994           0.387     0.933     1.139     1.348     1.482     1.805     2.623     4.878
 442.001    240005         0    240022           0.388     0.940     1.149     1.360     1.496     1.847     2.927    11.813
 443.001    239987         0    240004           0.393     0.921     1.125     1.330     1.461     1.783     2.626     4.686
 444.001    239973         0    239977           0.354     0.950     1.164     1.378     1.520     1.895     2.986    11.239
 445.001    239975         0    239968           0.380     0.965     1.183     1.405     1.553     2.085     3.856     7.512
 446.001    240030         0    240034           0.393     0.944     1.156     1.367     1.501     1.803     2.599     4.817
 447.001    240062         0    240005           0.409     0.950     1.162     1.371     1.502     1.790     2.525     3.953
 448.001    239954         0    239994           0.380     0.964     1.181     1.393     1.528     1.865     2.730     4.837
 449.001    239976         0    239997           0.389     0.950     1.160     1.370     1.507     1.823     2.578     5.296
 450.001    240012         0    239996           0.374     0.928     1.132     1.343     1.488     1.967     3.111     6.783
 451.001    239952         0    239970           0.377     0.948     1.162     1.380     1.524     1.935     2.898     5.771
 452.001    240075         0    240030           0.391     0.967     1.196     1.439     1.636     2.658     4.682    10.273
 453.001    239961         0    240001           0.397     0.966     1.182     1.393     1.530     1.878     2.941     6.898
 454.001    240009         0    239973           0.383     0.973     1.212     1.483     1.760    22.397    45.613    51.806
 455.001    240017         0    240029           0.400     0.974     1.200     1.434     1.610     2.884    11.338    19.120
 456.001    239993         0    240007           0.394     0.937     1.146     1.357     1.490     1.803     2.609     5.464
 457.001    239986         0    239983           0.367     0.949     1.161     1.369     1.503     1.827     2.701     5.571
 458.001    240019         0    239996           0.381     0.971     1.187     1.402     1.536     1.881     2.744     4.735
 459.001    239988         0    240008           0.384     0.958     1.172     1.380     1.512     1.823     2.658     4.837
 460.001    240005         0    239964           0.400     0.971     1.186     1.395     1.528     1.836     2.822   202.113
 461.001    239972         0    240035           0.397     0.947     1.157     1.366     1.500     1.819     2.699  1707.082
 462.001    240010         0    239970           0.393     0.937     1.144     1.351     1.485     1.783     2.605  1734.345
 463.001    240025         0    240052           0.387     0.941     1.148     1.358     1.490     1.790     2.605     4.768
 464.001    239975         0    239975           0.384     0.935     1.143     1.352     1.484     1.784     2.605     6.009
 465.001    240005         0    239985           0.396     0.961     1.172     1.379     1.511     1.796     2.658    13.378
 466.001    240056         0    240033           0.389     0.951     1.161     1.368     1.499     1.791     2.601     5.276
 467.001    239961         0    240008           0.376     0.941     1.150     1.357     1.487     1.765     2.474     4.911
 468.001    240004         0    240002           0.387     0.947     1.160     1.371     1.503     1.799     2.679     8.298
 469.001    240009         0    239987           0.380     0.956     1.168     1.375     1.506     1.780     2.417     4.063
 470.001    239994         0    240016           0.379     0.928     1.134     1.345     1.484     1.831     2.941     7.520
 471.001    240014         0    240015           0.398     0.926     1.129     1.336     1.469     1.780     2.589     4.555
 472.001    239929         0    239914           0.383     0.968     1.184     1.395     1.527     1.818     2.617     5.788
 473.001    239981         0    239983           0.358     0.962     1.186     1.416     1.590     2.658     5.591     9.224
 474.001    240054         0    240044           0.352     0.977     1.253     1.713     2.349     3.715     5.763    13.386
 475.001    240056         0    240038           0.353     0.934     1.144     1.355     1.492     1.809     2.650     4.313
 476.001    239949         0    239985           0.399     0.940     1.146     1.354     1.485     1.789     2.544     4.829
 477.001    240004         0    240016           0.389     0.934     1.142     1.349     1.479     1.777     2.480     4.530
 478.001    240025         0    239988           0.388     0.955     1.169     1.380     1.517     1.859     2.677     5.648
 479.001    240045         0    240018           0.393     0.961     1.180     1.394     1.532     1.861     2.685     4.420
 480.001    239962         0    240026           0.377     0.972     1.190     1.407     1.545     1.871     2.722     4.588
 481.001    239950         0    239952           0.382     0.953     1.167     1.379     1.519     1.905     3.066     8.995
 482.001    240099         0    240011           0.380     0.950     1.163     1.376     1.517     1.893     2.875     5.014
 483.001    239937         0    240017           0.370     0.946     1.157     1.370     1.509     1.847     3.019     7.774
 484.001    239992         0    239975           0.377     0.947     1.167     1.399     1.579     2.796     7.397    13.795
 485.001    239996         0    240001           0.366     0.931     1.139     1.349     1.482     1.790     2.574     4.395
 486.001    240015         0    240020           0.385     0.948     1.163     1.376     1.513     1.826     2.632     5.378
 487.001    239989         0    239996           0.408     0.930     1.142     1.358     1.502     1.906     3.127     7.426
 488.001    240012         0    240010           0.396     0.935     1.146     1.358     1.495     1.815     2.523     4.989
 489.001    239976         0    239973           0.386     0.959     1.188     1.436     1.638     2.554     4.264     8.208
 490.001    239943         0    239959           0.371     0.933     1.139     1.342     1.471     1.736     2.392     5.595
 491.001    240013         0    240003           0.376     0.947     1.157     1.365     1.496     1.776     2.572     5.173
 492.001    240057         0    240037           0.355     0.930     1.135     1.341     1.475     1.772     2.591     6.664
 493.001    240016         0    239995           0.417     0.948     1.158     1.365     1.493     1.785     2.585     9.912
 494.001    239966         0    240018           0.371     0.945     1.161     1.390     1.558     2.454     4.608     8.823
 495.001    239971         0    239962           0.370     0.911     1.110     1.317     1.446     1.737     2.556     4.596
 496.001    240032         0    240018           0.379     0.958     1.175     1.384     1.517     1.817     2.712     5.722
 497.001    240031         0    240028           0.389     0.976     1.206     1.458     1.673     2.775     4.407     7.062
 498.001    239991         0    239985           0.355     0.943     1.151     1.358     1.490     1.802     2.773     6.517
 499.001    239996         0    239994           0.396     0.963     1.177     1.385     1.519     1.832     2.689     4.989
 500.001    239977         0    239971           0.377     0.941     1.150     1.361     1.496     1.860     2.955     7.647
 501.001    240014         0    240037           0.392     0.963     1.192     1.447     1.679     3.178     6.296    11.616
 502.001    240010         0    240013           0.380     0.940     1.146     1.354     1.489     1.830     3.023    11.067
 503.001    239988         0    239968           0.382     0.956     1.167     1.374     1.504     1.784     2.562     5.362
 504.001    240058         0    240013           0.387     0.965     1.180     1.389     1.519     1.809     2.666     4.674
 505.001    239887         0    239936           0.390     0.952     1.164     1.372     1.503     1.782     2.542     4.321
 506.001    240031         0    240056           0.403     0.949     1.161     1.369     1.500     1.793     2.574     6.029
 507.001    240061         0    240044           0.391     0.950     1.161     1.368     1.496     1.763     2.447     4.293
 508.001    239933         0    239933           0.398     0.954     1.180     1.421     1.605     2.636     5.009     8.675
 509.001    240044         0    240026           0.382     0.971     1.206     1.459     1.687     3.553     6.230     9.748
 510.001    239987         0    240016           0.393     0.952     1.164     1.372     1.504     1.799     2.666     5.255
 511.001    240012         0    240004           0.383     0.948     1.161     1.369     1.502     1.786     2.482     4.600
 512.001    239986         0    239979           0.398     0.956     1.170     1.381     1.516     1.831     2.699     5.345
 513.001    239994         0    240010           0.386     0.954     1.168     1.382     1.519     1.852     2.957     7.295
 514.001    239977         0    239964           0.376     0.941     1.147     1.355     1.486     1.797     2.720     4.899
 515.001    240030         0    240012           0.389     0.964     1.187     1.417     1.585     2.341     3.873     5.734
 516.001    240021         0    240040           0.359     0.947     1.161     1.374     1.518     1.976     3.396     6.562
 517.001    239987         0    239978           0.393     0.962     1.177     1.385     1.517     1.798     2.546     4.346
 518.001    239958         0    239964           0.384     0.941     1.158     1.389     1.570     2.468     4.155     9.609
 519.001    240064         0    240072           0.402     0.970     1.188     1.407     1.559     2.073     3.897     9.519
 520.001    239994         0    239978           0.397     0.946     1.157     1.366     1.499     1.807     2.695     6.902
 521.001    239901         0    239902           0.401     0.952     1.164     1.373     1.507     1.806     2.630     5.439
 522.001    240079         0    240061           0.396     0.976     1.196     1.408     1.543     1.847     2.765     5.759
 523.001    239957         0    239989           0.400     0.963     1.177     1.384     1.518     1.832     2.662     6.193
 524.001    240030         0    240045           0.382     0.959     1.179     1.396     1.535     1.894     3.017     6.316
 525.001    239998         0    239970           0.397     0.944     1.155     1.365     1.500     1.833     2.701     5.497
 526.001    240007         0    240019           0.410     0.937     1.144     1.355     1.490     1.816     2.765     6.332
 527.001    240038         0    240026           0.394     0.924     1.128     1.336     1.466     1.758     2.560     9.798
 528.001    239978         0    239986           0.384     0.940     1.152     1.362     1.496     1.816     2.611     4.645
 529.001    240004         0    240002           0.398     0.938     1.146     1.357     1.493     1.829     2.693     5.120
 530.001    239989         0    239974           0.380     0.949     1.159     1.368     1.503     1.825     2.662     4.588
 531.001    239970         0    239989           0.398     0.948     1.165     1.391     1.559     2.376     4.522     7.889
 532.001    240005         0    239998           0.381     0.996     1.220     1.439     1.581     1.966     3.056     8.286
 533.001    240014         0    240031           0.375     0.984     1.203     1.415     1.548     1.867     2.660     5.038
 534.001    239998         0    239983           0.400     0.998     1.223     1.438     1.572     1.904     2.785     5.521
 535.002    239980         0    239941           0.406     0.968     1.183     1.393     1.532     1.872     2.671     4.526
 536.001    240056         0    240092           0.395     0.974     1.192     1.404     1.539     1.867     2.679     4.309
 537.001    239936         0    239946           0.414     0.957     1.172     1.388     1.531     1.958     2.978     5.460
 538.001    240058         0    240060           0.405     0.948     1.159     1.369     1.506     1.843     2.691     5.865
 539.001    239995         0    239991           0.405     0.972     1.187     1.397     1.532     1.845     2.728     5.640
 540.001    240003         0    239993           0.389     0.948     1.157     1.367     1.503     1.836     2.742     5.079
 541.001    239969         0    239990           0.413     0.959     1.176     1.392     1.535     1.916     2.908     5.100
 542.001    239987         0    239971           0.378     0.967     1.190     1.420     1.591     2.425     4.424     7.561
 543.001    240031         0    240029           0.395     0.944     1.154     1.364     1.499     1.826     2.765     7.954
 544.001    240008         0    240028           0.401     0.950     1.161     1.369     1.501     1.794     2.587     4.678
 545.001    239987         0    239987           0.399     0.968     1.184     1.392     1.523     1.800     2.562     5.210
 546.001    239992         0    239995           0.382     0.958     1.187     1.441     1.671     2.826     4.538     7.627
 547.001    239997         0    239986           0.391     0.938     1.147     1.354     1.482     1.750     2.439     5.583
 548.001    239999         0    239988           0.394     0.926     1.126     1.329     1.458     1.739     2.501     4.858
 549.001    239961         0    239985           0.395     0.943     1.157     1.376     1.527     2.089     3.727     6.656
 550.001    240039         0    240036           0.388     0.939     1.149     1.361     1.502     1.898     3.195     5.308
 551.001    240028         0    240006           0.373     0.937     1.145     1.355     1.492     1.803     2.648     4.420
 552.001    239972         0    239987           0.376     0.962     1.184     1.420     1.610     2.771     5.042     8.012
 553.001    239988         0    239997           0.420     0.970     1.183     1.390     1.521     1.801     2.546     4.637
 554.001    239995         0    239982           0.403     0.945     1.154     1.361     1.492     1.772     2.531     4.182
 555.001    240022         0    240003           0.384     0.941     1.151     1.357     1.493     1.800     2.773     5.603
 556.001    239999         0    240036           0.410     0.956     1.169     1.378     1.512     1.823     2.896     5.616
 557.001    240020         0    240004           0.408     0.951     1.160     1.367     1.497     1.774     2.537     4.039
 558.001    239971         0    239954           0.396     0.971     1.187     1.396     1.528     1.822     2.646     5.214
 559.001    240079         0    240059           0.368     0.958     1.186     1.423     1.602     2.843     5.652     8.610
 560.001    239938         0    239989           0.381     0.917     1.116     1.322     1.452     1.787     2.707     5.456
 561.001    239980         0    239967           0.405     0.929     1.135     1.338     1.467     1.756     2.554     4.305
 562.001    240013         0    240013           0.371     0.955     1.167     1.376     1.510     1.809     2.712     5.083
 563.001    240010         0    240002           0.387     0.934     1.139     1.343     1.475     1.748     2.486     4.391
 564.001    239998         0    239990           0.377     0.938     1.161     1.402     1.595     2.652     4.833     8.602
 565.001    239992         0    240001           0.398     0.932     1.142     1.358     1.505     2.064     3.875     6.738
 566.001    240038         0    240041           0.393     0.953     1.166     1.375     1.505     1.781     2.603    11.510
 567.001    239966         0    239948           0.386     0.938     1.144     1.347     1.475     1.748     2.478     4.325
 568.001    240028         0    240026           0.375     0.930     1.134     1.338     1.468     1.744     2.523     5.120
 569.001    239954         0    239973           0.395     0.940     1.146     1.352     1.482     1.745     2.441     4.264
 570.001    240034         0    240028           0.381     0.946     1.154     1.358     1.487     1.756     2.466     4.551
 571.001    239972         0    239976           0.393     0.937     1.146     1.352     1.482     1.755     2.454     4.588
 572.001    240035         0    240035           0.388     0.924     1.126     1.337     1.481     2.094     7.762    13.468
 573.001    239946         0    239942           0.365     0.925     1.127     1.334     1.467     1.786     2.757     5.812
 574.001    239967         0    239952           0.394     0.936     1.157     1.407     1.632     2.931     5.181     8.503
 575.001    240062         0    240064           0.389     0.950     1.191     1.498     1.969     3.830     6.824    11.952
 576.001    240039         0    240046           0.395     0.928     1.135     1.342     1.474     1.766     2.535     4.645
 577.001    239968         0    239984           0.375     0.909     1.108     1.311     1.438     1.721     2.593     6.717
 578.001    239978         0    239964           0.395     0.919     1.119     1.321     1.443     1.696     2.324     4.207
 579.001    240037         0    240040           0.372     0.927     1.137     1.362     1.535     2.499     4.682     8.094
 580.001    239955         0    239954           0.377     0.932     1.138     1.342     1.474     1.747     2.447     4.088
 581.001    240035         0    240030           0.371     0.928     1.132     1.339     1.471     1.767     2.783     5.775
 582.001    239907         0    239917           0.389     0.935     1.142     1.347     1.479     1.772     2.636     6.558
 583.001    240076         0    240065           0.383     0.924     1.135     1.358     1.523     2.421     5.419     8.815
 584.001    239993         0    240018           0.383     0.918     1.116     1.318     1.444     1.725     2.650     5.874
 585.001    240067         0    240033           0.382     0.910     1.107     1.312     1.439     1.738     2.560     6.406
 586.001    239890         0    239906           0.404     0.949     1.161     1.370     1.504     1.837     2.980     6.947
 587.001    240013         0    240027           0.392     0.927     1.140     1.374     1.567     2.771     4.846     9.052
 588.001    240087         0    240042           0.401     0.934     1.140     1.345     1.473     1.761     2.540     4.235
 589.001    240013         0    240016           0.370     0.927     1.133     1.338     1.465     1.726     2.367     4.436
 590.001    239943         0    239968           0.369     0.936     1.152     1.386     1.585     2.912     6.119    10.404
 591.001    240000         0    239993           0.382     0.946     1.152     1.356     1.487     1.776     2.634     5.169
 592.001    240007         0    240022           0.402     0.930     1.137     1.347     1.483     1.791     2.791     5.550
 593.001    240016         0    240018           0.405     0.933     1.142     1.348     1.481     1.775     2.648     4.968
 594.001    239994         0    239981           0.383     0.930     1.133     1.338     1.470     1.766     2.742     7.483
 595.001    240026         0    240004           0.400     0.910     1.106     1.306     1.431     1.704     2.410     6.521
 596.001    239918         0    239964           0.384     0.942     1.148     1.355     1.488     1.781     2.595     6.029
 597.001    240024         0    239986           0.392     0.936     1.150     1.369     1.525     2.136     4.215     9.175
 598.001    240029         0    240042           0.387     0.966     1.225     1.607     2.212     3.863     6.349     9.593
 599.001    239966         0    239978           0.392     0.932     1.136     1.340     1.476     1.805     2.621     5.620
 600.001    240035         0    240045           0.390     0.948     1.156     1.362     1.492     1.784     2.542     4.456
 601.001    240005         0    239996           0.400     0.940     1.148     1.354     1.486     1.781     2.632     5.423
 602.001    239937         0    239939           0.389     0.935     1.142     1.348     1.478     1.768     2.589     4.735
 603.001    240028         0    240034           0.335     0.953     1.164     1.375     1.511     1.822     2.738     4.510
 604.001    240055         0    240042           0.382     0.931     1.136     1.343     1.477     1.762     2.595     4.633
 605.001    239954         0    239949           0.398     0.934     1.140     1.347     1.478     1.783     2.691     5.706
 606.001    239943         0    239941           0.400     0.953     1.162     1.369     1.501     1.819     2.628     4.090
 607.001    239933         0    239925           0.392     0.966     1.183     1.401     1.550     2.070     3.500     8.659
 608.001    240102         0    240108           0.391     0.957     1.174     1.386     1.526     1.916     3.553     7.094
 609.001    240042         0    240056           0.377     0.944     1.150     1.358     1.491     1.811     2.697     6.038
 610.001    239968         0    239958           0.379     0.977     1.194     1.403     1.536     1.833     2.648     4.989
 611.001    239999         0    240013           0.413     0.985     1.207     1.423     1.563     1.911     2.781     6.431
 612.001    240048         0    240052           0.385     0.943     1.155     1.364     1.502     1.846     2.712     6.300
 613.001    239980         0    239972           0.371     0.954     1.164     1.374     1.510     1.862     2.839     5.575
 614.001    239970         0    239958           0.399     0.958     1.174     1.386     1.521     1.843     2.787     4.837
 615.001    239982         0    239981           0.409     0.950     1.167     1.382     1.532     2.038     3.738     6.529
 616.001    240027         0    240041           0.398     0.956     1.167     1.371     1.502     1.787     2.613    12.190
 617.001    239942         0    239953           0.389     0.961     1.176     1.382     1.513     1.788     2.578     4.583
 618.001    240061         0    240033           0.360     0.960     1.179     1.389     1.522     1.808     2.605     4.559
 619.001    239908         0    239932           0.397     0.961     1.193     1.446     1.660     2.812     4.690     7.868
 620.001    240093         0    240070           0.369     0.958     1.178     1.396     1.539     1.996     3.670     7.963
 621.001    239944         0    239961           0.381     0.946     1.158     1.363     1.489     1.757     2.464     4.239
 622.001    240019         0    240005           0.394     0.972     1.191     1.403     1.536     1.818     2.671     5.890
 623.001    240049         0    240076           0.396     0.951     1.161     1.367     1.497     1.776     2.464     5.181
 624.001    239941         0    239944           0.387     0.932     1.139     1.345     1.475     1.776     2.566     4.780
 625.001    240072         0    240038           0.363     0.938     1.160     1.398     1.594     3.025    14.770    32.260
 626.001    240001         0    240014           0.388     0.952     1.174     1.396     1.551     2.161     3.781     6.615
 627.001    240006         0    240019           0.375     0.966     1.200     1.468     1.749     3.951     9.806    16.105
 628.001    240007         0    239992           0.395     0.941     1.150     1.356     1.486     1.781     2.591     5.489
 629.001    239914         0    239933           0.404     0.945     1.155     1.364     1.495     1.809     2.748    12.878
 630.001    240061         0    240051           0.398     0.950     1.162     1.373     1.506     1.792     2.570     4.829
 631.001    239981         0    239982           0.395     0.953     1.165     1.373     1.507     1.804     2.722     5.038
 632.001    240021         0    240025           0.393     0.929     1.135     1.341     1.468     1.735     2.421     4.747
 633.001    239985         0    239975           0.382     0.910     1.109     1.313     1.438     1.716     2.503     5.251
 634.001    240013         0    240019           0.397     0.917     1.119     1.329     1.465     1.789     2.638     4.588
 635.001    240037         0    240020           0.384     0.955     1.168     1.377     1.512     1.843     2.761     5.030
 636.001    239943         0    239947           0.388     0.934     1.153     1.388     1.570     2.464     4.235     6.550
 637.001    240061         0    240048           0.348     0.955     1.166     1.376     1.513     1.821     2.732     5.722
 638.001    239955         0    239984           0.387     0.974     1.190     1.399     1.530     1.812     2.578     4.149
 639.001    239955         0    239954           0.367     0.959     1.174     1.380     1.512     1.802     2.679     6.832
 640.001    240037         0    240034           0.394     0.959     1.169     1.374     1.502     1.780     2.548     3.869
 641.001    239955         0    239950           0.393     0.962     1.191     1.445     1.669     3.369     6.234     9.994
 642.001    240087         0    240088           0.397     0.945     1.164     1.395     1.575     2.642     4.907     8.086
 643.001    239934         0    239955           0.373     0.909     1.106     1.314     1.444     1.752     2.761     6.390
 644.001    240029         0    240019           0.393     0.920     1.119     1.322     1.451     1.741     2.550     4.637
 645.001    240020         0    240021           0.389     0.962     1.193     1.450     1.693     3.039     4.846     8.782
 646.001    240001         0    239986           0.381     0.920     1.123     1.330     1.462     1.761     2.623     4.694
 647.001    240003         0    239995           0.397     0.956     1.169     1.377     1.507     1.788     2.560     4.927
 648.001    239960         0    239969           0.375     0.963     1.179     1.390     1.525     1.844     3.004     9.093
 649.001    240008         0    240016           0.367     0.969     1.193     1.416     1.573     2.316     5.698    13.206
 650.001    240020         0    240017           0.394     0.951     1.169     1.380     1.514     1.816     2.660     4.952
 651.002    239984         0    239952           0.372     0.938     1.148     1.358     1.489     1.783     2.593     4.633
 652.001    239996         0    240033           0.383     0.963     1.178     1.385     1.523     1.835     2.677     4.301
 653.001    239978         0    239955           0.356     0.933     1.140     1.343     1.471     1.757     2.533     4.506
 654.001    240035         0    240072           0.386     0.947     1.160     1.370     1.505     1.806     2.585     4.502
 655.001    239989         0    239968           0.409     0.942     1.152     1.360     1.494     1.798     2.597     4.510
 656.001    239964         0    239956           0.390     0.955     1.167     1.378     1.513     1.830     2.699     5.636
 657.001    240068         0    240036           0.406     0.955     1.169     1.379     1.514     1.828     2.771     6.476
 658.001    239995         0    240025           0.396     0.941     1.148     1.351     1.479     1.740     2.435     4.514
 659.001    240003         0    240009           0.387     0.945     1.153     1.358     1.487     1.762     2.466     4.956
 660.001    239944         0    239950           0.398     0.949     1.160     1.370     1.507     1.810     2.882     6.672
 661.001    240053         0    240058           0.371     0.930     1.139     1.352     1.488     1.803     2.787     8.724
 662.001    239995         0    239966           0.399     0.964     1.188     1.420     1.595     2.871     6.242    13.533
 663.001    239936         0    239962           0.397     0.938     1.145     1.350     1.479     1.739     2.400     4.637
 664.001    240162         0    240096           0.391     0.919     1.118     1.317     1.441     1.686     2.183     3.860
 665.001    239891         0    239962           0.390     0.914     1.114     1.316     1.443     1.720     2.947    13.443
 666.001    240016         0    240010           0.383     0.934     1.137     1.337     1.462     1.712     2.298     4.555
 667.001    239985         0    239991           0.374     0.925     1.127     1.333     1.462     1.741     2.558     5.779
 668.001    240006         0    240003           0.394     0.922     1.124     1.328     1.454     1.707     2.331     4.411
 669.001    240045         0    240008           0.380     0.927     1.149     1.389     1.585     2.976     6.164     9.503
 670.001    239969         0    239986           0.381     0.915     1.118     1.321     1.447     1.709     2.253     3.666
 671.001    239981         0    239996           0.390     0.920     1.120     1.323     1.450     1.725     2.513     5.042
 672.001    240001         0    240008           0.385     0.921     1.123     1.326     1.448     1.705     2.353     4.127
 673.001    240025         0    240021           0.373     0.906     1.103     1.307     1.434     1.712     2.408     6.406
 674.001    240016         0    239991           0.392     0.919     1.117     1.318     1.440     1.707     2.427     5.067
 675.001    239943         0    239951           0.400     0.928     1.127     1.327     1.454     1.724     2.392     4.837
 676.001    240045         0    240039           0.394     0.944     1.152     1.364     1.499     1.836     2.992     6.570
 677.001    239943         0    239983           0.388     0.943     1.162     1.399     1.598     2.916     6.160    10.371
 678.001    240048         0    240038           0.395     0.925     1.127     1.334     1.466     1.791     2.705     4.948
 679.001    239997         0    239980           0.360     0.937     1.165     1.427     1.692     7.672    23.904    33.915
 680.001    239990         0    239984           0.395     0.932     1.155     1.408     1.645     3.371    11.207    22.757
 681.001    240003         0    239996           0.354     0.920     1.138     1.380     1.584     2.666     5.181     8.978
 682.001    239990         0    240022           0.393     0.927     1.132     1.341     1.481     1.833     2.863     9.183
 683.001    240016         0    240013           0.364     0.966     1.196     1.447     1.660     2.798     4.837     8.073
 684.001    239983         0    239985           0.377     0.971     1.188     1.398     1.531     1.830     2.683     6.676
 685.001    239954         0    239969           0.380     0.949     1.159     1.365     1.497     1.789     2.583     4.211
 686.001    240030         0    240004           0.364     0.955     1.168     1.379     1.516     1.821     2.607     5.444
 687.001    240011         0    240006           0.406     0.927     1.132     1.337     1.469     1.776     2.550     4.628
 688.001    239958         0    239962           0.396     0.942     1.150     1.357     1.488     1.806     2.722     5.317
 689.001    240093         0    240046           0.376     0.955     1.169     1.379     1.512     1.803     2.615     5.087
 690.001    239938         0    239976           0.396     0.938     1.145     1.352     1.484     1.781     2.580     5.661
 691.001    240025         0    240039           0.381     0.945     1.152     1.359     1.489     1.762     2.521     4.170
 692.001    239932         0    239926           0.375     0.943     1.149     1.351     1.481     1.746     2.443     4.147
 693.001    240089         0    240086           0.401     0.941     1.162     1.401     1.601     2.785     4.776     8.593
 694.001    239985         0    239987           0.398     0.928     1.140     1.358     1.513     2.279     5.468    11.510
 695.001    239874         0    239866           0.372     0.968     1.194     1.432     1.614     2.992     5.562     8.045
 696.001    240116         0    240140           0.358     0.930     1.143     1.370     1.543     3.031     7.283    11.993
 697.001    240036         0    240033           0.400     0.941     1.151     1.365     1.505     1.858     2.884     6.717
 698.001    239936         0    239912           0.380     0.940     1.151     1.361     1.493     1.792     2.601     4.706
 699.001    240005         0    239979           0.388     0.942     1.152     1.363     1.497     1.824     2.978     6.414
 700.001    240015         0    240034           0.390     0.961     1.177     1.392     1.531     1.900     3.117     5.841
 701.001    240031         0    240051           0.390     0.948     1.166     1.392     1.556     2.327     4.227    14.066
 702.001    239988         0    239984           0.373     0.927     1.132     1.335     1.460     1.736     2.505     4.538
 703.001    239988         0    239969           0.376     0.946     1.158     1.365     1.493     1.775     2.595     5.317
 704.001    239980         0    240010           0.377     0.936     1.142     1.346     1.473     1.743     2.456     4.899
 705.001    240026         0    240019           0.405     0.950     1.163     1.371     1.502     1.764     2.423     5.145
 706.001    239978         0    239988           0.402     0.935     1.141     1.348     1.477     1.737     2.482     4.219
 707.001    240009         0    239989           0.389     0.954     1.167     1.376     1.513     1.884     3.385     6.644
 708.001    239979         0    239984           0.380     0.944     1.179     1.462     1.809     5.112    25.575    35.684
 709.001    240026         0    240040           0.392     0.919     1.125     1.339     1.483     1.951     4.551     7.922
 710.001    239965         0    239957           0.381     0.939     1.148     1.357     1.491     1.806     2.867     5.546
 711.001    240002         0    240015           0.399     0.927     1.132     1.339     1.471     1.778     2.695     4.952
 712.001    240030         0    240016           0.379     0.921     1.123     1.329     1.460     1.754     2.597     4.547
 713.001    240043         0    240025           0.389     0.922     1.122     1.327     1.456     1.729     2.480     4.866
 714.001    239956         0    239976           0.377     0.927     1.130     1.334     1.464     1.764     2.611     4.346
 715.001    239965         0    239967           0.381     0.943     1.150     1.356     1.486     1.777     2.562     4.837
 716.001    239968         0    239967           0.395     0.948     1.159     1.369     1.502     1.824     2.822     7.643
 717.001    240039         0    240039           0.395     0.941     1.152     1.360     1.493     1.802     2.589     5.263
 718.001    240012         0    240012           0.391     0.971     1.190     1.402     1.535     1.834     2.619     4.792
 719.001    239966         0    239974           0.408     0.961     1.176     1.381     1.514     1.812     2.613     5.382
 720.001    240071         0    240050           0.400     0.949     1.166     1.377     1.513     1.836     2.767     4.657
 721.001    239967         0    239979           0.400     0.942     1.151     1.361     1.498     1.863     3.123     7.864
 722.001    240017         0    240017           0.389     0.935     1.143     1.351     1.484     1.776     2.556     4.567
 723.001    240027         0    240003           0.384     0.946     1.159     1.370     1.509     1.825     2.662     4.555
 724.001    239940         0    239973           0.380     0.938     1.147     1.355     1.485     1.758     2.589     4.751
 725.001    240031         0    240014           0.376     0.937     1.145     1.353     1.482     1.762     2.685     4.936
 726.001    239985         0    240010           0.390     0.946     1.156     1.360     1.486     1.744     2.429     4.915
 727.001    240005         0    239973           0.368     0.916     1.116     1.321     1.447     1.710     2.398     5.145
 728.001    239969         0    239984           0.402     0.950     1.172     1.415     1.623     2.742     4.395     6.201
 729.001    240025         0    240012           0.394     0.963     1.186     1.414     1.578     2.480     4.923     8.339
 730.001    240008         0    240013           0.385     0.933     1.138     1.340     1.466     1.738     2.417     4.514
 731.001    240012         0    240000           0.381     0.947     1.159     1.367     1.495     1.786     2.730     6.083
 732.001    240015         0    240019           0.390     0.929     1.130     1.332     1.461     1.748     2.568     4.702
 733.001    239964         0    239981           0.392     0.935     1.143     1.352     1.485     1.770     2.548     5.030
 734.001    240022         0    240007           0.398     0.957     1.194     1.482     1.815     3.521     6.095    10.437
 735.001    239982         0    240006           0.378     0.921     1.123     1.328     1.457     1.751     2.494     6.169
 736.001    239998         0    239976           0.392     0.950     1.160     1.370     1.503     1.799     2.609     5.730
 737.001    240033         0    240044           0.404     0.933     1.140     1.343     1.475     1.761     2.552     6.291
 738.001    239970         0    239970           0.366     0.951     1.172     1.404     1.580     2.505     4.772     9.748
 739.001    240024         0    240007           0.386     0.936     1.143     1.349     1.479     1.760     2.550     3.949
 740.001    240019         0    239990           0.371     0.941     1.151     1.362     1.495     1.831     2.644     4.796
 741.001    239955         0    240005           0.380     0.972     1.186     1.394     1.523     1.804     2.611     5.288
 742.001    240029         0    240005           0.399     0.938     1.148     1.361     1.499     1.818     2.650     4.538
 743.001    239966         0    239984           0.398     0.938     1.147     1.356     1.489     1.799     2.728     4.882
 744.001    239976         0    239994           0.386     0.954     1.167     1.379     1.516     1.871     2.986     5.902
 745.001    240021         0    240023           0.404     0.966     1.183     1.392     1.527     1.824     2.623     4.502
 746.001    239940         0    239935           0.371     0.953     1.170     1.393     1.545     2.036     3.144     6.365
 747.001    240097         0    240079           0.391     0.967     1.192     1.422     1.585     2.249     3.766     5.906
 748.001    239989         0    239986           0.403     0.952     1.165     1.374     1.510     1.837     2.916     5.317
 749.001    240001         0    240017           0.379     0.952     1.163     1.368     1.499     1.779     2.509     4.395
 750.001    239987         0    239998           0.371     0.942     1.149     1.355     1.483     1.756     2.521    48.169
 751.001    240004         0    239977           0.365     0.927     1.130     1.337     1.467     1.759     2.550     4.633
 752.001    240019         0    240020           0.392     0.945     1.154     1.362     1.492     1.767     2.515     4.891
 753.001    239927         0    239928           0.383     0.931     1.134     1.337     1.468     1.767     2.548     5.091
 754.001    240025         0    240033           0.373     0.968     1.185     1.395     1.529     1.817     2.550     4.428
 755.001    239980         0    239976           0.366     0.943     1.150     1.357     1.489     1.810     2.730     6.275
 756.001    240043         0    240053           0.391     0.983     1.220     1.482     1.725     3.361     6.844    13.058
 757.001    239990         0    239982           0.370     0.950     1.163     1.372     1.506     1.829     2.730     4.612
 758.001    240007         0    239944           0.368     0.932     1.141     1.352     1.490     1.811     2.619     4.612
 759.001    240036         0    240071           0.379     0.950     1.185     1.458     1.739     3.174     5.571     9.232
 760.001    239963         0    240004           0.378     0.955     1.166     1.378     1.513     1.836     2.740     4.502
 761.001    239977         0    239968           0.384     0.919     1.126     1.356     1.531     2.388     4.159     7.426
 762.001    240029         0    240036           0.387     0.940     1.150     1.365     1.508     1.980     6.115    11.272
 763.001    240021         0    239994           0.364     0.935     1.141     1.349     1.484     1.814     2.710     5.214
 764.001    239981         0    239998           0.395     0.968     1.191     1.418     1.578     2.310     5.300     9.699
 765.001    240014         0    240012           0.394     0.973     1.194     1.408     1.544     1.860     2.750     4.583
 766.001    239993         0    239957           0.383     0.977     1.196     1.413     1.551     1.875     2.884     6.169
 767.001    240000         0    240042           0.391     0.946     1.156     1.363     1.497     1.812     2.679     4.850
 768.001    240002         0    239962           0.390     0.957     1.176     1.400     1.554     2.124     4.000     8.413
 769.001    240005         0    240041           0.386     0.959     1.174     1.386     1.523     1.849     2.750     4.571
 770.001    239985         0    239992           0.388     0.985     1.209     1.443     1.614     2.370     3.869     7.242
 771.001    239994         0    239996           0.390     0.956     1.169     1.380     1.522     1.925     2.802     4.854
 772.001    239941         0    239923           0.392     0.947     1.163     1.383     1.531     2.011     3.127     5.919
 773.001    240045         0    240066           0.387     0.933     1.145     1.365     1.516     1.968     2.871     4.903
 774.001    240006         0    239993           0.370     0.960     1.178     1.394     1.540     1.919     2.785     4.604
 775.001    240011         0    240011           0.405     0.988     1.208     1.424     1.561     1.914     2.757     9.585
 776.001    240035         0    240034           0.391     0.984     1.238     1.574     2.083     3.570     5.538     8.503
 777.001    239990         0    239980           0.395     0.941     1.151     1.366     1.517     2.126     3.596     6.017
 778.001    239940         0    239963           0.405     0.951     1.164     1.375     1.516     1.857     2.669     4.370
 779.001    240073         0    240015           0.384     0.948     1.157     1.365     1.504     1.869     2.769     4.903
 780.001    239916         0    239963           0.404     0.971     1.191     1.406     1.547     1.906     2.804     5.083
 781.001    240058         0    240048           0.421     0.949     1.161     1.376     1.526     1.974     3.054     7.164
 782.001    239967         0    239964           0.383     0.974     1.193     1.406     1.544     1.891     2.710     5.169
 783.001    240032         0    240037           0.389     0.970     1.196     1.435     1.620     2.490     4.338     8.970
 784.001    239961         0    239950           0.400     0.958     1.175     1.386     1.527     1.869     2.718     4.600
 785.001    240000         0    240025           0.385     0.950     1.162     1.373     1.509     1.839     2.730     5.976
 786.001    240037         0    240026           0.409     0.968     1.183     1.392     1.527     1.824     2.576     6.541
 787.001    240019         0    240025           0.390     0.943     1.152     1.360     1.495     1.806     2.691     6.320
 788.001    239958         0    239967           0.361     0.937     1.145     1.352     1.487     1.796     2.621    10.543
 789.001    240037         0    240025           0.401     0.941     1.163     1.403     1.593     2.656     5.251    10.412
 790.001    239997         0    239979           0.398     0.959     1.175     1.383     1.520     1.835     2.767     6.689
 791.001    239974         0    239976           0.403     0.941     1.149     1.362     1.501     1.853     2.865     5.587
 792.001    239985         0    239989           0.400     0.970     1.198     1.437     1.622     2.613     5.370     9.871
 793.001    240002         0    239999           0.387     0.988     1.224     1.481     1.710     2.902     4.665     7.700
 794.001    240011         0    240010           0.406     1.011     1.238     1.460     1.605     2.046     3.111     7.279
 795.001    240026         0    240037           0.396     0.993     1.218     1.436     1.578     1.960     2.884     5.345
 796.001    239947         0    239960           0.393     0.985     1.208     1.425     1.570     1.966     2.961    12.018
 797.001    240037         0    240025           0.403     0.990     1.217     1.439     1.585     2.001     2.951    14.442
 798.001    239999         0    240008           0.400     0.976     1.197     1.417     1.570     2.097     3.254     6.627
 799.001    240014         0    239987           0.397     0.969     1.184     1.393     1.526     1.823     2.558     4.981
 800.001    240009         0    240011           0.388     0.945     1.156     1.364     1.499     1.803     2.650     5.370
 801.001    239968         0    239982           0.393     0.957     1.170     1.381     1.514     1.790     2.492     4.878
 802.001    239985         0    239983           0.373     0.969     1.188     1.401     1.536     1.836     2.705     5.341
 803.001    240065         0    240058           0.391     0.952     1.166     1.377     1.513     1.825     2.697     6.406
 804.001    239983         0    239987           0.384     0.962     1.193     1.450     1.683     4.073    15.516    22.184
 805.001    239960         0    239983           0.405     0.964     1.177     1.382     1.511     1.779     2.464     4.338
 806.001    240005         0    240011           0.378     0.954     1.168     1.376     1.504     1.770     2.619     7.741
 807.001    239977         0    239980           0.400     0.970     1.190     1.408     1.551     1.992     3.359     6.791
 808.001    239993         0    239981           0.398     0.938     1.149     1.360     1.492     1.792     2.623     5.612
 809.001    240046         0    240032           0.400     0.956     1.169     1.376     1.508     1.787     2.542     4.944
 810.001    240056         0    240039           0.393     0.937     1.146     1.352     1.483     1.766     2.595     4.432
 811.001    239947         0    239942           0.383     0.949     1.166     1.381     1.521     1.864     2.888     5.190
 812.001    239987         0    240019           0.408     0.957     1.168     1.376     1.508     1.786     2.601     4.674
 813.001    240045         0    240002           0.382     0.944     1.153     1.360     1.488     1.732     2.265     4.448
 814.001    239968         0    240004           0.376     0.939     1.150     1.356     1.480     1.718     2.183     5.067
 815.001    240032         0    240038           0.381     0.939     1.149     1.356     1.482     1.729     2.341     5.788
 816.001    239965         0    239978           0.377     0.920     1.119     1.320     1.441     1.679     2.138     4.403
 817.001    239928         0    239858           0.378     0.938     1.155     1.388     1.566     2.802     5.652     8.262
 818.001    240085         0    240134           0.375     0.932     1.139     1.345     1.478     1.791     4.276    11.141
 819.001    240039         0    240035           0.385     0.906     1.101     1.305     1.431     1.709     2.466     5.460
 820.001    239949         0    239947           0.386     0.920     1.119     1.324     1.452     1.717     2.472     4.579
 821.001    240011         0    240011           0.382     0.918     1.118     1.323     1.453     1.758     2.765     6.496
 822.001    239985         0    239991           0.393     0.920     1.119     1.321     1.442     1.686     2.259     4.207
 823.001    240002         0    240007           0.386     0.967     1.206     1.478     1.755     3.224     6.898    31.949
 824.001    240016         0    240009           0.385     0.911     1.125     1.359     1.537     2.730     8.667    14.721
 825.001    239993         0    239997           0.381     0.932     1.140     1.349     1.480     1.750     2.560     5.345
 826.001    239950         0    239956           0.386     0.937     1.147     1.353     1.481     1.746     2.497     5.067
 827.001    240013         0    240021           0.384     0.959     1.171     1.378     1.507     1.776     2.478     4.809
 828.001    240010         0    240004           0.376     0.927     1.130     1.334     1.458     1.729     2.552     6.631
 829.001    240053         0    240032           0.400     0.943     1.153     1.357     1.482     1.722     2.265     4.583
 830.001    239953         0    239963           0.395     0.941     1.156     1.372     1.510     1.807     2.480     4.020
 831.001    240044         0    240002           0.377     0.943     1.174     1.424     1.637     2.884     5.509     9.740
 832.001    240000         0    240027           0.395     0.963     1.193     1.442     1.637     2.583     4.542     7.352
 833.001    239963         0    239991           0.391     0.965     1.184     1.399     1.536     1.852     2.662     4.960
 834.001    239903         0    239891           0.380     0.975     1.199     1.418     1.561     1.934     2.826     6.066
 835.001    240068         0    240062           0.397     0.967     1.188     1.406     1.547     1.911     2.957    11.575
 836.001    240054         0    240052           0.401     0.971     1.190     1.404     1.538     1.861     2.757     9.052
 837.001    239960         0    239979           0.393     0.972     1.189     1.398     1.532     1.841     2.710     4.923
 838.001    239990         0    239987           0.395     0.970     1.190     1.402     1.534     1.823     2.613     5.988
 839.001    240054         0    240041           0.409     0.954     1.167     1.374     1.503     1.777     2.533     4.878
 840.001    239926         0    239936           0.394     0.967     1.196     1.437     1.626     2.906     5.698     9.576
 841.001    240042         0    240039           0.389     0.928     1.136     1.348     1.482     1.817     2.853     5.415
 842.001    240017         0    240027           0.401     0.939     1.151     1.360     1.490     1.779     2.521     4.821
 843.001    239985         0    239983           0.386     0.950     1.165     1.377     1.513     1.827     2.673     5.403
 844.001    239994         0    239998           0.386     0.924     1.130     1.338     1.477     1.790     2.654     6.382
 845.001    240022         0    240010           0.399     0.937     1.144     1.352     1.485     1.809     2.630     4.645
 846.001    239968         0    239982           0.377     0.957     1.177     1.401     1.553     2.210     4.276     7.852
 847.001    240028         0    240016           0.399     0.950     1.167     1.385     1.526     1.880     2.871     5.698
 848.001    240012         0    240013           0.381     0.958     1.176     1.386     1.524     1.846     2.757     6.824
 849.001    240009         0    239990           0.390     0.946     1.161     1.374     1.512     1.839     2.773     4.383
 850.001    239998         0    240016           0.380     0.973     1.198     1.414     1.551     1.868     2.763     7.467
 851.001    239981         0    239983           0.384     0.932     1.142     1.352     1.484     1.789     2.646     5.034
 852.001    239982         0    239985           0.386     0.955     1.168     1.380     1.516     1.826     2.716     4.403
 853.001    240007         0    239990           0.395     0.938     1.146     1.358     1.493     1.812     2.714     4.268
 854.001    240007         0    240026           0.381     0.951     1.167     1.378     1.511     1.816     3.054    12.886
 855.001    240012         0    240004           0.390     0.936     1.156     1.392     1.576     2.556     4.850    10.437
 856.001    239901         0    239920           0.397     0.968     1.185     1.394     1.527     1.831     2.763     4.944
 857.001    240084         0    240052           0.390     0.972     1.193     1.404     1.537     1.810     2.589     4.805
 858.001    239982         0    239987           0.388     0.959     1.175     1.385     1.519     1.808     2.716     6.136
 859.001    239998         0    240014           0.400     0.966     1.184     1.390     1.521     1.795     2.531     4.309
 860.001    239974         0    239970           0.393     0.978     1.201     1.415     1.546     1.816     2.509     4.624
 861.001    240040         0    240034           0.385     0.972     1.190     1.402     1.532     1.819     2.642     4.706
 862.001    239977         0    239964           0.400     0.966     1.182     1.393     1.532     1.866     2.949     6.840
 863.001    240026         0    240033           0.386     0.926     1.145     1.380     1.555     2.437     4.284     8.192
 864.001    239960         0    239964           0.370     0.941     1.165     1.410     1.622     3.320     6.808    11.592
 865.001    240027         0    240041           0.395     0.936     1.145     1.354     1.487     1.783     2.638     5.243
 866.001    240022         0    240035           0.394     0.934     1.141     1.348     1.475     1.743     2.466     6.033
 867.001    240042         0    239970           0.385     0.928     1.135     1.340     1.474     1.773     2.681     4.620
 868.001    239883         0    239943           0.380     0.957     1.175     1.389     1.526     1.872     3.006     7.786
 869.001    240041         0    240016           0.406     0.958     1.176     1.390     1.529     1.872     2.943     6.611
 870.001    240038         0    240047           0.387     0.971     1.202     1.445     1.634     2.607     4.387     6.619
 871.001    239963         0    239956           0.364     0.961     1.179     1.388     1.520     1.786     2.482     4.567
 872.001    240052         0    240060           0.395     0.948     1.160     1.367     1.499     1.781     2.544     6.799
 873.001    239944         0    239931           0.407     0.986     1.211     1.435     1.586     2.198     3.967     9.183
 874.001    240086         0    240092           0.406     0.956     1.177     1.399     1.554     2.187     3.848     7.344
 875.001    239949         0    239968           0.397     0.942     1.155     1.363     1.495     1.794     2.621     4.415
 876.001    240019         0    239992           0.379     0.938     1.150     1.361     1.491     1.773     2.589     5.353
 877.001    240036         0    240037           0.355     0.952     1.165     1.373     1.504     1.770     2.503     5.116
 878.001    239939         0    239936           0.380     0.943     1.152     1.356     1.484     1.744     2.492     4.551
 879.001    240002         0    240022           0.382     0.942     1.163     1.401     1.586     2.707     7.516    17.842
 880.001    239979         0    239979           0.395     0.946     1.155     1.360     1.490     1.745     2.517     5.087
 881.001    240033         0    240033           0.413     0.972     1.205     1.459     1.687     3.523    13.025    21.938
 882.001    239962         0    239970           0.414     0.961     1.178     1.389     1.520     1.792     2.511     4.346
 883.001    239875         0    239873           0.385     0.947     1.172     1.418     1.623     3.375    12.878    22.364
 884.001    240150         0    240139           0.385     0.953     1.191     1.482     1.878     4.116     7.799    11.608
 885.001    240061         0    240042           0.397     0.956     1.170     1.376     1.508     1.791     2.593     4.411
 886.001    239955         0    239993           0.379     0.953     1.166     1.373     1.504     1.811     2.839     6.599
 887.001    239969         0    239965           0.384     0.955     1.170     1.383     1.519     1.827     2.679     4.731
 888.001    240042         0    240051           0.400     0.974     1.202     1.432     1.601     2.392     4.078     7.901
 889.001    239973         0    239960           0.385     0.984     1.202     1.413     1.544     1.828     2.568     5.104
 890.001    239982         0    239983           0.385     0.948     1.171     1.399     1.563     2.273     3.695     7.270
 891.001    240047         0    240038           0.396     0.942     1.154     1.364     1.498     1.802     2.595     4.792
 892.001    239967         0    239984           0.381     0.926     1.130     1.336     1.464     1.747     2.488     4.600
 893.001    239984         0    239978           0.389     0.923     1.124     1.329     1.458     1.734     2.456     4.399
 894.001    240030         0    240021           0.397     0.931     1.138     1.342     1.475     1.759     2.738    12.616
 895.001    240001         0    239993           0.394     0.937     1.145     1.350     1.478     1.737     2.423     4.719
 896.001    240008         0    240008           0.379     0.950     1.165     1.370     1.496     1.759     2.494     4.710
 897.001    239967         0    239988           0.398     0.952     1.165     1.371     1.496     1.746     2.390     4.846
 898.001    240029         0    240010           0.399     0.938     1.145     1.349     1.477     1.744     2.775     9.871
 899.001    239973         0    239992           0.402     0.934     1.144     1.356     1.490     1.792     2.957     4.977
 900.001    240039         0    240003           0.389     0.935     1.143     1.349     1.478     1.740     2.380     5.288
 901.001    239949         0    239992           0.410     0.957     1.169     1.374     1.501     1.758     2.437     4.514
 902.001    240039         0    240022           0.365     0.972     1.200     1.439     1.618     2.572     4.567     7.356
 903.001    240001         0    239988           0.392     0.927     1.132     1.335     1.462     1.722     2.435     4.559
 904.001    239942         0    239955           0.366     0.951     1.174     1.402     1.569     2.462     4.510     7.602
 905.001    240050         0    240040           0.410     0.982     1.215     1.460     1.657     2.761     4.981     9.118
 906.001    239979         0    240006           0.393     0.933     1.142     1.347     1.476     1.739     2.462     4.878
 907.001    240016         0    239988           0.400     0.926     1.130     1.336     1.461     1.713     2.384     5.767
 908.001    239983         0    240006           0.411     0.938     1.147     1.354     1.483     1.754     2.470     4.665
 909.001    240011         0    239994           0.398     0.946     1.156     1.359     1.486     1.740     2.404     4.612
 910.001    239976         0    239978           0.378     0.935     1.143     1.345     1.470     1.712     2.202     4.452
 911.001    240020         0    240009           0.409     0.956     1.170     1.377     1.504     1.772     2.517     5.485
 912.001    240059         0    240052           0.411     0.959     1.189     1.440     1.655     2.830     4.764     7.983
 913.001    239960         0    239990           0.395     0.961     1.175     1.382     1.516     1.810     2.732     6.824
 914.001    239997         0    239965           0.402     0.964     1.179     1.386     1.518     1.807     2.773    11.035
 915.001    240007         0    240016           0.375     0.948     1.159     1.367     1.498     1.802     2.648     5.816
 916.001    239945         0    239953           0.404     0.959     1.175     1.386     1.521     1.818     2.769     6.201
 917.001    239991         0    240000           0.381     0.974     1.193     1.405     1.536     1.817     2.623     8.217
 918.001    240023         0    240018           0.391     0.958     1.177     1.392     1.534     1.890     2.916     7.238
 919.001    240074         0    240068           0.400     0.933     1.138     1.343     1.476     1.768     2.544     4.776
 920.001    239992         0    239981           0.398     0.943     1.154     1.362     1.493     1.805     2.791     6.332
 921.001    239969         0    239990           0.395     0.969     1.217     1.534     2.042     3.639     5.571     9.486
 922.001    239981         0    239979           0.403     0.953     1.168     1.376     1.509     1.815     2.730     4.768
 923.001    240007         0    240011           0.408     0.945     1.156     1.361     1.491     1.791     2.583     5.251
 924.001    240006         0    240005           0.395     0.933     1.141     1.348     1.483     1.809     2.832     7.639
 925.001    239994         0    239992           0.388     0.949     1.162     1.370     1.501     1.785     2.560     4.202
 926.001    239964         0    239980           0.380     0.921     1.122     1.327     1.454     1.750     2.572     4.694
 927.001    240050         0    240026           0.385     0.922     1.123     1.328     1.454     1.739     2.550     4.497
 928.001    239993         0    239975           0.388     0.936     1.146     1.359     1.495     1.839     2.980     6.386
 929.001    239970         0    240002           0.375     0.938     1.145     1.351     1.481     1.761     2.566     5.677
 930.001    240012         0    240015           0.381     0.926     1.129     1.333     1.458     1.715     2.425     4.592
 931.001    240078         0    240050           0.377     0.929     1.146     1.379     1.565     2.689     5.419    10.945
 932.001    239935         0    239949           0.396     0.913     1.113     1.316     1.440     1.699     2.275     4.256
 933.001    240034         0    240031           0.406     0.960     1.188     1.430     1.622     2.716     4.510     8.172
 934.001    239950         0    239971           0.378     0.935     1.139     1.343     1.470     1.723     2.359     5.034
 935.001    240028         0    239998           0.385     0.925     1.128     1.330     1.455     1.716     2.392     5.501
 936.001    239961         0    239979           0.393     0.918     1.121     1.325     1.448     1.695     2.202     4.147
 937.001    240061         0    240064           0.400     0.942     1.153     1.362     1.491     1.767     2.626     6.369
 938.001    239929         0    239932           0.388     0.921     1.122     1.326     1.451     1.706     2.361     4.436
 939.001    239999         0    239975           0.399     0.937     1.144     1.350     1.477     1.726     2.367     5.132
 940.001    240055         0    240048           0.385     0.918     1.119     1.321     1.443     1.687     2.236     4.014
 941.001    240019         0    240027           0.388     0.935     1.140     1.343     1.468     1.721     2.345     4.415
 942.001    239969         0    239956           0.406     0.931     1.136     1.339     1.465     1.729     2.304     4.198
 943.001    239991         0    240017           0.404     0.939     1.147     1.353     1.482     1.743     2.458     5.165
 944.001    240044         0    240003           0.364     0.920     1.123     1.328     1.457     1.730     2.476     3.996
 945.001    239951         0    239996           0.391     0.958     1.172     1.378     1.509     1.781     2.488     5.689
 946.001    239988         0    239980           0.407     0.945     1.159     1.369     1.502     1.790     2.583     4.317
 947.001    240036         0    240048           0.386     0.948     1.159     1.365     1.491     1.741     2.376     4.592
 948.001    240003         0    239990           0.387     0.940     1.150     1.358     1.487     1.759     2.531     4.588
 949.001    239988         0    239990           0.393     0.927     1.132     1.338     1.469     1.751     2.464     5.054
 950.001    240047         0    240025           0.388     0.951     1.163     1.375     1.508     1.811     2.857     7.926
 951.001    239956         0    239965           0.400     0.975     1.193     1.404     1.537     1.831     2.623     4.870
 952.001    239998         0    240024           0.404     0.972     1.192     1.403     1.539     1.862     2.898     6.447
 953.001    239982         0    239949           0.398     0.962     1.176     1.384     1.517     1.794     2.523     5.853
 954.001    240012         0    240040           0.384     0.963     1.180     1.390     1.524     1.828     2.730     7.393
 955.001    239994         0    239986           0.376     0.961     1.176     1.388     1.524     1.832     2.617     5.751
 956.001    240008         0    240018           0.397     0.928     1.136     1.353     1.503     2.105     3.934     7.094
 957.001    239982         0    239962           0.368     0.952     1.182     1.447     1.712     3.213     9.110    25.379
 958.001    240052         0    240037           0.399     0.967     1.184     1.394     1.530     1.846     2.779     5.452
 959.001    239954         0    239979           0.383     0.942     1.151     1.359     1.488     1.762     2.560     5.796
 960.001    240043         0    240050           0.390     0.930     1.135     1.337     1.467     1.747     2.513     4.313
 961.001    239942         0    239942           0.383     0.956     1.172     1.390     1.538     2.120     3.858     6.574
 962.001    240012         0    240005           0.383     0.942     1.154     1.357     1.484     1.739     2.413     4.878
 963.001    240018         0    240016           0.402     0.952     1.165     1.370     1.501     1.776     2.595     5.054
 964.001    240010         0    240019           0.401     0.937     1.143     1.348     1.475     1.738     2.482     4.862
 965.001    239971         0    239971           0.378     0.930     1.138     1.349     1.489     1.888     3.285     6.054
 966.001    240015         0    239987           0.361     0.949     1.168     1.393     1.555     2.402     4.665     7.721
 967.001    239966         0    239992           0.387     0.941     1.150     1.360     1.492     1.775     2.621     5.259
 968.001    240061         0    240009           0.386     0.936     1.142     1.343     1.471     1.736     2.482     4.907
 969.001    239949         0    240007           0.399     0.953     1.166     1.370     1.500     1.762     2.513     4.547
 970.001    240027         0    240000           0.376     0.918     1.119     1.320     1.446     1.711     2.398     4.057
 971.001    239986         0    240010           0.385     0.931     1.138     1.341     1.466     1.729     2.386     4.592
 972.001    240013         0    239987           0.390     0.938     1.146     1.348     1.475     1.730     2.415     5.153
 973.001    240022         0    240042           0.397     0.937     1.161     1.417     1.653     2.845     5.526    10.117
 974.001    240006         0    239992           0.402     0.944     1.152     1.359     1.486     1.752     2.445     4.768
 975.001    239974         0    239993           0.392     0.944     1.152     1.355     1.484     1.753     2.509     4.078
 976.001    239945         0    239932           0.371     0.950     1.168     1.388     1.544     2.275     3.955     6.775
 977.001    240065         0    240063           0.381     0.936     1.152     1.381     1.558     2.796     5.636     9.273
 978.001    239965         0    239988           0.395     0.977     1.218     1.491     1.787     3.381     6.230    10.117
 979.001    240053         0    240019           0.401     0.930     1.140     1.348     1.483     1.792     2.834     5.202
 980.001    239922         0    239935           0.395     0.936     1.145     1.354     1.490     1.819     3.213     6.664
 981.001    240025         0    240046           0.400     0.937     1.145     1.348     1.475     1.733     2.447     5.095
 982.001    239978         0    239958           0.378     0.957     1.170     1.376     1.505     1.777     2.552     5.616
 983.001    240061         0    240055           0.398     0.930     1.134     1.337     1.462     1.715     2.316     4.383
 984.001    239954         0    239961           0.392     0.926     1.130     1.337     1.470     1.764     2.562     4.415
 985.001    240041         0    240044           0.399     0.946     1.157     1.365     1.494     1.756     2.517     5.030
 986.001    240002         0    239988           0.405     0.922     1.125     1.328     1.456     1.736     2.609     6.001
 987.001    239981         0    240009           0.386     0.960     1.175     1.382     1.511     1.767     2.464     4.714
 988.001    239991         0    239974           0.380     0.937     1.145     1.350     1.479     1.759     2.523     4.198
 989.001    240014         0    240011           0.397     0.955     1.171     1.384     1.521     1.823     2.777     6.119
 990.001    239996         0    240015           0.404     0.969     1.197     1.442     1.640     2.839     5.648     9.314
 991.001    239971         0    239931           0.385     0.965     1.203     1.483     1.828     5.100    10.379    14.647
 992.001    240030         0    240025           0.388     0.984     1.229     1.514     1.862     3.734     6.803    10.723
 993.001    240001         0    240044           0.411     0.998     1.235     1.491     1.720     3.017     5.280     8.643
 994.001    239986         0    239959           0.395     0.966     1.182     1.394     1.532     1.881     2.710     5.251
 995.001    239975         0    239998           0.398     0.967     1.186     1.401     1.548     2.012     3.146     5.927
 996.001    239987         0    239991           0.393     0.951     1.162     1.373     1.508     1.828     2.638     4.469
 997.001    240060         0    240043           0.372     0.953     1.168     1.381     1.518     1.846     2.716     5.358
 998.001    239960         0    239963           0.389     0.963     1.179     1.388     1.524     1.838     2.689     4.354
 999.001    240073         0    240065           0.386     0.950     1.161     1.370     1.507     1.846     2.787     5.120
1000.001    240006         0    239994           0.393     0.945     1.155     1.365     1.498     1.801     2.585     5.014
1001.001    239943         0    239963           0.398     0.948     1.160     1.371     1.506     1.844     2.714     7.008
1002.001    240021         0    240018           0.394     0.982     1.200     1.410     1.540     1.818     2.544     4.362
1003.001    240029         0    240035           0.381     0.972     1.191     1.400     1.531     1.800     2.560     5.181
1004.001    239934         0    239945           0.387     0.951     1.164     1.372     1.501     1.779     2.626     6.152
1005.001    239954         0    239924           0.370     0.957     1.172     1.381     1.516     1.825     2.796     5.583
1006.001    240074         0    240099           0.372     0.976     1.196     1.405     1.538     1.831     2.597     4.202
1007.001    240008         0    239996           0.383     0.976     1.210     1.460     1.674     2.986     5.587    10.215
1008.001    240019         0    240017           0.374     0.964     1.178     1.385     1.518     1.811     2.701     4.788
1009.001    239954         0    239958           0.367     0.958     1.174     1.380     1.511     1.800     2.636     6.246
1010.001    239944         0    239937           0.393     0.974     1.194     1.411     1.556     2.056     4.153    13.992
1011.001    240067         0    240076           0.409     0.965     1.185     1.403     1.552     2.130     4.825    12.026
1012.001    240085         0    240036           0.380     0.944     1.153     1.362     1.496     1.796     2.785     7.995
1013.001    239901         0    239930           0.401     0.957     1.169     1.379     1.514     1.819     2.636     4.506
1014.001    240085         0    240083           0.379     0.965     1.180     1.389     1.524     1.866     2.892     6.881
1015.001    239943         0    239973           0.389     0.963     1.177     1.383     1.510     1.785     2.482     4.624
1016.001    239980         0    239987           0.383     0.948     1.160     1.370     1.507     1.846     2.685     4.637
1017.001    240023         0    240007           0.383     0.976     1.200     1.422     1.571     1.996     2.972     5.493
1018.001    240000         0    239986           0.380     0.989     1.229     1.484     1.682     2.378     3.432     5.808
1019.001    239968         0    239986           0.402     0.961     1.174     1.381     1.512     1.788     2.494     4.862
1020.001    240012         0    240005           0.384     0.961     1.174     1.383     1.517     1.814     2.617     5.480
1021.001    239958         0    239967           0.407     0.956     1.169     1.380     1.512     1.816     2.673     4.936
1022.001    240049         0    240053           0.388     0.973     1.188     1.393     1.521     1.790     2.503     4.143
1023.001    239995         0    239977           0.409     0.936     1.140     1.341     1.467     1.746     2.529     5.325
1024.001    239977         0    239990           0.376     0.957     1.172     1.381     1.518     1.828     2.693     4.649
1025.001    239980         0    239981           0.350     0.964     1.181     1.390     1.524     1.819     2.630     4.428
1026.001    240031         0    240040           0.394     0.975     1.214     1.482     1.759     3.310     5.583     8.733
1027.001    240003         0    239968           0.368     0.929     1.134     1.341     1.475     1.784     2.685     6.525
1028.001    240031         0    240040           0.385     0.963     1.172     1.375     1.502     1.788     2.705     9.454
1029.001    239999         0    240006           0.413     0.979     1.206     1.442     1.625     2.466     4.033     7.868
1030.001    239989         0    239986           0.407     0.971     1.187     1.395     1.531     1.855     2.710     5.239
1031.001    240001         0    240021           0.402     0.958     1.174     1.383     1.524     1.889     2.798     7.098
1032.001    239999         0    239978           0.383     0.940     1.151     1.364     1.504     1.871     2.755     5.034
1033.001    240004         0    239988           0.397     0.963     1.178     1.389     1.531     1.920     3.006     6.730
1034.001    239994         0    240000           0.421     0.982     1.207     1.437     1.599     2.386     6.275    10.789
1035.001    240089         0    240045           0.389     0.946     1.175     1.436     1.682     3.262     6.320     8.987
1036.001    239870         0    239952           0.396     0.958     1.169     1.377     1.512     1.832     2.697     4.915
1037.001    240027         0    240030           0.377     0.952     1.159     1.366     1.499     1.830     2.798     6.779
1038.001    240024         0    240018           0.376     0.941     1.147     1.355     1.488     1.798     2.638     4.694
1039.001    239981         0    239963           0.397     0.913     1.110     1.315     1.442     1.725     2.540     5.738
1040.001    240005         0    240012           0.396     0.940     1.143     1.347     1.478     1.790     2.810     8.471
1041.001    239940         0    239941           0.399     0.949     1.170     1.412     1.618     2.789     4.964     9.167
1042.001    240128         0    240103           0.385     0.938     1.143     1.351     1.490     1.846     2.851     8.372
1043.001    239930         0    239952           0.398     0.928     1.128     1.332     1.461     1.770     2.599     5.550
1044.001    240098         0    240027           0.405     0.913     1.112     1.318     1.452     1.790     2.959    10.150
1045.001    239904         0    239969           0.367     0.911     1.107     1.309     1.436     1.713     2.529     6.029
1046.001    240026         0    240035           0.385     0.927     1.138     1.368     1.543     2.597     5.153     9.069
1047.001    240009         0    239990           0.384     0.907     1.100     1.299     1.423     1.681     2.384     8.090
1048.001    239961         0    239957           0.407     0.930     1.133     1.336     1.464     1.735     2.671     9.699
1049.001    239972         0    239987           0.353     0.946     1.161     1.379     1.532     2.218     4.188    11.395
1050.001    240054         0    240048           0.376     0.934     1.137     1.340     1.468     1.732     2.574     5.640
1051.001    239989         0    240002           0.392     0.938     1.146     1.352     1.481     1.733     2.324     4.119
1052.001    240006         0    240004           0.410     0.937     1.142     1.345     1.471     1.730     2.443     5.366
1053.001    239998         0    239995           0.362     0.925     1.127     1.332     1.459     1.735     2.589     6.193
1054.001    239973         0    239980           0.397     0.952     1.161     1.365     1.492     1.742     2.361     4.694
1055.001    240002         0    239991           0.400     0.933     1.139     1.342     1.471     1.749     2.669     9.085
1056.001    240064         0    240021           0.381     0.940     1.147     1.350     1.478     1.738     2.443     4.751
1057.001    239977         0    240027           0.397     0.954     1.187     1.457     1.730     3.004     5.673     8.970
1058.001    239950         0    239953           0.383     0.931     1.134     1.334     1.456     1.704     2.273    13.353
1059.001    239992         0    239997           0.360     0.910     1.107     1.310     1.436     1.714     2.578     6.033
1060.001    240064         0    240048           0.392     0.920     1.118     1.317     1.441     1.692     2.269     4.239
1061.001    239980         0    239965           0.404     0.929     1.129     1.330     1.454     1.709     2.454     6.353
1062.001    240017         0    240045           0.370     0.915     1.114     1.314     1.436     1.675     2.177     4.428
1063.001    239990         0    239978           0.365     0.911     1.110     1.312     1.438     1.695     2.347     5.616
1064.001    239930         0    239913           0.394     0.941     1.161     1.396     1.588     2.710     4.641     7.614
1065.001    240050         0    240086           0.383     0.927     1.151     1.404     1.636     3.162     6.406    11.141
1066.001    240009         0    239999           0.383     0.922     1.121     1.324     1.448     1.704     2.372     4.526
1067.001    239996         0    239994           0.403     0.938     1.146     1.354     1.483     1.743     2.445     4.813
1068.001    239968         0    239957           0.392     0.948     1.169     1.404     1.595     3.037     5.751     9.069
1069.001    240000         0    240022           0.393     0.932     1.137     1.341     1.474     1.766     2.546     4.686
1070.001    240084         0    240023           0.409     0.967     1.182     1.391     1.526     1.837     2.701     6.291
1071.001    239946         0    240006           0.393     0.973     1.187     1.399     1.531     1.835     2.679     4.588
1072.001    239971         0    239969           0.404     0.951     1.161     1.370     1.506     1.815     2.660     7.135
1073.001    239984         0    239962           0.379     0.916     1.118     1.323     1.450     1.732     2.517     4.735
1074.001    240075         0    240078           0.387     0.917     1.116     1.320     1.449     1.748     2.564     4.579
1075.001    239914         0    239927           0.396     0.937     1.144     1.350     1.481     1.767     2.623     5.276
1076.001    240065         0    240073           0.382     0.923     1.125     1.334     1.466     1.777     2.793     6.881
1077.001    239998         0    239975           0.400     0.966     1.182     1.388     1.516     1.785     2.503     4.923
1078.001    240002         0    239988           0.397     0.949     1.159     1.364     1.494     1.795     2.701     5.435
1079.001    240004         0    240032           0.403     0.922     1.126     1.332     1.461     1.726     2.372     4.137
1080.001    240023         0    240016           0.387     0.920     1.121     1.328     1.456     1.734     2.529     5.132
1081.001    240008         0    239979           0.400     0.954     1.165     1.369     1.499     1.762     2.497     4.579
1082.001    239992         0    240006           0.402     0.944     1.152     1.355     1.482     1.760     2.564     4.600
1083.001    239981         0    240002           0.392     0.930     1.134     1.337     1.465     1.730     2.529     4.510
1084.001    240012         0    239994           0.393     0.935     1.140     1.341     1.465     1.710     2.359     4.186
1085.001    240055         0    239991           0.383     0.919     1.119     1.324     1.450     1.711     2.382     5.009
1086.001    239907         0    239952           0.401     0.961     1.174     1.378     1.506     1.755     2.427     4.555
1087.001    240041         0    240078           0.370     0.959     1.176     1.384     1.514     1.780     2.507     4.993
1088.001    240016         0    240008           0.373     0.956     1.174     1.395     1.549     2.406     5.091     9.183
1089.001    239974         0    239945           0.374     0.970     1.187     1.394     1.523     1.793     2.652     6.033
1090.001    240028         0    240023           0.400     0.941     1.161     1.398     1.580     2.433     3.852     7.680
1091.001    240017         0    239990           0.377     0.939     1.148     1.357     1.489     1.774     2.765     7.291
1092.001    239931         0    239996           0.388     0.946     1.154     1.357     1.485     1.743     2.396     4.176
1093.001    240009         0    240030           0.377     0.938     1.146     1.351     1.482     1.752     2.595     5.755
1094.001    239960         0    239952           0.397     0.943     1.150     1.353     1.481     1.741     2.421     5.738
1095.001    240003         0    239974           0.352     0.950     1.162     1.368     1.499     1.769     2.458     7.512
1096.001    239896         0    239924           0.398     0.943     1.160     1.388     1.559     2.542     5.411     9.519
1097.001    240124         0    240123           0.377     0.945     1.167     1.402     1.585     2.603     4.383     7.188
1098.001    240002         0    239992           0.375     0.915     1.118     1.325     1.452     1.720     2.413     5.456
1099.001    240025         0    240034           0.375     0.926     1.128     1.331     1.458     1.719     2.376     4.456
1100.001    239968         0    239944           0.376     0.936     1.157     1.392     1.578     2.908     6.234    10.363
1101.001    239979         0    239998           0.387     0.932     1.138     1.341     1.473     1.744     2.433     4.313
1102.001    240037         0    240032           0.386     0.952     1.186     1.457     1.738     3.113     5.579     9.765
1103.001    239963         0    239967           0.370     0.937     1.143     1.350     1.480     1.751     2.525     4.415
1104.001    240026         0    240029           0.391     0.908     1.107     1.313     1.443     1.749     2.605     5.403
1105.001    240029         0    240010           0.378     0.918     1.119     1.326     1.454     1.749     2.501     4.415
1106.001    239953         0    239972           0.383     0.954     1.167     1.377     1.509     1.812     2.753     5.788
1107.001    240048         0    240036           0.392     0.939     1.146     1.353     1.486     1.778     2.601     4.231
1108.001    239991         0    240001           0.412     0.933     1.141     1.354     1.497     2.003     3.535     7.004
1109.001    239980         0    239980           0.366     0.953     1.171     1.393     1.550     2.159     3.758     7.602
1110.001    239998         0    240009           0.380     0.966     1.183     1.394     1.528     1.826     2.648     6.128
1111.001    239990         0    239967           0.345     0.941     1.148     1.353     1.487     1.793     2.607     4.989
1112.001    240023         0    240038           0.378     0.936     1.146     1.356     1.492     1.792     2.603     4.919
1113.001    240012         0    239985           0.370     0.946     1.158     1.366     1.500     1.799     2.628     4.948
1114.001    239956         0    239988           0.396     0.912     1.112     1.317     1.445     1.750     2.613     4.796
1115.001    239987         0    239955           0.378     0.919     1.123     1.335     1.480     1.928     3.359     5.976
1116.001    240042         0    240067           0.396     0.916     1.130     1.375     1.599     3.346     6.140    10.609
1117.001    239954         0    239968           0.407     0.953     1.162     1.369     1.503     1.805     2.714     5.902
1118.001    240061         0    240038           0.383     0.923     1.122     1.325     1.449     1.722     2.447     4.383
1119.001    239951         0    239961           0.403     0.933     1.136     1.340     1.471     1.751     2.587     5.050
1120.001    240034         0    240036           0.398     0.916     1.115     1.317     1.443     1.711     2.365     4.354
1121.001    240012         0    240005           0.396     0.920     1.122     1.328     1.462     1.747     2.548    17.875
1122.001    239981         0    239963           0.377     0.893     1.081     1.279     1.399     1.672     2.486     5.128
1123.001    240016         0    240038           0.371     0.926     1.132     1.348     1.502     2.365     6.394    11.502
1124.001    240001         0    239987           0.384     0.909     1.105     1.304     1.430     1.690     2.363     4.796
1125.001    239935         0    239941           0.390     0.936     1.152     1.381     1.554     2.462     4.334     7.524
1126.001    239984         0    239980           0.356     0.947     1.160     1.372     1.517     2.006     6.181    10.666
1127.001    240068         0    240064           0.380     0.942     1.151     1.359     1.493     1.793     2.673     6.828
1128.001    239981         0    239987           0.387     0.945     1.155     1.363     1.496     1.797     2.683     5.407
1129.001    240001         0    240022           0.400     0.955     1.176     1.405     1.576     2.324     3.686     6.226
1130.001    240016         0    240003           0.394     0.926     1.129     1.333     1.459     1.712     2.357     4.284
1131.001    239973         0    239971           0.391     0.923     1.123     1.325     1.449     1.696     2.275     4.477
1132.001    240065         0    240042           0.388     0.923     1.124     1.328     1.454     1.725     2.623     6.222
1133.001    239979         0    239999           0.394     0.931     1.137     1.337     1.462     1.709     2.390     4.338
1134.001    240005         0    240007           0.404     0.948     1.157     1.363     1.489     1.734     2.365     5.063
1135.001    240013         0    240007           0.355     0.905     1.098     1.296     1.418     1.667     2.148    13.853
1136.001    239977         0    239991           0.410     0.929     1.130     1.335     1.460     1.708     2.298     5.030
1137.001    239985         0    239972           0.403     0.933     1.137     1.343     1.476     1.770     2.945     6.140
1138.001    240028         0    239989           0.399     0.922     1.130     1.351     1.511     2.324     4.456     8.610
1139.001    240021         0    240067           0.388     0.936     1.143     1.347     1.474     1.735     2.480     4.612
1140.001    239935         0    239950           0.381     0.951     1.179     1.422     1.624     3.336     6.877    25.657
1141.001    240026         0    240027           0.394     0.948     1.159     1.368     1.495     1.766     2.505     4.215
1142.001    240010         0    239990           0.402     0.940     1.160     1.400     1.601     3.164     6.463    12.952
1143.001    239988         0    240009           0.384     0.946     1.156     1.364     1.495     1.792     2.763     5.796
1144.001    240078         0    239982           0.381     0.917     1.116     1.321     1.448     1.740     2.562     4.911
1145.001    239915         0    239975           0.391     0.934     1.147     1.372     1.535     2.247     3.664     5.706
1146.001    239972         0    239988           0.398     0.945     1.156     1.368     1.509     1.955     3.422     7.336
1147.001    240037         0    240057           0.402     0.951     1.162     1.371     1.501     1.793     2.591     4.755
1148.001    240015         0    240003           0.399     0.916     1.122     1.331     1.465     1.779     2.613     4.805
1149.001    239994         0    239981           0.369     0.971     1.189     1.400     1.536     1.869     2.738     5.054
1150.001    239988         0    239994           0.408     0.972     1.194     1.406     1.540     1.843     2.640     4.362
1151.001    240009         0    239989           0.384     0.925     1.127     1.331     1.460     1.742     2.441     4.764
1152.001    239951         0    239978           0.407     0.952     1.164     1.373     1.508     1.808     2.595     5.231
1153.001    239995         0    239997           0.413     0.973     1.193     1.405     1.540     1.828     2.644     5.308
1154.001    239948         0    239933           0.375     0.944     1.159     1.380     1.539     2.408     6.447    14.754
1155.001    240078         0    240081           0.393     0.933     1.141     1.357     1.501     2.014     4.743     8.217
1156.001    240042         0    240027           0.409     0.948     1.159     1.363     1.492     1.759     2.499     4.289
1157.001    239994         0    240016           0.415     0.948     1.158     1.365     1.494     1.764     2.611     7.569
1158.001    240000         0    240009           0.385     0.941     1.153     1.370     1.522     2.232     4.477     7.303
1159.001    239987         0    239992           0.386     0.920     1.122     1.325     1.450     1.715     2.353     4.596
1160.001    239980         0    239952           0.373     0.936     1.142     1.349     1.480     1.748     2.636     5.247
1161.001    239990         0    239999           0.399     0.968     1.184     1.394     1.527     1.808     2.675     5.149
1162.001    240064         0    240059           0.367     0.929     1.139     1.357     1.511     2.208     4.168     6.865
1163.001    239950         0    239961           0.388     0.914     1.114     1.318     1.445     1.714     2.429     4.342
1164.001    240037         0    240026           0.381     0.934     1.141     1.347     1.477     1.772     2.701     6.525
1165.001    239998         0    240006           0.383     0.925     1.126     1.331     1.459     1.741     2.447     4.846
1166.001    240004         0    239996           0.399     0.955     1.183     1.440     1.689     3.113     5.546     9.290
1167.001    239970         0    239971           0.385     0.940     1.161     1.400     1.592     2.742     5.865    11.215
1168.001    240009         0    240021           0.380     0.940     1.146     1.351     1.481     1.758     2.583     4.768
1169.001    239974         0    239957           0.377     0.914     1.113     1.316     1.441     1.700     2.320     6.726
1170.001    240022         0    240020           0.389     0.930     1.134     1.338     1.464     1.722     2.337     4.776
1171.001    239962         0    239977           0.380     0.935     1.140     1.341     1.468     1.731     2.480     5.923
1172.001    240022         0    240023           0.383     0.924     1.128     1.334     1.462     1.709     2.273     4.151
1173.001    240021         0    240035           0.402     0.931     1.135     1.336     1.461     1.711     2.343     4.493
1174.001    239945         0    239924           0.396     0.915     1.112     1.312     1.436     1.680     2.302     4.792
1175.001    239998         0    240006           0.381     0.910     1.104     1.306     1.434     1.700     2.601     6.676
1176.001    240106         0    240091           0.386     0.921     1.137     1.383     1.613     3.095     6.402    11.469
1177.001    239944         0    239967           0.400     0.909     1.117     1.348     1.530     2.832     5.972     9.355
1178.001    239972         0    239973           0.390     0.926     1.127     1.331     1.458     1.726     2.441     4.809
1179.001    240000         0    239970           0.366     0.912     1.113     1.327     1.479     2.296     6.091    10.748
1180.001    239986         0    240001           0.350     0.930     1.143     1.373     1.549     3.064     7.410    13.246
1181.001    240021         0    240018           0.400     0.938     1.145     1.349     1.479     1.756     2.507     5.579
1182.001    239995         0    240007           0.386     0.964     1.190     1.433     1.626     2.994     6.926    27.640
1183.001    240043         0    240016           0.377     0.944     1.166     1.405     1.593     2.636     4.731     7.881
1184.001    240014         0    240024           0.388     0.928     1.150     1.407     1.663     3.308     6.078    10.355
1185.001    239990         0    239989           0.399     0.948     1.157     1.363     1.492     1.766     2.585     5.489
1186.001    239957         0    239980           0.398     0.948     1.158     1.362     1.489     1.757     2.554     5.210
1187.001    240007         0    240003           0.385     0.961     1.175     1.384     1.518     1.811     2.671     4.694
1188.001    239999         0    239995           0.388     0.959     1.175     1.384     1.517     1.810     2.615     4.694
1189.001    239983         0    239979           0.389     0.973     1.190     1.397     1.531     1.833     2.687     6.521
1190.001    240042         0    239995           0.409     0.985     1.207     1.423     1.561     1.886     2.853     6.517
1191.001    240019         0    240048           0.379     0.945     1.156     1.365     1.497     1.815     2.666     5.632
1192.001    239991         0    240012           0.401     0.959     1.174     1.385     1.520     1.820     2.648     4.493
1193.001    240017         0    239993           0.399     0.967     1.183     1.395     1.528     1.823     2.648     5.493
1194.001    239967         0    239972           0.395     0.949     1.159     1.364     1.491     1.746     2.468     4.887
1195.001    239970         0    239992           0.389     0.951     1.160     1.363     1.489     1.747     2.417     4.698
1196.001    239987         0    239987           0.412     0.951     1.160     1.367     1.496     1.761     2.533     4.579
1197.001    240063         0    240065           0.376     0.919     1.119     1.323     1.449     1.715     2.505     4.657
1198.001    239973         0    239958           0.407     0.930     1.138     1.343     1.476     1.762     2.793     5.583
1199.001    240018         0    240021           0.398     0.937     1.146     1.355     1.484     1.742     2.386     4.301
1200.001    239917         0    239926           0.399     0.949     1.161     1.368     1.501     1.769     2.580     4.841
1201.001    240104         0    240086           0.364     0.941     1.150     1.354     1.482     1.747     2.476     4.772
1202.001    239938         0    239955           0.380     0.942     1.152     1.359     1.492     1.769     2.552     5.734
1203.001    239985         0    239994           0.410     0.958     1.169     1.376     1.507     1.780     2.519     3.750
1204.001    240078         0    240039           0.398     0.933     1.140     1.346     1.477     1.759     2.580     5.259
1205.001    239991         0    240024           0.370     0.947     1.166     1.393     1.556     2.367     4.829     9.150
1206.001    239978         0    239985           0.379     0.947     1.161     1.367     1.498     1.787     2.595     5.120
1207.001    240025         0    239975           0.381     0.943     1.150     1.357     1.485     1.758     2.492     4.235
1208.001    240006         0    240017           0.380     0.948     1.171     1.405     1.581     2.726     7.897    12.837
1209.001    239968         0    240004           0.402     0.945     1.154     1.359     1.488     1.759     2.537     6.840
1210.001    239939         0    239932           0.389     0.951     1.161     1.367     1.496     1.759     2.456     4.608
1211.001    240073         0    240073           0.392     0.955     1.169     1.378     1.509     1.785     2.628     8.405
1212.001    239992         0    239991           0.397     0.932     1.137     1.342     1.468     1.734     2.400     5.173
1213.001    240014         0    240005           0.399     0.937     1.144     1.348     1.475     1.736     2.517     4.469
1214.001    239971         0    239982           0.400     0.953     1.162     1.369     1.497     1.762     2.511     5.288
1215.001    239977         0    239942           0.409     0.962     1.177     1.386     1.519     1.822     2.679    26.247
1216.001    240027         0    240037           0.392     0.954     1.183     1.432     1.639     2.961     5.517     9.650
1217.001    239992         0    240011           0.392     0.942     1.152     1.364     1.502     1.815     2.728     4.780
1218.001    240036         0    240008           0.392     0.945     1.155     1.365     1.499     1.818     2.734     5.399
1219.001    239952         0    239990           0.380     0.958     1.182     1.414     1.589     2.439     4.579     7.983
1220.001    240038         0    240032           0.397     0.945     1.156     1.365     1.500     1.821     2.740     5.448
1221.001    239979         0    239981           0.409     0.967     1.183     1.395     1.530     1.857     2.734     4.669
1222.001    240000         0    239990           0.398     0.962     1.179     1.392     1.530     1.877     2.793     5.042
1223.001    240024         0    240026           0.392     0.960     1.183     1.410     1.575     2.499     5.550     9.535
1224.001    240013         0    239989           0.361     0.952     1.166     1.376     1.513     1.841     2.765     5.284
1225.001    239914         0    239962           0.380     0.968     1.185     1.397     1.529     1.842     2.707     5.317
1226.001    240107         0    240051           0.385     0.977     1.198     1.413     1.550     1.896     2.767     5.050
1227.001    239929         0    239977           0.408     0.970     1.187     1.399     1.535     1.885     2.705     4.428
1228.001    240013         0    240014           0.356     0.982     1.205     1.427     1.575     2.058     3.152     7.037
1229.001    239970         0    239959           0.400     1.001     1.247     1.524     1.823     3.217     5.591     9.183
1230.001    240008         0    240004           0.383     0.984     1.211     1.437     1.587     2.101     3.262     7.270
1231.001    239995         0    239972           0.392     0.968     1.187     1.401     1.543     1.932     2.884    12.820
1232.001    240012         0    240039           0.381     0.954     1.169     1.384     1.524     1.891     3.011    50.659
1233.001    240017         0    240009           0.384     0.976     1.215     1.488     1.767     3.516     6.373     9.773
1234.001    240003         0    239978           0.392     0.962     1.179     1.389     1.524     1.851     2.777     6.472
1235.001    239906         0    239942           0.395     0.975     1.205     1.446     1.636     2.626     4.796     8.577
1236.001    240046         0    240054           0.403     0.952     1.168     1.383     1.523     1.879     3.330     7.868
1237.001    240037         0    240009           0.394     0.993     1.219     1.436     1.574     1.930     2.933    11.575
1238.001    239956         0    239977           0.382     0.974     1.196     1.410     1.547     1.881     2.740     4.411
1239.001    240051         0    240052           0.392     1.008     1.239     1.474     1.647     2.535     4.592     9.306
1240.001    240080         0    240014           0.408     0.995     1.220     1.434     1.571     1.920     2.789     5.341
1241.001    239869         0    239943           0.387     0.970     1.190     1.404     1.542     1.888     2.869    11.543
1242.001    240043         0    240030           0.377     0.956     1.182     1.415     1.597     2.679     6.308    12.419
1243.001    239996         0    239944           0.391     0.970     1.207     1.470     1.710     2.841     4.538    16.892
1244.001    240001         0    240060           0.396     0.963     1.183     1.405     1.549     1.929     2.793     5.100
1245.001    240022         0    239992           0.385     0.973     1.196     1.413     1.554     1.931     3.265    10.174
1246.001    239987         0    239990           0.420     1.001     1.227     1.443     1.579     1.912     2.796     4.600
1247.001    240008         0    240023           0.398     0.926     1.132     1.338     1.476     1.810     2.738     5.571
1248.001    239971         0    239977           0.381     0.929     1.136     1.343     1.476     1.785     2.623     4.338
1249.001    240038         0    240008           0.391     0.972     1.203     1.451     1.658     2.816     5.018     8.905
1250.001    239978         0    240018           0.379     0.944     1.157     1.367     1.500     1.822     2.853     9.413
1251.001    240011         0    239986           0.407     0.962     1.187     1.416     1.584     2.392     4.155     8.602
1252.001    240057         0    240024           0.367     0.938     1.147     1.357     1.489     1.776     2.560     4.399
1253.001    239959         0    239998           0.394     0.940     1.152     1.362     1.494     1.790     2.615     4.530
1254.001    239959         0    239969           0.399     0.974     1.192     1.404     1.541     1.857     2.701     5.198
1255.001    240005         0    240000           0.403     0.967     1.184     1.394     1.530     1.844     2.652     5.726
1256.001    240018         0    240020           0.390     0.940     1.152     1.364     1.499     1.818     2.736     6.189
1257.001    239978         0    239959           0.399     0.954     1.184     1.430     1.627     2.859     5.382     9.069
1258.001    239958         0    239979           0.375     0.962     1.179     1.385     1.514     1.801     2.644     4.854
1259.001    240061         0    239995           0.376     0.969     1.185     1.393     1.522     1.798     2.515     4.727
1260.001    240015         0    240073           0.407     0.973     1.190     1.403     1.535     1.842     2.656     5.861
1261.001    239969         0    239963           0.397     0.966     1.183     1.393     1.525     1.829     2.621     4.559
1262.001    240037         0    240042           0.391     0.959     1.180     1.396     1.535     1.893     2.769     5.587
1263.001    239961         0    239972           0.402     0.962     1.179     1.390     1.528     1.836     2.619     4.964
1264.001    240043         0    240043           0.386     0.956     1.172     1.384     1.519     1.828     2.722     6.562
1265.001    239927         0    239924           0.394     0.984     1.215     1.457     1.649     2.683     4.411     6.787
1266.001    240038         0    240015           0.369     0.984     1.205     1.423     1.564     1.902     2.843     5.861
1267.001    239998         0    240027           0.396     0.978     1.200     1.416     1.562     2.009     3.052     5.726
1268.001    239957         0    239958           0.398     0.972     1.194     1.413     1.555     1.936     2.875     5.177
1269.001    240011         0    239956           0.398     1.002     1.242     1.495     1.712     2.900     5.485    48.366
1270.001    240033         0    240076           0.381     0.992     1.219     1.438     1.584     2.065     3.416     7.057
1271.001    240010         0    240006           0.404     0.971     1.193     1.410     1.553     1.975     3.176     8.618
1272.001    240041         0    240023           0.403     0.983     1.205     1.419     1.554     1.898     2.802     6.832
1273.001    239952         0    239971           0.400     0.964     1.181     1.393     1.536     1.920     3.011     7.041
1274.001    239979         0    239997           0.425     0.986     1.207     1.419     1.552     1.863     2.705     5.226
1275.001    240043         0    240027           0.386     0.964     1.184     1.401     1.542     1.954     2.912     4.973
1276.001    239968         0    239979           0.409     0.980     1.200     1.415     1.550     1.877     2.732     5.546
1277.001    239989         0    239959           0.407     0.985     1.208     1.422     1.560     1.906     2.966     7.115
1278.001    240026         0    240059           0.401     0.976     1.204     1.432     1.592     2.353     5.345    13.296
1279.001    240032         0    240017           0.395     0.970     1.188     1.399     1.532     1.835     2.701     4.153
1280.001    239982         0    239966           0.397     0.969     1.187     1.398     1.532     1.829     2.695     7.111
1281.001    239982         0    240004           0.396     0.963     1.180     1.389     1.522     1.807     2.599     4.604
1282.001    240008         0    240007           0.387     0.964     1.181     1.392     1.527     1.835     2.677     4.944
1283.001    240023         0    240015           0.406     0.966     1.184     1.395     1.527     1.820     2.617     4.141
1284.001    240030         0    240019           0.382     0.940     1.169     1.426     1.661     3.234     6.107    11.846
1285.001    239919         0    239922           0.370     0.973     1.205     1.454     1.666     2.742     4.387     7.492
1286.001    240066         0    240072           0.397     0.963     1.180     1.397     1.546     2.130     3.783     6.509
1287.001    239898         0    239915           0.362     0.952     1.176     1.412     1.604     2.765     4.870     7.700
1288.001    240061         0    240046           0.383     0.955     1.174     1.384     1.520     1.831     2.896     5.698
1289.001    240027         0    240003           0.395     0.952     1.165     1.373     1.505     1.790     2.564     5.026
1290.001    239965         0    239996           0.385     0.938     1.148     1.355     1.487     1.787     2.646     4.477
1291.001    239937         0    239940           0.400     0.940     1.153     1.374     1.528     2.322     5.063     8.192
1292.001    240035         0    240044           0.392     0.954     1.175     1.403     1.570     2.404     4.612     7.578
1293.001    240033         0    240034           0.402     0.978     1.196     1.412     1.547     1.869     2.785     5.083
1294.001    239994         0    239998           0.385     0.948     1.162     1.373     1.508     1.812     2.679     4.739
1295.001    240025         0    240007           0.397     0.949     1.164     1.377     1.514     1.861     2.836     6.259
1296.001    239941         0    239941           0.398     0.965     1.194     1.435     1.620     2.548     4.215     6.775
1297.001    240078         0    240049           0.411     0.951     1.164     1.377     1.514     1.852     2.765     5.317
1298.001    239998         0    240021           0.395     0.927     1.134     1.340     1.474     1.778     2.603     4.350
1299.001    239992         0    239968           0.399     0.950     1.175     1.413     1.599     2.757     5.313     8.970
1300.001    239994         0    239997           0.403     0.934     1.145     1.362     1.508     2.039     4.592     8.212
1301.001    133345         0    133376           0.377     1.314   446.169   463.733   470.024   505.676   511.967   750.256
1302.001    346526         0    346491           0.413    76.808   271.843   378.274   413.139   443.286   471.073  1771.045
1303.001    240091         0    240086           0.417     0.953     1.168     1.384     1.528     1.959     3.191  2764.046
1304.001    240013         0    240002           0.408     0.928     1.135     1.342     1.479     1.807     2.660  2814.378
1305.001    239990         0    239993           0.397     0.947     1.161     1.374     1.510     1.846     2.773     4.788
1306.001    240053         0    240014           0.405     0.954     1.166     1.377     1.516     1.863     2.736     5.218
1307.001    239921         0    239945           0.400     0.952     1.166     1.381     1.524     1.920     2.871     6.427
1308.001    240070         0    240091           0.397     0.963     1.182     1.398     1.538     1.918     2.871     6.779
1309.001    239944         0    239931           0.394     0.982     1.205     1.424     1.570     1.990     3.025     6.066
1310.001    240005         0    240018           0.399     0.970     1.191     1.408     1.553     1.946     3.025     7.111
1311.001    239984         0    239992           0.411     0.953     1.167     1.381     1.521     1.901     2.830     5.190
1312.001    240058         0    240033           0.382     0.956     1.169     1.379     1.514     1.870     2.810     5.067
1313.001    239945         0    239947           0.392     0.957     1.172     1.385     1.520     1.841     2.710    10.232
1314.001    240015         0    240038           0.392     0.940     1.151     1.362     1.497     1.823     2.691     6.472
1315.001    240014         0    240014           0.390     0.953     1.166     1.375     1.510     1.805     2.599     4.248
1316.001    239965         0    239962           0.356     0.979     1.198     1.413     1.550     1.913     2.947     5.874
1317.001    240072         0    240045           0.394     0.942     1.150     1.356     1.488     1.787     2.585     7.172
1318.001    239984         0    240018           0.388     0.929     1.135     1.345     1.478     1.785     2.630     4.751
1319.001    240014         0    240000           0.396     0.931     1.136     1.341     1.470     1.746     2.490     5.407
1320.001    239967         0    239984           0.391     0.937     1.153     1.375     1.532     2.224     4.612     8.954
1321.001    239958         0    239954           0.407     0.941     1.148     1.357     1.486     1.762     2.486     4.338
1322.001    240044         0    240045           0.378     0.948     1.159     1.365     1.496     1.787     2.628     5.452
1323.001    240001         0    239991           0.386     0.946     1.160     1.366     1.497     1.783     2.570     5.374
1324.001    239992         0    239987           0.391     0.926     1.134     1.340     1.468     1.744     2.683     7.340
1325.001    240021         0    240033           0.395     0.952     1.166     1.377     1.509     1.792     2.646    21.840
1326.001    240012         0    240011           0.400     0.969     1.199     1.451     1.661     3.234     7.873    11.305
1327.001    239964         0    239959           0.364     0.943     1.171     1.437     1.727     3.437     5.808     9.052
1328.001    240018         0    240012           0.390     0.935     1.142     1.349     1.480     1.761     2.593     4.403
1329.001    240036         0    240038           0.385     0.921     1.127     1.338     1.476     1.797     2.888     6.803
1330.001    240014         0    239984           0.381     0.923     1.147     1.405     1.662     3.146     5.636     9.650
1331.001    239930         0    239979           0.389     0.952     1.164     1.371     1.502     1.799     2.730     9.077
1332.001    240011         0    240000           0.404     0.940     1.151     1.360     1.489     1.750     2.425     4.309
1333.001    240029         0    240036           0.394     0.957     1.189     1.448     1.697     3.140     5.267     7.717
1334.001    239992         0    239989           0.393     0.951     1.171     1.397     1.560     2.286     3.770     6.152
1335.001    239912         0    239918           0.407     0.938     1.147     1.353     1.482     1.753     2.494     4.395
1336.001    240138         0    240091           0.401     0.937     1.142     1.346     1.475     1.741     2.445     4.690
1337.001    239890         0    239929           0.393     0.953     1.165     1.373     1.502     1.787     2.628     5.911
1338.001    240084         0    240074           0.397     0.928     1.133     1.338     1.468     1.764     2.626     4.616
1339.001    239954         0    239955           0.380     0.942     1.149     1.359     1.493     1.793     2.644     5.480
1340.001    240026         0    240027           0.394     0.949     1.163     1.374     1.510     1.808     2.671     5.947
1341.001    239986         0    239986           0.389     0.947     1.168     1.403     1.587     2.384     3.617     5.968
1342.001    239995         0    240006           0.402     0.949     1.161     1.370     1.503     1.800     2.849     5.820
1343.001    239959         0    239942           0.401     0.953     1.172     1.400     1.566     2.355     4.809     9.544
1344.001    240091         0    240072           0.413     0.968     1.189     1.408     1.554     2.107     3.762    10.846
1345.001    239899         0    239925           0.396     0.947     1.165     1.389     1.549     2.306     4.420     7.836
1346.001    240050         0    240066           0.406     0.943     1.151     1.360     1.494     1.809     2.693     5.444
1347.001    239964         0    239961           0.413     0.973     1.192     1.403     1.539     1.864     2.781     4.579
1348.001    240058         0    240038           0.388     0.970     1.187     1.402     1.536     1.860     2.701     5.657
1349.001    239966         0    239989           0.405     0.958     1.171     1.378     1.512     1.836     2.742     6.705
1350.001    240040         0    240013           0.386     0.942     1.154     1.365     1.497     1.801     2.644     4.633
1351.001    239916         0    239930           0.378     0.943     1.152     1.357     1.485     1.763     2.529     4.858
1352.001    240078         0    240060           0.407     0.952     1.166     1.378     1.511     1.818     2.734     7.021
1353.001    239942         0    239973           0.423     0.964     1.181     1.399     1.542     2.075     4.743     9.077
1354.001    240092         0    240042           0.389     0.945     1.156     1.364     1.494     1.782     2.621     6.709
1355.001    239970         0    239998           0.397     0.931     1.135     1.341     1.475     1.770     2.701     5.403
1356.001    239929         0    239942           0.393     0.933     1.148     1.370     1.532     2.492     5.485     8.929
1357.001    240044         0    240058           0.376     0.926     1.135     1.350     1.495     2.029     5.272    14.164
1358.001    240004         0    239987           0.370     0.944     1.153     1.362     1.491     1.761     2.527     5.206
1359.001    239955         0    239952           0.390     0.948     1.159     1.369     1.501     1.784     2.630     4.243
1360.001    240147         0    240081           0.377     0.930     1.137     1.342     1.474     1.744     2.476     5.173
1361.001    239926         0    239978           0.393     0.957     1.171     1.378     1.507     1.782     2.497     4.342
1362.001    239997         0    239997           0.398     0.939     1.146     1.352     1.483     1.751     2.392     5.038
1363.001    239932         0    239956           0.379     0.926     1.130     1.337     1.470     1.776     2.808    11.846
1364.001    240054         0    240037           0.413     0.955     1.170     1.376     1.508     1.802     2.636     4.289
1365.001    239958         0    239976           0.400     0.971     1.194     1.420     1.573     2.214     3.729     7.524
1366.001    240042         0    240021           0.404     0.925     1.135     1.351     1.499     2.091     4.379     8.847
1367.001    239994         0    240010           0.369     0.951     1.165     1.371     1.501     1.791     2.593     5.734
1368.001    240010         0    239964           0.367     0.932     1.137     1.341     1.468     1.736     2.447     5.091
1369.001    239965         0    240015           0.388     0.945     1.172     1.424     1.646     3.025     5.681    11.624
1370.001    239973         0    239941           0.384     0.937     1.154     1.386     1.566     2.484     4.604     8.700
1371.001    240022         0    240045           0.392     0.941     1.160     1.394     1.581     2.621     4.452     8.368
1372.001    240045         0    240046           0.379     0.936     1.144     1.353     1.485     1.775     2.544     4.493
1373.001    239985         0    239969           0.374     0.941     1.163     1.403     1.597     2.613     4.436     8.585
1374.001    239965         0    239977           0.403     0.954     1.167     1.375     1.508     1.792     2.580     4.415
1375.001    240009         0    240030           0.398     0.958     1.171     1.379     1.513     1.815     2.603     4.600
1376.001    240046         0    239988           0.382     0.925     1.133     1.343     1.481     1.821     2.806     4.997
1377.001    239982         0    240026           0.392     0.933     1.141     1.348     1.479     1.790     2.689     4.653
1378.001    240012         0    239983           0.401     0.939     1.147     1.353     1.485     1.787     2.730     5.194
1379.001    239980         0    240008           0.374     0.901     1.096     1.298     1.421     1.678     2.271     4.764
1380.001    240004         0    240009           0.391     0.917     1.116     1.316     1.441     1.699     2.404     5.136
1381.001    239997         0    239985           0.382     0.916     1.114     1.315     1.437     1.692     2.372     4.268
1382.001    240023         0    239999           0.392     0.907     1.102     1.305     1.431     1.703     2.523     7.004
1383.001    239918         0    239957           0.384     0.945     1.154     1.358     1.484     1.735     2.402     4.661
1384.001    240066         0    240057           0.380     0.920     1.120     1.324     1.448     1.715     2.484     7.381
1385.001    240001         0    240009           0.397     0.923     1.124     1.329     1.453     1.712     2.386     4.870
1386.001    239992         0    239962           0.384     0.945     1.171     1.415     1.615     2.671     4.542     6.640
1387.001    240047         0    240042           0.363     0.945     1.158     1.373     1.507     1.810     2.730     7.201
1388.002    239971         0    239984           0.400     0.932     1.140     1.350     1.482     1.764     2.548     4.669
1389.001    240016         0    240007           0.355     0.957     1.174     1.383     1.514     1.794     2.537     4.297
1390.001    239974         0    239941           0.384     0.949     1.159     1.366     1.495     1.759     2.458     4.477
1391.001    239970         0    240024           0.377     0.935     1.143     1.351     1.483     1.790     3.289     7.074
1392.001    240013         0    240030           0.396     0.932     1.139     1.346     1.477     1.756     2.572     4.436
1393.001    240025         0    239976           0.383     0.915     1.115     1.319     1.448     1.736     2.564     5.296
1394.001    239994         0    240028           0.391     0.910     1.108     1.310     1.436     1.697     2.410     4.788
1395.001    239953         0    239940           0.372     0.916     1.120     1.334     1.482     2.075     3.944     7.336
1396.001    240069         0    240074           0.385     0.952     1.169     1.390     1.540     2.154     3.723     5.968
1397.001    240006         0    239994           0.385     0.934     1.141     1.347     1.477     1.744     2.640     6.115
1398.001    239964         0    239976           0.389     0.904     1.099     1.302     1.424     1.679     2.357     4.069
1399.001    240029         0    240030           0.408     0.934     1.140     1.346     1.476     1.745     2.601     6.439
1400.001    240007         0    239998           0.403     0.953     1.172     1.401     1.565     2.470     4.469     8.438
1401.001    239958         0    239966           0.379     0.946     1.158     1.367     1.498     1.789     2.650     5.448
1402.001    239971         0    239999           0.391     0.922     1.124     1.329     1.454     1.723     2.449     4.575
1403.001    240033         0    240014           0.398     0.965     1.199     1.460     1.700     3.045     5.083     8.462
1404.001    240040         0    240015           0.390     0.941     1.148     1.353     1.481     1.749     2.474     4.837
1405.001    239952         0    239969           0.383     0.938     1.145     1.350     1.476     1.719     2.367     4.645
1406.001    240025         0    240020           0.395     0.948     1.157     1.363     1.490     1.751     2.535     5.669
1407.001    240007         0    240009           0.366     0.938     1.147     1.355     1.484     1.747     2.470     5.034
1408.001    239951         0    239966           0.378     0.945     1.155     1.363     1.490     1.763     2.529     4.616
1409.001    240019         0    239995           0.382     0.949     1.160     1.367     1.497     1.749     2.437     4.567
1410.001    240030         0    240061           0.387     0.945     1.154     1.359     1.489     1.759     2.488     4.155
1411.001    239955         0    239932           0.397     0.945     1.152     1.358     1.486     1.754     2.531     4.796
1412.001    240056         0    240061           0.391     0.958     1.188     1.435     1.644     2.720     4.444     9.691
1413.001    239973         0    239965           0.385     0.948     1.160     1.368     1.501     1.800     2.664     6.717
1414.001    239920         0    239944           0.394     0.950     1.171     1.403     1.580     2.408     3.873     6.234
1415.001    240100         0    240099           0.389     0.954     1.170     1.391     1.542     2.111     3.750     8.888
1416.001    239962         0    239944           0.376     0.958     1.175     1.388     1.524     1.831     2.771     5.919
1417.001    240036         0    240028           0.380     0.954     1.178     1.411     1.584     2.425     4.129     7.483
1418.001    239932         0    239959           0.401     0.927     1.135     1.350     1.495     2.017     3.654     6.779
1419.001    240040         0    240026           0.372     0.965     1.190     1.419     1.589     2.507     4.616     7.602
1420.001    239975         0    239989           0.384     0.923     1.124     1.329     1.458     1.731     2.490     7.307
1421.001    239986         0    239987           0.404     0.930     1.135     1.339     1.470     1.746     2.525     4.788
1422.001    240069         0    240051           0.395     0.926     1.129     1.333     1.460     1.735     2.544     4.309
1423.001    240037         0    239992           0.347     0.931     1.151     1.404     1.653     4.284    23.527    34.243
1424.001    239938         0    239984           0.383     0.940     1.148     1.358     1.491     1.801     2.703     5.091
1425.001    239996         0    240014           0.352     0.937     1.142     1.347     1.483     1.831     2.849     6.033
1426.001    240006         0    239968           0.400     0.932     1.138     1.345     1.483     1.808     2.677     4.981
1427.001    239982         0    240017           0.418     0.966     1.181     1.392     1.530     1.885     2.824     4.878
1428.001    239962         0    239959           0.389     0.926     1.130     1.341     1.479     1.822     2.818     6.222
1429.001    240080         0    240063           0.385     0.944     1.155     1.368     1.509     1.868     2.808     4.612
1430.001    239982         0    239972           0.381     0.939     1.153     1.380     1.551     2.435     4.714     8.684
1431.001    240005         0    240032           0.380     0.941     1.151     1.360     1.494     1.800     2.654     5.054
1432.001    239969         0    239971           0.401     0.963     1.179     1.391     1.527     1.870     2.931     7.217
1433.001    240031         0    240000           0.370     0.969     1.186     1.396     1.530     1.825     2.623     4.588
1434.001    239975         0    239987           0.377     0.944     1.150     1.355     1.485     1.775     2.558     4.985
1435.001    240014         0    240014           0.389     0.982     1.198     1.407     1.536     1.812     2.568     4.407
1436.001    240023         0    240031           0.387     0.946     1.159     1.365     1.496     1.780     2.613     6.599
1437.001    239939         0    239954           0.384     0.946     1.156     1.364     1.494     1.776     2.540     4.041
1438.001    239946         0    239928           0.394     0.938     1.149     1.361     1.498     1.852     2.984     7.733
1439.001    240067         0    240076           0.349     0.945     1.171     1.415     1.616     2.691     4.497     7.090
1440.001    240059         0    240022           0.398     0.951     1.165     1.375     1.510     1.823     2.720     5.636
1441.001    239950         0    239979           0.392     0.957     1.172     1.381     1.514     1.808     2.562     5.333
1442.001    240012         0    240004           0.375     0.951     1.165     1.378     1.513     1.812     2.693     4.833
1443.001    239974         0    239990           0.390     0.938     1.147     1.357     1.492     1.809     2.701     4.727
1444.001    240038         0    240049           0.395     0.942     1.154     1.366     1.502     1.852     3.015     6.627
1445.001    239979         0    239971           0.387     0.946     1.170     1.419     1.624     2.681     4.583     8.040
1446.001    239971         0    239958           0.406     0.931     1.136     1.342     1.474     1.780     2.585     6.660
1447.001    240025         0    240027           0.398     0.941     1.154     1.367     1.500     1.801     2.611     4.538
1448.001    239989         0    239989           0.403     0.942     1.150     1.360     1.490     1.793     2.580     4.338
1449.001    240078         0    240050           0.390     0.942     1.150     1.358     1.492     1.798     2.697     6.648
1450.001    239933         0    239954           0.410     0.940     1.147     1.356     1.490     1.818     2.722     5.218
1451.001    240036         0    240006           0.375     0.959     1.196     1.480     1.811     3.351     5.288     9.134
1452.001    239945         0    239987           0.387     0.938     1.151     1.381     1.554     2.404     4.968     9.716
1453.001    239990         0    239983           0.398     0.949     1.174     1.431     1.690     4.047     7.279    10.420
1454.001    240086         0    240086           0.401     0.915     1.114     1.320     1.451     1.762     2.533     4.485
1455.001    239934         0    239953           0.382     0.907     1.103     1.311     1.443     1.757     2.671     4.780
1456.001    240068         0    240044           0.401     0.938     1.143     1.353     1.487     1.837     2.732     4.801
1457.001    239965         0    239962           0.408     0.942     1.152     1.364     1.501     1.862     2.914     5.353
1458.001    239963         0    239969           0.415     0.947     1.155     1.363     1.495     1.794     2.574     4.698
1459.001    240129         0    240077           0.377     0.925     1.127     1.334     1.468     1.790     2.695     4.850
1460.001    239883         0    239916           0.390     0.927     1.130     1.337     1.470     1.785     2.650     4.686
1461.001    239983         0    240017           0.397     0.979     1.198     1.410     1.543     1.857     2.669     4.780
1462.001    239983         0    239993           0.386     0.959     1.178     1.394     1.535     1.932     3.119     7.918
1463.001    240034         0    240006           0.404     0.946     1.156     1.367     1.504     1.850     2.730     5.034
1464.001    240051         0    240052           0.403     0.948     1.159     1.366     1.503     1.824     2.654     4.571
1465.001    239984         0    239969           0.381     0.963     1.179     1.389     1.523     1.843     2.701     5.263
1466.001    239981         0    240005           0.399     0.954     1.166     1.376     1.516     1.866     2.710     4.727
1467.001    240014         0    239983           0.402     0.954     1.167     1.380     1.518     1.838     2.681     5.198
1468.001    239963         0    240001           0.402     0.936     1.148     1.359     1.495     1.838     2.730     5.112
1469.001    239987         0    239970           0.403     0.948     1.158     1.367     1.501     1.801     2.638     5.022
1470.001    240034         0    240038           0.401     0.945     1.155     1.368     1.507     1.862     2.851     7.324
1471.001    240015         0    240032           0.386     0.937     1.146     1.356     1.491     1.808     2.679     5.091
1472.001    240004         0    239970           0.405     0.936     1.145     1.354     1.487     1.793     2.736     6.504
1473.001    239947         0    239969           0.393     0.947     1.165     1.394     1.568     2.523     4.596     6.828
1474.001    240018         0    240029           0.393     0.937     1.150     1.373     1.531     2.202     3.813     6.693
1475.001    239982         0    239988           0.391     0.932     1.141     1.355     1.492     1.841     3.074     9.257
1476.001    240037         0    240032           0.398     0.942     1.171     1.435     1.697     3.119     5.439     8.847
1477.001    240069         0    239983           0.399     0.944     1.156     1.366     1.499     1.802     2.742     6.828
1478.001    239928         0    240014           0.408     0.959     1.175     1.390     1.529     1.893     2.810     5.865
1479.001    239986         0    239989           0.392     0.921     1.124     1.335     1.473     1.840     2.896     5.489
1480.001    240037         0    240004           0.404     0.950     1.164     1.376     1.511     1.814     2.628     5.231
1481.001    239926         0    239904           0.379     0.958     1.177     1.394     1.538     1.910     2.918     6.164
1482.001    240018         0    240070           0.384     0.964     1.181     1.397     1.535     1.874     2.642     4.215
1483.001    240034         0    239983           0.402     0.972     1.199     1.437     1.616     2.484     4.473     7.455
1484.001    239985         0    240009           0.380     0.959     1.178     1.396     1.537     1.886     2.710     4.506
1485.001    240030         0    240053           0.391     0.955     1.185     1.434     1.638     2.658     5.317     9.421
1486.001    239969         0    239974           0.421     0.964     1.183     1.401     1.547     1.959     2.920     5.931
1487.001    240011         0    240002           0.409     0.957     1.178     1.398     1.547     2.065     3.168     5.767
1488.001    240020         0    240004           0.340     0.945     1.172     1.428     1.661     2.890     5.583    10.830
1489.001    240052         0    240022           0.385     0.952     1.176     1.410     1.589     2.435     4.497     9.855
1490.001    239903         0    239950           0.385     0.955     1.170     1.382     1.520     1.859     2.826     8.757
1491.001    240019         0    240025           0.400     0.946     1.158     1.367     1.500     1.804     2.714     6.291
1492.001    240046         0    240022           0.407     0.960     1.174     1.383     1.518     1.810     2.683     4.796
1493.001    239960         0    239957           0.404     0.978     1.196     1.407     1.536     1.809     2.525     6.668
1494.001    239987         0    240006           0.370     0.943     1.153     1.367     1.505     1.825     2.699     5.370
1495.001    240012         0    240000           0.371     0.929     1.134     1.341     1.474     1.757     2.515     5.026
1496.001    240022         0    240031           0.395     0.938     1.163     1.417     1.637     2.845     4.755     8.520
1497.001    239968         0    239977           0.400     0.964     1.179     1.391     1.528     1.936     3.844     8.176
1498.001    240042         0    240036           0.408     0.952     1.167     1.381     1.520     1.853     2.863     6.697
1499.001    239971         0    239981           0.409     0.939     1.145     1.354     1.491     1.831     2.726     5.071
1500.001    239979         0    239967           0.357     0.930     1.136     1.349     1.492     1.894     3.140     7.913
1501.001    239986         0    239980           0.417     0.944     1.154     1.364     1.501     1.844     2.761     4.968
1502.001    240013         0    240018           0.395     0.951     1.163     1.374     1.510     1.844     2.775     6.717
1503.001    240020         0    240012           0.391     0.955     1.170     1.385     1.528     1.883     2.777     5.014
1504.001    240005         0    240012           0.399     0.950     1.164     1.379     1.522     1.919     3.047     5.837
1505.001    239986         0    239974           0.401     0.950     1.164     1.374     1.512     1.866     2.814     5.005
1506.001    240022         0    240034           0.407     0.945     1.158     1.371     1.508     1.842     2.703     7.946
1507.001    239947         0    239940           0.402     0.959     1.174     1.384     1.518     1.845     2.724     4.801
1508.001    240073         0    240042           0.365     0.961     1.181     1.406     1.568     2.318     3.942     6.930
1509.001    239983         0    240025           0.397     0.937     1.144     1.349     1.480     1.780     2.640     5.571
1510.001    240041         0    240011           0.364     0.946     1.164     1.399     1.585     2.601     4.841     7.901
1511.001    239935         0    239971           0.391     0.943     1.153     1.360     1.491     1.786     2.595     4.616
1512.001    240035         0    240007           0.413     0.961     1.178     1.386     1.521     1.811     2.718     6.337
1513.001    239925         0    239941           0.400     0.977     1.203     1.433     1.589     2.269     3.871     6.312
1514.001    240085         0    240087           0.352     0.953     1.172     1.393     1.543     2.107     3.781     7.320
1515.001    239996         0    239960           0.395     0.936     1.149     1.369     1.524     2.167     3.822     6.091
1516.001    239968         0    240025           0.394     0.977     1.210     1.466     1.701     3.428     5.919     8.610
1517.001    239952         0    239939           0.416     0.955     1.167     1.378     1.512     1.817     2.777     5.112
1518.001    240104         0    240073           0.396     0.938     1.149     1.360     1.492     1.782     2.583     4.575
1519.001    239926         0    239953           0.382     0.965     1.181     1.392     1.523     1.810     2.654     4.760
1520.001    240022         0    240033           0.382     0.951     1.176     1.427     1.648     3.258     6.918    12.427
1521.001    239991         0    239973           0.388     0.965     1.183     1.393     1.525     1.809     2.703     6.980
1522.001    239990         0    240011           0.398     0.952     1.167     1.378     1.514     1.826     2.855     9.167
1523.001    240027         0    240015           0.388     0.948     1.159     1.372     1.510     1.894     3.000     8.258
1524.001    239955         0    239948           0.362     0.951     1.167     1.382     1.521     1.873     2.814     5.575
1525.001    240025         0    240026           0.389     0.928     1.151     1.397     1.601     2.638     5.321     9.290
1526.001    239912         0    239916           0.394     0.946     1.166     1.398     1.577     2.507     5.046     8.212
1527.001    240106         0    240108           0.381     0.954     1.174     1.389     1.538     2.017     3.242     6.509
1528.001    239992         0    239945           0.401     0.964     1.180     1.389     1.525     1.835     2.769     7.340
1529.001    240027         0    240073           0.402     0.942     1.152     1.359     1.490     1.772     2.537     4.608
1530.001    239988         0    239983           0.375     0.949     1.163     1.373     1.507     1.805     2.642     4.706
1531.001    239934         0    239949           0.385     0.944     1.165     1.399     1.581     2.591     5.202     9.191
1532.001    240069         0    240048           0.412     0.926     1.127     1.333     1.461     1.738     2.478     4.964
1533.001    239948         0    239948           0.406     0.943     1.154     1.359     1.487     1.740     2.370     4.551
1534.001    240014         0    240033           0.403     0.926     1.130     1.335     1.465     1.758     2.900     9.077
1535.001    239993         0    239987           0.389     0.938     1.148     1.358     1.491     1.796     2.636     5.214
1536.001    240065         0    240035           0.402     0.954     1.169     1.380     1.514     1.795     2.748     8.036
1537.001    239967         0    239980           0.397     0.971     1.202     1.455     1.680     3.682     6.816    10.584
1538.001    240059         0    240034           0.365     0.940     1.148     1.356     1.485     1.754     2.576     6.169
1539.001    239924         0    239942           0.397     0.943     1.149     1.352     1.479     1.751     2.689     6.189
1540.001    240051         0    240068           0.396     0.927     1.133     1.337     1.464     1.730     2.400     4.669
1541.001    239974         0    239965           0.386     0.911     1.112     1.320     1.453     1.765     2.869     6.029
1542.001    239997         0    240015           0.391     0.923     1.128     1.333     1.460     1.731     2.421     5.181
1543.001    239995         0    239983           0.396     0.963     1.195     1.456     1.690     2.849     5.407     9.036
1544.001    239997         0    239994           0.373     0.925     1.133     1.340     1.476     1.777     2.560     4.694
1545.001    240001         0    240013           0.406     0.956     1.171     1.381     1.517     1.857     2.939     6.042
1546.001    240005         0    239990           0.408     0.983     1.217     1.462     1.670     2.945     5.812    10.666
1547.001    239977         0    240004           0.387     0.950     1.163     1.373     1.504     1.783     2.587     6.013
1548.001    239998         0    239970           0.383     0.947     1.157     1.364     1.495     1.778     2.558     4.551
1549.001    240039         0    240062           0.353     0.946     1.159     1.365     1.497     1.799     2.677     5.956
1550.001    240012         0    239990           0.374     0.944     1.166     1.404     1.590     2.703     4.837     8.200
1551.001    239933         0    239936           0.381     0.928     1.133     1.341     1.476     1.781     2.658     5.689
1552.001    240002         0    240023           0.410     0.929     1.134     1.343     1.477     1.791     2.785     6.406
1553.001    240049         0    240041           0.389     0.928     1.134     1.338     1.468     1.753     2.544     4.821
1554.001    239982         0    239966           0.376     0.943     1.148     1.354     1.483     1.755     2.583     5.456
1555.001    240026         0    240044           0.379     0.948     1.170     1.406     1.591     2.574     4.119     6.091
1556.001    239961         0    239960           0.388     0.938     1.148     1.361     1.499     1.851     2.951     6.078
1557.001    240002         0    240007           0.399     0.938     1.145     1.349     1.479     1.748     2.466     4.522
1558.001    240024         0    240010           0.403     0.951     1.165     1.374     1.508     1.814     2.920     9.134
1559.001    240003         0    240022           0.370     0.925     1.129     1.337     1.469     1.762     2.652     4.981
1560.001    239915         0    239905           0.385     0.959     1.176     1.388     1.523     1.857     2.785     4.665
1561.001    240167         0    240094           0.381     0.968     1.185     1.395     1.527     1.832     2.634     4.424
1562.001    239880         0    239937           0.400     0.946     1.160     1.374     1.514     1.927     4.465     9.249
1563.001    240038         0    240057           0.395     0.940     1.168     1.431     1.690     3.402     6.201    10.076
1564.001    240004         0    239972           0.392     0.935     1.155     1.391     1.573     2.492     4.227     7.045
1565.001    239973         0    239974           0.382     0.944     1.155     1.366     1.502     1.821     2.677     5.140
1566.001    240016         0    240044           0.415     0.955     1.171     1.382     1.518     1.857     2.912     9.732
1567.001    239992         0    239997           0.375     0.941     1.151     1.362     1.495     1.837     2.802     4.801
1568.001    239995         0    239986           0.367     0.929     1.138     1.347     1.483     1.830     2.851     5.063
1569.001    239984         0    239992           0.394     0.928     1.136     1.342     1.477     1.798     2.695     6.480
1570.001    239995         0    239975           0.402     0.942     1.151     1.357     1.486     1.765     2.583     4.891
1571.001    240023         0    240039           0.377     0.945     1.160     1.375     1.519     1.878     3.144    12.239
1572.001    239972         0    239962           0.382     0.976     1.197     1.412     1.548     1.890     2.808     5.366
1573.001    240045         0    240029           0.385     0.939     1.152     1.369     1.508     1.873     2.886     7.102
1574.001    239996         0    240022           0.369     0.969     1.186     1.398     1.532     1.838     2.707     4.579
1575.001    239994         0    239982           0.387     0.946     1.159     1.370     1.505     1.830     2.671     4.555
1576.001    239937         0    239950           0.400     0.970     1.191     1.402     1.536     1.838     2.798     6.132
1577.001    240082         0    240055           0.408     0.970     1.199     1.435     1.615     2.497     4.231     6.234
1578.001    239972         0    239960           0.376     0.946     1.157     1.364     1.493     1.758     2.486     4.571
1579.001    239984         0    239969           0.383     0.935     1.143     1.349     1.480     1.772     2.640     5.333
1580.001    240009         0    240050           0.382     0.957     1.169     1.376     1.506     1.779     2.494     5.067
1581.001    239985         0    239999           0.412     0.957     1.170     1.379     1.513     1.812     2.595     4.469
1582.001    240035         0    239970           0.382     0.948     1.161     1.374     1.511     1.850     2.939     8.970
1583.001    239980         0    240043           0.389     0.961     1.177     1.385     1.522     1.857     2.828     5.657
1584.001    239993         0    239976           0.397     0.951     1.174     1.407     1.583     2.454     4.289     9.413
1585.001    240026         0    240054           0.392     0.961     1.176     1.386     1.524     1.835     2.691     5.292
1586.001    239915         0    239904           0.394     0.940     1.149     1.358     1.493     1.809     2.642     5.050
1587.001    240113         0    240103           0.390     0.936     1.156     1.394     1.586     3.115     7.123    12.263
1588.001    239931         0    239949           0.401     0.930     1.138     1.349     1.486     1.820     2.820     4.997
1589.001    240066         0    240030           0.400     0.951     1.163     1.371     1.501     1.776     2.511     4.551
1590.001    239954         0    239984           0.392     0.944     1.156     1.366     1.497     1.811     2.845     6.402
1591.001    240034         0    240015           0.391     0.927     1.130     1.337     1.467     1.757     2.507     4.657
1592.001    239944         0    239942           0.389     0.957     1.170     1.379     1.509     1.791     2.580     4.284
1593.001    240034         0    240025           0.357     0.961     1.191     1.432     1.630     3.662     8.196    12.747
1594.001    240035         0    240018           0.384     0.909     1.113     1.319     1.448     1.743     2.564     4.272
1595.001    240003         0    240035           0.390     0.948     1.164     1.372     1.502     1.764     2.413     4.078
1596.001    240017         0    240003           0.406     0.943     1.169     1.427     1.678     3.164     5.718    15.696
1597.001    239956         0    239983           0.382     0.934     1.141     1.348     1.476     1.747     2.488     4.358
1598.001    239946         0    239925           0.407     0.964     1.188     1.419     1.588     2.488     4.768     9.306
1599.001    240054         0    240069           0.406     0.957     1.171     1.381     1.514     1.814     2.673     8.122
1600.001    239966         0    239959           0.387     0.959     1.182     1.411     1.580     2.490     4.334     7.176
1601.001    239983         0    240002           0.385     0.953     1.184     1.436     1.642     2.697     4.366     6.889
1602.001    240071         0    240016           0.383     0.950     1.165     1.376     1.509     1.791     2.587     5.087
1603.001    239954         0    239995           0.391     0.960     1.174     1.382     1.516     1.799     2.564     4.944
1604.001    240009         0    240000           0.394     0.943     1.151     1.361     1.495     1.793     2.656     4.903
1605.001    240024         0    240036           0.394     0.953     1.165     1.375     1.510     1.816     2.656     6.394
1606.001    239974         0    239974           0.394     0.949     1.161     1.372     1.505     1.803     2.605     4.801
1607.001    240044         0    240035           0.377     0.920     1.123     1.329     1.457     1.752     2.556     4.264
1608.001    239967         0    239970           0.396     0.931     1.138     1.343     1.475     1.769     2.607     4.784
1609.001    239965         0    239977           0.362     0.951     1.163     1.373     1.506     1.817     2.712     5.743
1610.001    240068         0    240058           0.395     0.943     1.157     1.369     1.505     1.822     2.710     4.932
1611.001    239942         0    239955           0.384     0.974     1.200     1.423     1.568     1.982     2.900     6.210
1612.001    240011         0    239992           0.369     0.941     1.154     1.370     1.518     1.975     3.731     9.626
1613.001    240011         0    240023           0.402     0.934     1.141     1.348     1.481     1.761     2.554     7.119
1614.001    239962         0    239967           0.388     0.940     1.147     1.353     1.486     1.775     2.615     4.977
1615.001    240062         0    240063           0.388     0.936     1.157     1.397     1.589     2.675     5.054     7.643
1616.001    239954         0    239954           0.383     0.926     1.132     1.334     1.462     1.739     2.623     6.267
1617.001    239994         0    239982           0.402     0.945     1.174     1.430     1.659     2.712     4.305     8.102
1618.001    240056         0    240062           0.368     0.924     1.135     1.353     1.504     2.146     4.116     7.217
1619.001    239969         0    239964           0.401     0.908     1.105     1.305     1.427     1.681     2.224     4.194
1620.001    239984         0    239994           0.391     0.914     1.129     1.364     1.544     2.564     4.719     8.479
1621.001    240025         0    240014           0.392     0.929     1.134     1.339     1.467     1.724     2.521     4.895
1622.001    240012         0    240023           0.391     0.931     1.138     1.350     1.487     1.835     3.002     8.143
1623.001    239957         0    239948           0.404     0.932     1.138     1.347     1.482     1.786     2.646     7.442
1624.001    240051         0    240049           0.393     0.937     1.147     1.361     1.499     1.863     2.806     5.816
1625.001    239980         0    239984           0.401     0.940     1.147     1.356     1.492     1.829     2.804     5.550
1626.001    240008         0    240014           0.402     0.944     1.152     1.361     1.492     1.792     2.722     4.940
1627.001    240006         0    239969           0.394     0.951     1.164     1.375     1.512     1.832     2.884    12.493
1628.001    239974         0    240008           0.398     0.926     1.135     1.352     1.496     2.029     3.987     8.229
1629.001    240005         0    240008           0.369     0.942     1.165     1.402     1.587     2.779     5.235     8.020
1630.001    239970         0    239959           0.374     0.930     1.137     1.340     1.468     1.754     2.564     7.016
1631.001    240019         0    240018           0.406     0.929     1.136     1.342     1.474     1.754     2.509     4.846
1632.001    240010         0    240005           0.402     0.937     1.148     1.359     1.490     1.762     2.497     5.657
1633.001    240027         0    240028           0.380     0.949     1.161     1.367     1.498     1.784     2.640     4.751
1634.001    239978         0    239973           0.403     0.952     1.164     1.370     1.503     1.788     2.574     5.083
1635.001    240033         0    240044           0.392     0.947     1.160     1.369     1.501     1.798     2.669     5.497
1636.001    239968         0    239974           0.396     0.926     1.134     1.345     1.482     1.818     2.734     5.386
1637.001    239934         0    239942           0.372     0.955     1.167     1.377     1.510     1.804     2.642     5.333
1638.001    240107         0    240076           0.390     0.948     1.161     1.370     1.499     1.775     2.548     4.448
1639.001    239979         0    239975           0.392     0.955     1.178     1.407     1.570     2.357     4.927    12.599
1640.001    239996         0    240000           0.399     0.933     1.140     1.346     1.475     1.734     2.413    47.251
1641.001    239975         0    240002           0.391     0.921     1.124     1.331     1.461     1.757     2.652     5.218
1642.001    240004         0    239986           0.384     0.934     1.140     1.345     1.475     1.734     2.433     4.395
1643.001    240037         0    240049           0.367     0.910     1.108     1.312     1.438     1.708     2.468     5.632
1644.001    239979         0    239978           0.378     0.923     1.126     1.332     1.459     1.738     2.699     5.652
1645.001    239995         0    239997           0.386     0.949     1.175     1.426     1.642     3.011     5.165     8.438
1646.001    239964         0    239942           0.398     0.950     1.169     1.390     1.540     2.095     3.748     7.909
1647.001    240041         0    240071           0.384     0.950     1.177     1.414     1.593     2.499     4.424     9.462
1648.001    239935         0    239954           0.398     0.965     1.183     1.396     1.533     1.843     2.763     7.868
1649.001    240003         0    239982           0.358     0.963     1.180     1.392     1.524     1.818     2.699     4.530
1650.001    240064         0    240064           0.388     0.936     1.150     1.363     1.501     1.825     2.720     9.249
1651.001    239969         0    239965           0.369     0.959     1.172     1.379     1.511     1.787     2.558     6.853
1652.001    240012         0    240000           0.381     0.954     1.171     1.390     1.539     2.044     3.512     6.361
1653.001    240018         0    240029           0.395     0.961     1.183     1.408     1.565     2.271     8.700    18.153
1654.001    239980         0    239978           0.386     0.945     1.175     1.433     1.670     3.154     5.792    11.403
1655.001    240058         0    240027           0.407     0.945     1.156     1.366     1.495     1.782     2.623     5.161
1656.001    239962         0    239991           0.377     0.952     1.163     1.371     1.503     1.770     2.560     4.559
1657.001    239997         0    240012           0.380     0.915     1.113     1.318     1.442     1.698     2.458     4.567
1658.001    239917         0    239918           0.400     0.926     1.127     1.330     1.457     1.723     2.439     4.993
1659.001    240044         0    240018           0.383     0.924     1.128     1.336     1.469     1.782     2.662     4.358
1660.001    240016         0    240031           0.395     0.941     1.152     1.369     1.514     1.903     2.933     5.308
1661.001    240028         0    240033           0.399     0.939     1.151     1.369     1.517     1.949     3.076     5.272
1662.001    239958         0    239958           0.374     0.946     1.160     1.375     1.518     1.890     2.849     5.738
1663.001    240023         0    240014           0.393     0.979     1.214     1.464     1.664     2.699     4.493     6.971
1664.001    239930         0    239949           0.393     0.940     1.152     1.366     1.507     1.868     2.871     5.448
1665.001    240110         0    240045           0.399     0.969     1.192     1.414     1.561     1.963     2.951    10.346
1666.001    239987         0    240024           0.391     0.932     1.141     1.356     1.495     1.862     2.918     5.636
1667.001    240012         0    239994           0.407     0.944     1.159     1.375     1.519     1.898     2.886     5.284
1668.001    240007         0    240017           0.403     0.930     1.136     1.346     1.486     1.834     3.039     9.183
1669.001    239953         0    239983           0.385     0.938     1.152     1.368     1.509     1.842     2.871     5.054
1670.001    239995         0    239955           0.378     0.944     1.170     1.421     1.628     2.740     4.796     8.327
1671.001    239955         0    239983           0.365     0.964     1.188     1.413     1.570     2.146     3.924     6.849
1672.001    240040         0    240038           0.408     0.945     1.162     1.382     1.527     1.924     3.342     5.652
1673.001    240004         0    240003           0.378     0.962     1.184     1.406     1.551     2.023     3.873     6.664
1674.001    239994         0    240004           0.395     0.954     1.195     1.479     1.784     3.377     7.426    12.993
1675.001    240050         0    240021           0.393     0.945     1.158     1.372     1.506     1.828     2.822     5.128
1676.001    239955         0    239981           0.386     0.919     1.122     1.331     1.462     1.776     2.849     5.755
1677.001    240063         0    240035           0.394     0.944     1.163     1.395     1.565     2.400     4.534    10.043
1678.001    239963         0    239987           0.385     0.932     1.138     1.346     1.481     1.794     2.879     5.775
1679.001    239970         0    239969           0.393     0.936     1.147     1.362     1.497     1.811     2.755     5.292
1680.001    240039         0    240042           0.398     0.945     1.158     1.371     1.509     1.844     2.791     5.829
1681.001    239926         0    239925           0.380     0.959     1.176     1.391     1.530     1.900     3.424     6.861
1682.001    240059         0    240062           0.397     1.000     1.263     1.604     2.177     3.891     5.865     8.552
1683.001    240033         0    240016           0.399     0.956     1.170     1.383     1.520     1.855     2.886     5.194
1684.001    239972         0    239992           0.399     0.952     1.167     1.384     1.522     1.876     3.062     5.517
1685.001    240002         0    240009           0.389     0.923     1.129     1.338     1.473     1.816     3.164     7.328
1686.001    239923         0    239882           0.387     0.945     1.156     1.368     1.504     1.846     2.939     5.108
1687.001    240050         0    240055           0.378     0.966     1.188     1.416     1.577     2.183     3.330     5.374
1688.001    239987         0    240002           0.406     0.978     1.209     1.454     1.649     2.648     4.665     8.610
1689.001    240027         0    240034           0.388     0.939     1.149     1.360     1.495     1.811     2.861     5.771
1690.001    239972         0    239955           0.374     0.945     1.156     1.364     1.497     1.795     2.742     5.812
1691.001    240033         0    240047           0.385     0.951     1.177     1.418     1.614     2.863     6.201    11.182
1692.001    240002         0    239998           0.372     0.952     1.165     1.374     1.507     1.799     2.671     4.159
1693.001    239966         0    239978           0.385     0.934     1.144     1.356     1.488     1.782     2.779     4.542
1694.001    240024         0    240020           0.378     0.931     1.139     1.349     1.482     1.774     2.742     5.526
1695.001    240002         0    239988           0.391     0.942     1.155     1.370     1.510     1.851     3.101     5.689
1696.001    239979         0    240002           0.388     0.961     1.181     1.396     1.532     1.841     2.808     4.874
1697.001    240046         0    240031           0.386     0.938     1.148     1.357     1.488     1.796     2.841     6.615
1698.001    239959         0    239966           0.393     0.932     1.140     1.350     1.483     1.796     2.855     6.136
1699.001    240010         0    239992           0.387     0.952     1.170     1.388     1.534     1.993     3.881    11.616
1700.001    239962         0    239981           0.393     0.973     1.202     1.436     1.603     2.361     4.342     8.438
1701.001    240056         0    240009           0.374     0.942     1.156     1.368     1.506     1.845     2.824     5.710
1702.001    239934         0    239996           0.387     0.937     1.149     1.362     1.498     1.814     2.763     4.219
1703.001    240038         0    240022           0.401     0.925     1.133     1.341     1.480     1.811     2.816     5.104
1704.001    239966         0    239968           0.397     0.938     1.148     1.360     1.494     1.809     2.820     5.226
1705.001    239998         0    239995           0.393     0.937     1.147     1.357     1.493     1.834     3.125     7.111
1706.001    240032         0    240041           0.355     0.919     1.126     1.338     1.479     1.843     3.113     7.197
1707.001    239991         0    239976           0.376     0.929     1.136     1.342     1.475     1.780     2.703     6.078
1708.001    240040         0    240028           0.394     0.973     1.198     1.423     1.575     2.171     4.354    14.434
1709.001    239977         0    239987           0.385     0.937     1.148     1.358     1.489     1.778     2.589     4.461
1710.001    240064         0    240032           0.386     0.926     1.132     1.338     1.469     1.762     2.636     4.829
1711.001    239875         0    239921           0.394     0.933     1.141     1.350     1.484     1.792     2.718     5.304
1712.001    240001         0    239999           0.401     0.956     1.188     1.444     1.683     3.715     7.774    12.042
1713.001    240037         0    240048           0.408     0.943     1.154     1.365     1.506     1.878     3.105     5.894
1714.001    240026         0    240023           0.383     0.935     1.144     1.353     1.488     1.817     2.771     4.641
1715.001    239971         0    239979           0.399     0.953     1.169     1.382     1.523     1.880     3.037     5.243
1716.001    240036         0    239994           0.407     0.962     1.181     1.396     1.532     1.855     2.793     5.251
1717.001    240018         0    240010           0.387     0.943     1.156     1.367     1.503     1.851     3.131     8.430
1718.001    239964         0    239984           0.386     0.953     1.184     1.442     1.683     3.580     7.049    11.444
1719.001    239957         0    239971           0.387     0.943     1.154     1.370     1.511     1.900     3.301    11.477
1720.001    240037         0    240041           0.399     0.967     1.186     1.403     1.543     1.948     3.097     5.906
1721.001    240019         0    239988           0.388     0.964     1.183     1.398     1.540     1.967     3.260     9.437
1722.001    239944         0    239979           0.400     0.950     1.168     1.383     1.521     1.849     2.761     7.135
1723.001    240073         0    240040           0.388     0.963     1.183     1.395     1.532     1.845     2.920     6.775
1724.001    239980         0    240022           0.386     0.951     1.166     1.376     1.510     1.830     2.728     4.960
1725.001    239959         0    239924           0.404     0.951     1.166     1.378     1.516     1.866     2.857     5.214
1726.001    239967         0    239959           0.386     0.973     1.191     1.403     1.538     1.864     2.908     7.496
1727.001    240097         0    240111           0.382     0.967     1.196     1.436     1.623     2.619     4.608     7.586
1728.001    239983         0    239949           0.403     0.945     1.159     1.370     1.506     1.840     2.882     6.504
1729.001    239963         0    240025           0.405     0.959     1.176     1.384     1.519     1.844     2.834     5.022
1730.001    240016         0    239987           0.380     0.942     1.155     1.365     1.498     1.810     2.793     5.358
1731.001    239975         0    239983           0.371     0.962     1.179     1.391     1.525     1.823     2.849     5.325
1732.001    240018         0    240017           0.407     0.971     1.198     1.426     1.585     2.251     4.387     9.093
1733.001    240024         0    240039           0.408     0.963     1.183     1.403     1.547     1.998     3.408     6.345
1734.001    239909         0    239878           0.366     0.953     1.168     1.381     1.520     1.861     2.841     5.358
1735.001    240047         0    240073           0.363     0.973     1.201     1.444     1.639     2.634     4.440     8.045
1736.001    240049         0    240041           0.383     0.962     1.194     1.454     1.684     3.047     5.439    11.330
1737.001    240013         0    240016           0.416     0.962     1.179     1.389     1.523     1.835     2.716     6.017
1738.001    239969         0    239961           0.385     0.959     1.181     1.415     1.587     2.421     4.159     7.311
1739.001    240021         0    240021           0.406     0.985     1.219     1.462     1.650     2.636     5.235     8.880
1740.001    240002         0    240003           0.398     0.972     1.192     1.409     1.549     1.911     2.922     5.702
1741.001    240024         0    240025           0.389     0.959     1.176     1.389     1.527     1.865     2.796     5.243
1742.001    239969         0    239978           0.363     0.970     1.188     1.405     1.545     1.913     2.982     6.128
1743.001    239996         0    239997           0.404     0.945     1.161     1.371     1.506     1.819     2.810     6.509
1744.001    239956         0    239961           0.382     0.924     1.129     1.339     1.473     1.791     2.644     5.194
1745.001    240052         0    240028           0.395     0.927     1.136     1.349     1.491     1.857     2.853     5.796
1746.001    240008         0    240032           0.395     0.974     1.194     1.408     1.544     1.855     2.619     4.301
1747.001    239982         0    239974           0.391     0.944     1.158     1.371     1.508     1.823     2.628     5.403
1748.001    239993         0    239987           0.401     0.968     1.189     1.400     1.534     1.869     2.888     6.005
1749.001    240004         0    239985           0.394     0.973     1.206     1.463     1.694     3.238     8.106    14.066
1750.001    240007         0    240015           0.381     0.937     1.148     1.361     1.494     1.815     2.746     6.169
1751.001    239996         0    240012           0.401     0.964     1.181     1.393     1.531     1.876     2.908     8.708
1752.001    239923         0    239905           0.378     0.928     1.138     1.354     1.496     1.844     2.722     4.518
1753.001    240114         0    240120           0.378     0.951     1.166     1.381     1.519     1.865     2.939     7.193
1754.001    239977         0    239977           0.383     0.945     1.159     1.369     1.502     1.800     2.597     5.267
1755.001    239997         0    239997           0.376     0.938     1.149     1.362     1.497     1.828     2.685     4.657
1756.001    239975         0    239980           0.376     0.966     1.186     1.403     1.543     1.909     2.777     4.534
1757.001    239995         0    240012           0.392     1.001     1.245     1.514     1.762     2.947     4.813     9.396
1758.001    240054         0    240038           0.389     0.994     1.220     1.435     1.573     1.924     2.785     5.464
1759.001    239959         0    239960           0.401     0.985     1.210     1.426     1.566     1.938     2.912     5.485
1760.001    240002         0    239999           0.393     0.974     1.194     1.410     1.545     1.868     2.759     5.018
1761.001    240012         0    240006           0.396     0.948     1.165     1.379     1.520     1.869     2.947     6.550
1762.001    239956         0    239965           0.396     0.961     1.179     1.391     1.528     1.847     2.714     5.145
1763.001    240055         0    240052           0.379     0.945     1.161     1.374     1.510     1.824     2.646     4.661
1764.001    239960         0    239953           0.390     0.947     1.163     1.380     1.518     1.832     2.617     4.563
1765.001    240008         0    240029           0.400     0.976     1.224     1.531     2.019     7.258    21.823    36.045
1766.001    240006         0    240010           0.397     0.953     1.170     1.384     1.525     1.877     2.750     5.349
1767.001    239993         0    239961           0.378     0.940     1.158     1.372     1.510     1.853     2.701     4.596
1768.001    240036         0    240034           0.372     0.943     1.153     1.363     1.494     1.777     2.527     4.669
1769.001    239997         0    240026           0.378     0.941     1.152     1.357     1.484     1.744     2.421     4.620
1770.001    239995         0    239992           0.365     0.961     1.177     1.386     1.519     1.801     2.580     4.702
1771.001    240017         0    239986           0.393     0.979     1.210     1.448     1.624     2.523     4.096     6.230
1772.001    239989         0    240009           0.397     0.946     1.159     1.370     1.504     1.792     2.552     5.181
1773.001    239986         0    239983           0.392     0.964     1.180     1.388     1.519     1.793     2.546     4.514
1774.001    240005         0    240005           0.389     0.964     1.178     1.385     1.518     1.790     2.714     8.438
1775.001    240023         0    240040           0.388     0.951     1.165     1.373     1.502     1.772     2.517     4.825
1776.001    240017         0    240004           0.401     0.954     1.182     1.418     1.598     2.728     4.968     8.552
1777.001    239944         0    239954           0.389     0.934     1.143     1.351     1.484     1.781     2.906     6.021
1778.001    239952         0    239956           0.389     1.000     1.262     1.594     2.175     5.083     9.691    23.167
1779.001    240037         0    240031           0.385     0.983     1.207     1.424     1.566     1.933     2.939     5.771
1780.001    240035         0    240026           0.391     0.970     1.207     1.463     1.691     3.191     6.017    10.928
1781.001    239958         0    239938           0.387     0.943     1.157     1.376     1.529     2.216     5.091     9.404
1782.001    240045         0    240050           0.388     0.966     1.184     1.396     1.533     1.886     2.773     7.406
1783.001    240004         0    240008           0.395     0.958     1.178     1.400     1.553     2.152     3.910     6.296
1784.001    239955         0    239977           0.383     0.960     1.178     1.391     1.527     1.848     2.638     4.473
1785.001    240061         0    240032           0.393     0.956     1.176     1.394     1.537     1.961     3.140     7.352
1786.001    240002         0    239980           0.389     0.947     1.159     1.368     1.503     1.820     2.773     4.927
1787.001    239957         0    240009           0.362     0.957     1.172     1.384     1.520     1.828     2.834     5.882
1788.001    240016         0    240004           0.380     0.952     1.166     1.374     1.506     1.795     2.578    47.383
1789.001    240023         0    240016           0.394     0.987     1.209     1.424     1.562     1.894     2.736     4.735
1790.001    240018         0    240004           0.405     0.959     1.177     1.389     1.524     1.859     2.650     4.903
1791.001    239969         0    239969           0.366     0.950     1.163     1.375     1.511     1.832     2.722     5.882
1792.001    240042         0    240027           0.389     0.935     1.148     1.360     1.495     1.816     2.609     4.927
1793.001    239917         0    239964           0.336     0.947     1.160     1.372     1.507     1.819     2.677     5.280
1794.001    239997         0    239997           0.403     0.970     1.195     1.428     1.598     2.533     5.030     9.142
1795.001    240041         0    240027           0.392     0.934     1.144     1.357     1.493     1.811     2.687     5.128
1796.001    239957         0    239979           0.365     0.965     1.182     1.391     1.525     1.848     2.712     5.571
1797.001    240031         0    240001           0.400     0.945     1.157     1.371     1.512     1.892     2.859     4.997
1798.001    239962         0    239967           0.394     0.940     1.152     1.368     1.510     1.923     3.074     6.504
1799.001    240062         0    240080           0.361     0.931     1.137     1.346     1.480     1.792     2.689     6.033
1800.001    239931         0    239929           0.375     0.946     1.159     1.370     1.504     1.822     2.740     6.418
1801.001    240051         0    240056           0.380     0.934     1.142     1.350     1.485     1.804     2.679     4.817
1802.001    239956         0    239954           0.380     0.964     1.182     1.395     1.531     1.843     2.896     5.681
1803.001    239967         0    239957           0.366     0.958     1.175     1.386     1.522     1.836     2.808     5.009
1804.001    240107         0    240114           0.373     0.957     1.189     1.446     1.692     4.047     9.003    15.991
1804.749    179562         0    239993           0.410     0.944     1.156     1.366     1.496     1.767     2.535     4.440

SUMMARY STATS ══════════════════════════════════════════════════════════════════════════════════════════════════════════════
    Elapsed time       [s]   1804.755                                                                 
        CPU time       [s]  13659.783                                                                 
 CPU utilisation       [%]       21.0                                                                 
          Cycles      [op]  433139505                                                                 
          Errors      [op]          0                                                                 
              └─       [%]        0.0                                                                 
        Requests     [req]  433139505                                                                 
              └─  [req/op]        1.0                                                                 
         Retries     [ret]         13                                                                 
              └─ [ret/req]    0.00000                                                                 
            Rows     [row]  346505156                                                                 
              └─ [row/req]        0.8                                                                 
     Concurrency     [req]         19 ± 1                                                             
              └─       [%]         15                                                                 
      Throughput    [op/s]     239999 ± 977                                                           
              ├─   [req/s]     239999 ± 977                                                           
              └─   [row/s]     191996 ± 782                                                           
   Cycle latency      [ms]      3.657 ± 6.619                                                         
 Request latency      [ms]      0.933 ± 0.004                                                         

CYCLE LATENCY for standard1_select_cache [ms]  ═════════════════════════════════════════════════════════════════════════════
          Min                   0.342 ± 0.072                                                         
           25                   0.792 ± 0.025                                                         
           50                   0.931 ± 0.034                                                         
           75                   1.124 ± 0.043                                                         
           90                   1.322 ± 0.057                                                         
           95                   1.449 ± 0.087                                                         
           98                   1.618 ± 0.155                                                         
           99                   1.789 ± 1.065                                                         
           99.9              1229.980 ± 2602.750                                                      
           99.99             2107.638 ± 2602.750                                                      
          Max                2615.149 ± 2602.750                                                      

CYCLE LATENCY for standard1_select [ms]  ═══════════════════════════════════════════════════════════════════════════════════
          Min                   0.385 ± 0.128                                                         
           25                   0.994 ± 0.037                                                         
           50                   1.190 ± 0.042                                                         
           75                   1.412 ± 0.052                                                         
           90                   1.657 ± 0.107                                                         
           95                   1.882 ± 0.218                                                         
           98                   2.353 ± 0.443                                                         
           99                   2.808 ± 0.894                                                         
           99.9              1233.125 ± 2389.311                                                      
           99.99             2107.638 ± 2389.311                                                      
          Max                2814.378 ± 2389.311                                                      

CYCLE LATENCY for standard1_insert [ms]  ═══════════════════════════════════════════════════════════════════════════════════
          Min                   0.335 ± 0.069                                                         
           25                   0.733 ± 0.024                                                         
           50                   0.863 ± 0.026                                                         
           75                   1.040 ± 0.045                                                         
           90                   1.248 ± 0.064                                                         
           95                   1.379 ± 0.087                                                         
           98                   1.544 ± 0.128                                                         
           99                   1.684 ± 0.487                                                         
           99.9              1228.931 ± 2363.625                                                      
           99.99             2107.638 ± 2363.625                                                      
          Max                2218.787 ± 2363.625                                                      

CYCLE LATENCY for standard1_insert_cache [ms]  ═════════════════════════════════════════════════════════════════════════════
          Min                   0.335 ± 0.070                                                         
           25                   0.733 ± 0.028                                                         
           50                   0.863 ± 0.034                                                         
           75                   1.040 ± 0.047                                                         
           90                   1.248 ± 0.064                                                         
           95                   1.379 ± 0.080                                                         
           98                   1.544 ± 0.142                                                         
           99                   1.684 ± 0.462                                                         
           99.9              1232.077 ± 2360.007                                                      
           99.99             2107.638 ± 2376.524                                                      
          Max                2503.999 ± 2376.524                                                      

