CONFIG ═════════════════════════════════════════════════════════════════════════════════════════════════════════════════════
            Date            Fri, 16 May 2025                                                          
            Time            18:57:05 +0000                                                            
         Cluster                                                                                      
      Datacenter                                                                                      
   Cass. version            3.0.8                                                                     
        Workload            uniform.rn                                                                
     Function(s)            standard1_insert:1, standard1_select:1                                            
     Consistency            LocalQuorum                                                               
            Tags                                                                                      
────────────────────────────────────────────────────────────────────────────────────────────────────────────────────────────
         Threads                    4                                                                 
     Connections                    1                                                                 
     Concurrency     [req]        128                                                                 
        Max rate    [op/s]     100000                                                                 
          Warmup       [s]                                                                            
              └─      [op]          1                                                                 
        Run time       [s]     1800.0                                                                 
              └─      [op]                                                                            
        Sampling       [s]        1.0                                                                 
              └─      [op]                                                                            
 Request timeout       [s]          5                                                                 
         Retries                                                                                      
  ┌──────┴number                   10                                                                 
  ├─min interval      [ms]        100                                                                 
  └─max interval      [ms]       5000                                                                 

LOG ════════════════════════════════════════════════════════════════════════════════════════════════════════════════════════
    Time    Cycles    Errors    Thrpt.     ────────────────────────────────── Latency [ms/op] ──────────────────────────────
     [s]      [op]      [op]    [op/s]             Min        50        75        90        95        99      99.9       Max
   1.001     99819         0     99780           0.266     2.408    11.821    29.475    36.405    45.154    53.707    70.779
   2.001    100060         0    100065           0.263     1.382     2.243     3.367     4.162     5.734     8.139    15.262
   3.000    100004         0    100006           0.262     1.190     1.999     2.783     3.437     4.862     6.730    11.010
   4.000     99999         0     99996           0.254     1.100     1.862     2.556     3.135     4.461     6.455    12.583
   5.000    100022         0    100027           0.260     1.038     1.731     2.423     2.939     4.198     6.160    10.625
   6.000    100000         0     99999           0.263     1.002     1.647     2.341     2.767     3.807     5.083     7.459
   7.000    100006         0    100005           0.263     1.014     1.679     2.380     2.810     3.922     5.419     8.090
   8.001    100017         0    100018           0.266     0.981     1.547     2.286     2.666     3.578     4.805     6.611
   9.000     99988         0     99990           0.260     0.994     1.617     2.333     2.722     3.736     5.509    10.625
  10.000     99996         0     99995           0.250     0.971     1.508     2.253     2.623     3.572     4.977     9.863
  11.001    100013         0    100005           0.248     0.997     1.556     2.316     2.697     3.658     5.128     9.732
  12.001     99986         0     99989           0.255     0.976     1.508     2.263     2.619     3.514     4.977     9.929
  13.001     99999         0    100005           0.263     0.952     1.465     2.241     2.613     3.535     4.760     9.200
  14.000    100003         0    100003           0.238     0.955     1.498     2.251     2.611     3.471     4.661     7.234
  15.000     99999         0     99996           0.256     0.956     1.482     2.238     2.609     3.588     4.801     6.808
  16.000    100016         0    100016           0.262     0.956     1.474     2.222     2.576     3.490     4.768     8.446
  17.001     99985         0     99984           0.252     0.944     1.484     2.230     2.566     3.385     4.628     7.475
  18.001    100001         0     99999           0.242     0.967     1.513     2.271     2.640     3.635     5.145     7.942
  19.000    100003         0    100010           0.253     0.979     1.584     2.306     2.697     3.633     4.874     8.724
  20.001    100004         0    100002           0.249     0.954     1.498     2.259     2.619     3.607     4.997     8.839
  21.001     99982         0     99979           0.250     0.965     1.485     2.238     2.597     3.461     4.645    10.166
  22.000    100040         0    100040           0.249     0.969     1.530     2.277     2.654     3.615     5.087     8.196
  23.001    100003         0    100000           0.262     0.964     1.478     2.249     2.603     3.504     4.780     7.361
  24.001     99977         0     99982           0.248     0.964     1.505     2.275     2.640     3.604     4.772     6.881
  25.000    100005         0    100003           0.263     0.960     1.453     2.222     2.585     3.469     4.755     7.483
  26.000     99988         0     99985           0.261     0.991     1.592     2.316     2.693     3.672     5.149     8.192
  27.001     99979         0     99984           0.254     0.953     1.426     2.189     2.546     3.394     4.747     7.856
  28.001    100008         0    100011           0.257     0.974     1.531     2.284     2.656     3.566     4.989     8.376
  29.001    100030         0    100021           0.249     0.984     1.550     2.279     2.671     3.615     4.956     7.447
  30.001     99981         0     99988           0.242     0.965     1.482     2.236     2.591     3.465     4.682     7.143
  31.000     99993         0     99995           0.260     0.967     1.499     2.241     2.607     3.561     4.866     7.684
  32.001    100013         0    100003           0.271     1.040     1.660     2.361     2.763     3.701     4.948     8.610
  33.001     99998         0    100006           0.263     0.974     1.513     2.271     2.642     3.555     4.850     8.032
  34.001     99999         0     99995           0.252     0.973     1.508     2.253     2.609     3.480     4.612     6.783
  35.000    100005         0    100004           0.250     0.973     1.518     2.271     2.660     3.674     4.878     7.844
  36.001     99987         0     99984           0.271     0.977     1.516     2.269     2.623     3.537     4.682     7.111
  37.001    100027         0    100032           0.258     0.974     1.522     2.281     2.677     3.682     5.018     8.270
  38.001     99981         0     99978           0.268     0.954     1.434     2.187     2.542     3.418     4.674    10.240
  39.000    100001         0    100002           0.258     0.970     1.518     2.281     2.658     3.660     4.878     8.045
  40.001     99994         0     99995           0.271     0.946     1.398     2.167     2.531     3.408     4.645     8.311
  41.000     99993         0     99995           0.257     0.980     1.586     2.314     2.691     3.641     5.210     9.273
  42.000     99999         0    100000           0.267     0.956     1.450     2.206     2.578     3.533     4.887     7.258
  43.000     99996         0     99996           0.260     0.975     1.535     2.275     2.646     3.553     4.801     7.254
  44.000    100004         0    100006           0.249     0.959     1.473     2.230     2.599     3.543     4.776     7.266
  45.000    100017         0    100013           0.252     0.953     1.480     2.238     2.611     3.545     4.714     7.217
  46.001    100005         0    100004           0.251     0.948     1.454     2.220     2.585     3.564     4.919     9.626
  47.000     99987         0     99988           0.242     0.943     1.448     2.202     2.570     3.504     4.755     7.688
  48.000    100015         0    100017           0.256     0.953     1.484     2.230     2.576     3.484     4.768     7.688
  49.001     99979         0     99978           0.262     0.945     1.465     2.216     2.599     3.529     4.895     9.232
  50.001    100020         0    100018           0.252     0.944     1.467     2.226     2.585     3.492     4.719     8.643
  51.000     99998         0     99996           0.259     0.909     1.343     2.116     2.464     3.303     4.567     7.913
  52.001     99989         0     99989           0.248     0.932     1.464     2.232     2.597     3.553     4.932     7.778
  53.000     99991         0     99991           0.264     0.925     1.379     2.165     2.531     3.439     4.555     6.836
  54.000    100007         0    100008           0.257     0.946     1.451     2.220     2.578     3.475     4.649     6.947
  55.000    100004         0    100005           0.255     0.962     1.469     2.238     2.601     3.518     4.809     8.487
  56.001    100001         0    100000           0.258     0.961     1.486     2.247     2.619     3.531     4.813     7.307
  57.000     99989         0     99992           0.255     0.940     1.438     2.214     2.580     3.543     5.071     8.503
  58.000    100006         0    100004           0.252     0.970     1.511     2.257     2.623     3.494     4.739     9.232
  59.000    100004         0    100008           0.253     0.962     1.496     2.228     2.615     3.576     4.821     6.656
  60.000    100001         0    100000           0.252     0.958     1.444     2.200     2.564     3.426     4.760     6.496
  61.000    100013         0    100014           0.243     0.951     1.491     2.241     2.615     3.631     4.993     8.241
  62.001    100016         0    100013           0.267     0.961     1.486     2.216     2.591     3.484     4.846     6.910
  63.001     99959         0     99956           0.250     0.972     1.500     2.257     2.648     3.676     4.911     7.565
  64.000    100013         0    100014           0.270     0.934     1.395     2.152     2.507     3.373     4.678     6.574
  65.000    100004         0    100004           0.262     0.948     1.461     2.222     2.591     3.551     4.891     7.475
  66.000     99997         0     99996           0.275     0.932     1.408     2.185     2.552     3.521     4.813     7.217
  67.001     99984         0     99978           0.270     0.956     1.486     2.243     2.621     3.607     5.046     7.176
  68.000    100016         0    100025           0.261     0.964     1.449     2.212     2.591     3.629     4.981     7.320
  69.001    100008         0    100004           0.263     0.977     1.537     2.273     2.646     3.512     4.780     6.898
  70.000    100005         0    100006           0.254     0.931     1.414     2.189     2.552     3.498     4.927     8.024
  71.000     99968         0     99968           0.265     0.971     1.503     2.259     2.617     3.496     4.862     8.978
  72.000    100014         0    100015           0.263     0.948     1.438     2.208     2.597     3.656     5.308    11.289
  73.001     99991         0     99990           0.261     1.007     1.571     2.296     2.666     3.592     5.054     8.106
  74.000    100002         0    100004           0.268     0.972     1.498     2.238     2.628     3.666     5.042     8.692
  75.000     99995         0     99994           0.256     0.930     1.421     2.195     2.585     3.580     5.214     8.790
  76.000     99996         0     99998           0.248     0.946     1.473     2.230     2.591     3.541     4.841     7.467
  77.000    100025         0    100025           0.255     0.940     1.408     2.163     2.533     3.506     4.989     8.147
  78.001    100008         0    100008           0.263     0.944     1.469     2.226     2.591     3.529     4.846     9.069
  79.001     99995         0     99989           0.258     0.937     1.441     2.195     2.570     3.496     4.903     7.844
  80.000     99987         0     99995           0.263     0.955     1.526     2.253     2.628     3.514     4.977     9.814
  81.001    100004         0    100003           0.261     0.933     1.401     2.167     2.519     3.414     4.731     6.779
  82.000    100014         0    100013           0.275     0.951     1.476     2.232     2.603     3.488     4.833     7.778
  83.001    100002         0     99995           0.237     0.943     1.454     2.228     2.595     3.541     4.997     7.856
  84.001    100003         0    100006           0.238     0.949     1.455     2.212     2.576     3.445     4.674     6.275
  85.000     99981         0     99984           0.277     0.945     1.446     2.202     2.568     3.510     4.891     7.279
  86.001     99998         0     99988           0.274     0.975     1.498     2.249     2.615     3.521     5.038     7.782
  87.000     99997         0    100009           0.269     0.965     1.488     2.241     2.623     3.611     5.059     8.544
  88.001    100007         0    100003           0.264     0.953     1.434     2.189     2.540     3.426     4.760     8.790
  89.001    100000         0    100001           0.273     0.973     1.534     2.263     2.619     3.512     4.801     9.282
  90.000    100024         0    100029           0.260     0.953     1.432     2.189     2.542     3.414     4.694     9.060
  91.001     99942         0     99932           0.264     0.974     1.465     2.228     2.591     3.541     4.821     7.643
  92.000    100023         0    100019           0.269     0.959     1.482     2.200     2.554     3.457     4.936     8.536
  93.001    100002         0    100007           0.254     0.954     1.467     2.222     2.574     3.465     4.825     7.860
  94.001    100010         0    100012           0.259     0.951     1.458     2.210     2.562     3.459     4.731     7.455
  95.001    100002         0    100005           0.241     0.955     1.474     2.232     2.595     3.504     4.739     7.819
  96.001    100002         0     99998           0.258     0.949     1.438     2.187     2.537     3.471     4.731     7.414
  97.001     99989         0     99993           0.269     0.948     1.454     2.220     2.578     3.498     4.755     7.987
  98.000    100014         0    100011           0.256     0.933     1.394     2.144     2.499     3.396     4.424     7.483
  99.000     99934         0     99935           0.250     0.931     1.416     2.183     2.540     3.422     4.686     6.898
 100.001    100077         0    100070           0.256     0.943     1.431     2.187     2.558     3.488     4.796     9.019
 101.000     99991         0     99998           0.262     0.944     1.411     2.169     2.523     3.434     4.743     7.533
 102.000    100015         0    100016           0.254     0.963     1.475     2.232     2.611     3.570     4.932     8.008
 103.001     99969         0     99964           0.268     0.935     1.398     2.167     2.521     3.391     4.653     9.503
 104.001     99993         0     99999           0.268     0.945     1.452     2.218     2.580     3.512     4.772     7.434
 105.001    100013         0    100012           0.267     0.971     1.501     2.241     2.603     3.547     4.792     7.832
 106.001    100006         0    100008           0.263     0.956     1.442     2.202     2.558     3.391     4.690     6.906
 107.001     99985         0     99982           0.260     0.952     1.464     2.222     2.599     3.566     4.956     9.765
 108.000    100025         0    100031           0.262     0.933     1.423     2.185     2.540     3.400     4.686     6.558
 109.000     99982         0     99981           0.250     0.925     1.405     2.171     2.537     3.490     4.764     7.496
 110.001     99968         0     99967           0.243     0.955     1.445     2.183     2.546     3.420     4.739     7.537
 111.001    100050         0    100039           0.263     0.966     1.468     2.214     2.580     3.516     4.927     8.970
 112.001     99995         0    100006           0.256     0.926     1.396     2.163     2.507     3.369     4.682     9.593
 113.000     99980         0     99982           0.249     0.937     1.435     2.206     2.578     3.502     4.846     9.118
 114.001    100018         0     99998           0.247     0.914     1.371     2.154     2.501     3.385     4.678     8.716
 115.001     99992         0    100009           0.245     0.940     1.435     2.206     2.572     3.475     4.657     8.016
 116.001    100008         0    100005           0.256     0.933     1.410     2.171     2.533     3.424     4.628     6.734
 117.001     99973         0     99979           0.247     0.958     1.489     2.236     2.603     3.551     4.903     7.864
 118.001    100019         0    100018           0.255     0.957     1.480     2.232     2.601     3.521     4.854     7.991
 119.001    100000         0     99993           0.262     0.975     1.521     2.245     2.615     3.545     4.899     7.496
 120.001    100005         0    100012           0.272     0.941     1.444     2.202     2.554     3.480     4.743     6.939
 121.001    100009         0    100001           0.262     0.920     1.389     2.148     2.515     3.418     4.702     8.749
 122.000     99989         0     99994           0.235     0.965     1.505     2.238     2.630     3.611     4.805     7.164
 123.000    100003         0    100008           0.256     0.944     1.438     2.198     2.556     3.492     4.846     7.733
 124.001     99980         0     99974           0.258     0.935     1.427     2.191     2.550     3.486     4.862     7.111
 125.001    100012         0    100018           0.253     0.931     1.437     2.212     2.572     3.422     4.649     7.451
 126.000     99992         0     99992           0.251     0.924     1.383     2.150     2.486     3.342     4.534     7.528
 127.000     99966         0     99963           0.253     0.944     1.452     2.214     2.591     3.539     4.878     8.675
 128.001    100060         0    100058           0.258     0.939     1.447     2.200     2.564     3.506     4.854     9.241
 129.001     99965         0     99965           0.259     0.931     1.412     2.173     2.535     3.449     4.862    10.183
 130.001    100021         0    100023           0.255     0.937     1.434     2.195     2.554     3.453     4.710     7.217
 131.000    100020         0    100018           0.247     0.923     1.406     2.183     2.542     3.488     4.903     9.339
 132.001     99948         0     99953           0.272     0.941     1.404     2.159     2.517     3.482     4.825     8.053
 133.001    100047         0    100040           0.244     0.981     1.523     2.271     2.644     3.582     4.989     7.696
 134.001     99983         0     99986           0.265     0.934     1.407     2.161     2.509     3.391     4.669     8.057
 135.001     99993         0     99991           0.250     0.953     1.462     2.230     2.628     3.664     4.973     8.430
 136.001    100010         0    100007           0.260     0.937     1.422     2.200     2.570     3.539     4.923     8.692
 137.001    100001         0     99998           0.243     0.943     1.439     2.193     2.574     3.564     4.780     6.762
 138.001     99984         0     99990           0.270     0.987     1.535     2.269     2.630     3.531     4.887     7.750
 139.000    100014         0    100012           0.262     0.941     1.432     2.179     2.566     3.549     4.817     7.442
 140.000     99991         0     99994           0.260     0.995     1.567     2.290     2.683     3.656     5.136     8.487
 141.000    100007         0    100010           0.263     0.938     1.411     2.179     2.556     3.523     5.087     7.709
 142.000    100000         0     99997           0.245     0.965     1.469     2.247     2.636     3.568     4.858     6.533
 143.000     99973         0     99972           0.257     0.956     1.482     2.238     2.607     3.555     4.780     6.582
 144.001    100021         0    100022           0.268     0.941     1.421     2.187     2.552     3.498     4.829     8.774
 145.001     99993         0     99989           0.250     0.766     1.072     1.901     2.241     3.027     4.264     6.177
 146.001    100025         0    100025           0.247     0.777     1.101     1.956     2.273     3.088     4.297     7.033
 147.000     99978         0     99986           0.242     0.775     1.084     1.889     2.226     2.966     4.178     6.373
 148.001    100023         0    100014           0.261     0.789     1.116     1.961     2.277     3.066     4.151     5.562
 149.001    100006         0    100012           0.241     0.770     1.085     1.916     2.257     3.064     4.309     7.029
 150.001     99998         0     99996           0.249     0.766     1.069     1.857     2.202     2.933     4.096     5.681
 151.000     99997         0    100001           0.254     0.777     1.123     2.020     2.320     3.156     4.248     7.238
 152.000    100004         0    100001           0.259     0.763     1.062     1.858     2.204     2.959     4.131     5.796
 153.001     99982         0     99983           0.243     0.782     1.139     1.997     2.306     3.133     4.293     6.369
 154.001    100020         0    100019           0.250     0.778     1.077     1.882     2.228     2.945     4.090     5.943
 155.001     99992         0     99989           0.262     0.757     1.052     1.878     2.216     3.000     4.207     6.623
 156.000    100017         0    100020           0.246     0.776     1.094     1.935     2.257     2.972     4.153     6.357
 157.000     99996         0     99995           0.247     0.791     1.118     1.956     2.284     3.125     4.370     7.221
 158.001     99997         0     99997           0.236     0.755     1.032     1.791     2.161     2.890     4.104     6.472
 159.001     99972         0     99968           0.246     0.799     1.142     2.006     2.331     3.158     4.354     6.283
 160.001    100033         0    100035           0.238     0.768     1.060     1.819     2.177     2.906     4.018     5.710
 161.000     99992         0     99996           0.243     0.772     1.073     1.909     2.234     2.925     4.057     6.177
 162.000     99999         0     99996           0.250     0.765     1.077     1.928     2.259     3.060     4.276     6.210
 163.001     99997         0     99994           0.247     0.774     1.143     2.132     2.818    16.777   160.563   208.536
 164.000    100009         0    100013           0.261     0.758     1.069     1.928     2.251     3.039     4.162     6.365
 165.000     99991         0     99993           0.253     0.762     1.068     1.880     2.224     2.943     4.139     6.521
 166.000     99993         0     99993           0.264     0.776     1.102     1.959     2.275     3.015     4.151     6.177
 167.001    100016         0    100010           0.251     0.765     1.056     1.835     2.193     2.865     4.041     5.788
 168.001    100000         0     99997           0.255     0.782     1.129     2.000     2.310     3.185     4.379     6.709
 169.000     99990         0    100000           0.257     0.769     1.046     1.777     2.165     2.853     4.006     7.217
 170.001     99997         0     99995           0.252     0.771     1.104     1.947     2.263     3.006     4.166     6.529
 171.001    100019         0    100008           0.249     0.740     1.021     1.804     2.175     2.867     3.944     6.001
 172.000     99951         0     99962           0.241     0.746     1.050     1.890     2.222     2.900     4.018     5.485
 173.001    100048         0    100039           0.247     0.779     1.089     1.907     2.245     3.006     4.198     6.623
 174.001     99989         0     99996           0.238     0.767     1.059     1.857     2.216     2.925     3.965     7.795
 175.001     99986         0     99977           0.247     0.780     1.102     1.938     2.281     3.045     4.268     6.697
 176.001    100028         0    100032           0.246     0.785     1.096     1.883     2.228     2.935     4.096     7.336
 177.000     99990         0     99995           0.251     0.801     1.132     1.962     2.286     3.047     4.235     6.705
 178.001     99990         0     99983           0.248     0.776     1.083     1.887     2.234     3.009     4.073     6.517
 179.000    100016         0    100024           0.255     0.769     1.094     1.966     2.275     3.060     4.211     7.377
 180.000    100009         0    100012           0.254     0.769     1.083     1.845     2.195     2.843     3.953     6.234
 181.001     99986         0     99981           0.255     0.764     1.099     1.975     2.269     3.072     4.252     6.418
 182.000    100012         0    100010           0.252     0.748     1.029     1.795     2.175     2.841     3.985     5.755
 183.001     99962         0     99969           0.254     0.788     1.150     2.003     2.322     3.176     4.354     6.754
 184.001    100043         0    100040           0.260     0.753     1.040     1.848     2.204     2.931     4.065     5.747
 185.000     99965         0     99967           0.256     0.763     1.053     1.875     2.214     2.894     4.024     5.239
 186.001    100008         0    100001           0.245     0.762     1.062     1.915     2.238     3.004     4.137     6.062
 187.000    100016         0    100018           0.249     0.754     1.052     1.874     2.218     2.953     4.207    10.355
 188.000     99979         0     99981           0.262     0.775     1.102     1.978     2.290     3.095     4.231     5.923
 189.000    100007         0    100010           0.245     0.765     1.058     1.860     2.226     2.929     3.967     7.111
 190.001     99988         0     99987           0.264     0.795     1.123     1.968     2.306     3.086     4.227     7.328
 191.001    100027         0    100022           0.259     0.769     1.049     1.795     2.169     2.873     3.922     5.718
 192.000     99981         0     99985           0.258     0.773     1.096     1.959     2.271     3.090     4.239     6.533
 193.001    100014         0    100010           0.264     0.746     1.023     1.786     2.167     2.875     4.024     7.053
 194.001     99983         0     99988           0.250     0.769     1.087     1.953     2.261     3.023     4.069     5.997
 195.000     99994         0     99993           0.260     0.767     1.045     1.790     2.173     2.828     3.979     7.274
 196.001    100012         0    100011           0.265     0.774     1.091     1.940     2.267     3.029     4.084     7.135
 197.000    100015         0    100016           0.248     0.763     1.072     1.911     2.238     2.929     4.039     8.307
 198.000     99991         0     99993           0.257     0.761     1.044     1.830     2.198     2.873     3.973     5.747
 199.000     99996         0     99995           0.246     0.766     1.081     1.949     2.259     2.968     4.088     6.730
 200.000    100012         0    100014           0.258     0.762     1.065     1.874     2.220     2.957     4.084     5.984
 201.000     99997         0     99996           0.250     0.753     1.065     1.936     2.249     2.966     4.116     6.787
 202.000     99981         0     99980           0.258     0.756     1.032     1.806     2.175     2.900     4.071     6.369
 203.000     99983         0     99983           0.263     0.756     1.074     1.928     2.243     2.966     4.094     6.193
 204.000    100022         0    100020           0.250     0.748     1.010     1.727     2.130     2.714     3.801     6.734
 205.000    100003         0    100006           0.248     0.761     1.060     1.908     2.230     2.996     4.080     5.755
 206.001    100005         0    100006           0.264     0.772     1.062     1.830     2.204     2.922     4.004     6.738
 207.001    100006         0     99989           0.248     0.761     1.068     1.914     2.234     3.029     4.139     5.906
 208.000     99991         0    100004           0.245     0.754     1.040     1.854     2.191     2.843     3.959     6.136
 209.001    100001         0     99996           0.254     0.755     1.055     1.882     2.210     2.986     4.129     6.742
 210.001    100006         0    100009           0.259     0.748     1.053     1.881     2.208     2.871     3.973     5.943
 211.001    100007         0    100011           0.260     0.753     1.039     1.871     2.200     2.914     4.082     6.066
 212.000     99986         0     99982           0.249     0.773     1.087     1.956     2.271     3.000     4.153     6.304
 213.001     99993         0     99995           0.251     0.782     1.095     1.885     2.222     2.873     3.981     5.685
 214.000     99999         0     99997           0.257     0.766     1.068     1.926     2.234     2.949     4.108     5.558
 215.001    100002         0    100007           0.262     0.756     1.020     1.757     2.152     2.740     3.690     6.611
 216.000     99984         0     99982           0.260     0.782     1.106     1.980     2.292     3.101     4.223     6.296
 217.000    100017         0    100019           0.254     0.761     1.043     1.803     2.175     2.812     3.826     5.730
 218.001     99996         0     99987           0.264     0.776     1.089     1.961     2.277     3.049     4.202     5.906
 219.001    100013         0    100021           0.258     0.778     1.090     1.934     2.261     2.980     4.141     6.640
 220.001    100011         0    100011           0.251     0.766     1.064     1.885     2.224     2.974     4.129     6.758
 221.001     99999         0     99996           0.255     0.766     1.080     1.934     2.241     2.945     4.164     6.087
 222.000     99985         0     99987           0.255     0.772     1.081     1.945     2.255     2.970     4.028     5.480
 223.000    100012         0    100012           0.244     0.786     1.102     1.955     2.275     2.968     3.965     5.669
 224.000    100005         0    100009           0.237     0.788     1.107     1.959     2.279     3.019     4.114     7.324
 225.000     99999         0     99994           0.257     0.768     1.075     1.927     2.251     3.043     4.219     6.144
 226.001     99982         0     99985           0.256     0.760     1.061     1.918     2.228     2.898     3.994     5.521
 227.000     99983         0     99984           0.260     0.772     1.095     1.969     2.279     3.049     4.202     5.710
 228.001    100037         0    100031           0.242     0.770     1.054     1.876     2.214     2.884     4.037     5.505
 229.001     99968         0     99968           0.238     0.778     1.105     1.967     2.298     3.105     4.264     6.390
 230.001    100016         0    100019           0.254     0.778     1.076     1.902     2.243     2.914     3.914     6.046
 231.001     99990         0     99990           0.262     0.783     1.117     1.976     2.290     3.068     4.162     6.402
 232.001    100040         0    100035           0.260     0.752     1.043     1.887     2.220     2.939     4.082     6.124
 233.001     99996         0     99994           0.255     0.757     1.067     1.939     2.247     2.925     4.030     6.091
 234.000     99989         0     99996           0.251     0.752     1.055     1.933     2.247     2.951     4.073     6.013
 235.000     99997         0     99998           0.255     0.748     1.043     1.918     2.238     2.935     4.073     6.476
 236.000     99975         0     99977           0.253     0.752     1.056     1.929     2.241     2.945     4.063     6.156
 237.000    100013         0    100013           0.248     0.745     1.031     1.855     2.185     2.867     3.953     7.098
 238.000     99992         0     99989           0.254     0.750     1.048     1.927     2.243     2.957     4.010     6.357
 239.000    100011         0    100012           0.254     0.741     1.013     1.819     2.169     2.773     3.731     5.575
 240.000     99989         0     99989           0.250     0.771     1.114     1.947     2.251     3.011     4.063     7.410
 241.000    100015         0    100015           0.249     0.773     1.068     1.910     2.232     2.900     3.875     6.697
 242.001     99967         0     99965           0.253     0.765     1.068     1.901     2.232     2.892     3.949     5.599
 243.000    100008         0    100006           0.260     0.794     1.123     1.955     2.277     2.972     4.131     5.800
 244.001    100031         0    100033           0.258     0.766     1.065     1.904     2.241     2.910     3.971     5.898
 245.000     99994         0     99994           0.252     0.766     1.070     1.927     2.255     3.041     4.151     6.705
 246.001    100019         0    100007           0.266     0.780     1.099     1.967     2.269     2.929     4.065     5.538
 247.000     99961         0     99973           0.264     0.790     1.104     1.974     2.281     2.990     4.041     5.738
 248.000    100004         0    100003           0.252     0.782     1.092     1.929     2.253     2.939     4.049     5.833
 249.001     99998         0     99999           0.258     0.783     1.098     1.959     2.292     3.058     4.256     7.680
 250.001    100017         0    100013           0.239     0.769     1.047     1.836     2.195     2.834     3.830     5.808
 251.001    100001         0    100003           0.263     0.809     1.135     1.961     2.296     3.121     4.276     6.271
 252.001     99987         0     99986           0.262     0.760     1.036     1.827     2.183     2.820     3.811     6.947
 253.001     99979         0     99981           0.264     0.781     1.089     1.934     2.271     2.988     4.104     6.042
 254.000    100024         0    100028           0.255     0.785     1.080     1.893     2.228     2.882     3.924     5.636
 255.000     99989         0     99988           0.230     0.764     1.042     1.840     2.195     2.873     4.024     5.779
 256.000    100019         0    100016           0.254     0.769     1.067     1.925     2.245     2.931     4.022     6.439
 257.001     99991         0     99995           0.264     0.778     1.074     1.930     2.257     2.937     4.071     5.698
 258.000    100027         0    100027           0.258     0.773     1.080     1.940     2.247     2.933     4.022     5.759
 259.000     99975         0     99972           0.265     0.820     1.150     1.972     2.286     2.951     3.914     6.394
 260.000    100003         0    100002           0.263     0.783     1.087     1.931     2.247     2.959     4.045     5.706
 261.001     99993         0     99994           0.251     0.775     1.079     1.915     2.230     2.867     3.906     6.357
 262.000     99987         0     99989           0.253     0.773     1.070     1.901     2.234     2.912     4.002     7.680
 263.000    100010         0    100009           0.250     0.784     1.102     1.968     2.279     2.974     4.018     7.217
 264.001    100016         0    100007           0.262     0.756     1.043     1.875     2.198     2.791     3.801     5.562
 265.001     99988         0     99995           0.268     0.764     1.048     1.853     2.198     2.857     3.908     5.509
 266.001     99991         0     99987           0.262     0.778     1.067     1.886     2.230     2.884     3.914     6.119
 267.001    100005         0    100005           0.258     0.788     1.093     1.936     2.263     2.959     4.008     5.677
 268.000    100019         0    100025           0.267     0.763     1.042     1.860     2.195     2.832     3.932     5.448
 269.000    100007         0    100006           0.245     0.778     1.077     1.922     2.245     3.004     4.112     5.788
 270.000     99983         0     99983           0.265     0.769     1.070     1.906     2.234     2.933     3.885     5.915
 271.001     99995         0     99994           0.266     0.771     1.066     1.905     2.243     2.968     4.090     6.689
 272.000    100015         0    100018           0.254     0.781     1.078     1.886     2.226     2.853     3.883     6.083
 273.000     99999         0     99996           0.248     0.786     1.116     1.929     2.249     2.933     4.092     6.623
 274.001     99999         0    100003           0.252     0.761     1.044     1.850     2.200     2.845     3.809     5.689
 275.000     99985         0     99982           0.249     0.785     1.095     1.949     2.257     2.951     4.055     5.968
 276.001    100011         0    100011           0.257     0.755     1.021     1.809     2.181     2.867     3.883     5.693
 277.001     99999         0     99992           0.252     0.763     1.080     1.952     2.263     2.947     4.059     6.353
 278.001    100011         0    100017           0.261     0.766     1.054     1.862     2.216     2.830     3.916     5.972
 279.001     99973         0     99973           0.259     0.770     1.050     1.817     2.193     2.808     3.860     7.643
 280.000    100034         0    100037           0.249     0.769     1.068     1.942     2.253     2.953     3.949     6.279
 281.000     99964         0     99962           0.241     0.763     1.032     1.811     2.177     2.777     3.856     5.325
 282.001    100001         0    100001           0.255     0.763     1.061     1.934     2.241     2.869     3.848     5.648
 283.000    100025         0    100028           0.244     0.756     1.029     1.804     2.177     2.806     3.893     6.263
 284.000     99975         0     99974           0.262     0.773     1.069     1.940     2.253     2.898     3.852     5.579
 285.001    100043         0    100036           0.256     0.764     1.039     1.839     2.198     2.836     3.809     5.386
 286.001     99988         0     99996           0.254     0.754     1.035     1.854     2.191     2.769     3.774     5.497
 287.001     99985         0     99985           0.252     0.769     1.060     1.889     2.224     2.933     3.934     6.705
 288.001     99995         0     99990           0.238     0.797     1.110     1.946     2.267     2.949     4.051     5.562
 289.000     99994         0     99997           0.261     0.761     1.037     1.823     2.193     2.843     3.848     6.283
 290.001     99989         0     99990           0.251     0.773     1.058     1.875     2.214     2.896     4.012     5.870
 291.001    100017         0    100013           0.251     0.787     1.098     1.910     2.245     2.912     4.018     6.746
 292.000    100003         0    100007           0.272     0.805     1.108     1.887     2.236     2.845     3.932     5.325
 293.001    100006         0     99998           0.248     0.793     1.118     1.960     2.271     2.931     3.971     5.779
 294.001     99993         0    100002           0.241     0.764     1.047     1.864     2.212     2.816     3.908     5.448
 295.000     99973         0     99969           0.261     0.764     1.066     1.922     2.232     2.933     3.924     6.001
 296.000    100031         0    100031           0.249     0.758     1.036     1.827     2.179     2.781     3.830     6.103
 297.001    100000         0     99992           0.253     0.770     1.054     1.878     2.216     2.857     3.912     5.763
 298.001    100000         0    100006           0.249     0.771     1.059     1.855     2.208     2.830     3.832     5.571
 299.000     99993         0     99995           0.255     0.776     1.079     1.935     2.257     2.959     4.043     6.267
 300.000     99986         0     99987           0.254     0.770     1.052     1.805     2.187     2.900     3.957     6.730
 301.000    100024         0    100025           0.251     0.765     1.085     1.950     2.253     2.912     3.903     5.845
 302.000    100013         0    100013           0.233     0.750     1.030     1.838     2.183     2.894     3.992     5.607
 303.000     99971         0     99972           0.256     0.769     1.072     1.916     2.230     2.925     3.987     5.784
 304.001    100009         0    100004           0.258     0.759     1.052     1.826     2.187     2.830     3.893     5.603
 305.000    100021         0    100026           0.255     0.770     1.063     1.869     2.220     2.884     3.891     5.558
 306.001     99975         0     99976           0.269     0.834     1.195     2.015     2.331     3.090     4.172     7.635
 307.000    100003         0    100001           0.253     0.753     1.026     1.826     2.171     2.779     3.822     6.140
 308.000    100008         0    100009           0.262     0.783     1.082     1.902     2.234     2.890     4.016     5.542
 309.001    100016         0    100011           0.247     0.761     1.040     1.845     2.198     2.812     3.836     5.566
 310.000     99994         0     99997           0.247     0.765     1.058     1.871     2.208     2.892     4.018     6.603
 311.001     99965         0     99966           0.254     0.760     1.034     1.800     2.175     2.796     3.844     6.898
 312.001    100006         0    100000           0.243     0.782     1.081     1.914     2.249     2.908     4.082     6.578
 313.000    100026         0    100030           0.264     0.804     1.097     1.807     2.200     2.820     3.897     5.710
 314.000     99993         0     99995           0.268     0.799     1.128     1.949     2.277     2.966     4.129     5.767
 315.001     99989         0     99985           0.239     0.775     1.053     1.793     2.177     2.787     3.758     5.968
 316.001    100006         0    100002           0.260     0.765     1.043     1.850     2.198     2.769     3.758     5.874
 317.000     99993         0    100000           0.234     0.770     1.067     1.904     2.224     2.863     4.053     6.042
 318.000    100007         0    100011           0.245     0.751     1.010     1.774     2.157     2.777     3.895     5.575
 319.000     99993         0     99994           0.255     0.762     1.036     1.831     2.185     2.863     3.959     5.562
 320.000    100007         0    100009           0.246     0.778     1.070     1.887     2.232     2.939     3.946     5.714
 321.000     99998         0     99996           0.249     0.787     1.093     1.896     2.230     2.920     4.016     5.825
 322.000     99992         0     99991           0.252     0.760     1.038     1.843     2.185     2.771     3.738     5.984
 323.000    100016         0    100017           0.255     0.750     1.029     1.875     2.208     2.841     3.979     6.713
 324.001     99992         0     99986           0.262     0.763     1.034     1.781     2.159     2.746     3.795     6.361
 325.001    100004         0    100009           0.255     0.771     1.072     1.936     2.263     2.945     4.071     5.808
 326.001     99985         0     99981           0.241     0.748     1.017     1.761     2.144     2.730     3.817     6.062
 327.001     99998         0    100004           0.239     0.756     1.037     1.878     2.208     2.882     3.865     6.066
 328.000    100023         0    100020           0.259     0.763     1.039     1.840     2.206     2.968     4.047     6.705
 329.000     99991         0     99990           0.267     0.763     1.042     1.872     2.202     2.845     3.848     5.321
 330.001     99999         0     99997           0.253     0.760     1.038     1.881     2.218     2.931     4.153     6.517
 331.000    100013         0    100018           0.255     0.773     1.081     1.879     2.212     2.886     3.881     6.447
 332.001    100001         0     99994           0.257     0.767     1.051     1.867     2.218     2.914     4.014     6.652
 333.001     99967         0     99975           0.264     0.764     1.053     1.881     2.212     2.863     3.817     6.418
 334.001    100026         0    100018           0.255     0.781     1.089     1.858     2.206     2.869     4.014     5.771
 335.001     99982         0     99982           0.250     0.768     1.054     1.828     2.189     2.824     3.916     6.291
 336.001    100012         0    100015           0.260     0.779     1.087     1.960     2.269     2.937     3.965     6.480
 337.001    100002         0     99994           0.264     0.776     1.055     1.818     2.187     2.857     3.975     5.472
 338.001     99998         0    100007           0.257     0.775     1.078     1.936     2.259     3.009     4.098     5.767
 339.001     99994         0     99997           0.258     0.761     1.025     1.766     2.161     2.773     3.897     5.571
 340.000     99975         0     99974           0.255     0.758     1.047     1.887     2.206     2.851     3.865     6.009
 341.000    100019         0    100020           0.265     0.764     1.048     1.875     2.214     2.894     3.963     5.968
 342.001    100024         0    100025           0.250     0.747     1.017     1.822     2.179     2.796     3.881     5.382
 343.000     99993         0     99992           0.255     0.760     1.052     1.894     2.222     2.931     4.055     6.701
 344.001    100007         0    100005           0.245     0.767     1.064     1.894     2.226     2.882     3.885     6.173
 345.000     99982         0     99983           0.257     0.762     1.053     1.906     2.220     2.871     4.018     6.410
 346.001     99997         0     99995           0.254     0.759     1.034     1.815     2.179     2.841     3.928     5.497
 347.000    100004         0     99999           0.254     0.780     1.087     1.948     2.249     2.888     3.885     5.951
 348.000    100015         0    100023           0.244     0.778     1.060     1.832     2.200     2.839     3.889     6.509
 349.000    100011         0    100009           0.260     0.796     1.125     2.002     2.304     3.006     4.123     6.095
 350.000     99982         0     99982           0.231     0.767     1.035     1.806     2.175     2.791     3.940     6.259
 351.000     99984         0     99985           0.252     0.764     1.071     1.911     2.236     2.888     4.051     7.148
 352.001    100035         0    100035           0.268     0.773     1.063     1.887     2.224     2.863     3.981     6.447
 353.001     99972         0     99969           0.254     0.771     1.058     1.858     2.202     2.855     3.906     6.382
 354.001     99997         0     99997           0.268     0.785     1.083     1.914     2.238     2.853     3.914     5.554
 355.000    100018         0    100020           0.264     0.764     1.025     1.780     2.152     2.742     3.789     6.468
 356.001     99995         0     99992           0.257     0.793     1.103     1.944     2.257     2.937     3.936     6.349
 357.000    100005         0    100009           0.268     0.781     1.074     1.895     2.232     2.863     3.932     7.270
 358.000     99980         0     99982           0.258     0.767     1.048     1.871     2.208     2.906     4.002     6.861
 359.000     99987         0     99983           0.267     0.771     1.057     1.870     2.212     2.873     3.908     6.255
 360.001    100029         0    100028           0.266     0.773     1.066     1.910     2.232     2.863     3.893     5.435
 361.000    100002         0    100007           0.254     0.795     1.102     1.871     2.234     2.902     4.004     5.435
 362.000     99985         0     99982           0.249     0.748     1.028     1.891     2.210     2.906     3.998     7.066
 363.000    100015         0    100017           0.264     0.755     1.035     1.839     2.183     2.812     3.879     5.845
 364.000     99991         0     99990           0.262     0.759     1.066     1.898     2.218     2.865     3.942     6.271
 365.001    100000         0    100000           0.261     0.755     1.036     1.882     2.210     2.816     3.903     6.709
 366.000    100014         0    100016           0.245     0.776     1.054     1.858     2.210     2.894     3.916     6.509
 367.000     99994         0     99993           0.258     0.774     1.062     1.892     2.218     2.869     4.096     6.738
 368.001     99996         0     99997           0.261     0.773     1.059     1.885     2.224     2.861     3.832     5.734
 369.001    100013         0    100009           0.247     0.786     1.089     1.934     2.251     2.927     4.033     5.485
 370.000     99992         0     99990           0.241     0.778     1.063     1.865     2.220     2.912     3.916     6.894
 371.000     99994         0     99999           0.247     0.797     1.119     1.964     2.275     2.951     3.985     5.992
 372.000    100006         0    100008           0.251     0.757     1.023     1.803     2.173     2.836     3.881     5.591
 373.000    100014         0    100013           0.261     0.765     1.060     1.917     2.224     2.853     3.848     5.919
 374.000     99986         0     99984           0.262     0.744     1.002     1.805     2.167     2.759     3.711     5.386
 375.000     99990         0     99992           0.247     0.763     1.050     1.893     2.218     2.857     3.975     5.591
 376.001    100000         0     99998           0.249     0.758     1.032     1.844     2.181     2.761     3.670     5.329
 377.001     99990         0     99989           0.268     0.759     1.035     1.854     2.191     2.779     3.797     5.460
 378.001    100018         0    100014           0.256     0.769     1.062     1.910     2.238     3.109     4.178     5.399
 379.001     99981         0     99980           0.258     0.758     1.041     1.863     2.193     2.793     3.912     6.300
 380.001    100008         0     99999           0.240     0.770     1.062     1.888     2.212     2.834     3.924     6.463
 381.000    100012         0    100029           0.245     0.778     1.066     1.902     2.232     2.863     3.955     6.132
 382.000    100009         0    100009           0.258     0.761     1.055     1.883     2.220     2.832     3.889     5.628
 383.000     99997         0     99996           0.261     0.775     1.053     1.835     2.193     2.810     3.809     5.849
 384.000     99987         0     99988           0.246     0.759     1.047     1.900     2.210     2.818     3.895     7.139
 385.001    100008         0     99999           0.257     0.766     1.040     1.844     2.206     2.843     3.852     6.349
 386.001     99987         0     99995           0.260     0.755     1.040     1.881     2.208     2.798     3.699     5.763
 387.001    100008         0    100005           0.244     0.744     1.010     1.835     2.189     2.836     3.901     5.906
 388.000     99976         0     99981           0.254     0.756     1.040     1.878     2.200     2.816     3.797     6.873
 389.000    100030         0    100026           0.249     0.764     1.052     1.864     2.208     2.828     3.822     5.628
 390.001     99972         0     99973           0.256     0.735     1.002     1.821     2.165     2.761     3.836     5.530
 391.000    100035         0    100037           0.250     0.756     1.053     1.874     2.208     2.877     3.998     5.956
 392.001     99985         0     99982           0.260     0.749     1.026     1.838     2.181     2.816     3.852     6.832
 393.000    100004         0    100009           0.253     0.755     1.020     1.827     2.181     2.804     3.844     5.485
 394.000    100007         0    100003           0.242     0.766     1.070     1.887     2.220     2.869     3.899     6.877
 395.000     99997         0     99999           0.244     0.773     1.072     1.929     2.249     2.980     4.172     6.578
 396.001    100001         0     99998           0.266     0.775     1.050     1.816     2.193     2.867     3.992     6.410
 397.000     99971         0     99975           0.275     0.793     1.105     1.954     2.263     2.978     4.059     6.173
 398.000    100014         0    100013           0.254     0.766     1.036     1.814     2.193     2.828     3.873     5.702
 399.000    100023         0    100022           0.253     0.783     1.076     1.905     2.241     2.888     3.951     5.427
 400.001     99969         0     99970           0.259     0.758     1.035     1.844     2.195     2.859     4.016     6.365
 401.000     99994         0     99995           0.247     0.756     1.032     1.827     2.175     2.759     3.889     5.800
 402.001    100041         0    100036           0.258     0.760     1.034     1.866     2.206     2.796     3.783     5.513
 403.000     99979         0     99986           0.255     0.758     1.028     1.789     2.167     2.763     3.744     5.562
 404.000    100010         0    100007           0.269     0.762     1.038     1.890     2.220     2.810     3.895     5.992
 405.001     99981         0     99969           0.257     0.784     1.071     1.862     2.222     2.849     3.842     5.874
 406.001    100012         0    100017           0.257     0.784     1.097     1.965     2.259     2.877     3.899     5.698
 407.001     99996         0     99994           0.266     0.753     1.010     1.759     2.148     2.783     3.824     6.128
 408.001    100004         0    100011           0.259     0.769     1.060     1.915     2.243     2.957     4.121     5.612
 409.001    100004         0    100007           0.260     0.758     1.029     1.816     2.169     2.777     3.830     5.521
 410.000     99984         0     99985           0.260     0.759     1.042     1.849     2.204     2.888     4.024     5.648
 411.000    100005         0    100003           0.269     0.758     1.027     1.825     2.187     2.775     3.840     5.636
 412.000    100022         0    100021           0.226     0.750     1.034     1.849     2.189     2.843     3.987     6.136
 413.001     99977         0     99981           0.255     0.753     1.037     1.875     2.204     2.863     3.908     5.497
 414.000     99997         0     99997           0.259     0.749     1.028     1.898     2.204     2.804     3.887     5.636
 415.001    100022         0    100017           0.236     0.738     1.001     1.829     2.171     2.765     3.770     5.390
 416.000     99990         0     99992           0.245     0.747     1.010     1.812     2.167     2.765     3.791     5.235
 417.000     99976         0     99975           0.241     0.742     1.007     1.863     2.193     2.849     3.889     5.530
 418.001     99992         0     99985           0.247     0.754     1.026     1.828     2.183     2.828     3.885     6.095
 419.000    100036         0    100041           0.255     0.771     1.072     1.932     2.251     2.974     3.965     5.337
 420.000    100007         0    100011           0.253     0.745     1.018     1.846     2.198     2.826     3.840     5.521
 421.000     99989         0     99991           0.260     0.767     1.087     1.942     2.245     2.910     4.033     6.734
 422.000     99978         0     99976           0.252     0.750     1.010     1.803     2.177     2.806     3.840     6.402
 423.000    100015         0    100014           0.254     0.760     1.044     1.898     2.224     2.879     3.918     5.521
 424.001    100018         0    100014           0.235     0.782     1.082     1.881     2.226     2.843     3.799     5.960
 425.000     99968         0     99967           0.264     0.793     1.097     1.917     2.249     2.849     3.828     5.804
 426.000    100012         0    100015           0.260     0.746     1.010     1.814     2.167     2.828     3.887     6.050
 427.000     99991         0     99993           0.238     0.754     1.031     1.860     2.191     2.787     3.764     5.247
 428.001    100041         0    100042           0.247     0.767     1.041     1.847     2.198     2.845     3.961     5.427
 429.000     99919         0     99920           0.260     0.780     1.070     1.894     2.241     2.957     4.006     5.898
 430.000    100069         0    100068           0.253     0.779     1.070     1.932     2.247     2.890     3.834     5.571
 431.000     99988         0     99987           0.272     0.765     1.027     1.767     2.159     2.730     3.762     6.124
 432.001     99996         0     99994           0.263     0.797     1.113     1.966     2.273     2.941     4.069     5.640
 433.000    100021         0    100026           0.240     0.769     1.039     1.816     2.189     2.791     3.729     6.398
 434.000     99982         0     99982           0.242     0.769     1.080     1.944     2.249     2.916     4.022     6.140
 435.000    100028         0    100027           0.256     0.756     1.027     1.826     2.185     2.791     3.770     5.214
 436.000     99969         0     99968           0.263     0.774     1.059     1.889     2.218     2.828     3.873     5.562
 437.000    100009         0    100008           0.248     0.756     1.025     1.827     2.177     2.777     3.693     5.939
 438.000     99996         0     99992           0.276     0.791     1.093     1.925     2.251     2.879     3.897     7.082
 439.000     99987         0     99992           0.260     0.792     1.081     1.890     2.238     2.896     4.004     7.553
 440.001    100016         0    100014           0.259     0.781     1.075     1.939     2.257     2.853     3.846     5.382
 441.000    100019         0    100021           0.252     0.775     1.075     1.928     2.243     2.894     3.973     6.414
 442.000     99977         0     99977           0.265     0.791     1.096     1.876     2.230     2.857     3.879     5.382
 443.001     99996         0     99997           0.253     0.809     1.153     2.016     2.318     2.996     4.069     5.411
 444.000    100004         0    100004           0.266     0.762     1.032     1.834     2.179     2.740     3.697     5.313
 445.001     99992         0     99991           0.259     0.779     1.091     1.972     2.267     2.894     3.953     6.513
 446.001    100011         0    100012           0.251     0.748     1.025     1.841     2.198     2.826     3.891     5.673
 447.000     99987         0     99986           0.254     0.801     1.119     1.978     2.290     2.966     3.932     6.386
 448.000    100007         0    100008           0.249     0.764     1.036     1.845     2.198     2.859     3.852     6.267
 449.001    100023         0    100016           0.241     0.770     1.063     1.892     2.220     2.906     3.899     5.730
 450.001     99967         0     99971           0.263     0.752     1.029     1.871     2.212     2.861     3.895     5.390
 451.000     99983         0     99985           0.250     0.772     1.057     1.893     2.218     2.839     3.828     5.157
 452.000    100039         0    100037           0.251     0.779     1.095     1.927     2.261     2.966     4.047     5.829
 453.000     99979         0     99981           0.255     0.761     1.046     1.897     2.218     2.824     3.846     5.755
 454.001     99994         0     99993           0.245     0.746     1.029     1.883     2.212     2.855     3.955     6.361
 455.000    100025         0    100022           0.233     0.762     1.061     1.843     2.193     2.802     3.768     5.226
 456.000     99967         0     99966           0.256     0.761     1.054     1.940     2.236     2.865     3.895     5.738
 457.001    100031         0    100032           0.237     0.742     0.999     1.765     2.138     2.722     3.705     5.468
 458.001     99974         0     99978           0.250     0.773     1.079     1.966     2.271     2.941     4.002     6.033
 459.000    100029         0    100025           0.264     0.748     1.012     1.811     2.181     2.871     3.908     7.201
 460.001     99977         0     99980           0.266     0.770     1.063     1.946     2.257     2.904     3.899     6.111
 461.001    100028         0    100018           0.249     0.751     1.017     1.837     2.183     2.822     3.957     5.534
 462.000    100009         0    100015           0.253     0.755     1.056     1.943     2.245     2.853     3.865     5.272
 463.000     99968         0     99972           0.240     0.743     1.012     1.837     2.185     2.802     3.858     5.526
 464.001     99987         0     99985           0.228     0.741     1.010     1.860     2.193     2.859     3.889     7.164
 465.000    100044         0    100046           0.258     0.768     1.057     1.902     2.232     2.904     4.020     5.886
 466.000     99980         0     99981           0.247     0.744     1.012     1.804     2.171     2.798     3.875     5.415
 467.001     99990         0     99986           0.238     0.782     1.093     1.951     2.253     2.933     4.037     5.489
 468.001    100026         0    100023           0.253     0.751     1.018     1.820     2.173     2.767     3.746     6.124
 469.001     99979         0     99980           0.254     0.762     1.053     1.930     2.228     2.859     3.844     5.681
 470.001     99988         0     99995           0.241     0.757     1.019     1.788     2.157     2.753     3.740     6.128
 471.001    100009         0     99998           0.250     0.756     1.030     1.883     2.208     2.832     3.865     5.923
 472.001    100009         0    100017           0.264     0.752     1.034     1.826     2.177     2.773     3.789     7.315
 473.001    100005         0     99996           0.237     0.766     1.068     1.937     2.255     2.943     3.865     6.197
 474.000     99993         0    100006           0.262     0.758     1.032     1.869     2.198     2.740     3.656     6.242
 475.000     99984         0     99984           0.245     0.784     1.082     1.921     2.245     2.935     3.951     6.246
 476.000    100003         0    100000           0.253     0.767     1.056     1.887     2.224     2.877     3.887     5.190
 477.000    100004         0    100002           0.241     0.760     1.054     1.882     2.212     2.916     3.881     5.587
 478.001     99997         0    100001           0.249     0.785     1.092     1.958     2.265     2.925     4.024     5.911
 479.000    100006         0    100004           0.254     0.786     1.073     1.835     2.195     2.820     3.817     5.927
 480.001    100010         0    100011           0.238     0.799     1.124     2.013     2.310     3.017     4.067     5.624
 481.000     99997         0     99998           0.256     0.762     1.018     1.747     2.159     2.771     3.803     5.390
 482.000     99966         0     99968           0.264     0.783     1.114     1.982     2.286     3.015     4.030     5.825
 483.001    100024         0    100011           0.268     0.796     1.098     1.916     2.251     2.941     4.106     5.804
 484.000    100027         0    100038           0.247     0.779     1.061     1.852     2.206     2.884     3.916     5.456
 485.000     99966         0     99965           0.243     0.794     1.114     1.933     2.271     3.009     4.071     6.181
 486.000     99999         0     99996           0.250     0.783     1.077     1.912     2.232     2.904     3.973     5.624
 487.000    100001         0    100006           0.264     0.754     1.026     1.851     2.202     2.841     3.975     6.230
 488.000     99985         0     99984           0.252     0.772     1.065     1.900     2.220     2.855     4.012     6.975
 489.001    100019         0    100018           0.252     0.765     1.054     1.895     2.232     2.879     3.971     5.517
 490.001    100023         0    100023           0.269     0.762     1.036     1.842     2.193     2.808     3.772     5.706
 491.001     99995         0     99992           0.244     0.772     1.086     1.966     2.269     2.955     4.061     7.328
 492.000     99971         0     99975           0.258     0.756     1.021     1.778     2.157     2.791     3.774     5.493
 493.001    100019         0    100014           0.263     0.781     1.085     1.929     2.255     2.939     3.977     5.677
 494.001    100017         0    100014           0.248     0.776     1.055     1.847     2.206     2.847     3.959     6.058
 495.001     99978         0     99984           0.261     0.772     1.070     1.914     2.247     2.904     3.899     5.493
 496.001    100003         0    100004           0.257     0.758     1.046     1.889     2.212     2.830     3.891     5.423
 497.001     99998         0     99996           0.259     0.765     1.052     1.887     2.218     2.877     3.967     6.734
 498.001    100024         0    100022           0.245     0.755     1.027     1.846     2.200     2.808     3.844     5.841
 499.001     99979         0     99983           0.265     0.789     1.096     1.909     2.249     2.925     4.012     5.468
 500.001    100014         0    100013           0.267     0.767     1.042     1.848     2.206     2.779     3.938     5.513
 501.000     99963         0     99968           0.254     0.764     1.044     1.880     2.232     2.990     3.981     5.382
 502.000    100028         0    100025           0.254     0.788     1.113     1.977     2.290     3.031     4.078     6.001
 503.000     99987         0     99984           0.261     0.773     1.065     1.864     2.216     2.937     3.992     8.024
 504.000    100029         0    100032           0.271     0.769     1.070     1.937     2.253     2.931     4.098     6.492
 505.001     99971         0     99970           0.257     0.765     1.017     1.697     2.134     2.789     3.893     6.889
 506.000    100007         0    100010           0.258     0.772     1.100     1.999     2.294     2.941     3.969     6.173
 507.001    100004         0     99997           0.255     0.772     1.050     1.844     2.208     2.853     3.949     5.526
 508.000    100006         0    100008           0.252     0.765     1.059     1.895     2.224     2.845     3.910     6.590
 509.001     99980         0     99979           0.256     0.764     1.052     1.917     2.236     2.859     3.998     6.275
 510.000    100014         0    100015           0.256     0.760     1.043     1.863     2.202     2.820     3.899     8.921
 511.000    100000         0    100001           0.246     0.751     1.029     1.891     2.214     2.830     3.951     5.771
 512.000     99991         0     99990           0.272     0.775     1.076     1.891     2.226     2.843     3.889     5.738
 513.001    100019         0    100022           0.248     0.767     1.052     1.904     2.228     2.845     3.920     5.657
 514.000     99975         0     99974           0.247     0.753     1.015     1.793     2.157     2.753     3.674     5.427
 515.000    100019         0    100022           0.258     0.791     1.127     1.969     2.284     3.006     4.026     6.201
 516.001    100019         0    100015           0.257     0.769     1.047     1.853     2.206     2.814     3.883     5.358
 517.000     99983         0     99984           0.255     0.784     1.105     1.988     2.290     2.990     4.059     5.976
 518.001    100003         0    100003           0.265     0.766     1.038     1.818     2.187     2.826     3.903     6.492
 519.000     99992         0     99996           0.255     0.793     1.105     1.958     2.275     2.951     4.110     6.660
 520.000    100006         0    100002           0.257     0.753     1.025     1.799     2.167     2.761     3.846     4.927
 521.000    100003         0    100004           0.242     0.777     1.085     1.935     2.249     2.922     3.946     5.845
 522.001     99973         0     99975           0.253     0.752     1.016     1.836     2.179     2.777     3.889     5.231
 523.000     99997         0     99995           0.265     0.760     1.044     1.877     2.208     2.826     3.942     6.038
 524.000    100028         0    100026           0.252     0.765     1.051     1.902     2.228     2.892     4.057     8.520
 525.001     99979         0     99980           0.263     0.765     1.043     1.872     2.210     2.863     3.887     5.677
 526.000    100006         0    100005           0.246     0.770     1.074     1.935     2.238     2.873     4.002     5.513
 527.000    100006         0    100008           0.247     0.761     1.034     1.789     2.175     2.783     3.828     5.894
 528.001     99987         0     99980           0.248     0.774     1.086     1.977     2.275     2.941     4.037     6.631
 529.001    100010         0    100014           0.243     0.767     1.047     1.826     2.193     2.828     4.037     7.930
 530.001    100015         0    100017           0.225     0.765     1.067     1.946     2.251     2.939     4.016     5.890
 531.001     99994         0     99990           0.258     0.753     1.023     1.838     2.193     2.789     3.912     5.702
 532.000    100004         0    100008           0.252     0.770     1.076     1.947     2.253     2.900     3.879     5.333
 533.000     99987         0     99988           0.261     0.785     1.076     1.844     2.204     2.855     3.967     6.291
 534.000    100010         0    100010           0.239     0.790     1.100     1.969     2.277     2.955     4.033     6.570
 535.000    100015         0    100011           0.249     0.765     1.035     1.848     2.191     2.777     3.813     6.308
 536.000     99965         0     99968           0.243     0.746     1.016     1.826     2.171     2.763     3.801     5.849
 537.001    100012         0    100014           0.251     0.755     1.045     1.918     2.234     2.896     4.055     6.119
 538.001     99990         0     99986           0.242     0.742     0.997     1.767     2.150     2.783     3.844     6.013
 539.001    100020         0    100023           0.241     0.765     1.079     1.975     2.263     2.988     4.141     6.136
 540.000     99989         0     99988           0.255     0.736     0.992     1.754     2.144     2.689     3.647     5.095
 541.000     99980         0     99981           0.255     0.764     1.058     1.917     2.236     2.947     4.047     5.456
 542.000    100013         0    100012           0.259     0.751     1.039     1.857     2.198     2.796     3.856     7.569
 543.000    100001         0    100005           0.236     0.741     1.011     1.864     2.193     2.841     3.779     5.521
 544.000    100013         0    100013           0.243     0.752     1.039     1.907     2.222     2.929     4.047     5.755
 545.001     99985         0     99978           0.254     0.757     1.070     1.916     2.236     2.888     4.131     6.054
 546.000    100019         0    100022           0.268     0.772     1.063     1.902     2.234     2.931     4.063     5.849
 547.000     99975         0     99980           0.243     0.771     1.072     1.920     2.243     2.918     3.924     5.927
 548.000    100025         0    100024           0.261     0.739     1.011     1.869     2.202     2.888     4.039     6.222
 549.000    100004         0    100001           0.254     0.761     1.041     1.849     2.189     2.808     3.949     5.730
 550.001     99989         0     99985           0.237     0.767     1.073     1.955     2.265     3.058     4.248     6.877
 551.001    100000         0    100002           0.261     0.756     1.017     1.799     2.171     2.787     3.981     7.004
 552.001     99967         0     99969           0.260     0.765     1.056     1.930     2.249     2.972     4.047     5.399
 553.000    100026         0    100026           0.252     0.763     1.040     1.873     2.212     2.834     3.834     5.100
 554.001    100019         0    100022           0.247     0.771     1.069     1.935     2.259     2.906     3.973     6.513
 555.001     99981         0     99978           0.253     0.754     1.042     1.906     2.228     2.922     4.049     6.091
 556.000    100018         0    100019           0.245     0.754     1.041     1.910     2.224     2.902     3.951     6.017
 557.001     99980         0     99976           0.242     0.762     1.051     1.921     2.228     2.884     4.022     6.271
 558.000    100010         0    100011           0.255     0.743     1.021     1.873     2.193     2.826     3.844     6.668
 559.001     99994         0     99987           0.246     0.755     1.027     1.850     2.195     2.802     3.764     5.521
 560.000     99996         0    100009           0.253     0.755     1.046     1.902     2.226     2.910     4.078     5.566
 561.000    100023         0    100017           0.253     0.767     1.074     1.949     2.253     2.922     4.065     7.057
 562.000     99984         0     99987           0.261     0.745     0.997     1.754     2.144     2.730     3.623     5.308
 563.000    100001         0    100001           0.267     0.785     1.126     2.012     2.302     3.000     3.983     5.698
 564.001    100003         0    100000           0.254     0.753     1.020     1.832     2.185     2.757     3.746     5.927
 565.000     99998         0    100002           0.258     0.778     1.074     1.890     2.224     2.863     3.903     6.218
 566.000     99988         0     99987           0.247     0.753     1.044     1.928     2.245     2.933     4.057     6.201
 567.000    100011         0    100007           0.258     0.766     1.054     1.897     2.218     2.843     3.946     6.029
 568.000    100017         0    100023           0.224     0.756     1.052     1.948     2.243     2.920     4.037     6.099
 569.001     99982         0     99981           0.251     0.743     1.004     1.817     2.167     2.710     3.707     5.902
 570.000    100000         0    100002           0.265     0.759     1.040     1.888     2.210     2.904     4.071     5.616
 571.000     99982         0     99981           0.260     0.770     1.051     1.875     2.202     2.789     3.783     5.878
 572.000    100014         0    100015           0.260     0.783     1.122     1.974     2.277     2.931     4.108     5.542
 573.000    100013         0    100012           0.253     0.770     1.047     1.833     2.195     2.816     3.889     5.521
 574.000    100007         0    100006           0.255     0.773     1.092     1.986     2.275     2.957     4.104     6.726
 575.000     99987         0     99988           0.260     0.768     1.046     1.804     2.175     2.802     3.930     6.967
 576.001     99991         0     99988           0.240     0.754     1.060     1.929     2.238     2.947     4.035     6.005
 577.001    100015         0    100010           0.249     0.765     1.065     1.928     2.238     2.867     3.887     6.713
 578.000     99996         0     99997           0.247     0.750     1.027     1.858     2.198     2.849     3.895     5.902
 579.001    100005         0    100005           0.256     0.752     1.034     1.870     2.204     2.884     4.024     6.103
 580.000    100005         0    100009           0.262     0.760     1.040     1.872     2.204     2.863     3.977     6.001
 581.001     99992         0     99987           0.252     0.762     1.061     1.926     2.249     2.939     4.061     5.423
 582.001     99990         0     99992           0.250     0.758     1.031     1.839     2.187     2.767     3.717     6.074
 583.000    100017         0    100019           0.239     0.762     1.047     1.922     2.238     2.941     4.002     6.222
 584.000    100006         0    100007           0.257     0.755     1.025     1.806     2.167     2.755     3.832     6.730
 585.001     99988         0     99986           0.250     0.782     1.108     2.000     2.302     3.047     4.096     6.111
 586.001    100009         0    100005           0.255     0.741     1.005     1.816     2.167     2.722     3.723     6.046
 587.000     99960         0     99970           0.252     0.760     1.045     1.905     2.224     2.828     3.729     5.571
 588.000    100027         0    100028           0.249     0.750     1.026     1.842     2.183     2.800     3.840     5.087
 589.000    100022         0    100019           0.268     0.760     1.064     1.943     2.238     2.863     3.887     5.427
 590.000     99992         0     99992           0.249     0.762     1.043     1.883     2.214     2.816     3.832     6.021
 591.001     99969         0     99967           0.255     0.741     1.012     1.836     2.179     2.779     3.830     6.009
 592.001    100016         0    100018           0.256     0.757     1.049     1.930     2.236     2.863     3.949     6.214
 593.001    100017         0    100010           0.255     0.769     1.055     1.789     2.154     2.746     3.817     6.074
 594.001     99968         0     99971           0.257     0.774     1.078     1.952     2.249     2.892     3.899     5.673
 595.000    100018         0    100023           0.261     0.751     1.008     1.794     2.159     2.724     3.717     5.562
 596.000    100002         0    100000           0.247     0.795     1.125     2.025     2.310     2.990     4.073     6.218
 597.000     99969         0     99969           0.250     0.758     1.032     1.829     2.193     2.773     3.690     6.660
 598.000    100021         0    100020           0.265     0.792     1.117     1.993     2.290     2.980     3.951     5.612
 599.000    100026         0    100025           0.250     0.762     1.036     1.847     2.193     2.783     3.793     5.755
 600.001     99956         0     99957           0.259     0.768     1.064     1.926     2.245     2.916     3.949     6.119
 601.000    100023         0    100022           0.250     0.767     1.058     1.914     2.230     2.843     4.004     5.321
 602.001    100002         0    100003           0.254     0.771     1.064     1.904     2.226     2.865     3.891     5.812
 603.000     99995         0     99996           0.254     0.778     1.094     1.929     2.249     2.853     3.863     5.751
 604.001    100018         0    100012           0.250     0.789     1.080     1.877     2.224     2.867     3.903     5.571
 605.000     99976         0     99976           0.253     0.778     1.075     1.918     2.222     2.828     3.885     5.079
 606.000     99979         0     99984           0.262     0.784     1.085     1.851     2.208     2.867     3.940     6.136
 607.000    100011         0    100013           0.268     0.800     1.106     1.937     2.261     2.937     4.082     6.398
 608.001    100025         0    100015           0.255     0.801     1.081     1.826     2.206     2.843     3.963     5.976
 609.000     99990         0     99999           0.256     0.808     1.155     2.058     2.351     3.070     4.110     5.476
 610.000    100006         0    100002           0.244     0.762     1.031     1.831     2.179     2.734     3.723     7.016
 611.001    100005         0    100007           0.268     0.762     1.062     1.923     2.236     2.890     4.002     5.775
 612.001     99997         0     99994           0.261     0.762     1.035     1.846     2.183     2.767     3.795     5.689
 613.001     99993         0     99992           0.261     0.782     1.082     1.910     2.232     2.884     3.897     6.042
 614.000    100007         0    100012           0.246     0.778     1.065     1.903     2.232     2.828     3.971     5.853
 615.001     99991         0     99986           0.260     0.754     1.027     1.841     2.189     2.832     3.885     5.550
 616.000    100003         0    100008           0.243     0.768     1.060     1.911     2.226     2.796     3.836     5.837
 617.000     99998         0     99998           0.240     0.767     1.041     1.841     2.187     2.787     3.811     5.755
 618.001    100008         0    100006           0.245     0.774     1.077     1.958     2.259     2.906     3.981     5.911
 619.000     99996         0     99998           0.260     0.767     1.037     1.780     2.167     2.740     3.725     5.439
 620.000     99986         0     99986           0.254     0.768     1.073     1.974     2.265     2.906     3.951     6.177
 621.000    100000         0     99998           0.258     0.748     0.992     1.629     2.087     2.644     3.559     5.558
 622.000     99991         0     99990           0.242     0.773     1.081     1.969     2.261     2.894     4.028     6.345
 623.000    100031         0    100032           0.253     0.766     1.048     1.811     2.171     2.759     3.742     6.644
 624.001     99997         0     99989           0.242     0.755     1.025     1.863     2.202     2.810     3.883     6.312
 625.001     99995         0     99999           0.255     0.763     1.039     1.865     2.206     2.818     3.932     6.885
 626.001    100006         0    100004           0.246     0.796     1.094     1.911     2.245     2.949     4.053     5.743
 627.001     99973         0     99971           0.268     0.787     1.084     1.923     2.247     2.855     3.949     5.681
 628.000     99997         0    100001           0.261     0.767     1.047     1.863     2.214     2.841     3.863     6.021
 629.000    100015         0    100022           0.251     0.798     1.115     1.968     2.284     3.029     4.159     7.770
 630.001    100010         0    100007           0.267     0.771     1.040     1.807     2.177     2.775     3.711     5.607
 631.001     99997         0     99997           0.262     0.813     1.137     2.004     2.314     3.023     4.119     5.923
 632.001    100007         0    100002           0.251     0.788     1.072     1.836     2.202     2.810     3.811     5.665
 633.000     99983         0     99989           0.248     0.774     1.083     1.929     2.245     2.920     3.990     6.312
 634.001     99998         0     99995           0.242     0.756     1.016     1.772     2.161     2.736     3.590     5.095
 635.001    100009         0    100000           0.250     0.765     1.044     1.861     2.202     2.802     3.840     5.558
 636.000     99999         0    100009           0.260     0.801     1.120     1.894     2.243     2.834     3.883     5.423
 637.001    100007         0    100009           0.235     0.776     1.077     1.928     2.249     2.892     3.946     7.033
 638.000    100005         0    100005           0.249     0.754     1.025     1.843     2.193     2.869     4.016     6.058
 639.000     99986         0     99987           0.257     0.753     1.028     1.859     2.198     2.808     3.836     6.042
 640.000     99995         0     99987           0.269     0.781     1.084     1.929     2.251     2.890     4.045     6.222
 641.001    100017         0    100024           0.250     0.776     1.058     1.858     2.210     2.847     3.801     5.988
 642.000     99987         0     99987           0.258     0.767     1.060     1.913     2.224     2.849     3.983     5.964
 643.000    100024         0    100026           0.257     0.760     1.034     1.808     2.179     2.832     3.881     5.886
 644.000     99983         0     99981           0.271     0.807     1.120     1.995     2.300     2.968     4.119     5.865
 645.000    100002         0    100000           0.259     0.772     1.048     1.826     2.185     2.843     3.961     6.930
 646.001     99987         0     99985           0.256     0.783     1.095     1.959     2.267     2.982     4.112     6.234
 647.000    100017         0    100022           0.252     0.767     1.048     1.854     2.200     2.884     4.024     6.226
 648.001     99998         0     99993           0.263     0.773     1.049     1.817     2.187     2.806     3.785     5.427
 649.001     99978         0     99983           0.269     0.793     1.113     1.976     2.292     2.982     3.979     6.857
 650.001    100000         0     99994           0.262     0.783     1.061     1.820     2.195     2.869     3.846     5.362
 651.001    100027         0    100035           0.259     0.772     1.063     1.914     2.236     2.879     3.910     5.865
 652.000     99963         0     99962           0.266     0.755     1.026     1.827     2.185     2.800     3.752     5.673
 653.000    100018         0    100018           0.263     0.754     1.036     1.879     2.210     2.863     3.990     5.517
 654.000    100016         0    100016           0.257     0.745     1.026     1.796     2.169     2.806     3.787     5.935
 655.000    100002         0    100002           0.254     0.744     1.027     1.904     2.214     2.818     3.838     5.579
 656.000     99991         0     99992           0.256     0.761     1.038     1.857     2.206     2.853     3.924     6.898
 657.000    100003         0     99999           0.256     0.744     1.021     1.887     2.208     2.828     3.836     5.788
 658.000    100011         0    100014           0.254     0.757     1.035     1.848     2.198     2.863     3.899     5.751
 659.000     99996         0     99995           0.247     0.749     1.038     1.884     2.212     2.853     3.949     7.029
 660.000     99999         0     99998           0.265     0.771     1.066     1.923     2.230     2.834     3.850     6.676
 661.000    100012         0    100006           0.232     0.757     1.029     1.838     2.187     2.824     3.828     6.382
 662.001     99990         0     99993           0.250     0.780     1.095     1.966     2.267     2.939     4.061     5.992
 663.001    100008         0    100011           0.265     0.773     1.069     1.866     2.226     2.922     3.856     5.452
 664.000     99964         0     99964           0.254     0.776     1.075     1.930     2.243     2.902     3.946     6.414
 665.001     99996         0     99996           0.250     0.757     1.021     1.811     2.173     2.832     3.822     5.890
 666.000    100013         0    100016           0.244     0.786     1.115     1.942     2.271     2.953     4.086     6.578
 667.001     99996         0     99992           0.258     0.779     1.067     1.896     2.234     2.873     3.820     5.636
 668.000    100006         0    100010           0.260     0.764     1.045     1.890     2.218     2.898     3.932     6.382
 669.001    100010         0    100005           0.243     0.749     1.004     1.763     2.146     2.865     3.887     6.046
 670.001     99989         0     99991           0.259     0.771     1.076     1.939     2.243     2.927     4.096     5.849
 671.001    100016         0    100011           0.254     0.761     1.033     1.828     2.195     2.779     3.731     6.242
 672.001     99960         0     99966           0.245     0.763     1.054     1.911     2.218     2.824     3.813     6.009
 673.000    100023         0    100021           0.264     0.767     1.059     1.914     2.238     2.832     3.883     5.763
 674.000    100000         0     99998           0.263     0.772     1.054     1.837     2.198     2.845     3.805     5.321
 675.001    100001         0    100004           0.269     0.790     1.098     1.946     2.259     2.890     3.949     7.619
 676.000    100004         0    100004           0.251     0.784     1.075     1.877     2.216     2.836     3.912     5.669
 677.001    100012         0    100011           0.255     0.767     1.064     1.917     2.243     2.957     4.112     6.156
 678.001     99990         0     99987           0.262     0.782     1.059     1.803     2.185     2.804     3.746     5.198
 679.001     99972         0     99972           0.253     0.782     1.094     1.955     2.284     3.107     4.223     6.660
 680.000    100033         0    100036           0.239     0.749     1.005     1.757     2.144     2.726     3.750     6.009
 681.000     99990         0     99989           0.252     0.770     1.064     1.918     2.226     2.863     3.922     6.038
 682.000    100019         0    100021           0.254     0.762     1.030     1.802     2.169     2.787     3.840     6.377
 683.000     99974         0     99977           0.266     0.773     1.058     1.894     2.228     2.927     4.055     6.087
 684.001    100025         0    100020           0.267     0.787     1.103     1.916     2.249     2.906     4.006     7.356
 685.000     99985         0     99989           0.259     0.767     1.040     1.819     2.175     2.812     3.824     6.894
 686.001    100007         0    100002           0.263     0.785     1.081     1.911     2.232     2.841     3.848     6.562
 687.001    100001         0     99994           0.265     0.763     1.038     1.834     2.189     2.834     3.895     5.632
 688.001    100002         0    100009           0.258     0.778     1.078     1.957     2.261     2.914     4.037     5.792
 689.001     99982         0     99983           0.255     0.758     1.024     1.781     2.171     2.818     3.811     5.931
 690.000    100012         0    100016           0.241     0.755     1.057     1.920     2.226     2.912     3.961     6.119
 691.001    100002         0    100000           0.266     0.744     1.001     1.757     2.152     2.802     3.840     6.607
 692.000     99997         0     99999           0.255     0.768     1.062     1.896     2.232     2.918     4.024     6.042
 693.001     99985         0     99973           0.257     0.770     1.056     1.818     2.185     2.843     3.811     5.485
 694.001    100011         0    100014           0.259     0.759     1.039     1.872     2.198     2.851     3.863     6.095
 695.000     99999         0    100006           0.256     0.752     1.037     1.835     2.191     2.806     3.815     6.001
 696.000    100020         0    100015           0.262     0.770     1.085     1.913     2.245     2.929     3.942     5.693
 697.000     99992         0     99996           0.243     0.762     1.054     1.916     2.238     2.927     3.965     5.853
 698.000    100002         0    100000           0.248     0.797     1.157     2.146     2.925    17.531   168.034   208.404
 699.000     99991         0     99993           0.236     0.765     1.072     1.953     2.261     2.945     3.971     5.796
 700.000    100008         0    100012           0.235     0.758     1.034     1.836     2.189     2.816     3.832     6.586
 701.001     99982         0     99979           0.259     0.808     1.156     2.004     2.320     3.033     4.065     5.550
 702.001    100020         0    100021           0.263     0.774     1.043     1.788     2.175     2.791     3.801     5.571
 703.001     99993         0     99989           0.229     0.783     1.096     1.939     2.257     2.968     4.051     6.337
 704.001    100013         0    100015           0.256     0.771     1.075     1.988     2.376     7.242   167.248   206.569
 705.000    100000         0    100003           0.269     0.763     1.043     1.850     2.202     2.865     3.901     5.439
 706.000     99985         0     99984           0.248     0.754     1.016     1.814     2.173     2.750     3.768     5.603
 707.001     99987         0     99984           0.257     0.764     1.063     1.917     2.249     2.998     4.098     6.328
 708.000    100027         0    100026           0.243     0.742     1.001     1.784     2.154     2.724     3.734     5.689
 709.000     99977         0     99983           0.262     0.762     1.044     1.869     2.202     2.824     3.783     6.472
 710.001    100027         0    100020           0.263     0.761     1.055     1.926     2.241     2.939     4.000     5.878
 711.000     99989         0     99996           0.232     0.757     1.018     1.799     2.173     2.824     3.858     5.902
 712.001    100004         0    100001           0.261     0.753     1.067     1.957     2.251     2.931     3.953     6.271
 713.000     99996         0     99997           0.248     0.739     0.996     1.765     2.136     2.726     3.762     5.579
 714.001     99969         0     99971           0.240     0.769     1.089     1.942     2.271     3.023     4.114     5.968
 715.001    100020         0    100018           0.259     0.747     0.998     1.749     2.140     2.728     3.680     5.317
 716.001    100009         0    100008           0.250     0.768     1.066     1.910     2.241     2.884     3.971     5.992
 717.000     99992         0     99995           0.249     0.764     1.029     1.793     2.171     2.814     3.817     5.628
 718.000    100014         0    100012           0.258     0.782     1.074     1.895     2.238     2.974     4.008     5.968
 719.001     99977         0     99968           0.246     0.760     1.030     1.823     2.191     2.810     3.770     5.886
 720.001     99988         0     99996           0.258     0.770     1.050     1.827     2.189     2.834     3.828     5.644
 721.001    100023         0    100025           0.247     0.751     1.036     1.858     2.200     2.841     3.901     5.505
 722.001    100023         0    100018           0.247     0.761     1.032     1.814     2.179     2.791     3.820     5.845
 723.001     99991         0     99982           0.248     0.801     1.127     1.945     2.259     2.925     3.932     5.874
 724.001     99966         0     99978           0.255     0.763     1.029     1.766     2.152     2.712     3.629     5.304
 725.001    100028         0    100019           0.274     0.775     1.079     1.956     2.267     2.939     4.024     5.300
 726.001     99993         0    100000           0.254     0.756     1.015     1.679     2.105     2.687     3.701     5.730
 727.001     99972         0     99974           0.254     0.791     1.128     2.004     2.296     2.992     3.979     5.964
 728.000    100018         0    100019           0.252     0.761     1.022     1.726     2.136     2.761     3.846     5.743
 729.000     99990         0     99988           0.255     0.773     1.075     1.936     2.257     2.931     4.002     5.513
 730.000    100026         0    100023           0.247     0.752     1.012     1.732     2.146     2.753     3.721     6.554
 731.001     99987         0     99990           0.250     0.780     1.087     1.954     2.267     2.974     4.073     5.857
 732.000    100010         0    100013           0.262     0.759     1.027     1.804     2.181     2.800     3.725     5.980
 733.001     99996         0     99992           0.251     0.760     1.030     1.802     2.175     2.873     3.992     6.107
 734.001    100014         0    100017           0.248     0.773     1.079     1.932     2.251     2.906     4.002     7.090
 735.000     99982         0     99981           0.245     0.770     1.039     1.752     2.154     2.765     3.770     5.476
 736.000    100012         0    100011           0.239     0.779     1.112     2.008     2.290     2.949     4.055     6.312
 737.000     99970         0     99969           0.261     0.752     1.013     1.752     2.146     2.755     3.805     6.279
 738.000    100000         0    100004           0.243     0.753     1.052     1.932     2.255     2.970     4.102     7.012
 739.001    100035         0    100022           0.256     0.742     0.995     1.742     2.140     2.728     3.629     6.365
 740.000     99986         0     99999           0.240     0.773     1.078     1.945     2.263     2.949     4.092     6.492
 741.001     99998         0     99990           0.268     0.754     1.028     1.792     2.171     2.824     3.777     6.140
 742.000    100007         0    100015           0.253     0.755     1.048     1.917     2.230     2.996     4.041     6.259
 743.001    100008         0    100004           0.235     0.744     0.999     1.722     2.136     2.722     3.809     5.427
 744.001     99970         0     99969           0.256     0.774     1.092     1.956     2.257     2.933     4.006     5.976
 745.000    100017         0    100018           0.260     0.733     0.990     1.738     2.142     2.746     3.760     4.981
 746.000    100002         0    100001           0.256     0.754     1.034     1.874     2.200     2.851     3.885     5.485
 747.000     99967         0     99971           0.249     0.747     1.035     1.912     2.236     2.970     4.149     7.373
 748.001    100052         0    100047           0.240     0.739     1.002     1.790     2.163     2.804     3.848     5.390
 749.000     99989         0     99996           0.248     0.750     1.041     1.928     2.232     2.953     4.094     5.923
 750.001    100002         0     99998           0.252     0.729     0.975     1.665     2.090     2.683     3.654     5.083
 751.001     99986         0     99986           0.234     0.752     1.048     1.929     2.234     2.927     4.008     5.861
 752.000    100013         0    100015           0.261     0.733     0.984     1.659     2.096     2.654     3.639     5.513
 753.001     99995         0     99997           0.239     0.766     1.072     1.936     2.255     2.945     4.059     6.242
 754.000     99997         0     99992           0.257     0.749     1.012     1.704     2.118     2.730     3.731     5.435
 755.000     99993         0     99994           0.247     0.781     1.113     1.991     2.279     2.951     4.000     6.861
 756.000    100029         0    100031           0.243     0.737     0.989     1.706     2.128     2.699     3.719     5.546
 757.000     99986         0     99986           0.249     0.778     1.115     1.970     2.277     2.986     4.086     6.062
 758.000     99995         0     99996           0.253     0.770     1.044     1.830     2.183     2.849     3.908     6.009
 759.001    100009         0    100005           0.257     0.758     1.042     1.848     2.191     2.859     3.998     5.685
 760.001    100001         0     99995           0.264     0.770     1.068     1.906     2.241     2.894     4.002     6.533
 761.000     99977         0     99987           0.255     0.744     1.011     1.772     2.152     2.779     3.883     6.136
 762.000    100006         0    100006           0.258     0.772     1.067     1.917     2.241     2.877     3.930     5.435
 763.000     99981         0     99978           0.244     0.748     1.004     1.691     2.116     2.732     3.817     6.525
 764.001    100039         0    100040           0.258     0.761     1.051     1.908     2.220     2.863     3.967     5.403
 765.001     99999         0    100001           0.269     0.768     1.033     1.778     2.157     2.755     3.834     6.369
 766.000     99983         0     99980           0.253     0.778     1.101     1.995     2.279     3.027     4.106     6.414
 767.000     99992         0     99995           0.247     0.739     1.000     1.752     2.144     2.757     3.774     5.468
 768.000    100016         0    100015           0.257     0.759     1.058     1.956     2.251     2.947     4.073     6.099
 769.000    100020         0    100019           0.238     0.737     1.000     1.798     2.163     2.732     3.834     5.738
 770.000     99988         0     99987           0.242     0.738     1.020     1.848     2.187     2.853     3.996     6.640
 771.001    100004         0    100002           0.246     0.762     1.046     1.874     2.212     2.873     4.022     5.804
 772.001     99989         0     99990           0.262     0.764     1.056     1.876     2.206     2.845     3.799     5.685
 773.000    100010         0    100014           0.245     0.756     1.049     1.906     2.228     2.859     3.912     5.751
 774.000     99978         0     99977           0.251     0.777     1.084     1.864     2.220     2.867     3.811     5.226
 775.000     99989         0     99990           0.255     0.757     1.043     1.903     2.212     2.824     3.934     6.099
 776.000    100005         0    100006           0.260     0.748     0.999     1.659     2.091     2.683     3.711     5.480
 777.000    100012         0    100011           0.259     0.758     1.052     1.892     2.212     2.843     3.936     6.042
 778.000    100017         0    100014           0.236     0.748     1.001     1.745     2.136     2.761     3.863     5.841
 779.000    100003         0    100001           0.259     0.780     1.102     1.979     2.281     2.984     4.035     6.873
 780.001     99995         0    100000           0.258     0.764     1.045     1.836     2.198     2.832     3.879     6.054
 781.001     99986         0     99985           0.261     0.784     1.101     1.962     2.281     3.027     4.100     6.107
 782.000     99996         0     99995           0.265     0.757     1.031     1.821     2.169     2.724     3.703     6.087
 783.001     99992         0     99992           0.256     0.772     1.066     1.879     2.220     2.888     3.897     5.497
 784.000    100010         0    100008           0.249     0.795     1.122     1.943     2.263     2.929     3.932     6.074
 785.000     99989         0     99992           0.249     0.758     1.040     1.848     2.204     2.937     4.108     6.533
 786.000    100015         0    100012           0.249     0.758     1.046     1.913     2.234     2.857     3.846     7.467
 787.000     99997         0    100002           0.263     0.756     1.049     1.825     2.185     2.855     4.002     6.455
 788.001    100008         0    100002           0.262     0.758     1.047     1.902     2.232     2.902     4.002     6.611
 789.000     99989         0     99990           0.257     0.746     1.009     1.757     2.146     2.761     3.879     5.890
 790.001    100006         0    100002           0.255     0.757     1.051     1.909     2.222     2.884     3.963     7.057
 791.000    100004         0    100005           0.258     0.751     1.012     1.691     2.105     2.689     3.676     7.471
 792.001     99990         0     99995           0.262     0.754     1.051     1.910     2.224     2.904     3.977     6.001
 793.001     99998         0    100001           0.262     0.759     1.030     1.819     2.181     2.816     3.863     5.366
 794.000    100000         0    100001           0.265     0.759     1.034     1.822     2.175     2.824     3.883     5.751
 795.000     99997         0     99995           0.269     0.755     1.043     1.907     2.224     2.857     3.965     6.451
 796.001    100011         0    100011           0.254     0.765     1.043     1.850     2.204     2.869     3.918     6.099
 797.001    100019         0    100014           0.231     0.761     1.059     1.928     2.247     2.892     3.924     5.226
 798.001     99964         0     99964           0.257     0.764     1.046     1.853     2.210     2.845     3.834     5.190
 799.000    100013         0    100022           0.244     0.774     1.080     1.929     2.243     2.898     4.067     6.259
 800.000     99987         0     99979           0.263     0.756     1.019     1.752     2.140     2.804     3.965     5.816
 801.001    100017         0    100016           0.247     0.774     1.078     1.927     2.245     2.857     3.924     6.418
 802.000     99977         0     99984           0.254     0.791     1.078     1.844     2.208     2.914     3.955     5.738
 803.001    100026         0    100010           0.254     0.770     1.063     1.883     2.216     2.847     3.918     6.943
 804.001     99990         0    100004           0.251     0.770     1.046     1.794     2.173     2.771     3.740     5.841
 805.000     99983         0     99986           0.259     0.756     1.039     1.829     2.187     2.879     3.920     5.505
 806.000    100024         0    100019           0.244     0.747     1.018     1.846     2.198     2.765     3.736     5.669
 807.000    100010         0    100014           0.250     0.764     1.036     1.779     2.159     2.806     3.766     5.751
 808.001     99996         0     99990           0.263     0.783     1.117     2.005     2.294     2.966     4.063     7.619
 809.001     99996         0     99997           0.269     0.766     1.038     1.796     2.177     2.877     4.057     7.053
 810.000     99983         0     99986           0.256     0.775     1.075     1.932     2.247     2.896     3.965     6.164
 811.000    100008         0    100003           0.250     0.762     1.034     1.781     2.163     2.781     3.832     5.771
 812.001     99983         0     99987           0.258     0.771     1.075     1.934     2.247     2.902     4.018     6.636
 813.001    100022         0    100022           0.258     0.763     1.036     1.794     2.167     2.775     3.736     5.972
 814.000    100010         0    100007           0.257     0.810     1.161     1.996     2.294     2.978     4.098     6.681
 815.001     99979         0     99985           0.249     0.807     1.118     1.865     2.220     2.890     3.990     5.661
 816.000    100004         0    100003           0.236     0.783     1.092     1.932     2.247     2.863     3.912     6.480
 817.000     99995         0     99997           0.263     0.786     1.090     1.873     2.228     2.871     3.910     5.812
 818.000    100001         0    100001           0.248     0.772     1.073     1.922     2.232     2.869     4.067     6.709
 819.000    100018         0    100020           0.253     0.763     1.048     1.882     2.212     2.873     3.920     5.648
 820.000     99987         0     99986           0.262     0.759     1.043     1.861     2.189     2.818     3.879     5.009
 821.001    100007         0     99998           0.255     0.773     1.077     1.949     2.257     2.929     3.918     5.366
 822.001     99984         0     99992           0.264     0.757     1.031     1.789     2.159     2.765     3.699     5.415
 823.001    100007         0     99993           0.252     0.793     1.105     1.947     2.273     2.992     4.069     6.492
 824.000     99990         0    100003           0.258     0.803     1.092     1.834     2.210     2.904     3.957     5.493
 825.001    100015         0    100014           0.252     0.802     1.137     1.996     2.296     2.982     4.063     6.627
 826.000    100018         0    100021           0.249     0.803     1.102     1.852     2.212     2.888     3.877     5.239
 827.001     99952         0     99944           0.264     0.816     1.157     2.021     2.324     3.013     4.129     6.820
 828.000    100028         0    100032           0.256     0.772     1.059     1.869     2.212     2.861     3.879     6.066
 829.001    100017         0    100018           0.243     0.777     1.081     1.918     2.253     2.953     4.125     5.710
 830.000     99963         0     99968           0.257     0.788     1.110     1.983     2.279     2.966     4.006     5.808
 831.000    100035         0    100032           0.257     0.778     1.065     1.854     2.212     2.867     4.018     7.078
 832.000     99983         0     99984           0.256     0.766     1.061     1.914     2.224     2.822     3.889     5.685
 833.000    100001         0    100000           0.237     0.754     1.023     1.804     2.171     2.796     4.016     5.562
 834.000    100009         0    100007           0.246     0.761     1.061     1.930     2.232     2.836     3.822     6.173
 835.001     99995         0     99998           0.249     0.748     1.012     1.680     2.111     2.763     3.934     6.124
 836.000    100008         0    100006           0.250     0.778     1.100     1.988     2.275     2.910     4.008     7.053
 837.000     99983         0     99980           0.261     0.769     1.034     1.718     2.130     2.755     3.797     5.874
 838.001     99993         0     99995           0.243     0.800     1.137     2.009     2.302     3.015     4.243     6.222
 839.000    100019         0    100023           0.258     0.757     1.033     1.846     2.189     2.820     3.914     6.799
 840.000    100007         0    100006           0.257     0.781     1.085     1.918     2.253     2.931     4.006     5.710
 841.000    100020         0    100015           0.247     0.769     1.070     1.921     2.241     2.929     4.026     6.427
 842.000     99977         0     99982           0.250     0.757     1.037     1.838     2.191     2.828     4.000     5.222
 843.000     99993         0     99992           0.265     0.782     1.103     1.974     2.269     3.011     4.135     6.275
 844.001    100011         0    100006           0.260     0.762     1.058     1.825     2.185     2.904     4.080     6.562
 845.000     99978         0     99983           0.251     0.797     1.112     1.976     2.288     3.023     4.143     5.796
 846.001    100013         0    100006           0.259     0.748     1.013     1.770     2.152     2.781     3.953     7.057
 847.001     99975         0     99979           0.266     0.790     1.138     2.013     2.308     3.049     4.143     6.177
 848.000    100013         0    100012           0.257     0.752     0.999     1.609     2.075     2.652     3.676     5.616
 849.000    100006         0    100011           0.250     0.798     1.156     2.047     2.333     3.189     4.280     6.042
 850.000    100017         0    100019           0.262     0.745     0.996     1.644     2.099     2.722     3.789     5.595
 851.001     99986         0     99977           0.249     0.780     1.092     1.958     2.271     3.006     4.147     5.911
 852.001    100016         0    100020           0.273     0.785     1.075     1.849     2.214     2.896     3.918     5.865
 853.000     99998         0    100000           0.256     0.778     1.073     1.898     2.226     2.832     4.004     5.427
 854.000    100012         0    100013           0.261     0.761     1.051     1.892     2.224     2.906     4.006     6.140
 855.001     99960         0     99957           0.255     0.746     1.005     1.744     2.140     2.775     3.936     5.321
 856.001    100030         0    100026           0.259     0.769     1.080     1.970     2.267     2.914     3.951     6.484
 857.001     99983         0     99991           0.253     0.739     0.997     1.733     2.134     2.787     4.045     6.144
 858.000     99992         0     99986           0.240     0.770     1.070     1.931     2.259     3.045     4.129     7.258
 859.000    100005         0    100010           0.244     0.744     1.000     1.684     2.124     2.750     3.820     5.390
 860.001     99992         0     99987           0.239     0.774     1.089     1.946     2.267     3.011     4.139     6.423
 861.000    100021         0    100025           0.260     0.743     0.997     1.689     2.114     2.720     3.719     5.399
 862.001     99973         0     99973           0.259     0.754     1.050     1.922     2.224     2.855     3.957     5.607
 863.000    100027         0    100028           0.248     0.737     0.990     1.719     2.130     2.732     3.772     6.730
 864.000     99978         0     99979           0.256     0.774     1.075     1.932     2.245     2.896     3.985     6.152
 865.001    100028         0    100019           0.244     0.767     1.064     1.855     2.200     2.816     3.901     7.012
 866.001    100011         0    100011           0.264     0.755     1.026     1.796     2.167     2.787     3.647     5.288
 867.000     99973         0     99980           0.249     0.767     1.073     1.962     2.259     2.927     4.028     7.528
 868.000     99998         0     99997           0.244     0.753     1.018     1.752     2.163     2.814     4.014     5.698
 869.001    100010         0     99998           0.248     0.775     1.093     1.972     2.279     3.056     4.096     5.865
 870.001     99991         0    100004           0.260     0.765     1.032     1.722     2.134     2.755     3.770     4.923
 871.001     99989         0     99983           0.250     0.775     1.091     1.965     2.269     2.961     4.020     6.332
 872.001    100014         0    100015           0.242     0.743     0.999     1.691     2.128     2.775     3.832     5.759
 873.001     99989         0     99993           0.243     0.758     1.058     1.890     2.218     2.894     4.024     6.201
 874.000     99993         0     99992           0.263     0.770     1.039     1.696     2.132     2.744     3.754     5.812
 875.000    100016         0    100019           0.240     0.781     1.087     1.931     2.261     2.941     4.045     6.427
 876.000     99690         0     99688           0.245     0.749     1.008     1.733     2.134     2.763     3.727     4.960
 877.000    100297         0    100295           0.255     0.796     1.149     2.089     2.576    15.131   161.350   205.259
 878.001    100028         0    100011           0.268     0.776     1.082     1.877     2.228     2.947     4.041     5.689
 879.000     99971         0     99991           0.246     0.766     1.054     1.864     2.216     2.906     4.016     6.230
 880.000    100015         0    100006           0.250     0.770     1.067     1.883     2.224     2.966     4.119     7.406
 881.000    100000         0    100004           0.266     0.759     1.025     1.768     2.152     2.753     3.641     5.915
 882.001    100003         0    100006           0.241     0.785     1.107     1.980     2.273     3.000     3.969     5.829
 883.001     99999         0     99989           0.262     0.751     1.005     1.692     2.114     2.730     3.781     5.247
 884.000    100001         0    100012           0.238     0.784     1.118     2.004     2.288     3.004     4.020     5.894
 885.001    100005         0    100001           0.241     0.745     0.990     1.621     2.083     2.662     3.545     5.337
 886.000     99976         0     99981           0.250     0.761     1.068     1.949     2.249     2.933     3.975     6.001
 887.001    100016         0    100013           0.254     0.757     1.025     1.776     2.159     2.783     3.817     5.476
 888.000    100001         0    100004           0.241     0.779     1.080     1.908     2.232     2.861     3.856     5.947
 889.001     99990         0     99988           0.250     0.757     1.023     1.739     2.148     2.765     3.877     6.259
 890.000    100011         0    100013           0.252     0.760     1.050     1.889     2.212     2.847     3.824     5.521
 891.000     99996         0     99997           0.248     0.765     1.039     1.831     2.187     2.785     3.799     5.546
 892.001    100003         0     99999           0.242     0.788     1.082     1.854     2.210     2.875     3.820     5.349
 893.000    100027         0    100025           0.272     0.803     1.121     1.974     2.296     3.052     4.141     6.062
 894.001     99993         0     99988           0.261     0.753     1.013     1.718     2.118     2.714     3.695     5.857
 895.000     99985         0     99996           0.252     0.774     1.105     1.976     2.284     3.062     4.110     5.943
 896.000     99998         0     99998           0.245     0.758     1.020     1.707     2.122     2.714     3.641     5.382
 897.000     99982         0     99984           0.253     0.781     1.111     1.989     2.284     2.961     4.020     6.017
 898.000    100023         0    100014           0.242     0.757     1.007     1.640     2.090     2.666     3.627     5.235
 899.000     99985         0     99993           0.253     0.785     1.119     1.990     2.286     2.953     4.094     7.209
 900.001    100018         0    100013           0.262     0.759     1.019     1.715     2.128     2.693     3.787     5.751
 901.000     99960         0     99964           0.257     0.776     1.078     1.898     2.226     2.857     3.887     6.050
 902.000    100045         0    100044           0.250     0.756     1.025     1.825     2.177     2.816     3.918     5.239
 903.000     99992         0     99989           0.247     0.757     1.022     1.758     2.148     2.714     3.668     5.394
 904.001    100002         0    100004           0.250     0.758     1.042     1.894     2.222     2.949     4.076     6.443
 905.000    100010         0    100008           0.247     0.745     1.015     1.724     2.132     2.716     3.750     5.706
 906.000     99970         0     99968           0.251     0.767     1.072     1.943     2.257     3.017     4.102     5.788
 907.001    100013         0    100001           0.245     0.753     1.012     1.709     2.116     2.703     3.709     7.090
 908.001     99989         0     99999           0.253     0.791     1.133     1.965     2.269     2.949     3.910     5.636
 909.001    100006         0    100012           0.250     0.749     1.009     1.741     2.142     2.759     3.797     5.460
 910.000    100020         0    100020           0.243     0.759     1.057     1.917     2.220     2.841     3.828     5.407
 911.000    100002         0    100001           0.246     0.737     0.988     1.695     2.122     2.734     3.813     5.706
 912.001     99965         0     99959           0.245     0.757     1.059     1.922     2.236     2.937     4.104     6.246
 913.001    100020         0    100018           0.261     0.751     1.014     1.770     2.150     2.810     3.791     7.057
 914.000     99977         0     99981           0.251     0.758     1.042     1.847     2.191     2.845     3.949     5.583
 915.000    100024         0    100028           0.258     0.775     1.066     1.883     2.243     2.978     4.149     9.060
 916.001     99978         0     99977           0.250     0.751     1.008     1.722     2.130     2.722     3.779     5.943
 917.001    100010         0    100007           0.229     0.771     1.072     1.929     2.251     2.966     4.078     6.926
 918.001     99994         0     99998           0.261     0.760     1.021     1.727     2.132     2.707     3.729     5.689
 919.001    100030         0    100025           0.252     0.772     1.074     1.929     2.257     3.043     4.078     5.816
 920.001     99988         0     99992           0.257     0.758     1.027     1.777     2.159     2.769     3.783     5.968
 921.000     99980         0     99984           0.255     0.763     1.051     1.925     2.232     2.888     4.010     6.668
 922.000    100013         0    100012           0.250     0.762     1.026     1.765     2.150     2.753     3.813     6.439
 923.000    100006         0    100004           0.239     0.781     1.100     1.957     2.265     2.955     4.014     7.606
 924.001    100000         0    100003           0.248     0.750     1.011     1.724     2.136     2.773     3.895     5.878
 925.001    100019         0    100014           0.254     0.785     1.110     1.948     2.265     2.988     4.084     6.644
 926.001     99984         0     99980           0.262     0.758     1.018     1.780     2.159     2.742     3.713     5.411
 927.000     99994         0    100001           0.241     0.775     1.080     1.925     2.236     2.888     3.867     6.550
 928.000     99993         0     99992           0.248     0.773     1.055     1.860     2.216     2.980     4.112     6.844
 929.000     99991         0     99990           0.255     0.750     1.010     1.761     2.146     2.744     3.742     6.140
 930.000    100014         0    100011           0.265     0.780     1.092     1.945     2.261     3.004     4.067     5.992
 931.001    100011         0    100013           0.239     0.755     1.013     1.734     2.134     2.710     3.738     5.317
 932.001     99969         0     99971           0.262     0.784     1.093     1.950     2.259     2.908     4.086     5.251
 933.001    100010         0    100011           0.261     0.760     1.031     1.794     2.167     2.775     3.863     7.991
 934.001    100017         0    100006           0.268     0.784     1.079     1.924     2.251     2.908     3.996     6.124
 935.001     99993         0     99994           0.253     0.770     1.057     1.808     2.183     2.804     3.903     5.448
 936.000    100016         0    100025           0.243     0.781     1.095     1.960     2.271     2.998     4.016     5.607
 937.001     99985         0     99975           0.256     0.752     1.013     1.761     2.148     2.765     3.725     5.186
 938.000     99999         0    100008           0.249     0.797     1.130     1.967     2.279     2.963     4.024     6.308
 939.000     99992         0     99991           0.264     0.752     1.017     1.792     2.165     2.742     3.762     5.534
 940.000     99999         0     99998           0.253     0.758     1.046     1.873     2.200     2.832     3.850     6.222
 941.000    100015         0    100014           0.243     0.760     1.038     1.848     2.200     2.843     3.955     6.873
 942.000     99980         0     99985           0.260     0.761     1.047     1.837     2.175     2.791     3.836     5.194
 943.001    100025         0    100021           0.265     0.783     1.094     1.919     2.241     2.914     4.149     6.238
 944.001     99979         0     99981           0.239     0.764     1.036     1.793     2.157     2.777     3.811     5.775
 945.000    100018         0    100018           0.253     0.771     1.077     1.939     2.232     2.867     3.990     5.587
 946.000     99972         0     99975           0.252     0.745     0.997     1.718     2.122     2.716     3.754     5.755
 947.000    100006         0    100004           0.249     0.785     1.100     1.969     2.279     2.959     4.178     6.357
 948.001    100016         0    100012           0.250     0.745     1.008     1.740     2.136     2.748     3.768     5.644
 949.001    100006         0    100009           0.241     0.748     1.033     1.885     2.193     2.789     3.891     5.206
 950.000     99980         0     99981           0.237     0.736     0.985     1.686     2.116     2.685     3.588     5.267
 951.001    100010         0    100006           0.237     0.762     1.070     1.932     2.236     2.888     4.094     7.274
 952.000    100012         0    100010           0.255     0.759     1.015     1.746     2.146     2.720     3.635     5.792
 953.001    100013         0    100015           0.269     0.777     1.082     1.930     2.232     2.890     4.028     5.755
 954.000     99977         0     99979           0.261     0.774     1.070     1.900     2.230     2.922     4.073     7.569
 955.000     99997         0     99995           0.258     0.774     1.085     1.916     2.230     2.849     3.779     5.894
 956.000    100017         0    100022           0.219     0.782     1.108     1.932     2.257     2.937     4.045     5.968
 957.000     99994         0     99991           0.252     0.763     1.056     1.854     2.193     2.779     3.764     5.296
 958.001     99995         0     99989           0.258     0.770     1.065     1.915     2.230     2.900     3.838     5.796
 959.000    100001         0    100003           0.264     0.770     1.050     1.801     2.171     2.765     3.752     5.214
 960.001    100000         0    100002           0.256     0.766     1.074     1.943     2.247     2.904     4.067     5.644
 961.000     99995         0     99998           0.240     0.755     1.016     1.721     2.132     2.732     3.805     5.669
 962.001     99976         0     99973           0.255     0.777     1.084     1.949     2.257     2.957     3.998     6.353
 963.001    100030         0    100036           0.267     0.777     1.041     1.693     2.126     2.748     3.805     5.923
 964.001     99994         0     99981           0.266     0.781     1.080     1.906     2.247     2.937     4.030     7.336
 965.001     99994         0    100006           0.249     0.776     1.072     1.879     2.214     2.845     3.889     5.812
 966.001    100019         0    100000           0.257     0.793     1.096     1.907     2.234     2.863     3.903     5.607
 967.001     99996         0    100003           0.255     0.782     1.110     1.938     2.259     3.015     4.049     6.668
 968.001     99994         0     99997           0.256     0.762     1.070     1.893     2.210     2.851     3.959     5.874
 969.001    100013         0    100019           0.231     0.752     1.038     1.901     2.214     2.857     3.820     5.255
 970.001     99983         0     99979           0.251     0.757     1.020     1.763     2.157     2.767     3.908     5.104
 971.001     99995         0    100000           0.255     0.770     1.064     1.909     2.224     2.879     3.951     5.661
 972.000     99993         0     99994           0.252     0.749     1.011     1.755     2.138     2.710     3.899     5.726
 973.001    100024         0    100014           0.243     0.765     1.067     1.949     2.241     2.879     3.899     5.407
 974.000     99985         0     99995           0.257     0.771     1.040     1.756     2.154     2.781     3.893     6.689
 975.000     99993         0     99992           0.272     0.795     1.094     1.901     2.243     2.955     3.985     6.033
 976.000    100015         0    100014           0.248     0.756     1.037     1.847     2.193     2.828     3.981     7.709
 977.000     99976         0     99977           0.249     0.758     1.034     1.811     2.165     2.793     3.895     6.414
 978.000    100011         0    100011           0.250     0.775     1.064     1.878     2.216     2.832     3.834     6.250
 979.000     99996         0     99999           0.265     0.776     1.063     1.903     2.236     2.976     4.114     5.661
 980.000    100023         0    100016           0.242     0.769     1.051     1.870     2.210     2.820     3.746     5.337
 981.001     99988         0     99987           0.259     0.779     1.067     1.872     2.216     2.912     4.012     6.476
 982.001    100007         0    100013           0.257     0.776     1.068     1.870     2.206     2.859     4.026     5.968
 983.000     99998         0     99997           0.243     0.794     1.093     1.904     2.230     2.857     3.848     5.452
 984.000     99970         0     99971           0.266     0.773     1.072     1.900     2.228     2.949     4.041     6.033
 985.000    100040         0    100038           0.253     0.744     1.014     1.828     2.169     2.757     3.697     5.480
 986.000     99989         0     99992           0.252     0.775     1.085     1.944     2.249     2.884     4.073     6.402
 987.000     99994         0     99994           0.253     0.762     1.031     1.791     2.169     2.720     3.736     5.636
 988.001    100010         0    100007           0.228     0.779     1.082     1.904     2.228     2.900     3.846     5.575
 989.001     99998         0    100000           0.240     0.746     1.035     1.879     2.208     2.832     3.971     5.677
 990.001     99993         0     99985           0.252     0.754     1.050     1.920     2.232     2.875     4.026     5.898
 991.001    100003         0    100012           0.252     0.755     1.032     1.868     2.198     2.796     3.740     6.599
 992.000    100012         0    100010           0.248     0.754     1.020     1.805     2.159     2.750     3.846     5.349
 993.000     99983         0     99983           0.258     0.780     1.091     1.967     2.277     2.910     3.910     6.697
 994.000    100006         0    100010           0.251     0.781     1.052     1.760     2.161     2.724     3.705     5.472
 995.000     99995         0     99996           0.255     0.792     1.121     1.972     2.286     2.976     3.944     6.795
 996.000    100018         0    100015           0.254     0.767     1.044     1.843     2.191     2.781     3.738     5.575
 997.000     99996         0     99997           0.248     0.760     1.047     1.906     2.214     2.832     3.883     5.906
 998.000     99999         0     99997           0.258     0.770     1.075     1.880     2.212     2.824     3.752     6.431
 999.000    100001         0    100003           0.257     0.759     1.039     1.854     2.195     2.812     3.836     7.352
1000.001     99982         0     99979           0.246     0.759     1.048     1.894     2.206     2.855     3.942     6.611
1001.000    100026         0    100031           0.244     0.749     1.025     1.851     2.183     2.804     3.756     5.296
1002.000     99966         0     99965           0.251     0.741     1.010     1.834     2.173     2.791     3.836     5.878
1003.000    100008         0    100006           0.254     0.751     1.023     1.849     2.193     2.841     3.932     5.153
1004.001    100011         0    100014           0.266     0.742     1.014     1.846     2.181     2.796     3.815     5.734
1005.000     99993         0     99992           0.260     0.760     1.029     1.778     2.157     2.783     3.879     5.222
1006.000    100002         0    100002           0.254     0.754     1.031     1.875     2.202     2.798     3.768     5.210
1007.000    100005         0    100006           0.239     0.746     1.000     1.780     2.157     2.755     3.740     5.616
1008.000    100008         0    100003           0.245     0.758     1.055     1.930     2.226     2.886     3.983     5.878
1009.001    100022         0    100024           0.251     0.748     1.019     1.812     2.171     2.796     3.865     6.083
1010.001     99955         0     99956           0.255     0.742     1.013     1.828     2.175     2.785     3.811     5.177
1011.001    100018         0    100015           0.244     0.753     1.038     1.913     2.222     2.886     4.012     5.771
1012.000    100015         0    100020           0.248     0.740     1.004     1.782     2.146     2.757     3.807     5.521
1013.000     99976         0     99973           0.253     0.760     1.055     1.923     2.241     2.978     4.039     6.132
1014.001    100012         0    100014           0.254     0.739     0.992     1.769     2.134     2.695     3.719     6.701
1015.001    100015         0    100005           0.248     0.751     1.029     1.868     2.193     2.869     3.920     6.160
1016.001     99951         0     99959           0.247     0.750     1.030     1.801     2.165     2.851     4.049     5.624
1017.000    100026         0    100026           0.256     0.738     0.999     1.801     2.165     2.746     3.731     5.673
1018.001     99988         0     99983           0.262     0.745     1.011     1.778     2.169     2.843     3.965     6.099
1019.000    100011         0    100016           0.242     0.758     1.069     1.966     2.261     2.976     4.098     5.960
1020.001    100006         0    100011           0.264     0.746     1.017     1.816     2.179     2.914     4.024     5.550
1021.001    100013         0    100009           0.245     0.754     1.050     1.929     2.222     2.832     3.836     6.300
1022.001     99988         0     99992           0.253     0.731     0.985     1.766     2.148     2.820     3.920     6.410
1023.000     99994         0     99993           0.246     0.743     1.013     1.832     2.177     2.804     3.799     6.083
1024.000    100014         0    100015           0.247     0.751     1.044     1.911     2.224     2.929     3.998     6.283
1025.001    100006         0     99998           0.242     0.741     1.012     1.819     2.167     2.818     3.891     5.091
1026.001     99970         0     99972           0.261     0.753     1.059     1.896     2.218     2.933     4.065     5.788
1027.001    100015         0    100018           0.253     0.748     1.017     1.837     2.191     2.814     4.047     6.468
1028.000     99993         0     99994           0.264     0.777     1.082     1.924     2.245     2.902     3.953     6.259
1029.000    100003         0    100000           0.253     0.775     1.072     1.855     2.224     2.929     4.028     6.439
1030.000     99987         0     99988           0.264     0.777     1.064     1.876     2.214     2.863     3.946     5.452
1031.001    100017         0    100021           0.254     0.775     1.048     1.820     2.193     2.830     3.959     5.390
1032.001    100008         0    100006           0.249     0.762     1.052     1.898     2.224     2.879     3.860     5.562
1033.000    100001         0     99999           0.260     0.761     1.038     1.831     2.193     2.939     4.078     6.722
1034.000     99971         0     99977           0.261     0.755     1.033     1.853     2.191     2.783     3.834     5.677
1035.001    100022         0    100015           0.247     0.751     1.034     1.871     2.191     2.863     4.002     5.693
1036.000    100001         0    100008           0.236     0.745     1.011     1.784     2.154     2.757     3.684     6.349
1037.000     99986         0     99982           0.263     0.766     1.075     1.958     2.265     2.990     4.211     6.300
1038.001     99996         0     99998           0.254     0.755     1.019     1.783     2.163     2.777     3.858     5.267
1039.000    100003         0    100004           0.256     0.777     1.074     1.903     2.228     2.929     4.133     6.062
1040.000    100006         0    100001           0.257     0.754     1.023     1.824     2.185     2.816     3.842     5.763
1041.000    100012         0    100014           0.255     0.779     1.067     1.879     2.220     2.843     3.881     5.870
1042.000    100007         0    100006           0.253     0.751     1.018     1.829     2.193     2.898     4.069     5.927
1043.001     99977         0     99981           0.246     0.752     1.038     1.885     2.216     2.886     4.082     6.730
1044.000    100002         0     99998           0.248     0.753     1.021     1.804     2.181     2.929     4.133     5.747
1045.000    100028         0    100028           0.262     0.773     1.063     1.908     2.234     2.851     3.813     5.513
1046.000     99963         0     99967           0.265     0.769     1.055     1.799     2.181     2.873     3.957     6.660
1047.000     99983         0     99981           0.268     0.761     1.036     1.848     2.193     2.808     3.758     6.889
1048.000    100039         0    100037           0.249     0.768     1.052     1.876     2.208     2.888     3.938     6.148
1049.000     99981         0     99987           0.252     0.770     1.044     1.804     2.183     2.810     3.838     5.624
1050.001    100001         0     99995           0.258     0.783     1.094     1.953     2.261     2.951     4.026     5.612
1051.000    100009         0    100010           0.240     0.761     1.029     1.790     2.163     2.810     3.807     6.361
1052.000    100016         0    100020           0.248     0.755     1.019     1.796     2.169     2.791     3.893     5.931
1053.001     99982         0     99982           0.244     0.767     1.052     1.880     2.226     2.920     4.008     5.837
1054.000    100002         0    100004           0.250     0.750     1.020     1.855     2.193     2.818     3.944     5.722
1055.001     99998         0     99992           0.264     0.754     1.023     1.817     2.183     2.882     4.102     5.960
1056.001     99988         0     99994           0.262     0.766     1.082     1.921     2.236     2.894     4.033     6.414
1057.000    100018         0    100019           0.258     0.749     1.018     1.794     2.173     2.886     3.987     5.743
1058.000     99988         0     99984           0.276     0.767     1.052     1.866     2.200     2.855     3.824     5.976
1059.001     99990         0     99985           0.256     0.798     1.116     1.900     2.228     2.920     4.057     5.726
1060.001    100030         0    100033           0.250     0.761     1.041     1.852     2.195     2.808     3.803     6.623
1061.000     99988         0     99991           0.257     0.758     1.044     1.879     2.210     2.822     3.949     6.238
1062.000     99996         0     99997           0.254     0.742     0.999     1.738     2.130     2.748     3.791     5.988
1063.000    100003         0    100003           0.243     0.750     1.032     1.867     2.198     2.935     4.051     7.815
1064.000    100013         0    100013           0.254     0.740     0.999     1.782     2.150     2.757     3.844     5.530
1065.000     99979         0     99977           0.250     0.736     1.007     1.825     2.177     2.849     3.918     7.021
1066.000    100019         0    100019           0.243     0.755     1.036     1.871     2.210     2.994     4.098     6.078
1067.000     99984         0     99983           0.249     0.745     1.019     1.851     2.189     2.775     3.887     6.668
1068.000    100006         0    100003           0.222     0.737     1.006     1.794     2.150     2.771     3.820     5.239
1069.001    100001         0    100005           0.258     0.749     1.029     1.875     2.200     2.822     3.944     5.980
1070.000    100016         0    100011           0.254     0.742     0.999     1.744     2.136     2.761     3.906     5.825
1071.000     99980         0     99986           0.255     0.757     1.042     1.886     2.212     2.849     3.885     6.566
1072.000     99991         0     99986           0.267     0.757     1.030     1.795     2.173     2.828     4.037     6.128
1073.000    100013         0    100018           0.252     0.780     1.082     1.910     2.238     2.851     3.932     5.566
1074.000     99992         0     99990           0.261     0.791     1.076     1.829     2.198     2.798     3.936     6.222
1075.000     99994         0     99995           0.248     0.777     1.070     1.857     2.212     2.865     3.934     5.833
1076.000    100010         0    100008           0.245     0.766     1.067     1.895     2.230     2.908     4.033     6.566
1077.000     99990         0     99994           0.257     0.762     1.047     1.830     2.195     2.824     3.705     6.361
1078.001    100002         0     99996           0.253     0.749     1.025     1.887     2.202     2.800     3.887     5.226
1079.000    100000         0     99998           0.247     0.752     1.026     1.862     2.200     2.820     3.885     6.550
1080.000    100015         0    100022           0.260     0.762     1.046     1.859     2.193     2.834     3.824     5.427
1081.000     99994         0     99996           0.254     0.753     1.032     1.830     2.179     2.836     4.024     5.714
1082.000    100025         0    100020           0.257     0.775     1.074     1.931     2.245     2.945     4.041     5.837
1083.000     99977         0     99981           0.248     0.769     1.056     1.837     2.198     2.877     3.899     6.005
1084.000    100003         0    100000           0.258     0.794     1.094     1.903     2.230     2.871     3.981     6.042
1085.000     99990         0     99992           0.258     0.794     1.089     1.873     2.230     2.896     4.049     7.029
1086.000    100020         0    100018           0.267     0.793     1.119     1.925     2.247     2.912     4.020     6.738
1087.001     99990         0     99992           0.252     0.762     1.036     1.821     2.179     2.761     3.922     5.669
1088.001     99975         0     99969           0.253     0.752     1.032     1.883     2.200     2.814     3.803     6.205
1089.000    100027         0    100028           0.255     0.754     1.054     1.893     2.216     2.828     3.854     6.533
1090.000     99982         0     99985           0.247     0.754     1.025     1.845     2.193     2.847     3.863     5.571
1091.000    100021         0    100020           0.251     0.774     1.062     1.884     2.212     2.832     3.897     6.255
1092.000    100000         0    100000           0.260     0.751     1.013     1.804     2.167     2.785     3.942     5.784
1093.000     99996         0     99993           0.252     0.762     1.063     1.930     2.247     2.953     4.215     8.643
1094.000     99989         0     99993           0.256     0.744     1.009     1.817     2.165     2.753     3.809     5.767
1095.001    100029         0    100030           0.262     0.767     1.059     1.878     2.216     2.888     4.018     7.119
1096.000     99973         0     99975           0.255     0.758     1.034     1.839     2.187     2.830     3.836     5.964
1097.000    100021         0    100018           0.266     0.756     1.042     1.890     2.210     2.877     3.932     6.799
1098.000    100008         0    100008           0.253     0.736     0.998     1.798     2.159     2.753     3.768     5.759
1099.000     99988         0     99989           0.241     0.765     1.064     1.912     2.230     2.855     3.979     5.714
1100.000     99989         0     99988           0.255     0.776     1.069     1.901     2.220     2.836     3.826     5.665
1101.000    100012         0    100015           0.260     0.775     1.068     1.870     2.200     2.879     3.897     5.845
1102.000     99968         0     99963           0.262     0.763     1.060     1.904     2.218     2.849     3.936     6.414
1103.000    100013         0    100013           0.252     0.751     1.017     1.759     2.142     2.771     3.965     5.947
1104.000    100017         0    100011           0.259     0.763     1.053     1.893     2.214     2.849     3.869     5.644
1105.000     99982         0     99989           0.256     0.770     1.043     1.810     2.189     2.812     3.803     5.894
1106.001    100009         0    100000           0.262     0.798     1.115     1.968     2.271     2.896     3.977     5.865
1107.000     99995         0    100006           0.262     0.770     1.063     1.808     2.185     2.849     3.959     5.816
1108.001    100005         0     99992           0.243     0.766     1.060     1.913     2.230     2.912     4.108     9.388
1109.001    100005         0    100014           0.229     0.769     1.055     1.885     2.214     2.851     4.043     5.861
1110.000     99960         0     99962           0.259     0.756     1.024     1.806     2.161     2.783     3.772     5.489
1111.000    100029         0    100026           0.256     0.752     1.038     1.872     2.206     2.824     3.971     5.833
1112.000    100010         0    100015           0.254     0.750     1.034     1.865     2.200     2.894     4.067     6.201
1113.000     99997         0     99994           0.256     0.759     1.048     1.889     2.210     2.906     4.051     6.734
1114.000     99986         0     99986           0.254     0.749     1.017     1.836     2.185     2.824     3.885     6.975
1115.000    100014         0    100016           0.245     0.750     1.041     1.914     2.214     2.900     3.895     5.411
1116.000    100011         0    100006           0.247     0.743     1.025     1.787     2.169     2.820     3.959     6.021
1117.001     99981         0     99986           0.240     0.749     1.041     1.911     2.218     2.916     3.951     5.501
1118.001    100020         0    100010           0.247     0.743     1.010     1.812     2.165     2.871     4.000     6.889
1119.000     99990         0     99997           0.240     0.745     1.056     1.889     2.210     2.910     3.922     7.426
1120.000     99997         0     99993           0.256     0.750     1.018     1.831     2.181     2.834     4.088     5.607
1121.001     99990         0     99994           0.249     0.772     1.062     1.870     2.210     2.859     4.037     6.283
1122.000    100017         0    100020           0.252     0.766     1.065     1.915     2.228     2.851     3.903     5.206
1123.001    100001         0     99986           0.259     0.764     1.051     1.857     2.210     2.892     3.867     5.640
1124.000     99988         0     99997           0.271     0.786     1.072     1.876     2.222     2.869     4.014     5.652
1125.000    100004         0    100007           0.261     0.772     1.048     1.841     2.191     2.857     3.985     5.825
1126.001     99999         0     99995           0.253     0.759     1.040     1.859     2.193     2.769     3.756     6.226
1127.000    100000         0    100003           0.253     0.755     1.038     1.861     2.200     2.861     3.985     5.554
1128.000     99998         0     99999           0.250     0.761     1.052     1.912     2.228     2.877     4.008     5.538
1129.000    100013         0    100007           0.251     0.748     1.034     1.863     2.195     2.849     4.014     6.476
1130.000     99988         0     99996           0.242     0.750     1.035     1.896     2.214     2.890     3.883     5.792
1131.000    100006         0    100001           0.259     0.745     1.011     1.801     2.169     2.804     3.922     5.407
1132.001     99962         0     99966           0.236     0.789     1.164     2.202     3.394    23.691   162.660   208.798
1133.000    100034         0    100032           0.250     0.750     1.020     1.840     2.189     2.800     3.889     6.377
1134.000     99996         0     99998           0.240     0.754     1.033     1.853     2.189     2.806     3.877     5.956
1135.000    100009         0    100009           0.262     0.756     1.044     1.896     2.216     2.914     4.035     6.246
1136.000    100006         0    100005           0.261     0.752     1.023     1.825     2.183     2.834     4.010     6.029
1137.000     99986         0     99986           0.257     0.773     1.081     1.898     2.220     2.851     3.936     7.066
1138.001     99991         0     99989           0.260     0.765     1.048     1.849     2.206     2.902     4.028     5.841
1139.000    100011         0    100015           0.253     0.771     1.068     1.919     2.232     2.896     3.914     6.582
1140.001    100024         0    100005           0.255     0.790     1.084     1.863     2.222     2.929     4.088     6.148
1141.000     99972         0     99989           0.252     0.757     1.031     1.830     2.181     2.855     3.910     7.016
1142.001     99991         0     99993           0.251     0.780     1.085     1.935     2.263     2.980     4.133     6.631
1143.001    100008         0     99993           0.258     0.777     1.066     1.868     2.222     2.929     4.030     5.702
1144.001    100004         0    100017           0.254     0.792     1.106     1.963     2.290     3.052     4.198     5.755
1145.000     99990         0     99989           0.266     0.776     1.061     1.871     2.210     2.839     3.903     5.894
1146.000    100001         0    100004           0.265     0.781     1.093     1.890     2.234     2.906     4.102     5.898
1147.000    100012         0    100015           0.239     0.766     1.050     1.878     2.206     2.863     3.994     6.324
1148.001     99997         0     99990           0.248     0.764     1.041     1.846     2.202     2.810     3.799     7.148
1149.000     99980         0     99983           0.261     0.801     1.120     1.898     2.243     2.994     4.106     6.648
1150.001    100033         0    100023           0.229     0.761     1.054     1.912     2.234     2.916     3.981     6.525
1151.001     99980         0     99984           0.244     0.760     1.035     1.834     2.204     2.890     4.069     6.795
1152.000    100011         0    100017           0.254     0.782     1.071     1.882     2.220     2.824     3.891     6.480
1153.001    100005         0     99997           0.249     0.782     1.073     1.898     2.243     2.959     4.159     6.017
1154.000     99995         0    100003           0.256     0.782     1.077     1.859     2.202     2.875     3.844     5.685
1155.000     99991         0     99991           0.263     0.770     1.073     1.922     2.245     2.994     4.192     6.152
1156.000    100021         0    100016           0.257     0.766     1.050     1.851     2.212     2.910     4.116     7.516
1157.000     99978         0     99983           0.243     0.762     1.070     1.942     2.261     3.201     4.559     9.511
1158.000    100016         0    100010           0.259     0.754     1.031     1.830     2.179     2.830     3.918     5.513
1159.000     99959         0     99965           0.266     0.790     1.098     1.928     2.251     2.884     3.996     5.984
1160.000    100010         0    100011           0.261     0.764     1.020     1.692     2.128     2.771     3.865     5.362
1161.000    100021         0    100017           0.250     0.783     1.090     1.923     2.251     2.933     4.043     6.726
1162.000    100006         0    100011           0.273     0.786     1.077     1.857     2.212     2.861     3.955     5.677
1163.000     99989         0     99984           0.261     0.818     1.135     1.922     2.261     2.918     3.996     6.816
1164.000    100020         0    100016           0.256     0.790     1.099     1.946     2.267     2.968     4.127     5.878
1165.001     99979         0     99983           0.251     0.781     1.074     1.858     2.206     2.882     3.969     5.640
1166.000    100025         0    100022           0.253     0.771     1.070     1.924     2.245     2.914     4.121     5.562
1167.000     99980         0     99988           0.269     0.771     1.074     1.885     2.224     2.888     3.875     6.435
1168.001     99999         0     99988           0.255     0.767     1.069     1.942     2.238     2.879     3.940     5.526
1169.000    100003         0    100011           0.252     0.758     1.052     1.850     2.200     2.841     3.881     5.439
1170.000     99990         0     99987           0.253     0.771     1.070     1.914     2.234     2.875     3.918     5.599
1171.001    100012         0    100014           0.258     0.758     1.037     1.845     2.200     2.853     4.002     5.190
1172.000     99983         0     99981           0.254     0.784     1.075     1.867     2.216     2.861     3.881     5.870
1173.000    100002         0    100006           0.260     0.768     1.057     1.873     2.204     2.898     4.129     7.102
1174.000     99996         0     99997           0.250     0.779     1.077     1.886     2.218     2.832     3.867     6.816
1175.000    100004         0    100003           0.251     0.764     1.055     1.872     2.195     2.853     4.020     6.402
1176.000    100002         0    100000           0.251     0.784     1.085     1.914     2.228     2.861     3.934     5.771
1177.000    100021         0    100022           0.256     0.806     1.163     2.004     2.298     3.021     4.184     7.053
1178.000     99978         0     99980           0.257     0.772     1.052     1.833     2.191     2.845     3.893     6.038
1179.000    100003         0    100002           0.262     0.782     1.104     1.982     2.271     2.980     4.135     5.714
1180.000     99998         0     99994           0.261     0.768     1.067     1.836     2.189     2.843     3.922     5.095
1181.000     99991         0     99993           0.255     0.776     1.084     1.950     2.255     2.918     4.170     5.829
1182.000     99998         0    100001           0.258     0.757     1.024     1.829     2.179     2.826     3.973     5.620
1183.000    100014         0    100014           0.250     0.753     1.031     1.848     2.195     2.834     4.067     6.922
1184.000     99999         0     99994           0.253     0.777     1.073     1.900     2.232     2.902     4.141     6.767
1185.000     99993         0     99994           0.259     0.765     1.052     1.875     2.218     2.900     4.135     5.743
1186.000    100031         0    100034           0.257     0.763     1.048     1.882     2.214     2.890     3.889     5.341
1187.000     99956         0     99952           0.265     0.755     1.033     1.853     2.193     2.855     4.020     5.792
1188.000    100041         0    100048           0.252     0.763     1.061     1.920     2.241     2.910     4.002     7.680
1189.001     99995         0     99967           0.249     0.760     1.031     1.782     2.159     2.773     3.836     5.714
1190.000     99991         0    100017           0.249     0.763     1.059     1.915     2.236     2.984     4.293     6.533
1191.001    100008         0    100009           0.234     0.749     1.014     1.782     2.150     2.769     3.842     6.828
1192.000     99986         0     99987           0.249     0.773     1.084     1.949     2.253     2.953     4.092     5.779
1193.000    100004         0    100001           0.249     0.757     1.036     1.828     2.189     2.867     3.924     6.746
1194.000    100000         0     99998           0.267     0.781     1.070     1.855     2.200     2.798     3.834     6.099
1195.001    100018         0    100000           0.253     0.773     1.054     1.850     2.214     2.855     3.942     6.304
1196.001     99979         0     99996           0.254     0.780     1.085     1.932     2.241     2.861     3.846     5.931
1197.000    100014         0    100017           0.248     0.787     1.104     1.897     2.218     2.857     4.049     6.111
1198.001    100003         0     99999           0.247     0.786     1.085     1.901     2.232     2.859     3.928     6.709
1199.000    100010         0    100013           0.261     0.766     1.059     1.906     2.222     2.892     4.037     6.713
1200.000     99985         0     99984           0.256     0.776     1.073     1.889     2.224     2.894     4.018     6.545
1201.000    100008         0    100009           0.256     0.767     1.060     1.891     2.220     2.871     3.877     6.291
1202.000     99982         0     99985           0.254     0.763     1.042     1.830     2.189     2.863     3.981     6.136
1203.000    100003         0    100005           0.256     0.770     1.071     1.916     2.234     2.914     4.131     6.218
1204.001    100000         0     99976           0.248     0.764     1.047     1.840     2.189     2.777     3.756     6.558
1205.000    100002         0    100018           0.244     0.778     1.093     1.962     2.259     2.982     4.086     6.009
1206.000     99997         0     99998           0.254     0.755     1.013     1.741     2.130     2.738     3.840     5.620
1207.001     99997         0    100002           0.241     0.781     1.119     1.967     2.284     3.029     4.207     5.612
1208.000    100008         0    100010           0.251     0.763     1.062     1.884     2.218     2.949     4.143     6.173
1209.000    100001         0     99997           0.239     0.762     1.056     1.894     2.222     2.890     4.030     5.677
1210.000    100003         0    100005           0.233     0.787     1.108     1.913     2.243     2.927     4.108     6.005
1211.000     99998         0     99999           0.256     0.775     1.076     1.911     2.230     2.933     3.971     6.197
1212.000     99988         0     99984           0.255     0.762     1.034     1.841     2.185     2.804     3.916     5.894
1213.001    100003         0    100007           0.262     0.775     1.062     1.864     2.216     2.890     3.944     6.382
1214.000    100009         0    100007           0.252     0.762     1.057     1.917     2.230     2.896     4.119     5.689
1215.000     99981         0     99983           0.254     0.751     1.022     1.806     2.157     2.775     3.824     5.775
1216.000    100029         0    100026           0.243     0.763     1.063     1.909     2.224     2.890     4.098     5.853
1217.000     99969         0     99972           0.253     0.738     0.999     1.767     2.140     2.759     3.772     6.214
1218.000     99998         0     99994           0.248     0.742     1.020     1.873     2.195     2.816     3.965     6.050
1219.000    100016         0    100019           0.249     0.751     1.029     1.837     2.183     2.832     4.033     5.620
1220.000     99989         0     99989           0.246     0.760     1.046     1.894     2.212     2.875     3.996     5.915
1221.000     99993         0     99993           0.235     0.760     1.040     1.849     2.200     2.845     4.028     5.558
1222.000     99988         0     99990           0.253     0.769     1.069     1.916     2.228     2.877     4.012     5.677
1223.001    100043         0    100036           0.254     0.755     1.034     1.862     2.206     2.847     4.071     6.259
1224.001     99998         0    100000           0.246     0.741     1.014     1.844     2.179     2.800     3.852     5.452
1225.000    100004         0    100003           0.252     0.797     1.203     2.247     3.697    24.035   175.243   210.895
1226.000     99988         0     99987           0.249     0.757     1.036     1.836     2.179     2.808     3.875     6.291
1227.001     99990         0     99981           0.254     0.770     1.099     1.968     2.267     2.912     3.983     6.357
1228.000    100017         0    100027           0.253     0.764     1.060     1.844     2.195     2.834     3.879     5.915
1229.001     99949         0     99953           0.252     0.767     1.064     1.892     2.212     2.849     4.024     6.398
1230.001    100034         0    100027           0.242     0.752     1.040     1.860     2.198     2.879     4.045     6.619
1231.000     99993         0    100000           0.242     0.742     1.014     1.806     2.161     2.761     3.766     7.348
1232.000     99964         0     99962           0.243     0.749     1.028     1.851     2.187     2.851     4.010     5.755
1233.000    100049         0    100050           0.248     0.765     1.063     1.889     2.218     2.886     3.936     5.497
1234.000     99993         0     99993           0.262     0.764     1.045     1.852     2.191     2.804     3.973     6.705
1235.001     99979         0     99970           0.248     0.758     1.048     1.885     2.218     2.898     3.895     6.205
1236.000    100049         0    100059           0.244     0.756     1.030     1.820     2.177     2.875     4.096     6.693
1237.000     99985         0     99985           0.258     0.786     1.099     1.895     2.238     2.972     4.135     6.275
1238.000    100018         0    100015           0.253     0.765     1.067     1.921     2.234     2.925     4.067     6.242
1239.001     99975         0     99963           0.259     0.753     1.029     1.812     2.167     2.779     3.942     5.898
1240.000     99992         0    100002           0.248     0.778     1.102     1.928     2.247     2.933     4.102     5.673
1241.000    100006         0    100004           0.244     0.766     1.043     1.830     2.198     2.890     4.039     5.308
1242.000     99990         0     99995           0.273     0.779     1.072     1.864     2.218     2.900     4.012     6.189
1243.000    100011         0    100010           0.251     0.758     1.051     1.909     2.224     2.963     4.088     6.078
1244.000    100016         0    100016           0.251     0.750     1.026     1.800     2.165     2.810     3.875     5.865
1245.000     99974         0     99978           0.247     0.776     1.093     1.961     2.281     2.986     4.082     7.111
1246.000    100012         0    100010           0.258     0.772     1.069     1.882     2.210     2.828     3.897     6.418
1247.000     99989         0     99991           0.247     0.771     1.067     1.892     2.232     2.920     4.000     5.988
1248.000    100007         0    100007           0.249     0.768     1.061     1.894     2.218     2.916     4.059     5.628
1249.000    100024         0    100019           0.253     0.757     1.044     1.898     2.220     2.886     4.004     5.444
1250.000     99983         0     99985           0.256     0.763     1.042     1.850     2.195     2.847     3.926     6.468
1251.001    100017         0    100011           0.263     0.781     1.107     1.981     2.277     2.945     3.987     5.825
1252.001     99996         0     99998           0.244     0.765     1.043     1.827     2.185     2.855     4.168     5.734
1253.001     99976         0     99981           0.260     0.765     1.056     1.894     2.220     2.908     3.994     5.845
1254.000     99998         0     99999           0.228     0.772     1.059     1.871     2.218     2.847     3.875     6.697
1255.000     99984         0     99979           0.235     0.762     1.043     1.827     2.183     2.787     3.846     6.783
1256.001    100032         0    100036           0.262     0.800     1.126     1.974     2.288     3.021     4.082     5.779
1257.000    100006         0    100006           0.248     0.771     1.060     1.869     2.216     2.832     3.967     5.591
1258.000     99979         0     99980           0.238     0.791     1.116     1.943     2.269     3.013     4.155     5.779
1259.000    100018         0    100015           0.243     0.750     1.028     1.833     2.179     2.859     3.881     5.509
1260.000     99994         0     99989           0.254     0.787     1.109     1.972     2.288     3.043     4.119     6.406
1261.000     99998         0    100006           0.256     0.764     1.030     1.799     2.167     2.781     3.893     6.181
1262.000     99984         0     99982           0.251     0.770     1.072     1.916     2.232     2.904     4.049     6.947
1263.000    100033         0    100030           0.250     0.765     1.036     1.803     2.173     2.818     3.840     6.509
1264.000     99981         0     99986           0.253     0.780     1.085     1.940     2.249     2.920     4.030     6.423
1265.001     99999         0     99992           0.257     0.770     1.044     1.820     2.185     2.843     3.959     6.132
1266.001     99981         0     99985           0.258     0.772     1.064     1.882     2.218     2.929     4.119     6.791
1267.000    100002         0    100000           0.254     0.772     1.078     1.884     2.210     2.910     4.022     6.500
1268.000    100019         0    100024           0.247     0.767     1.060     1.881     2.212     2.826     3.801     5.571
1269.000    100011         0    100009           0.257     0.780     1.086     1.929     2.245     2.988     4.145     6.001
1270.000     99981         0     99982           0.251     0.762     1.059     1.803     2.175     2.787     3.791     8.348
1271.000    100009         0    100009           0.250     0.775     1.077     1.922     2.243     2.978     4.164     6.164
1272.000     99998         0     99998           0.247     0.760     1.035     1.828     2.189     2.828     3.799     5.857
1273.001     99986         0     99981           0.259     0.776     1.069     1.880     2.222     2.904     4.151     6.468
1274.000    100014         0    100020           0.255     0.754     1.037     1.849     2.189     2.845     3.924     5.886
1275.000    100002         0    100001           0.247     0.787     1.093     1.919     2.247     2.955     4.143     6.046
1276.000    100010         0    100008           0.260     0.772     1.048     1.799     2.185     2.826     4.014    12.100
1277.001     99972         0     99972           0.262     0.782     1.086     1.923     2.241     2.894     4.026     6.238
1278.000    100021         0    100023           0.252     0.770     1.047     1.843     2.185     2.841     4.002     6.259
1279.001    100004         0     99998           0.241     0.761     1.038     1.839     2.189     2.800     3.842     5.755
1280.000     99999         0    100008           0.255     0.787     1.091     1.908     2.257     3.080     4.231     5.788
1281.000     99998         0     99995           0.259     0.780     1.069     1.863     2.206     2.841     3.787     6.459
1282.000    100005         0    100007           0.270     0.796     1.100     1.912     2.259     3.021     4.198     5.657
1283.000     99988         0     99986           0.263     0.777     1.063     1.803     2.185     2.820     3.824     5.763
1284.000    100014         0    100013           0.261     0.797     1.112     1.961     2.292     3.062     4.227     6.676
1285.000     99995         0     99992           0.249     0.777     1.053     1.763     2.142     2.734     3.727     5.509
1286.000     99990         0     99991           0.261     0.774     1.085     1.954     2.259     2.972     4.207     6.554
1287.000    100014         0    100019           0.258     0.743     0.997     1.689     2.111     2.703     3.783     6.042
1288.000    100001         0     99997           0.253     0.801     1.149     2.010     2.308     3.045     4.231     6.177
1289.000     99993         0     99996           0.262     0.767     1.035     1.785     2.165     2.787     3.922     6.070
1290.001    100017         0     99993           0.248     0.760     1.047     1.884     2.208     2.828     3.762     5.964
1291.001     99982         0     99999           0.261     0.765     1.054     1.883     2.208     2.877     4.028     6.664
1292.000     99983         0     99986           0.249     0.800     1.113     1.895     2.255     2.900     4.073    11.837
1293.000    100002         0     99999           0.245     0.797     1.126     1.974     2.290     3.054     4.305     7.537
1294.000    100034         0    100032           0.256     0.780     1.064     1.830     2.189     2.832     3.842     6.619
1295.000     99996         0    100000           0.241     0.786     1.113     1.982     2.294     3.092     4.289     6.361
1296.000     99981         0     99977           0.243     0.765     1.035     1.760     2.154     2.796     3.863     5.751
1297.001     99986         0     99988           0.261     0.786     1.122     1.969     2.269     2.939     4.108     6.078
1298.001    100019         0    100022           0.248     0.763     1.037     1.793     2.169     2.769     3.815     4.981
1299.000    100003         0    100001           0.255     0.784     1.125     2.001     2.292     3.142     4.268     8.520
1300.000     99995         0     99997           0.252     0.787     1.083     1.795     2.177     2.830     3.946     7.242
1301.000     99992         0     99989           0.264     0.797     1.137     1.977     2.281     3.072     4.190     7.836
1302.000     99985         0     99991           0.253     0.772     1.062     1.859     2.198     2.847     3.920     6.136
1303.000    100000         0     99998           0.253     0.763     1.060     1.894     2.224     2.912     4.073     6.111
1304.000    100023         0    100019           0.248     0.772     1.087     1.958     2.261     2.992     4.157     5.968
1305.001    100021         0    100015           0.258     0.769     1.065     1.876     2.212     2.869     3.953     6.394
1306.000     99975         0     99984           0.249     0.799     1.126     1.975     2.288     3.013     4.059     6.595
1307.000    100006         0    100006           0.254     0.761     1.022     1.714     2.138     2.734     3.772     5.718
1308.000     99979         0     99982           0.261     0.776     1.102     1.997     2.286     3.011     4.133     6.185
1309.001    100023         0    100016           0.253     0.738     0.997     1.752     2.136     2.734     3.860     5.816
1310.000    100003         0    100003           0.246     0.759     1.064     1.921     2.228     3.015     4.256     8.462
1311.000     99986         0     99990           0.252     0.752     1.031     1.832     2.179     2.828     3.875     5.960
1312.000     99998         0    100000           0.271     0.769     1.072     1.923     2.234     2.961     4.057     6.300
1313.001    100026         0    100017           0.249     0.766     1.045     1.826     2.175     2.796     3.848     6.005
1314.001     99971         0     99977           0.239     0.785     1.097     1.955     2.263     2.925     3.906     5.624
1315.000    100008         0    100004           0.241     0.771     1.057     1.848     2.204     2.898     4.067     6.394
1316.000    100007         0    100011           0.247     0.763     1.049     1.875     2.200     2.836     3.903     6.320
1317.000     99997         0     99996           0.262     0.762     1.040     1.857     2.195     2.871     3.899     6.492
1318.000     99975         0     99976           0.252     0.772     1.079     1.869     2.206     2.847     3.928     6.537
1319.000    100019         0    100020           0.259     0.775     1.092     1.942     2.259     3.006     4.102     6.701
1320.000     99985         0     99983           0.262     0.766     1.048     1.821     2.175     2.826     3.922     6.074
1321.000    100022         0    100024           0.256     0.784     1.103     1.977     2.284     3.011     4.184     6.824
1322.000    100004         0    100003           0.247     0.767     1.041     1.762     2.163     2.793     3.865     6.115
1323.000     99982         0     99981           0.245     0.777     1.095     1.956     2.261     2.972     4.164     6.939
1324.001    100015         0    100011           0.242     0.775     1.069     1.850     2.198     2.828     4.035     6.156
1325.000     99968         0     99969           0.249     0.798     1.120     1.955     2.275     2.986     4.041     5.378
1326.000    100024         0    100024           0.238     0.811     1.128     1.925     2.257     2.900     3.936     9.953
1327.000     99970         0     99973           0.243     0.802     1.127     1.971     2.286     2.970     4.073     6.177
1328.000    100035         0    100031           0.269     0.773     1.079     1.850     2.204     2.849     3.891     6.119
1329.001    100000         0    100006           0.261     0.776     1.078     1.936     2.249     2.945     4.135     6.451
1330.000     99998         0     99999           0.243     0.760     1.031     1.784     2.161     2.818     3.858     6.058
1331.000     99998         0     99996           0.259     0.790     1.133     1.955     2.290     3.068     4.301     6.369
1332.001    100008         0    100001           0.278     0.783     1.086     1.934     2.245     2.908     4.086     6.132
1333.001     99980         0     99986           0.261     0.788     1.076     1.806     2.183     2.810     3.979     8.724
1334.000     99997         0    100001           0.262     0.809     1.166     2.030     2.333     3.043     4.186     5.837
1335.000    100034         0    100030           0.264     0.764     1.033     1.772     2.163     2.816     3.967     6.337
1336.000    100003         0    100007           0.256     0.771     1.085     1.961     2.261     2.966     4.090     5.968
1337.000     99996         0     99993           0.244     0.752     1.028     1.817     2.175     2.826     4.065     6.959
1338.000     99993         0     99993           0.259     0.774     1.075     1.921     2.238     2.920     3.996     5.616
1339.000     99995         0     99994           0.257     0.768     1.055     1.849     2.198     2.847     3.912     5.267
1340.000    100003         0    100006           0.250     0.783     1.101     1.954     2.259     2.927     4.041     6.304
1341.000     99976         0     99973           0.230     0.755     1.028     1.822     2.181     2.828     3.936     5.767
1342.001    100019         0    100019           0.263     0.767     1.057     1.892     2.220     2.896     4.084     6.144
1343.001     99993         0     99995           0.254     0.761     1.037     1.824     2.195     2.832     3.922     5.673
1344.000    100007         0    100002           0.248     0.792     1.125     1.985     2.286     2.982     4.215     6.152
1345.000    100008         0    100012           0.269     0.768     1.050     1.865     2.204     2.841     3.981     6.857
1346.001     99996         0     99988           0.245     0.776     1.063     1.867     2.206     2.855     4.053     5.931
1347.000    100008         0    100015           0.247     0.781     1.080     1.909     2.249     2.929     4.145     7.598
1348.001     99987         0     99980           0.267     0.773     1.060     1.822     2.189     2.841     3.877     6.074
1349.000    100009         0    100021           0.256     0.771     1.080     1.934     2.238     2.945     3.969     6.324
1350.000     99981         0     99977           0.263     0.763     1.039     1.843     2.185     2.847     3.973     5.919
1351.001    100028         0    100021           0.254     0.797     1.126     1.974     2.286     2.988     4.082     6.279
1352.000     99994         0    100000           0.254     0.763     1.045     1.836     2.200     2.853     3.946     6.533
1353.000     99997         0     99996           0.265     0.788     1.100     1.937     2.253     2.933     4.043     6.640
1354.001     99996         0     99998           0.245     0.767     1.050     1.840     2.191     2.826     3.922     6.599
1355.001     99987         0     99984           0.248     0.771     1.065     1.889     2.224     2.914     4.047     6.250
1356.000    100010         0    100012           0.243     0.741     1.016     1.845     2.179     2.843     3.944     6.427
1357.000     99986         0     99985           0.237     0.738     1.005     1.828     2.161     2.769     3.906     6.525
1358.001    100017         0    100018           0.248     0.757     1.061     1.869     2.200     2.843     4.030     6.103
1359.000    100010         0    100012           0.251     0.736     1.005     1.815     2.169     2.818     3.889     5.759
1360.000     99995         0     99997           0.261     0.761     1.062     1.914     2.238     3.029     4.194     6.861
1361.000     99975         0     99975           0.248     0.769     1.100     1.913     2.241     2.914     4.084     5.554
1362.000    100020         0    100015           0.262     0.764     1.068     1.931     2.232     2.922     4.016     6.361
1363.001     99956         0     99959           0.244     0.737     1.003     1.798     2.159     2.796     3.901     5.353
1364.001    100048         0    100048           0.257     0.767     1.062     1.897     2.224     2.865     3.930     6.078
1365.000     99980         0     99980           0.260     0.763     1.040     1.829     2.183     2.855     3.869     6.427
1366.000     99999         0     99999           0.250     0.777     1.077     1.914     2.232     2.902     4.076     6.103
1367.000    100011         0    100008           0.260     0.771     1.060     1.859     2.214     2.859     3.940     6.025
1368.001     99985         0     99986           0.246     0.760     1.044     1.868     2.208     2.888     4.078     5.706
1369.000    100031         0    100032           0.252     0.756     1.046     1.895     2.212     2.857     3.940     5.722
1370.000     99988         0     99990           0.262     0.754     1.036     1.827     2.173     2.806     3.926     6.226
1371.000     99996         0     99991           0.239     0.761     1.050     1.894     2.208     2.836     3.836     6.087
1372.000    100012         0    100012           0.241     0.746     1.012     1.776     2.142     2.785     3.828     6.730
1373.000    100000         0    100006           0.250     0.760     1.066     1.940     2.253     2.976     4.147     6.455
1374.000     99997         0     99992           0.257     0.771     1.056     1.828     2.200     2.877     4.014     6.042
1375.001     99989         0     99991           0.255     0.773     1.065     1.894     2.216     2.841     3.971     5.878
1376.000    100008         0    100008           0.264     0.758     1.047     1.873     2.206     2.836     3.885     5.853
1377.001     99977         0     99974           0.244     0.765     1.047     1.849     2.187     2.851     4.016     7.791
1378.000    100020         0    100026           0.245     0.762     1.046     1.845     2.195     2.845     3.932     5.706
1379.000     99981         0     99979           0.259     0.759     1.070     1.925     2.245     2.949     4.114     6.738
1380.000    100006         0    100005           0.248     0.745     1.018     1.844     2.187     2.841     3.832     5.186
1381.001    100003         0    100000           0.260     0.761     1.056     1.880     2.218     2.916     4.080     5.968
1382.001    100031         0    100031           0.246     0.771     1.070     1.935     2.241     2.888     4.016     5.722
1383.000     99964         0     99970           0.240     0.770     1.060     1.905     2.224     2.892     3.908     5.427
1384.000    100028         0    100026           0.251     0.761     1.035     1.840     2.181     2.824     3.828     6.971
1385.001     99977         0     99971           0.258     0.773     1.084     1.955     2.251     2.916     4.104     5.804
1386.000     99993         0    100001           0.258     0.748     1.026     1.829     2.181     2.789     3.824     6.238
1387.000    100020         0    100021           0.253     0.755     1.039     1.893     2.210     2.882     3.906     5.325
1388.000    100008         0    100002           0.245     0.759     1.065     1.854     2.200     2.857     4.022     6.472
1389.000     99971         0     99972           0.239     0.765     1.061     1.913     2.228     2.857     3.998     5.890
1390.000    100022         0    100026           0.258     0.755     1.032     1.815     2.169     2.820     3.901     5.812
1391.000    100001         0    100000           0.258     0.775     1.091     1.917     2.243     2.904     3.973     7.238
1392.000     99981         0     99980           0.261     0.775     1.076     1.908     2.232     2.910     4.069     6.296
1393.001    100019         0    100012           0.257     0.770     1.075     1.910     2.224     2.875     3.910     5.853
1394.000    100013         0    100018           0.248     0.771     1.085     1.959     2.253     2.963     4.028     5.829
1395.000     99980         0     99981           0.249     0.762     1.052     1.870     2.195     2.822     3.813     6.259
1396.000     99988         0     99986           0.251     0.774     1.078     1.923     2.236     2.935     4.080     6.664
1397.000    100018         0    100024           0.253     0.775     1.099     1.943     2.245     2.912     4.039     5.751
1398.001    100001         0     99994           0.250     0.783     1.095     1.947     2.265     2.996     4.073     6.771
1399.000    100013         0    100012           0.254     0.764     1.046     1.867     2.202     2.861     3.985     6.046
1400.000     99973         0     99977           0.262     0.792     1.097     1.918     2.245     2.961     4.102     5.661
1401.000    100031         0    100030           0.261     0.808     1.118     1.925     2.259     2.886     3.903     5.906
1402.000     99971         0     99973           0.251     0.799     1.121     1.956     2.277     2.976     4.139     6.480
1403.000    100002         0    100004           0.259     0.793     1.114     1.960     2.273     2.939     4.049     6.623
1404.000    100018         0    100017           0.258     0.780     1.084     1.915     2.226     2.892     4.004     6.443
1405.000     99991         0     99988           0.266     0.784     1.081     1.913     2.241     2.853     3.934     5.427
1406.000     99986         0     99984           0.258     0.792     1.117     1.970     2.267     2.912     4.014     5.751
1407.000     99995         0     99999           0.252     0.793     1.094     1.921     2.251     2.910     3.994     5.759
1408.000    100014         0    100013           0.262     0.813     1.141     1.969     2.284     2.939     4.049     5.861
1409.000    100011         0    100012           0.259     0.789     1.119     1.935     2.255     2.927     4.016     7.033
1410.000     99960         0     99958           0.273     0.786     1.098     1.934     2.257     2.908     3.959     6.042
1411.000    100031         0    100032           0.251     0.791     1.098     1.935     2.259     2.963     4.055     7.049
1412.000     99998         0     99998           0.253     0.787     1.078     1.876     2.210     2.828     3.846     8.061
1413.000    100018         0    100021           0.259     0.789     1.107     1.952     2.261     2.929     3.910     6.111
1414.000     99973         0     99969           0.259     0.769     1.050     1.846     2.191     2.824     3.887     6.193
1415.001     99991         0     99987           0.254     0.778     1.082     1.928     2.243     2.894     4.065     6.783
1416.001    100025         0    100031           0.259     0.769     1.054     1.843     2.191     2.826     3.881     5.636
1417.001     99999         0    100001           0.252     0.772     1.090     1.945     2.251     2.912     4.073     6.398
1418.000    100003         0    100001           0.249     0.775     1.104     1.934     2.253     2.916     3.906     6.119
1419.000     99999         0    100003           0.258     0.789     1.103     1.955     2.267     2.925     4.016     6.337
1420.000    100003         0     99998           0.272     0.788     1.090     1.920     2.241     2.888     4.045     6.054
1421.001     99999         0     99995           0.256     0.795     1.122     1.927     2.255     2.918     4.067     5.788
1422.001     99984         0     99988           0.258     0.839     1.195     2.026     2.331     3.045     4.174     5.861
1423.001     99991         0     99987           0.255     0.769     1.063     1.874     2.202     2.824     3.924     5.362
1424.000    100010         0    100014           0.239     0.810     1.153     2.019     2.318     3.047     4.215     6.631
1425.001    100009         0    100000           0.265     0.800     1.101     1.884     2.230     2.851     3.885     5.640
1426.001     99977         0     99987           0.260     0.794     1.105     1.938     2.257     2.957     4.157     6.009
1427.000     99999         0     99999           0.258     0.763     1.042     1.817     2.177     2.808     3.867     5.755
1428.001    100013         0    100015           0.235     0.776     1.097     1.968     2.271     3.002     4.092     6.959
1429.000    100005         0    100001           0.246     0.751     1.034     1.841     2.185     2.810     3.842     6.537
1430.000     99988         0     99988           0.263     0.757     1.060     1.927     2.234     2.914     4.020     5.747
1431.000     99999         0    100001           0.247     0.762     1.056     1.895     2.214     2.855     3.856     6.136
1432.000     99999         0     99998           0.248     0.770     1.080     1.948     2.245     2.925     4.112     6.111
1433.000    100022         0    100024           0.255     0.777     1.076     1.882     2.222     2.937     4.137     6.205
1434.001     99970         0     99962           0.255     0.775     1.086     1.924     2.247     2.914     4.037     6.222
1435.001    100029         0    100037           0.257     0.765     1.068     1.917     2.228     2.902     4.047     6.423
1436.000    100008         0    100004           0.244     0.749     1.025     1.847     2.177     2.814     3.822     5.845
1437.000     99981         0     99987           0.241     0.758     1.060     1.908     2.226     2.918     3.983     6.312
1438.000     99992         0     99990           0.238     0.758     1.042     1.848     2.193     2.824     3.822     6.066
1439.000    100000         0    100002           0.255     0.765     1.092     1.933     2.236     2.918     4.090     6.689
1440.000    100006         0    100004           0.249     0.757     1.035     1.815     2.167     2.783     3.774     5.579
1441.000     99999         0     99997           0.260     0.777     1.086     1.944     2.259     3.047     4.239     6.001
1442.000    100015         0    100012           0.247     0.762     1.039     1.819     2.181     2.798     3.889     6.201
1443.001     99996         0     99998           0.260     0.788     1.129     2.002     2.290     3.045     4.264     7.299
1444.000    100016         0    100017           0.258     0.781     1.078     1.893     2.228     2.896     4.076     6.418
1445.000     99993         0     99993           0.257     0.775     1.083     1.955     2.263     3.006     4.149     6.492
1446.000     99987         0     99988           0.261     0.777     1.086     1.953     2.255     2.951     4.051     6.857
1447.000     99984         0     99987           0.270     0.779     1.064     1.844     2.210     2.871     3.936     5.878
1448.000    100001         0    100002           0.260     0.800     1.156     2.018     2.316     3.019     4.164     6.050
1449.000    100006         0    100005           0.258     0.787     1.091     1.889     2.224     2.884     4.006     7.229
1450.000     99992         0     99987           0.259     0.793     1.112     1.956     2.271     2.955     4.100     6.894
1451.001    100006         0    100004           0.263     0.792     1.091     1.876     2.218     2.879     3.852     5.546
1452.001     99981         0     99987           0.249     0.783     1.118     1.960     2.265     2.933     4.088     6.558
1453.000    100026         0    100026           0.262     0.753     1.025     1.812     2.169     2.773     3.916     5.595
1454.001    100023         0    100012           0.259     0.775     1.104     1.987     2.269     2.957     4.100     6.173
1455.000     99992         0    100000           0.249     0.773     1.079     1.935     2.251     2.941     4.149     6.455
1456.000     99999         0     99997           0.242     0.761     1.069     1.943     2.243     2.912     3.998     5.546
1457.000     99982         0     99984           0.259     0.761     1.058     1.929     2.234     2.906     3.918     6.246
1458.000    100011         0    100016           0.248     0.758     1.040     1.845     2.191     2.830     3.930     5.251
1459.000    100010         0    100004           0.257     0.790     1.124     1.995     2.273     2.955     3.971     6.078
1460.000    100004         0    100002           0.258     0.770     1.055     1.831     2.189     2.814     3.852     6.504
1461.000     99967         0     99967           0.260     0.800     1.126     1.980     2.294     3.027     4.231     6.803
1462.001     99983         0     99985           0.265     0.801     1.098     1.889     2.236     2.945     4.096     6.345
1463.000    100033         0    100034           0.246     0.779     1.113     1.977     2.286     3.025     4.192     6.242
1464.001     99992         0     99986           0.240     0.787     1.079     1.851     2.208     2.830     3.951     5.579
1465.001    100003         0    100008           0.239     0.791     1.127     2.008     2.298     3.021     4.045     5.431
1466.000    100007         0    100011           0.240     0.755     1.029     1.807     2.165     2.802     3.828     5.517
1467.000     99983         0     99982           0.265     0.805     1.165     2.032     2.327     3.043     4.153     6.476
1468.000    100025         0    100025           0.256     0.764     1.052     1.885     2.216     2.886     3.998     5.558
1469.000     99987         0     99982           0.236     0.782     1.101     1.901     2.228     2.884     3.953     5.812
1470.000    100000         0    100006           0.230     0.806     1.136     1.997     2.306     3.009     4.135     6.390
1471.001    100020         0    100012           0.252     0.776     1.062     1.860     2.206     2.908     3.967     6.513
1472.000     99991         0     99992           0.273     0.803     1.134     1.989     2.290     2.968     4.119     6.275
1473.001     99987         0     99991           0.243     0.775     1.064     1.866     2.206     2.845     3.848     6.173
1474.000    100004         0    100006           0.247     0.796     1.126     1.982     2.275     2.910     4.002     5.624
1475.000     99983         0     99983           0.254     0.760     1.034     1.799     2.161     2.767     3.820     6.091
1476.000    100023         0    100020           0.263     0.798     1.145     2.006     2.308     3.031     4.293     6.177
1477.000    100002         0    100003           0.253     0.761     1.021     1.710     2.126     2.718     3.734     6.005
1478.000    100000         0    100000           0.244     0.817     1.158     2.002     2.306     3.013     4.051     5.640
1479.000     99999         0    100001           0.247     0.780     1.092     1.865     2.226     2.865     4.004     6.451
1480.001     99995         0     99988           0.263     0.758     1.060     1.908     2.224     2.894     4.000     6.750
1481.001    100009         0    100015           0.247     0.792     1.109     1.930     2.259     2.927     4.045     6.132
1482.000    100007         0    100008           0.247     0.776     1.091     1.885     2.214     2.884     3.998     6.132
1483.001     99982         0     99973           0.250     0.782     1.095     1.958     2.263     2.925     4.043     6.140
1484.000    100003         0    100012           0.251     0.748     1.024     1.796     2.159     2.796     3.963     5.427
1485.000    100008         0    100002           0.254     0.781     1.112     1.987     2.290     3.031     4.223     7.524
1486.000     99994         0     99994           0.258     0.759     1.031     1.805     2.167     2.820     3.971     6.287
1487.000     99995         0     99995           0.258     0.775     1.098     1.969     2.267     2.929     4.071     5.911
1488.000    100006         0    100004           0.239     0.743     1.006     1.756     2.142     2.744     3.799     5.775
1489.001     99985         0     99988           0.246     0.771     1.100     1.981     2.269     2.974     4.170     7.033
1490.000    100015         0    100021           0.248     0.743     1.012     1.794     2.157     2.798     3.908     5.943
1491.000     99990         0     99989           0.252     0.792     1.125     2.001     2.298     2.968     4.047     5.353
1492.000     99999         0    100000           0.251     0.766     1.056     1.876     2.216     2.863     4.045     8.118
1493.001    100011         0    100002           0.253     0.783     1.103     1.964     2.255     2.916     4.016     6.029
1494.000     99996         0    100002           0.255     0.765     1.059     1.879     2.210     2.869     4.035     6.746
1495.000     99986         0     99989           0.250     0.752     1.026     1.816     2.167     2.785     3.885     5.898
1496.000    100013         0    100010           0.260     0.755     1.055     1.926     2.224     2.869     3.942     5.722
1497.001    100005         0    100003           0.258     0.736     1.000     1.768     2.140     2.773     3.863     5.378
1498.000     99988         0     99990           0.248     0.756     1.065     1.950     2.241     2.906     4.004     6.906
1499.000    100002         0    100005           0.257     0.742     1.026     1.792     2.159     2.822     3.973     6.373
1500.001     99997         0     99985           0.241     0.770     1.095     1.980     2.271     2.988     4.125     5.779
1501.000    100019         0    100028           0.240     0.750     1.018     1.789     2.161     2.812     4.053     7.229
1502.001    100002         0    100000           0.237     0.758     1.071     1.942     2.243     2.906     4.039     6.210
1503.001    100010         0    100001           0.242     0.770     1.057     1.860     2.204     2.873     3.955     6.652
1504.000     99986         0     99988           0.233     0.755     1.039     1.886     2.210     2.839     4.061     6.263
1505.000    100002         0    100006           0.252     0.787     1.084     1.906     2.232     2.877     3.930     5.652
1506.001    100005         0    100002           0.244     0.800     1.121     1.948     2.263     2.927     4.018     5.681
1507.001     99967         0     99972           0.245     0.792     1.098     1.918     2.245     2.920     4.078     5.665
1508.000    100016         0    100012           0.255     0.773     1.077     1.925     2.236     2.927     4.008     6.689
1509.000    100008         0    100014           0.259     0.812     1.167     1.981     2.296     3.013     4.141     6.652
1510.001     99982         0     99974           0.257     0.779     1.076     1.896     2.232     2.902     4.043     5.902
1511.000    100008         0    100015           0.252     0.811     1.146     1.998     2.302     3.084     4.133     7.123
1512.000    100008         0    100006           0.250     0.761     1.051     1.796     2.175     2.765     3.791     6.369
1513.000     99999         0    100004           0.262     0.765     1.066     1.954     2.251     2.929     4.033     6.435
1514.000    100010         0    100011           0.255     0.763     1.043     1.849     2.206     2.865     3.994     6.361
1515.001     99967         0     99958           0.256     0.782     1.101     1.957     2.269     2.976     4.153     5.693
1516.000    100014         0    100022           0.265     0.779     1.077     1.902     2.230     2.941     3.973     5.407
1517.001     99993         0     99984           0.262     0.811     1.154     2.001     2.306     2.998     4.127     5.530
1518.001    100017         0    100023           0.264     0.799     1.112     1.944     2.267     2.970     3.928     6.152
1519.000     99989         0     99992           0.262     0.777     1.089     1.953     2.261     2.953     4.024     6.603
1520.000     99989         0     99988           0.256     0.766     1.058     1.892     2.216     2.877     4.071     5.640
1521.001    100009         0    100008           0.257     0.772     1.083     1.929     2.238     2.877     3.987     6.259
1522.000    100018         0    100017           0.255     0.782     1.094     1.943     2.251     2.873     3.926     6.111
1523.000     99982         0     99984           0.234     0.772     1.063     1.857     2.198     2.869     3.957     5.624
1524.000     99995         0     99997           0.253     0.766     1.081     1.958     2.257     2.986     4.178     6.545
1525.000    100003         0    100003           0.260     0.766     1.047     1.838     2.185     2.839     4.006     6.054
1526.000    100006         0    100007           0.267     0.785     1.107     1.960     2.257     2.988     4.207     6.595
1527.000    100010         0    100010           0.243     0.773     1.078     1.914     2.226     2.896     4.084     6.468
1528.000    100011         0    100008           0.252     0.783     1.112     1.992     2.292     3.035     4.289     8.487
1529.000     99986         0     99986           0.256     0.772     1.068     1.877     2.224     2.902     4.137     5.534
1530.000    100001         0     99996           0.241     0.788     1.136     1.981     2.284     3.021     4.094     5.857
1531.000    100001         0    100011           0.250     0.761     1.050     1.890     2.218     2.875     3.992     5.534
1532.000    100000         0     99995           0.258     0.817     1.177     1.988     2.296     3.023     4.184     7.025
1533.000     99986         0     99989           0.250     0.803     1.129     1.957     2.269     2.966     4.098     6.676
1534.000    100015         0    100015           0.260     0.781     1.090     1.929     2.249     2.957     4.073     7.578
1535.000     99968         0     99968           0.262     0.795     1.132     1.967     2.277     3.031     4.452    12.272
1536.000    100030         0    100026           0.250     0.772     1.084     1.946     2.259     2.988     4.006     6.324
1537.000     99977         0     99980           0.249     0.785     1.110     1.993     2.294     2.992     4.170     6.816
1538.001    100026         0    100019           0.252     0.764     1.036     1.784     2.175     2.806     3.932     5.378
1539.001     99987         0     99992           0.260     0.809     1.164     2.017     2.333     3.062     4.223     6.291
1540.001    100018         0    100019           0.236     0.770     1.061     1.880     2.202     2.832     3.895     5.124
1541.000     99976         0     99976           0.258     0.775     1.077     1.934     2.247     2.953     4.137     6.701
1542.000    100017         0    100018           0.265     0.792     1.124     1.947     2.269     2.955     4.133     5.845
1543.000     99981         0     99979           0.247     0.771     1.081     1.930     2.247     2.951     4.157     6.038
1544.000    100018         0    100021           0.260     0.772     1.059     1.872     2.214     2.882     4.067     6.611
1545.000     99974         0     99975           0.262     0.769     1.065     1.914     2.230     2.877     3.955     7.074
1546.001    100007         0    100001           0.257     0.772     1.085     1.959     2.259     2.951     4.063     6.775
1547.000     99995         0     99998           0.243     0.770     1.080     1.924     2.238     2.920     4.065     7.094
1548.000    100020         0    100017           0.253     0.765     1.083     1.953     2.251     2.955     4.102     8.155
1549.000     99995         0     99996           0.244     0.754     1.025     1.780     2.161     2.777     3.828     6.980
1550.000     99969         0     99973           0.258     0.801     1.122     1.970     2.284     3.011     4.184     6.451
1551.001    100015         0    100011           0.257     0.781     1.075     1.890     2.236     2.925     4.026     5.906
1552.000    100018         0    100020           0.259     0.769     1.075     1.937     2.245     2.978     4.100     8.479
1553.000    100016         0    100018           0.247     0.764     1.053     1.905     2.220     2.892     4.092     6.967
1554.000     99984         0     99983           0.269     0.770     1.077     1.934     2.243     2.939     4.129     6.922
1555.000    100019         0    100015           0.250     0.765     1.070     1.938     2.249     2.953     4.145     6.279
1556.000     99990         0     99990           0.250     0.769     1.075     1.920     2.230     2.894     3.985     6.758
1557.000     99987         0     99989           0.241     0.770     1.094     1.959     2.275     3.029     4.131     7.295
1558.001    100000         0    100001           0.257     0.769     1.075     1.930     2.236     2.929     4.057     6.218
1559.000    100021         0    100018           0.266     0.776     1.090     1.946     2.253     2.937     4.012     5.947
1560.000     99978         0     99978           0.264     0.771     1.079     1.894     2.218     2.875     4.088     6.881
1561.000     99982         0     99983           0.248     0.765     1.069     1.927     2.232     2.927     4.078     5.886
1562.000    100034         0    100037           0.256     0.771     1.069     1.912     2.228     2.922     3.944     6.136
1563.001     99991         0     99983           0.255     0.758     1.059     1.927     2.241     2.927     4.143     6.099
1564.000    100011         0    100011           0.255     0.785     1.090     1.921     2.243     2.974     4.002     5.829
1565.000     99986         0     99992           0.251     0.778     1.089     1.945     2.265     3.025     4.151     6.521
1566.000    100005         0    100005           0.251     0.785     1.094     1.935     2.251     2.937     3.969     6.308
1567.000     99985         0     99985           0.265     0.817     1.163     2.023     2.329     3.095     4.227     7.672
1568.000    100027         0    100024           0.258     0.801     1.109     1.932     2.265     2.933     4.057     6.423
1569.001    100005         0    100006           0.264     0.779     1.095     1.885     2.226     2.980     4.151     5.820
1570.000     99992         0     99988           0.265     0.773     1.086     1.969     2.261     3.011     4.190     5.947
1571.001     99984         0     99985           0.241     0.776     1.070     1.875     2.218     2.884     4.088     5.767
1572.001    100000         0    100002           0.255     0.807     1.180     2.037     2.331     3.070     4.276     7.463
1573.000    100020         0    100024           0.247     0.772     1.054     1.887     2.214     2.902     4.112     6.935
1574.000     99955         0     99952           0.247     0.778     1.084     1.940     2.253     2.933     4.012     6.111
1575.000    100015         0    100013           0.257     0.784     1.090     1.912     2.236     2.925     3.946     6.283
1576.001    100012         0    100013           0.246     0.789     1.105     1.970     2.269     3.039     4.174     6.238
1577.000     99997         0     99998           0.265     0.798     1.104     1.929     2.249     2.931     4.002     5.571
1578.000    100010         0    100012           0.249     0.784     1.095     1.948     2.261     2.939     4.047     5.472
1579.000     99989         0     99992           0.259     0.799     1.122     1.950     2.271     3.023     4.215     6.685
1580.000    100002         0    100000           0.260     0.792     1.107     1.948     2.261     2.937     4.067     6.599
1581.001    100024         0    100012           0.269     0.795     1.129     1.987     2.290     3.000     4.219     6.185
1582.001     99980         0     99990           0.255     0.782     1.072     1.851     2.210     2.890     4.180     5.988
1583.001    100011         0    100002           0.254     0.799     1.144     2.023     2.314     3.054     4.170     5.775
1584.000     99995         0    100007           0.256     0.798     1.111     1.933     2.253     2.949     4.166     5.439
1585.000     99983         0     99983           0.249     0.798     1.137     2.007     2.304     2.988     4.047     5.878
1586.000    100006         0    100001           0.261     0.789     1.100     1.921     2.238     2.871     3.938     6.316
1587.000     99999         0     99993           0.249     0.796     1.126     1.975     2.267     2.963     4.119     6.021
1588.000    100001         0    100010           0.247     0.781     1.090     1.938     2.249     2.898     3.951     5.480
1589.000     99976         0     99970           0.236     0.776     1.090     1.956     2.259     2.925     4.059     6.529
1590.000    100032         0    100038           0.251     0.784     1.110     1.934     2.245     2.910     4.024     6.517
1591.000     99997         0     99992           0.255     0.787     1.100     1.943     2.253     2.927     4.082     6.242
1592.001    100011         0    100011           0.251     0.761     1.064     1.923     2.238     2.939     4.086     6.324
1593.000     99979         0     99984           0.252     0.772     1.070     1.917     2.236     2.900     3.949     5.476
1594.000    100022         0    100020           0.232     0.762     1.074     1.965     2.271     3.023     4.243     6.435
1595.000    100010         0    100009           0.253     0.769     1.068     1.886     2.208     2.832     3.944     5.767
1596.000     99980         0     99981           0.256     0.772     1.082     1.953     2.263     2.966     4.143     6.767
1597.000    100006         0    100008           0.263     0.778     1.092     1.927     2.245     2.925     4.133     6.615
1598.000     99993         0     99991           0.248     0.776     1.093     1.939     2.257     3.039     4.293     6.234
1599.000     99998         0     99993           0.253     0.774     1.090     1.924     2.232     2.875     3.961     5.648
1600.001     99987         0     99992           0.261     0.798     1.151     2.012     2.312     3.084     4.231     6.644
1601.000    100024         0    100023           0.262     0.770     1.062     1.897     2.224     2.933     3.946     5.673
1602.001     99967         0     99964           0.243     0.781     1.107     1.964     2.267     2.980     4.078     6.427
1603.000    100017         0    100020           0.265     0.798     1.159     2.007     2.304     3.002     4.108     6.656
1604.000     99998         0     99996           0.253     0.771     1.074     1.923     2.241     2.935     4.061     6.554
1605.000     99998         0     99999           0.257     0.792     1.101     1.950     2.269     2.933     4.043     6.369
1606.000     99993         0     99996           0.253     0.787     1.096     1.916     2.245     2.931     4.030     5.882
1607.000     99993         0     99993           0.257     0.788     1.123     2.012     2.304     3.000     4.147     6.214
1608.000    100031         0    100027           0.254     0.800     1.107     1.927     2.253     2.925     3.985     5.829
1609.000    100018         0    100018           0.264     0.779     1.114     2.008     2.302     3.017     4.164     7.377
1610.001     99961         0     99965           0.256     0.775     1.086     1.952     2.257     2.937     3.938     5.779
1611.000    100022         0    100024           0.264     0.785     1.113     1.989     2.298     3.052     4.317     6.554
1612.000    100011         0    100007           0.258     0.785     1.103     1.951     2.251     2.906     3.961     5.636
1613.000    100005         0    100006           0.249     0.778     1.106     2.003     2.294     3.074     4.239     6.562
1614.001     99990         0     99990           0.264     0.794     1.094     1.904     2.234     2.918     3.996     6.083
1615.001     99979         0     99979           0.255     0.797     1.125     1.986     2.296     3.004     4.155     6.439
1616.000    100008         0    100011           0.261     0.784     1.105     1.953     2.263     2.998     4.112     8.311
1617.000     99982         0     99979           0.260     0.775     1.097     1.962     2.277     3.031     4.239     6.210
1618.000    100015         0    100017           0.239     0.771     1.121     2.010     2.304     3.140     4.309     6.607
1619.000    100006         0    100005           0.256     0.762     1.065     1.878     2.214     2.877     3.893     5.734
1620.000     99988         0     99990           0.242     0.802     1.153     2.006     2.312     3.090     4.194     6.050
1621.001    100014         0    100008           0.265     0.760     1.052     1.871     2.204     2.853     3.926     5.792
1622.001     99996         0     99994           0.261     0.771     1.091     1.962     2.265     3.023     4.256     6.144
1623.001     99985         0     99991           0.264     0.761     1.053     1.889     2.218     2.918     4.123     6.476
1624.000    100021         0    100024           0.257     0.766     1.085     1.976     2.265     3.002     4.194     6.025
1625.000     99996         0     99994           0.246     0.788     1.096     1.923     2.236     2.882     3.934     5.616
1626.000     99985         0     99981           0.259     0.781     1.097     1.950     2.261     2.947     4.041     5.800
1627.000    100024         0    100027           0.256     0.797     1.119     1.950     2.269     2.974     4.145     7.115
1628.000    100014         0    100014           0.249     0.780     1.092     1.936     2.255     2.941     4.112     5.816
1629.000     99986         0     99983           0.263     0.808     1.148     1.990     2.308     3.066     4.215     6.705
1630.001     99969         0     99973           0.248     0.767     1.087     1.911     2.230     2.906     4.080     6.529
1631.001    100001         0     99994           0.239     0.778     1.098     1.980     2.275     2.982     4.094     5.825
1632.001    100038         0    100042           0.250     0.770     1.049     1.816     2.175     2.822     3.863     6.550
1633.000     99961         0     99967           0.251     0.787     1.148     2.009     2.300     3.027     4.184     7.795
1634.000    100022         0    100017           0.254     0.748     1.020     1.838     2.187     2.843     4.086     6.099
1635.001     99967         0     99973           0.260     0.769     1.077     1.947     2.253     2.951     4.155     6.943
1636.000    100019         0    100016           0.269     0.767     1.063     1.911     2.234     2.933     4.190     6.328
1637.000    100019         0    100018           0.247     0.767     1.076     1.955     2.259     2.996     4.235     5.927
1638.000     99993         0     99996           0.239     0.773     1.080     1.926     2.259     2.922     4.202     6.713
1639.000    100006         0    100004           0.251     0.777     1.097     1.971     2.263     2.982     4.119     6.197
1640.000    100008         0    100009           0.263     0.783     1.100     1.959     2.265     3.045     4.170     6.066
1641.000     99991         0     99991           0.252     0.778     1.086     1.956     2.263     2.912     4.084     6.824
1642.000     99999         0    100000           0.251     0.796     1.129     1.986     2.292     3.009     4.176     7.684
1643.000     99981         0     99980           0.262     0.774     1.057     1.868     2.208     2.834     3.820     5.435
1644.000    100001         0     99997           0.251     0.791     1.124     2.015     2.316     3.043     4.192     5.689
1645.000    100016         0    100021           0.254     0.784     1.079     1.857     2.204     2.836     3.912     5.472
1646.000     99973         0     99973           0.261     0.799     1.166     2.050     2.345     3.140     4.309     6.689
1647.000    100014         0    100011           0.268     0.772     1.050     1.809     2.183     2.841     3.955     6.042
1648.000     99999         0    100003           0.257     0.775     1.100     1.992     2.290     3.027     4.202     6.250
1649.000     99996         0     99996           0.248     0.780     1.098     1.949     2.263     2.957     4.051     6.488
1650.001    100000         0     99991           0.252     0.788     1.114     1.930     2.257     2.978     4.102     6.193
1651.001    100025         0    100031           0.250     0.799     1.124     1.988     2.302     3.054     4.215     6.246
1652.001    100009         0    100006           0.245     0.806     1.128     1.962     2.277     3.011     4.239     6.103
1653.001     99980         0     99985           0.250     0.799     1.125     1.996     2.300     3.015     4.094     6.259
1654.000     99964         0     99963           0.246     0.785     1.083     1.879     2.222     2.906     4.076     5.939
1655.001    100034         0    100023           0.251     0.803     1.136     2.004     2.308     3.095     4.198     6.955
1656.000    100004         0    100008           0.264     0.783     1.082     1.865     2.202     2.843     4.035     6.033
1657.000    100018         0    100022           0.255     0.802     1.159     2.023     2.335     3.178     4.329     7.610
1658.000     99995         0    100000           0.260     0.768     1.051     1.826     2.189     2.818     3.828     6.570
1659.000     99991         0     99987           0.252     0.780     1.112     1.987     2.288     3.033     4.198     6.525
1660.000     99996         0     99992           0.252     0.772     1.092     1.885     2.224     2.896     4.004     6.029
1661.000     99998         0    100007           0.263     0.773     1.094     1.951     2.251     2.955     4.147     6.115
1662.001     99987         0     99978           0.242     0.769     1.065     1.912     2.238     2.947     4.157     6.218
1663.001    100018         0    100023           0.250     0.783     1.149     1.994     2.296     3.029     4.131     6.177
1664.000    100001         0    100004           0.249     0.766     1.079     1.933     2.255     3.058     4.301     7.627
1665.000    100001         0     99998           0.251     0.771     1.082     1.934     2.247     2.920     4.002     5.886
1666.001    100002         0     99995           0.260     0.790     1.134     2.004     2.320     3.129     4.342     7.549
1667.000     99974         0     99981           0.241     0.778     1.086     1.932     2.253     2.900     3.979     7.164
1668.000    100016         0    100016           0.250     0.813     1.162     2.031     2.331     3.111     4.174     6.283
1669.001     99971         0     99971           0.249     0.780     1.058     1.799     2.171     2.814     3.901     5.923
1670.000    100017         0    100018           0.254     0.818     1.207     2.063     2.365     3.156     4.264     6.775
1671.000    100017         0    100015           0.248     0.787     1.076     1.853     2.222     2.943     4.026     5.747
1672.000     99993         0     99992           0.252     0.800     1.140     2.007     2.298     2.984     4.114     6.345
1673.000    100036         0    100033           0.249     0.793     1.098     1.917     2.267     3.033     4.231     7.660
1674.001     99975         0     99973           0.254     0.787     1.106     1.973     2.275     2.976     4.141     6.107
1675.000    100013         0    100019           0.249     0.778     1.082     1.918     2.247     2.996     4.045     6.124
1676.001     99977         0     99980           0.258     0.778     1.090     1.959     2.267     2.953     4.170     6.271
1677.000    100012         0    100006           0.261     0.792     1.112     1.964     2.292     3.076     4.235     6.537
1678.000     99986         0     99991           0.258     0.797     1.107     1.927     2.255     2.941     4.041     6.349
1679.000    100015         0    100016           0.241     0.797     1.134     2.009     2.314     3.045     4.202     5.575
1680.001     99914         0     99893           0.265     0.845     1.212     2.023     2.361     3.082     4.151     6.181
1681.000    100062         0    100081           0.262     0.836     1.240     2.090     2.388     3.222     4.415     8.233
1682.001    100012         0    100015           0.263     0.774     1.067     1.874     2.210     2.879     3.998     5.915
1683.000    100018         0    100017           0.249     0.795     1.144     2.029     2.320     3.031     4.188     6.689
1684.000     99997         0     99994           0.272     0.765     1.044     1.832     2.193     2.802     3.893     5.759
1685.000    100004         0    100004           0.249     0.791     1.158     2.039     2.333     3.080     4.215     6.259
1686.000     99995         0     99997           0.260     0.784     1.086     1.908     2.247     2.994     4.135     5.763
1687.000     99968         0     99970           0.241     0.780     1.116     2.002     2.300     3.023     4.256     7.979
1688.000    100026         0    100025           0.257     0.774     1.072     1.871     2.214     2.937     4.004     7.299
1689.000     99985         0     99984           0.248     0.784     1.102     1.953     2.263     2.980     4.067     7.782
1690.000    100007         0    100009           0.237     0.785     1.121     1.965     2.292     3.054     4.178     5.685
1691.000    100002         0    100002           0.256     0.771     1.064     1.880     2.220     2.851     3.977     5.665
1692.000    100010         0    100011           0.262     0.801     1.156     2.032     2.337     3.127     4.346     6.590
1693.000     99990         0     99990           0.257     0.790     1.121     1.934     2.251     2.986     4.100     5.927
1694.000     99993         0     99990           0.251     0.776     1.097     1.997     2.294     3.039     4.239     6.849
1695.000    100018         0    100019           0.262     0.766     1.058     1.892     2.224     2.920     3.930     5.501
1696.000     99998         0     99999           0.246     0.790     1.129     2.014     2.320     3.074     4.268     7.938
1697.000     99994         0     99990           0.252     0.777     1.082     1.889     2.230     2.922     4.002     6.115
1698.000     99999         0    100003           0.229     0.796     1.145     2.038     2.331     3.068     4.243     6.599
1699.000    100006         0    100001           0.253     0.766     1.056     1.887     2.224     2.927     4.010     5.976
1700.000     99978         0     99977           0.256     0.781     1.104     1.971     2.281     3.002     4.133     7.287
1701.001    100006         0    100010           0.260     0.774     1.083     1.945     2.257     2.976     4.116     5.550
1702.000     99988         0     99988           0.249     0.766     1.061     1.896     2.230     2.935     4.033     6.468
1703.000    100027         0    100025           0.246     0.783     1.104     1.976     2.288     3.000     4.155     5.923
1704.001     99981         0     99984           0.249     0.771     1.072     1.897     2.226     2.910     4.020     5.476
1705.001    100023         0    100010           0.264     0.800     1.133     2.001     2.310     3.043     4.202     6.287
1706.001     99972         0     99982           0.251     0.777     1.079     1.922     2.243     2.916     3.883     6.353
1707.000    100005         0    100009           0.270     0.775     1.099     1.998     2.292     3.025     4.135     7.033
1708.000    100024         0    100024           0.251     0.772     1.075     1.912     2.243     2.961     4.071     7.156
1709.000     99988         0     99988           0.263     0.799     1.142     2.024     2.318     3.017     4.164     5.333
1710.000    100004         0    100007           0.254     0.793     1.100     1.919     2.249     2.927     4.092     6.226
1711.001    100025         0    100017           0.236     0.800     1.182     2.062     2.347     3.107     4.207     6.042
1712.000     99971         0     99970           0.236     0.787     1.091     1.889     2.230     2.914     4.028     6.390
1713.001     99959         0     99956           0.246     0.814     1.172     2.048     2.343     3.056     4.159     6.705
1714.000    100043         0    100050           0.256     0.790     1.092     1.892     2.245     2.970     4.176     5.906
1715.001    100000         0     99993           0.249     0.794     1.102     1.908     2.251     2.933     4.030     6.152
1716.000     99988         0     99995           0.253     0.790     1.114     1.980     2.300     3.025     4.231     6.636
1717.000    100021         0    100021           0.272     0.787     1.085     1.896     2.238     2.900     4.076     6.578
1718.000    100000         0     99999           0.254     0.793     1.119     1.991     2.310     3.097     4.239     6.095
1719.000     99973         0     99973           0.271     0.792     1.103     1.919     2.253     2.955     4.104     7.877
1720.000    100006         0    100008           0.260     0.794     1.142     1.992     2.302     3.056     4.170     6.095
1721.000    100019         0    100017           0.242     0.760     1.043     1.851     2.202     2.869     4.035     6.218
1722.001    100025         0    100003           0.258     0.785     1.124     2.011     2.310     3.054     4.192     6.001
1723.000     99978         0    100003           0.249     0.774     1.094     1.922     2.247     2.955     4.135     7.045
1724.000     99976         0     99974           0.253     0.776     1.096     1.947     2.257     2.955     4.143     5.599
1725.000    100003         0    100004           0.253     0.773     1.081     1.932     2.245     2.914     4.033     5.870
1726.001    100021         0    100007           0.255     0.771     1.062     1.884     2.226     2.902     3.965     6.431
1727.000     99970         0     99982           0.257     0.789     1.113     1.977     2.290     3.090     4.403    10.199
1728.000    100000         0    100002           0.273     0.771     1.064     1.880     2.218     2.853     3.918     5.804
1729.000    100008         0    100007           0.248     0.778     1.092     1.948     2.261     3.025     4.114     5.960
1730.000    100000         0     99999           0.265     0.785     1.096     1.933     2.257     2.951     4.143     6.046
1731.000    100019         0    100015           0.260     0.769     1.065     1.898     2.226     2.898     4.008     6.361
1732.000     99982         0     99979           0.253     0.803     1.125     1.948     2.281     2.992     4.143     6.582
1733.000    100010         0    100016           0.250     0.812     1.156     1.996     2.316     3.035     4.186     7.279
1734.000    100002         0    100003           0.265     0.773     1.073     1.875     2.216     2.896     4.078     6.451
1735.000    100015         0    100012           0.251     0.801     1.137     2.011     2.312     3.074     4.239     6.066
1736.000     99976         0     99980           0.258     0.784     1.089     1.897     2.232     2.890     4.006     5.997
1737.000     99994         0     99989           0.257     0.767     1.059     1.869     2.216     2.857     3.903     5.951
1738.000     99994         0     99997           0.246     0.789     1.107     1.943     2.263     2.980     4.112     5.997
1739.000    100023         0    100021           0.257     0.781     1.091     1.903     2.234     2.918     4.114     6.025
1740.000     99992         0     99994           0.248     0.773     1.075     1.920     2.241     2.900     4.018     5.820
1741.000    100004         0    100006           0.253     0.780     1.095     1.898     2.232     2.894     3.903     7.246
1742.000    100005         0    100006           0.253     0.788     1.107     1.947     2.271     3.011     4.088     6.500
1743.000     99999         0     99998           0.247     0.783     1.079     1.891     2.236     2.912     4.065     6.308
1744.001    100009         0    100000           0.246     0.804     1.145     2.007     2.310     3.045     4.243     6.795
1745.000    100006         0    100019           0.232     0.776     1.081     1.900     2.232     2.900     4.106     6.664
1746.000     99987         0     99983           0.252     0.780     1.110     1.971     2.275     2.996     4.094     5.947
1747.001     99992         0     99991           0.258     0.790     1.103     1.917     2.259     2.945     3.934     5.870
1748.000    100010         0    100013           0.262     0.787     1.086     1.886     2.230     2.918     4.051     5.738
1749.000     99994         0     99995           0.254     0.780     1.104     1.967     2.273     2.982     4.090     5.845
1750.000     99990         0     99985           0.272     0.829     1.153     1.922     2.269     2.974     4.080     6.476
1751.001    100009         0    100012           0.261     0.831     1.192     2.015     2.345     3.111     4.297     7.483
1752.000    100002         0    100004           0.243     0.786     1.102     1.933     2.263     2.966     4.119     5.718
1753.000     99996         0     99995           0.258     0.797     1.133     2.008     2.300     3.066     4.198     5.632
1754.000    100007         0    100002           0.265     0.804     1.144     1.963     2.284     2.984     4.227     6.631
1755.001    100019         0    100016           0.265     0.779     1.077     1.924     2.251     2.925     4.063     6.189
1756.001     99974         0     99980           0.253     0.788     1.108     1.972     2.281     2.980     4.133     6.226
1757.000    100012         0    100012           0.253     0.808     1.146     2.002     2.324     3.035     4.198     6.062
1758.000     99986         0     99983           0.257     0.792     1.091     1.905     2.243     2.986     4.123     6.238
1759.000     99986         0     99987           0.258     0.823     1.161     2.012     2.329     3.074     4.243     6.312
1760.000    100015         0    100017           0.247     0.769     1.085     1.943     2.255     2.953     3.983     5.771
1761.000     99987         0     99984           0.248     0.767     1.054     1.858     2.210     2.859     4.090     6.697
1762.001    100011         0    100010           0.253     0.765     1.077     1.962     2.275     3.025     4.223     6.459
1763.001    100000         0    100003           0.241     0.774     1.077     1.910     2.245     2.931     4.088     6.164
1764.000    100004         0    100005           0.250     0.777     1.097     1.983     2.288     3.011     4.162     6.173
1765.000    100008         0    100008           0.258     0.771     1.069     1.889     2.243     2.994     4.090     7.524
1766.000    100013         0    100012           0.247     0.784     1.115     1.988     2.302     3.076     4.194     6.726
1767.000     99975         0     99971           0.253     0.767     1.077     1.949     2.255     2.988     4.153     6.259
1768.000    100022         0    100025           0.257     0.765     1.069     1.914     2.241     3.029     4.211     6.201
1769.000     99987         0     99990           0.250     0.776     1.091     1.950     2.263     3.019     4.143     7.549
1770.000     99981         0     99982           0.253     0.774     1.108     1.981     2.294     3.056     4.207     5.534
1771.000    100013         0    100013           0.260     0.764     1.079     1.907     2.245     3.062     4.186     6.406
1772.000    100005         0    100001           0.249     0.750     1.022     1.795     2.171     2.810     3.996     5.931
1773.000    100005         0    100000           0.250     0.766     1.080     1.934     2.253     2.992     4.248     6.058
1774.000     99989         0     99990           0.253     0.776     1.080     1.889     2.230     2.888     4.084     5.734
1775.001    100027         0    100026           0.240     0.778     1.115     1.993     2.290     3.004     4.123     6.140
1776.000     99966         0     99974           0.254     0.769     1.071     1.868     2.220     2.912     4.153     5.730
1777.000     99999         0     99996           0.254     0.762     1.081     1.943     2.259     2.976     4.076     6.279
1778.000     99996         0     99998           0.257     0.770     1.077     1.932     2.261     3.029     4.168     6.345
1779.001    100020         0    100013           0.255     0.794     1.135     1.994     2.310     3.111     4.268     6.463
1780.001    100006         0    100012           0.252     0.773     1.058     1.864     2.216     2.896     3.957     6.423
1781.000     99959         0     99963           0.255     0.796     1.169     2.030     2.331     3.135     4.256     6.353
1782.000    100034         0    100031           0.259     0.768     1.066     1.897     2.230     2.963     3.990     5.738
1783.000     99987         0     99982           0.261     0.760     1.040     1.854     2.208     2.890     4.176     6.533
1784.000    100002         0    100010           0.234     0.790     1.140     1.991     2.292     3.027     4.172     6.066
1785.000    100014         0    100011           0.265     0.755     1.031     1.839     2.193     2.853     3.985     5.579
1786.001    100006         0    100008           0.247     0.774     1.086     1.983     2.298     3.056     4.176     6.214
1787.000     99988         0     99982           0.248     0.755     1.038     1.857     2.204     2.839     3.967     5.661
1788.000     99981         0     99989           0.263     0.791     1.112     1.959     2.300     3.084     4.125     6.500
1789.000    100001         0     99997           0.256     0.759     1.033     1.799     2.165     2.810     3.891     5.976
1790.000    100005         0    100004           0.260     0.787     1.110     1.956     2.277     2.959     4.094     6.201
1791.000    100017         0    100022           0.262     0.756     1.038     1.835     2.210     2.896     4.047     6.091
1792.000     99993         0     99988           0.255     0.772     1.099     1.986     2.294     3.045     4.215     5.911
1793.000    100025         0    100022           0.255     0.765     1.054     1.862     2.212     2.869     4.026     7.160
1794.000     99984         0     99986           0.259     0.771     1.071     1.922     2.253     2.922     3.955     6.386
1795.000     99999         0     99994           0.249     0.766     1.059     1.888     2.222     2.925     4.180     5.845
1796.001     99995         0    100000           0.251     0.765     1.066     1.918     2.243     2.920     4.151     5.947
1797.001    100004         0    100008           0.262     0.763     1.071     1.943     2.247     2.968     4.186     6.824
1798.000    100001         0     99997           0.255     0.760     1.052     1.885     2.214     2.873     3.951     6.066
1799.000     99995         0    100000           0.252     0.764     1.067     1.932     2.241     2.898     4.078     5.812
1800.000    100003         0    100006           0.256     0.773     1.059     1.834     2.200     2.843     3.965     5.685
1800.002        35         0     20430           0.720     1.830     2.439     3.176     3.250     3.805     3.805     3.805

SUMMARY STATS ══════════════════════════════════════════════════════════════════════════════════════════════════════════════
    Elapsed time       [s]   1800.004                                                                 
        CPU time       [s]   6633.494                                                                 
 CPU utilisation       [%]       10.2                                                                 
          Cycles      [op]  179999976                                                                 
          Errors      [op]          0                                                                 
              └─       [%]        0.0                                                                 
        Requests     [req]  179999976                                                                 
              └─  [req/op]        1.0                                                                 
         Retries     [ret]          0                                                                 
              └─ [ret/req]    0.00000                                                                 
            Rows     [row]   89986426                                                                 
              └─ [row/req]        0.5                                                                 
     Concurrency     [req]         23 ± 2                                                             
              └─       [%]         18                                                                 
      Throughput    [op/s]     100000 ± 6                                                             
              ├─   [req/s]     100000 ± 6                                                             
              └─   [row/s]      49992 ± 3                                                             
   Cycle latency      [ms]      0.975 ± 0.006                                                         
 Request latency      [ms]      0.916 ± 0.001                                                         

CYCLE LATENCY for standard1_select [ms]  ═══════════════════════════════════════════════════════════════════════════════════
          Min                   0.400 ± 0.029                                                         
           25                   0.800 ± 0.001                                                         
           50                   0.969 ± 0.002                                                         
           75                   1.378 ± 0.009                                                         
           90                   2.198 ± 0.009                                                         
           95                   2.523 ± 0.011                                                         
           98                   2.984 ± 0.022                                                         
           99                   3.359 ± 0.027                                                         
           99.9                 4.645 ± 0.108                                                         
           99.99               26.624 ± 9.578                                                         
          Max                 210.895 ± 116.670                                                       

CYCLE LATENCY for standard1_insert [ms]  ═══════════════════════════════════════════════════════════════════════════════════
          Min                   0.219 ± 0.026                                                         
           25                   0.477 ± 0.001                                                         
           50                   0.574 ± 0.001                                                         
           75                   0.738 ± 0.003                                                         
           90                   1.297 ± 0.020                                                         
           95                   1.943 ± 0.009                                                         
           98                   2.173 ± 0.006                                                         
           99                   2.273 ± 0.007                                                         
           99.9                 2.685 ± 0.039                                                         
           99.99               22.839 ± 7.218                                                         
          Max                 210.371 ± 133.235                                                       

