CONFIG ═════════════════════════════════════════════════════════════════════════════════════════════════════════════════════
            Date            Wed, 09 Jul 2025                                                          
            Time            17:31:25 +0000                                                            
         Cluster                                                                                      
      Datacenter                                                                                      
   Cass. version            3.0.8                                                                     
        Workload            uniform.rn                                                                
     Function(s)            standard1_insert:1, standard1_select:4                                            
     Consistency            LocalQuorum                                                               
            Tags                                                                                      
────────────────────────────────────────────────────────────────────────────────────────────────────────────────────────────
         Threads                    4                                                                 
     Connections                    1                                                                 
     Concurrency     [req]        128                                                                 
        Max rate    [op/s]      80000                                                                 
          Warmup       [s]         20                                                                 
              └─      [op]                                                                            
        Run time       [s]     1800.0                                                                 
              └─      [op]                                                                            
        Sampling       [s]        1.0                                                                 
              └─      [op]                                                                            
 Request timeout       [s]          5                                                                 
         Retries                                                                                      
  ┌──────┴number                   10                                                                 
  ├─min interval      [ms]        100                                                                 
  └─max interval      [ms]       5000                                                                 

LOG ════════════════════════════════════════════════════════════════════════════════════════════════════════════════════════
    Time    Cycles    Errors    Thrpt.     ────────────────────────────────── Latency [ms/op] ──────────────────────────────
     [s]      [op]      [op]    [op/s]             Min        50        75        90        95        99      99.9       Max
   1.001     80013         0     79965           0.211     0.395     0.461     0.539     0.592     0.720     1.367     2.552
   2.001     80004         0     80005           0.204     0.391     0.453     0.526     0.574     0.676     0.874     1.700
   3.001     79991         0     79989           0.207     0.401     0.471     0.549     0.600     0.707     0.904     1.196
   4.001     80005         0     80005           0.209     0.397     0.463     0.541     0.591     0.696     0.880     1.139
   5.001     80000         0     80001           0.207     0.397     0.465     0.545     0.595     0.699     0.881     1.469
   6.001     80001         0     80000           0.215     0.399     0.465     0.543     0.594     0.699     0.872     1.254
   7.001     79999         0     79999           0.207     0.391     0.455     0.531     0.582     0.686     0.909     2.038
   8.001     79999         0     79998           0.211     0.396     0.464     0.542     0.591     0.696     0.880     1.228
   9.001     80001         0     80005           0.214     0.395     0.464     0.543     0.593     0.699     0.886     1.285
  10.001     80001         0     79997           0.204     0.398     0.465     0.542     0.592     0.696     0.868     1.145
  11.001     80004         0     80002           0.213     0.401     0.471     0.550     0.602     0.708     0.871     1.296
  12.001     79995         0     79999           0.214     0.400     0.467     0.546     0.599     0.703     0.861     1.241
  13.001     79998         0     79993           0.213     0.398     0.464     0.541     0.591     0.694     0.864     1.288
  14.001     80001         0     80002           0.211     0.396     0.459     0.535     0.584     0.688     0.848     1.226
  15.001     80004         0     80006           0.218     0.400     0.470     0.547     0.598     0.706     0.873     1.212
  16.001     79995         0     79994           0.210     0.400     0.469     0.546     0.595     0.699     0.854     1.282
  17.001     80004         0     80007           0.205     0.397     0.465     0.542     0.591     0.699     0.878     1.355
  18.001     79997         0     79995           0.218     0.399     0.465     0.541     0.589     0.697     0.930     1.604
  19.001     79997         0     80001           0.218     0.398     0.466     0.543     0.592     0.694     0.838     1.160
  20.001     80001         0     80000           0.208     0.396     0.463     0.542     0.592     0.698     0.861     1.195
  21.001     80007         0     80001           0.211     0.401     0.472     0.551     0.603     0.723     1.019     1.611
  22.001     79997         0     80002           0.211     0.397     0.466     0.545     0.595     0.701     0.855     1.232
  23.001     79995         0     79993           0.207     0.398     0.466     0.543     0.593     0.696     0.863     1.261
  24.001     80006         0     80010           0.212     0.397     0.464     0.542     0.593     0.703     0.887     1.218
  25.001     80001         0     79997           0.212     0.395     0.461     0.538     0.589     0.694     0.856     1.186
  26.001     79994         0     79997           0.212     0.399     0.468     0.545     0.595     0.703     0.863     1.193
  27.001     80000         0     80001           0.208     0.402     0.472     0.552     0.604     0.715     0.925     1.300
  28.001     80003         0     79999           0.201     0.397     0.464     0.541     0.591     0.698     0.863     1.261
  29.001     80000         0     80004           0.194     0.394     0.459     0.535     0.586     0.698     0.910     1.433
  30.001     79998         0     79997           0.211     0.397     0.463     0.541     0.592     0.698     0.864     1.104
  31.001     80000         0     79999           0.202     0.400     0.469     0.548     0.599     0.709     0.885     1.268
  32.001     79999         0     79997           0.214     0.399     0.466     0.543     0.593     0.698     0.879     1.222
  33.001     80003         0     80006           0.210     0.399     0.468     0.547     0.596     0.699     0.858     1.230
  34.001     80003         0     80000           0.210     0.395     0.460     0.538     0.588     0.697     0.878     1.263
  35.001     79997         0     80000           0.209     0.397     0.464     0.543     0.593     0.697     0.876     1.236
  36.001     80000         0     80002           0.212     0.398     0.464     0.540     0.590     0.699     0.898     1.208
  37.001     80000         0     79995           0.212     0.397     0.463     0.540     0.590     0.697     0.875     1.272
  38.001     80002         0     80005           0.201     0.400     0.471     0.551     0.603     0.718     0.951     1.583
  39.001     80005         0     79995           0.207     0.394     0.461     0.539     0.589     0.697     0.883     1.400
  40.001     79994         0     80000           0.200     0.398     0.465     0.543     0.594     0.699     0.868     1.161
  41.001     79997         0     80001           0.208     0.397     0.466     0.545     0.597     0.711     0.985     1.349
  42.001     80004         0     80002           0.210     0.393     0.458     0.535     0.586     0.690     0.866     1.159
  43.001     80002         0     80001           0.215     0.397     0.464     0.541     0.591     0.700     0.893     1.257
  44.001     80000         0     79993           0.211     0.401     0.471     0.549     0.600     0.714     0.910     1.393
  45.001     79996         0     80006           0.198     0.401     0.470     0.548     0.598     0.706     0.872     1.308
  46.001     80000         0     79998           0.211     0.398     0.467     0.546     0.597     0.705     0.898     1.234
  47.001     79996         0     79996           0.213     0.397     0.464     0.540     0.588     0.698     0.931     1.415
  48.001     80010         0     80003           0.212     0.396     0.464     0.541     0.592     0.696     0.875     1.183
  49.001     79997         0     80003           0.209     0.393     0.458     0.535     0.585     0.691     0.876     1.349
  50.001     80001         0     80001           0.213     0.399     0.468     0.546     0.597     0.702     0.885     1.367
  51.001     79999         0     79996           0.216     0.391     0.455     0.529     0.581     0.689     0.882     1.238
  52.001     79998         0     80003           0.205     0.399     0.467     0.543     0.594     0.700     0.909     1.604
  53.001     80003         0     79996           0.203     0.397     0.465     0.543     0.594     0.697     0.860     1.189
  54.001     79997         0     80003           0.216     0.396     0.463     0.541     0.592     0.704     0.904     1.512
  55.001     79999         0     79997           0.216     0.403     0.473     0.549     0.600     0.708     0.891     1.407
  56.001     80005         0     80006           0.205     0.398     0.465     0.542     0.591     0.698     0.878     1.318
  57.001     79994         0     79998           0.200     0.398     0.468     0.545     0.595     0.699     0.858     1.307
  58.001     80000         0     79999           0.208     0.401     0.473     0.553     0.605     0.725     0.964     1.442
  59.001     80001         0     80001           0.209     0.396     0.462     0.539     0.588     0.693     0.876     1.228
  60.001     80004         0     79999           0.213     0.399     0.466     0.544     0.593     0.698     0.870     1.369
  61.001     79994         0     79997           0.206     0.402     0.473     0.551     0.603     0.720     0.958     1.461
  62.001     80001         0     80000           0.208     0.396     0.464     0.541     0.591     0.697     0.859     1.252
  63.001     80001         0     80004           0.205     0.397     0.466     0.544     0.594     0.700     0.874     1.268
  64.001     80003         0     80000           0.207     0.398     0.464     0.540     0.588     0.695     0.886     1.328
  65.001     79993         0     79993           0.208     0.395     0.463     0.539     0.588     0.688     0.858     1.171
  66.001     80007         0     80004           0.209     0.401     0.470     0.548     0.599     0.703     0.866     1.305
  67.001     80000         0     80000           0.211     0.393     0.458     0.534     0.586     0.703     0.976     1.838
  68.001     80000         0     80002           0.204     0.389     0.452     0.527     0.576     0.676     0.860     1.177
  69.001     80002         0     80004           0.202     0.394     0.461     0.539     0.588     0.698     0.869     1.380
  70.001     79996         0     79992           0.211     0.396     0.465     0.545     0.594     0.699     0.868     1.181
  71.001     80004         0     80002           0.213     0.399     0.469     0.548     0.598     0.706     0.901     1.330
  72.001     79993         0     80000           0.208     0.389     0.454     0.530     0.579     0.685     0.852     1.218
  73.001     79999         0     79994           0.213     0.400     0.469     0.547     0.598     0.707     0.896     1.282
  74.001     80002         0     80005           0.203     0.401     0.471     0.548     0.600     0.708     0.903     1.341
  75.001     80003         0     80001           0.212     0.398     0.466     0.544     0.595     0.708     0.882     1.203
  76.001     79998         0     79997           0.209     0.403     0.475     0.553     0.604     0.708     0.891     1.253
  77.001     80001         0     79999           0.209     0.398     0.465     0.542     0.593     0.700     0.878     1.135
  78.001     79996         0     80002           0.208     0.399     0.465     0.543     0.593     0.709     0.950     1.322
  79.001     79999         0     79995           0.209     0.400     0.469     0.546     0.595     0.701     0.869     1.231
  80.001     79999         0     80004           0.207     0.398     0.466     0.544     0.593     0.696     0.852     1.207
  81.001     80000         0     79999           0.216     0.392     0.457     0.536     0.586     0.698     1.000     1.333
  82.001     80007         0     80008           0.209     0.393     0.458     0.535     0.584     0.688     0.869     1.202
  83.001     79993         0     79994           0.209     0.396     0.461     0.536     0.587     0.688     0.869     1.183
  84.001     80005         0     80002           0.215     0.400     0.471     0.547     0.599     0.703     0.867     1.167
  85.001     80003         0     80002           0.212     0.394     0.461     0.538     0.586     0.690     0.850     1.126
  86.001     80000         0     80002           0.213     0.396     0.464     0.542     0.592     0.698     0.874     1.312
  87.001     79996         0     79993           0.213     0.400     0.469     0.546     0.598     0.703     0.905     1.333
  88.001     80000         0     79999           0.201     0.395     0.463     0.543     0.593     0.698     0.855     1.188
  89.001     80002         0     80001           0.214     0.400     0.470     0.546     0.596     0.698     0.861     1.322
  90.001     80000         0     80001           0.212     0.397     0.466     0.545     0.594     0.695     0.857     1.287
  91.001     79997         0     80000           0.198     0.401     0.470     0.549     0.599     0.711     0.901     1.241
  92.001     80003         0     80000           0.209     0.393     0.457     0.533     0.582     0.683     0.859     1.130
  93.001     79997         0     79996           0.202     0.395     0.462     0.539     0.589     0.694     0.848     1.048
  94.001     80001         0     80005           0.213     0.393     0.460     0.536     0.585     0.693     0.874     1.382
  95.001     79999         0     79999           0.214     0.404     0.478     0.556     0.605     0.708     0.863     1.150
  96.001     80001         0     80004           0.211     0.396     0.462     0.540     0.589     0.695     0.860     1.242
  97.001     80000         0     79998           0.213     0.399     0.466     0.544     0.594     0.701     0.873     1.296
  98.001     79996         0     79999           0.210     0.398     0.465     0.543     0.592     0.697     0.887     1.347
  99.001     80007         0     80003           0.206     0.397     0.466     0.543     0.593     0.698     0.882     1.250
 100.001     80002         0     79997           0.213     0.394     0.462     0.541     0.591     0.700     0.912     1.825
 101.001     79994         0     80001           0.206     0.400     0.469     0.547     0.597     0.705     0.936     1.462
 102.001     80006         0     79999           0.214     0.398     0.468     0.546     0.598     0.705     0.866     1.729
 103.001     79996         0     80004           0.220     0.399     0.467     0.545     0.594     0.697     0.862     1.410
 104.001     80002         0     80000           0.206     0.394     0.463     0.541     0.592     0.701     0.889     1.284
 105.001     79997         0     79999           0.204     0.393     0.459     0.537     0.588     0.689     0.853     1.289
 106.001     80002         0     79999           0.207     0.393     0.460     0.536     0.586     0.687     0.862     1.151
 107.001     80005         0     80004           0.206     0.401     0.470     0.548     0.599     0.705     0.912     1.373
 108.001     79992         0     79995           0.204     0.391     0.456     0.532     0.583     0.687     0.861     1.330
 109.001     80003         0     80004           0.201     0.396     0.464     0.543     0.593     0.698     0.864     1.155
 110.001     79999         0     79999           0.215     0.392     0.458     0.534     0.583     0.684     0.849     1.367
 111.001     79999         0     79998           0.212     0.396     0.463     0.541     0.591     0.695     0.879     1.271
 112.001     80001         0     80001           0.212     0.401     0.470     0.548     0.596     0.702     0.869     1.159
 113.001     79999         0     80001           0.208     0.399     0.469     0.548     0.597     0.704     0.881     1.349
 114.001     80000         0     79999           0.204     0.396     0.466     0.545     0.596     0.700     0.869     1.595
 115.001     79998         0     79998           0.208     0.400     0.468     0.546     0.596     0.702     0.882     1.248
 116.001     80002         0     80001           0.211     0.399     0.468     0.546     0.595     0.701     0.871     1.095
 117.001     79998         0     79993           0.206     0.400     0.472     0.550     0.599     0.702     0.856     1.122
 118.001     80002         0     80006           0.210     0.399     0.468     0.545     0.596     0.709     0.922     1.530
 119.001     80000         0     79995           0.202     0.392     0.458     0.534     0.584     0.688     0.862     1.262
 120.001     80004         0     80010           0.205     0.395     0.461     0.539     0.588     0.691     0.853     1.244
 121.001     79998         0     79996           0.212     0.397     0.466     0.546     0.596     0.708     0.924     1.442
 122.001     79999         0     80001           0.205     0.398     0.467     0.545     0.595     0.699     0.868     1.102
 123.001     79996         0     79994           0.206     0.397     0.467     0.545     0.594     0.696     0.859     1.342
 124.001     80001         0     80004           0.207     0.400     0.468     0.547     0.597     0.704     0.871     1.242
 125.001     80001         0     79993           0.214     0.401     0.471     0.549     0.599     0.703     0.869     1.273
 126.001     80003         0     80010           0.209     0.397     0.464     0.541     0.590     0.692     0.851     1.139
 127.001     80001         0     79995           0.198     0.393     0.460     0.538     0.589     0.702     1.023     1.808
 128.001     79995         0     80000           0.205     0.399     0.470     0.548     0.597     0.699     0.872     1.252
 129.001     80005         0     80008           0.207     0.392     0.458     0.534     0.583     0.683     0.851     1.238
 130.001     79997         0     79994           0.208     0.394     0.462     0.539     0.589     0.691     0.850     1.486
 131.001     80002         0     79997           0.214     0.397     0.464     0.543     0.593     0.706     0.889     1.179
 132.001     79998         0     80003           0.210     0.398     0.468     0.546     0.596     0.700     0.871     1.293
 133.001     80002         0     79997           0.208     0.399     0.469     0.548     0.598     0.702     0.860     1.128
 134.001     79999         0     80006           0.205     0.398     0.468     0.545     0.595     0.700     0.916     1.684
 135.001     79998         0     79998           0.207     0.394     0.461     0.538     0.588     0.693     0.871     1.737
 136.001     80004         0     80002           0.207     0.398     0.468     0.545     0.594     0.697     0.857     1.182
 137.001     80002         0     79997           0.208     0.398     0.467     0.545     0.595     0.701     0.864     1.271
 138.001     80002         0     80004           0.208     0.396     0.465     0.543     0.593     0.701     0.907     1.249
 139.001     79991         0     79996           0.214     0.392     0.458     0.537     0.586     0.687     0.840     1.086
 140.001     79999         0     79997           0.212     0.392     0.457     0.534     0.584     0.687     0.861     1.246
 141.001     80005         0     80002           0.212     0.392     0.457     0.534     0.584     0.691     0.911     1.290
 142.001     79995         0     80000           0.211     0.397     0.466     0.546     0.596     0.698     0.859     1.329
 143.001     80002         0     80000           0.211     0.395     0.464     0.541     0.590     0.692     0.864     1.207
 144.001     80001         0     80001           0.217     0.396     0.463     0.541     0.590     0.693     0.871     1.343
 145.001     80008         0     80004           0.210     0.390     0.454     0.530     0.578     0.678     0.843     1.156
 146.001     79993         0     79999           0.210     0.393     0.457     0.530     0.579     0.678     0.831     1.092
 147.001     79996         0     79994           0.208     0.397     0.465     0.542     0.590     0.696     0.927     1.339
 148.001     80006         0     80002           0.207     0.399     0.471     0.549     0.598     0.705     0.877     1.563
 149.001     79998         0     80004           0.213     0.401     0.471     0.549     0.600     0.703     0.864     1.277
 150.001     79999         0     79997           0.205     0.393     0.458     0.534     0.582     0.690     0.875     1.511
 151.001     80008         0     80004           0.214     0.402     0.470     0.548     0.598     0.706     0.892     1.428
 152.001     79996         0     79995           0.207     0.397     0.463     0.540     0.590     0.695     0.858     1.292
 153.001     79991         0     79999           0.212     0.400     0.468     0.546     0.596     0.699     0.856     1.212
 154.001     80004         0     80000           0.209     0.397     0.462     0.537     0.585     0.693     0.863     1.187
 155.001     79999         0     79997           0.208     0.403     0.475     0.554     0.606     0.713     0.884     1.317
 156.001     80005         0     80006           0.202     0.400     0.466     0.543     0.593     0.698     0.871     1.206
 157.001     79998         0     80000           0.210     0.399     0.468     0.547     0.598     0.700     0.869     1.148
 158.001     80002         0     80001           0.207     0.399     0.467     0.545     0.593     0.698     0.890     1.312
 159.001     79998         0     79998           0.208     0.398     0.466     0.543     0.592     0.694     0.850     1.215
 160.001     80005         0     80003           0.203     0.398     0.464     0.541     0.591     0.693     0.856     1.147
 161.001     79996         0     80001           0.207     0.398     0.466     0.544     0.594     0.708     0.935     1.283
 162.001     79999         0     79997           0.211     0.399     0.466     0.543     0.592     0.694     0.861     1.197
 163.001     80000         0     80001           0.209     0.394     0.461     0.539     0.589     0.692     0.889     1.677
 164.001     79993         0     79993           0.213     0.403     0.471     0.546     0.596     0.702     0.865     1.201
 165.001     80007         0     80006           0.208     0.401     0.470     0.549     0.602     0.710     0.868     1.106
 166.001     79999         0     80000           0.207     0.402     0.472     0.551     0.602     0.711     0.880     1.553
 167.001     79999         0     79987           0.201     0.401     0.472     0.549     0.599     0.713     0.944     1.565
 168.001     80002         0     80012           0.209     0.400     0.470     0.550     0.601     0.707     0.869     1.190
 169.001     80008         0     79998           0.207     0.402     0.471     0.549     0.600     0.708     0.866     1.403
 170.001     79991         0     79993           0.213     0.395     0.462     0.540     0.589     0.692     0.849     1.085
 171.001     80000         0     80010           0.207     0.398     0.467     0.545     0.594     0.697     0.877     1.276
 172.001     80002         0     79998           0.202     0.395     0.460     0.535     0.585     0.688     0.857     1.219
 173.001     79992         0     79993           0.211     0.397     0.466     0.545     0.595     0.702     0.859     1.219
 174.001     80007         0     80007           0.207     0.400     0.470     0.549     0.599     0.702     0.869     1.268
 175.001     79999         0     80001           0.205     0.393     0.459     0.535     0.583     0.685     0.874     1.630
 176.001     80004         0     80003           0.200     0.395     0.462     0.538     0.587     0.690     0.856     1.085
 177.001     80004         0     80002           0.202     0.394     0.461     0.538     0.587     0.690     0.850     1.189
 178.001     79994         0     79995           0.210     0.402     0.473     0.552     0.602     0.711     0.938     1.376
 179.001     79997         0     79998           0.212     0.392     0.458     0.536     0.585     0.692     0.864     1.243
 180.001     80002         0     79995           0.209     0.402     0.473     0.550     0.600     0.704     0.862     1.146
 181.001     79998         0     80004           0.203     0.395     0.459     0.534     0.582     0.697     0.931     1.322
 182.001     80001         0     80004           0.209     0.396     0.463     0.540     0.590     0.694     0.867     1.178
 183.001     80001         0     80000           0.215     0.396     0.463     0.540     0.590     0.693     0.858     1.247
 184.001     79999         0     79999           0.201     0.395     0.461     0.539     0.589     0.694     0.867     1.255
 185.001     80004         0     79999           0.202     0.396     0.463     0.540     0.589     0.691     0.850     1.171
 186.001     80001         0     80004           0.208     0.397     0.464     0.541     0.590     0.693     0.866     1.257
 187.001     79997         0     79997           0.216     0.403     0.473     0.551     0.602     0.715     0.939     1.770
 188.001     80005         0     80001           0.212     0.399     0.468     0.545     0.596     0.699     0.867     1.235
 189.001     79992         0     79998           0.194     0.397     0.465     0.543     0.592     0.697     0.872     1.093
 190.001     79996         0     79998           0.214     0.394     0.459     0.536     0.584     0.688     0.846     1.182
 191.001     80018         0     80014           0.205     0.393     0.459     0.536     0.585     0.687     0.844     1.168
 192.001     79987         0     79989           0.206     0.395     0.461     0.537     0.585     0.685     0.850     1.194
 193.001     80000         0     80001           0.204     0.402     0.471     0.549     0.599     0.703     0.856     1.189
 194.001     80003         0     80005           0.201     0.398     0.467     0.545     0.595     0.698     0.852     1.226
 195.001     79996         0     79996           0.211     0.398     0.465     0.543     0.591     0.691     0.856     1.328
 196.001     80002         0     80003           0.215     0.397     0.463     0.539     0.589     0.687     0.832     1.439
 197.001     79998         0     79996           0.215     0.400     0.469     0.547     0.596     0.702     0.866     1.237
 198.001     79999         0     80002           0.203     0.393     0.458     0.534     0.583     0.689     0.945     1.755
 199.001     80002         0     80000           0.210     0.394     0.461     0.538     0.586     0.687     0.884     1.742
 200.001     80000         0     79999           0.206     0.399     0.465     0.542     0.591     0.693     0.865     1.198
 201.001     79998         0     80000           0.208     0.400     0.470     0.549     0.600     0.715     0.968     1.436
 202.001     80001         0     80001           0.211     0.403     0.476     0.556     0.606     0.716     0.887     1.302
 203.001     80003         0     80000           0.210     0.402     0.473     0.552     0.602     0.710     0.880     1.182
 204.001     80002         0     80002           0.215     0.400     0.469     0.546     0.597     0.700     0.867     1.305
 205.001     79996         0     79995           0.202     0.397     0.463     0.540     0.589     0.695     0.854     1.071
 206.001     80006         0     80004           0.215     0.397     0.466     0.544     0.594     0.698     0.868     1.252
 207.001     79998         0     80005           0.203     0.393     0.460     0.537     0.586     0.690     0.886     1.352
 208.001     80001         0     80001           0.205     0.399     0.468     0.547     0.596     0.700     0.848     1.249
 209.001     79995         0     79996           0.215     0.395     0.460     0.535     0.583     0.684     0.839     1.177
 210.001     80004         0     80002           0.206     0.394     0.460     0.536     0.586     0.687     0.845     1.140
 211.001     79997         0     79995           0.210     0.395     0.461     0.539     0.590     0.697     0.880     1.368
 212.001     80003         0     80002           0.212     0.399     0.468     0.547     0.598     0.703     0.876     1.174
 213.001     80006         0     80006           0.211     0.396     0.464     0.541     0.592     0.696     0.872     1.543
 214.001     79992         0     79992           0.212     0.402     0.472     0.551     0.601     0.706     0.873     1.202
 215.001     79999         0     79998           0.210     0.398     0.467     0.545     0.594     0.699     0.879     1.220
 216.001     80000         0     80006           0.208     0.396     0.464     0.543     0.592     0.696     0.861     1.176
 217.001     80003         0     80001           0.209     0.397     0.466     0.545     0.594     0.696     0.845     1.166
 218.001     79994         0     79996           0.204     0.404     0.476     0.553     0.603     0.713     0.929     1.640
 219.001     80003         0     79995           0.210     0.403     0.474     0.551     0.602     0.706     0.862     1.317
 220.001     79999         0     80007           0.211     0.396     0.463     0.541     0.591     0.695     0.864     1.241
 221.001     80004         0     80002           0.209     0.398     0.467     0.546     0.597     0.707     0.955     1.872
 222.001     80000         0     79997           0.213     0.398     0.464     0.541     0.591     0.692     0.853     1.154
 223.001     79996         0     80002           0.213     0.396     0.462     0.540     0.588     0.690     0.857     1.220
 224.001     79998         0     79996           0.206     0.399     0.467     0.545     0.595     0.703     0.869     1.319
 225.001     80003         0     80001           0.210     0.399     0.467     0.544     0.595     0.696     0.850     1.336
 226.001     80006         0     80002           0.215     0.398     0.465     0.543     0.592     0.695     0.845     1.149
 227.001     79990         0     79992           0.209     0.401     0.471     0.550     0.602     0.711     0.905     1.261
 228.001     79999         0     80001           0.212     0.398     0.466     0.544     0.594     0.701     0.885     1.781
 229.001     80003         0     80001           0.200     0.393     0.460     0.538     0.587     0.690     0.847     1.217
 230.001     79999         0     80002           0.218     0.399     0.469     0.549     0.600     0.707     0.864     1.217
 231.001     80003         0     80004           0.210     0.405     0.480     0.560     0.609     0.722     0.940     1.714
 232.001     79999         0     79998           0.215     0.400     0.471     0.551     0.602     0.703     0.879     1.283
 233.001     80004         0     80003           0.205     0.406     0.477     0.557     0.607     0.711     0.879     1.302
 234.001     79995         0     79993           0.210     0.402     0.473     0.552     0.602     0.711     0.881     1.260
 235.001     80001         0     80003           0.210     0.395     0.462     0.539     0.590     0.699     0.869     1.146
 236.001     80005         0     80002           0.212     0.405     0.477     0.556     0.605     0.711     0.871     1.223
 237.001     79995         0     79999           0.213     0.398     0.465     0.541     0.590     0.697     0.922     1.673
 238.001     80004         0     80004           0.216     0.399     0.468     0.546     0.597     0.714     0.947     1.334
 239.001     79999         0     79995           0.213     0.398     0.466     0.541     0.591     0.691     0.860     1.219
 240.001     79997         0     79998           0.208     0.399     0.466     0.543     0.593     0.699     0.867     1.328
 241.001     79999         0     80001           0.210     0.402     0.471     0.552     0.604     0.720     0.940     1.307
 242.001     80002         0     80001           0.207     0.392     0.457     0.535     0.584     0.684     0.842     1.233
 243.001     79999         0     79996           0.203     0.397     0.465     0.543     0.593     0.698     0.897     1.325
 244.001     80001         0     80006           0.211     0.396     0.462     0.539     0.589     0.694     0.878     1.298
 245.001     80000         0     79999           0.218     0.397     0.465     0.542     0.591     0.693     0.861     1.314
 246.001     79999         0     79996           0.202     0.395     0.462     0.539     0.589     0.690     0.847     1.193
 247.001     80000         0     80002           0.211     0.400     0.466     0.544     0.595     0.701     0.921     1.920
 248.001     79998         0     79995           0.215     0.399     0.466     0.544     0.593     0.699     0.864     1.335
 249.001     80007         0     80004           0.210     0.400     0.471     0.550     0.599     0.703     0.852     1.195
 250.001     79994         0     80001           0.201     0.398     0.463     0.539     0.589     0.692     0.852     1.124
 251.001     80000         0     79999           0.207     0.402     0.470     0.547     0.597     0.706     0.889     1.171
 252.001     80001         0     80000           0.210     0.393     0.460     0.537     0.587     0.688     0.847     1.310
 253.001     79997         0     79998           0.213     0.397     0.465     0.543     0.593     0.696     0.865     1.209
 254.001     80005         0     80000           0.212     0.396     0.462     0.538     0.587     0.690     0.857     1.350
 255.001     80001         0     80007           0.211     0.394     0.461     0.539     0.588     0.691     0.861     1.243
 256.001     80005         0     79995           0.204     0.398     0.466     0.543     0.591     0.697     0.865     1.180
 257.001     79996         0     80005           0.209     0.393     0.456     0.529     0.576     0.678     0.831     1.123
 258.001     79995         0     79993           0.214     0.396     0.462     0.538     0.586     0.694     0.904     1.593
 259.001     80001         0     79999           0.206     0.394     0.460     0.535     0.585     0.685     0.833     1.201
 260.001     79998         0     80003           0.210     0.398     0.467     0.545     0.593     0.696     0.862     1.177
 261.001     80002         0     80003           0.204     0.398     0.468     0.546     0.596     0.706     0.924     1.264
 262.001     80004         0     80001           0.217     0.399     0.466     0.542     0.591     0.695     0.854     1.158
 263.001     79991         0     79992           0.213     0.397     0.464     0.542     0.592     0.700     0.903     1.765
 264.001     80007         0     80004           0.207     0.397     0.465     0.543     0.594     0.700     0.871     1.378
 265.001     79996         0     80001           0.201     0.394     0.461     0.539     0.587     0.692     0.853     1.155
 266.001     80007         0     80006           0.207     0.398     0.466     0.545     0.595     0.695     0.846     1.239
 267.001     79993         0     79987           0.207     0.398     0.466     0.546     0.596     0.708     0.937     1.372
 268.001     80003         0     80007           0.205     0.399     0.467     0.545     0.595     0.699     0.860     1.285
 269.001     79998         0     80000           0.209     0.393     0.460     0.537     0.587     0.694     0.856     1.568
 270.001     80000         0     80002           0.210     0.393     0.457     0.532     0.582     0.685     0.846     1.170
 271.001     80002         0     80001           0.208     0.395     0.461     0.539     0.591     0.702     1.111     2.830
 272.001     80006         0     80000           0.205     0.393     0.459     0.537     0.586     0.686     0.846     1.127
 273.001     79997         0     79995           0.204     0.392     0.458     0.536     0.585     0.686     0.851     1.206
 274.001     80000         0     80003           0.209     0.395     0.463     0.541     0.591     0.694     0.861     1.181
 275.001     80000         0     80003           0.205     0.390     0.457     0.533     0.583     0.679     0.840     1.187
 276.001     79996         0     79995           0.212     0.390     0.454     0.531     0.579     0.680     0.840     1.162
 277.001     80005         0     80007           0.205     0.388     0.451     0.527     0.577     0.680     0.840     1.174
 278.001     79997         0     79995           0.212     0.396     0.464     0.542     0.592     0.696     0.911     1.450
 279.001     79997         0     80001           0.209     0.391     0.455     0.532     0.582     0.685     0.855     1.280
 280.001     80002         0     80001           0.216     0.392     0.458     0.535     0.584     0.688     0.847     1.304
 281.001     79999         0     79996           0.204     0.399     0.467     0.545     0.595     0.703     0.899     1.501
 282.001     79996         0     80000           0.206     0.400     0.470     0.546     0.596     0.698     0.860     1.158
 283.001     80010         0     80001           0.211     0.396     0.463     0.540     0.589     0.696     0.865     1.244
 284.001     79996         0     80001           0.206     0.394     0.461     0.539     0.588     0.693     0.850     1.077
 285.001     79993         0     79993           0.207     0.399     0.469     0.547     0.596     0.695     0.856     1.363
 286.001     80003         0     80005           0.207     0.390     0.456     0.534     0.584     0.691     0.864     1.223
 287.001     79999         0     79996           0.214     0.398     0.467     0.547     0.599     0.717     1.489     2.279
 288.001     80003         0     80004           0.206     0.395     0.460     0.536     0.585     0.689     0.866     1.258
 289.001     80004         0     80000           0.212     0.392     0.457     0.533     0.582     0.685     0.844     1.274
 290.001     79998         0     80002           0.210     0.397     0.464     0.541     0.591     0.698     0.868     1.233
 291.001     80000         0     80002           0.207     0.394     0.460     0.535     0.583     0.687     0.873     1.260
 292.001     79998         0     79999           0.214     0.394     0.461     0.539     0.588     0.694     0.887     1.665
 293.001     80004         0     80002           0.209     0.396     0.463     0.540     0.588     0.689     0.853     1.243
 294.001     79994         0     79994           0.208     0.396     0.464     0.542     0.593     0.705     1.023     2.322
 295.001     80000         0     80000           0.202     0.398     0.466     0.544     0.593     0.696     0.859     1.272
 296.001     80001         0     80000           0.203     0.395     0.464     0.544     0.593     0.694     0.852     1.127
 297.001     80002         0     80003           0.207     0.392     0.458     0.534     0.582     0.683     0.840     1.217
 298.001     79999         0     79999           0.214     0.393     0.459     0.535     0.584     0.692     0.909     1.483
 299.001     80004         0     80005           0.213     0.390     0.455     0.529     0.578     0.684     0.855     1.136
 300.001     79998         0     79998           0.216     0.397     0.464     0.542     0.591     0.695     0.866     1.252
 301.001     80000         0     79994           0.208     0.397     0.465     0.544     0.594     0.703     0.948     1.339
 302.001     79995         0     80001           0.213     0.393     0.458     0.536     0.586     0.692     0.838     1.191
 303.001     80003         0     80004           0.208     0.396     0.463     0.542     0.590     0.692     0.853     1.254
 304.001     80006         0     80004           0.210     0.396     0.463     0.540     0.591     0.696     0.865     1.314
 305.001     79995         0     79996           0.210     0.396     0.464     0.543     0.592     0.698     0.856     1.215
 306.001     79998         0     79997           0.212     0.395     0.464     0.541     0.591     0.697     0.852     1.200
 307.001     80003         0     80002           0.212     0.395     0.462     0.539     0.590     0.697     0.958     2.071
 308.001     79994         0     79995           0.210     0.394     0.461     0.538     0.586     0.688     0.828     1.120
 309.001     80007         0     80006           0.216     0.392     0.457     0.533     0.581     0.681     0.869     1.119
 310.001     79996         0     79999           0.208     0.391     0.456     0.531     0.580     0.679     0.845     1.335
 311.001     80002         0     80001           0.207     0.399     0.470     0.549     0.600     0.707     0.894     1.232
 312.001     80000         0     80000           0.212     0.396     0.462     0.538     0.587     0.692     0.842     1.101
 313.001     79999         0     79997           0.206     0.400     0.469     0.548     0.599     0.704     0.868     1.353
 314.001     80002         0     80004           0.207     0.397     0.465     0.545     0.595     0.701     0.864     1.236
 315.001     79997         0     79997           0.210     0.392     0.458     0.535     0.583     0.683     0.858     1.261
 316.001     79998         0     79997           0.205     0.392     0.458     0.534     0.584     0.685     0.851     1.144
 317.001     80004         0     80004           0.214     0.388     0.451     0.524     0.571     0.674     0.839     1.332
 318.001     80000         0     80001           0.217     0.398     0.465     0.542     0.593     0.699     0.914     1.316
 319.001     80000         0     79998           0.207     0.394     0.461     0.539     0.589     0.694     0.887     2.078
 320.001     80001         0     80004           0.212     0.401     0.472     0.549     0.599     0.701     0.890     1.501
 321.001     79998         0     79989           0.212     0.396     0.464     0.542     0.591     0.703     0.980     1.478
 322.001     80001         0     80008           0.213     0.395     0.462     0.539     0.589     0.689     0.851     1.246
 323.001     79999         0     80001           0.206     0.394     0.460     0.538     0.587     0.692     0.851     1.298
 324.001     79993         0     79992           0.207     0.395     0.461     0.537     0.587     0.694     0.871     1.188
 325.001     80008         0     80008           0.204     0.389     0.453     0.528     0.578     0.679     0.841     1.248
 326.001     80000         0     80002           0.211     0.400     0.469     0.546     0.596     0.696     0.862     1.284
 327.001     80003         0     79995           0.208     0.393     0.460     0.537     0.587     0.690     0.892     1.383
 328.001     79994         0     80002           0.207     0.390     0.454     0.532     0.582     0.687     0.864     1.742
 329.001     80000         0     79998           0.203     0.391     0.457     0.534     0.583     0.685     0.858     1.150
 330.001     80003         0     80004           0.213     0.393     0.459     0.536     0.585     0.688     0.836     1.222
 331.001     79990         0     79991           0.212     0.398     0.465     0.542     0.592     0.695     0.864     1.329
 332.001     80013         0     80009           0.216     0.397     0.467     0.545     0.595     0.697     0.855     1.235
 333.001     80000         0     80002           0.207     0.397     0.463     0.540     0.588     0.693     0.867     1.258
 334.001     79997         0     79995           0.204     0.400     0.470     0.548     0.598     0.708     0.903     1.375
 335.001     80004         0     80004           0.204     0.395     0.460     0.538     0.588     0.692     0.944     2.515
 336.001     79994         0     79997           0.209     0.401     0.469     0.545     0.595     0.702     0.882     1.183
 337.001     79996         0     79993           0.200     0.396     0.463     0.541     0.590     0.693     0.867     1.291
 338.001     80007         0     80005           0.211     0.390     0.455     0.532     0.585     0.694     0.905     1.431
 339.001     79997         0     80001           0.202     0.397     0.466     0.543     0.593     0.698     0.863     1.221
 340.001     80001         0     80004           0.215     0.403     0.476     0.556     0.607     0.714     0.891     1.321
 341.001     80005         0     80003           0.217     0.392     0.457     0.534     0.584     0.696     0.911     1.284
 342.001     80001         0     79998           0.212     0.393     0.457     0.536     0.586     0.692     0.872     1.245
 343.001     79989         0     79991           0.211     0.393     0.458     0.535     0.584     0.688     0.842     1.182
 344.001     80005         0     80004           0.214     0.394     0.463     0.542     0.591     0.694     0.858     1.185
 345.001     80003         0     80004           0.216     0.399     0.468     0.547     0.596     0.702     0.861     1.159
 346.001     79998         0     79999           0.209     0.393     0.456     0.530     0.579     0.681     0.844     1.144
 347.001     80001         0     80002           0.213     0.397     0.468     0.547     0.598     0.703     0.919     1.248
 348.001     80002         0     79999           0.195     0.390     0.453     0.526     0.574     0.674     0.833     1.290
 349.001     80002         0     80001           0.213     0.391     0.455     0.531     0.580     0.682     0.839     1.190
 350.001     79999         0     80000           0.211     0.394     0.461     0.539     0.588     0.689     0.852     1.334
 351.001     79997         0     80001           0.212     0.397     0.464     0.541     0.589     0.692     0.860     1.201
 352.001     79995         0     79994           0.216     0.402     0.473     0.551     0.600     0.707     0.867     1.195
 353.001     80006         0     79999           0.207     0.397     0.463     0.543     0.593     0.699     0.863     1.327
 354.001     80000         0     80007           0.208     0.392     0.458     0.538     0.589     0.692     0.865     1.386
 355.001     79997         0     79999           0.208     0.394     0.462     0.540     0.588     0.699     0.942     2.349
 356.001     80003         0     79996           0.207     0.397     0.464     0.542     0.590     0.687     0.850     1.347
 357.001     80000         0     80002           0.208     0.396     0.463     0.542     0.592     0.692     0.874     1.646
 358.001     80003         0     80004           0.209     0.398     0.469     0.546     0.595     0.705     0.956     1.393
 359.001     79996         0     79999           0.209     0.397     0.465     0.543     0.591     0.693     0.872     1.292
 360.001     80001         0     80000           0.204     0.393     0.460     0.538     0.587     0.693     0.877     1.633
 361.001     80000         0     80000           0.208     0.399     0.470     0.549     0.600     0.712     0.940     1.315
 362.001     79999         0     79999           0.204     0.395     0.463     0.539     0.589     0.694     0.854     1.385
 363.001     80001         0     80001           0.204     0.394     0.459     0.535     0.583     0.684     0.848     1.298
 364.001     79996         0     79998           0.210     0.391     0.456     0.532     0.583     0.685     0.846     1.296
 365.001     80000         0     79998           0.210     0.394     0.460     0.537     0.587     0.688     0.837     1.164
 366.001     79998         0     79999           0.209     0.399     0.470     0.548     0.599     0.707     0.902     1.905
 367.001     79999         0     79997           0.203     0.395     0.463     0.540     0.591     0.699     0.968     1.369
 368.001     80010         0     80009           0.207     0.396     0.465     0.544     0.593     0.700     0.892     1.180
 369.001     79999         0     79997           0.201     0.392     0.460     0.538     0.587     0.688     0.858     1.222
 370.001     79990         0     79997           0.211     0.396     0.464     0.543     0.591     0.692     0.854     1.303
 371.001     80006         0     80006           0.203     0.394     0.460     0.538     0.588     0.690     0.855     1.366
 372.001     79998         0     79994           0.204     0.396     0.463     0.539     0.589     0.691     0.835     1.108
 373.001     79999         0     80002           0.210     0.395     0.462     0.539     0.588     0.689     0.852     1.239
 374.001     80003         0     80002           0.213     0.389     0.453     0.528     0.576     0.676     0.843     1.083
 375.001     80005         0     80002           0.208     0.394     0.463     0.543     0.593     0.695     0.849     1.238
 376.001     79996         0     79994           0.209     0.398     0.464     0.540     0.588     0.692     0.853     1.127
 377.001     79997         0     79999           0.206     0.400     0.468     0.546     0.597     0.701     0.874     1.223
 378.001     80004         0     80004           0.209     0.394     0.460     0.537     0.586     0.690     0.874     1.411
 379.001     79999         0     80002           0.210     0.394     0.460     0.536     0.585     0.686     0.858     1.162
 380.001     79991         0     79988           0.212     0.399     0.469     0.548     0.599     0.696     0.846     1.220
 381.001     80009         0     80011           0.203     0.393     0.459     0.538     0.589     0.700     0.927     1.398
 382.001     79994         0     79996           0.200     0.396     0.464     0.541     0.590     0.695     0.850     1.050
 383.001     80006         0     80004           0.203     0.401     0.470     0.547     0.596     0.701     0.865     1.212
 384.001     79994         0     79995           0.211     0.399     0.467     0.543     0.593     0.695     0.852     1.352
 385.001     80005         0     80005           0.210     0.397     0.464     0.542     0.592     0.697     0.882     1.180
 386.001     79999         0     79991           0.211     0.394     0.460     0.537     0.586     0.685     0.836     1.297
 387.001     79997         0     80007           0.214     0.396     0.462     0.539     0.589     0.696     0.918     1.428
 388.001     80002         0     80002           0.211     0.397     0.465     0.542     0.591     0.697     0.851     1.165
 389.001     80005         0     79994           0.210     0.398     0.465     0.541     0.590     0.693     0.874     1.540
 390.001     79998         0     80005           0.205     0.399     0.467     0.544     0.594     0.700     0.866     1.476
 391.001     80005         0     80007           0.213     0.394     0.460     0.539     0.588     0.693     0.889     1.243
 392.001     79998         0     79995           0.209     0.402     0.474     0.553     0.603     0.706     0.860     1.186
 393.001     79998         0     80000           0.214     0.397     0.463     0.540     0.589     0.694     0.868     1.709
 394.001     79996         0     79995           0.212     0.391     0.457     0.533     0.584     0.686     0.866     1.353
 395.001     80000         0     80003           0.205     0.392     0.457     0.532     0.580     0.676     0.839     1.178
 396.001     80002         0     79999           0.211     0.390     0.455     0.531     0.582     0.681     0.840     1.051
 397.001     80001         0     79997           0.211     0.397     0.465     0.541     0.590     0.693     0.847     1.171
 398.001     79998         0     80002           0.211     0.396     0.463     0.541     0.591     0.692     0.901     1.350
 399.001     80002         0     80001           0.215     0.397     0.465     0.542     0.593     0.698     0.858     1.210
 400.001     79996         0     79997           0.210     0.394     0.460     0.536     0.584     0.687     0.852     1.258
 401.001     80002         0     80004           0.212     0.396     0.461     0.539     0.590     0.698     0.920     1.388
 402.001     80005         0     80003           0.211     0.390     0.454     0.528     0.576     0.675     0.844     1.210
 403.001     79998         0     79995           0.208     0.400     0.472     0.549     0.599     0.701     0.858     1.277
 404.001     79996         0     80001           0.208     0.396     0.465     0.545     0.594     0.695     0.855     1.150
 405.001     80001         0     80002           0.205     0.396     0.465     0.543     0.593     0.695     0.859     1.391
 406.001     80003         0     80000           0.210     0.393     0.459     0.537     0.586     0.686     0.831     1.105
 407.001     80000         0     80000           0.202     0.391     0.456     0.531     0.583     0.690     0.889     1.320
 408.001     79999         0     79998           0.203     0.384     0.446     0.519     0.568     0.667     0.829     1.155
 409.001     80000         0     80005           0.208     0.391     0.457     0.536     0.585     0.689     0.851     1.184
 410.001     80000         0     79996           0.204     0.389     0.453     0.531     0.580     0.676     0.827     1.143
 411.001     79999         0     80003           0.204     0.397     0.465     0.543     0.592     0.695     0.891     1.256
 412.001     79996         0     79992           0.205     0.391     0.456     0.530     0.578     0.681     0.851     1.240
 413.001     80007         0     80008           0.210     0.395     0.463     0.540     0.590     0.694     0.853     1.235
 414.001     79999         0     80000           0.210     0.391     0.454     0.528     0.577     0.678     0.852     1.195
 415.001     79996         0     79998           0.202     0.391     0.457     0.533     0.583     0.688     0.847     1.203
 416.001     80003         0     80001           0.207     0.395     0.462     0.540     0.590     0.694     0.863     1.316
 417.001     79993         0     79991           0.214     0.390     0.455     0.531     0.579     0.678     0.842     1.307
 418.001     80007         0     80009           0.200     0.390     0.456     0.534     0.585     0.690     0.898     1.314
 419.001     79998         0     79998           0.208     0.393     0.459     0.537     0.586     0.685     0.850     1.054
 420.001     80001         0     80001           0.201     0.398     0.465     0.542     0.592     0.693     0.864     1.291
 421.001     79994         0     79994           0.203     0.392     0.459     0.537     0.588     0.702     1.059     1.563
 422.001     80008         0     80006           0.212     0.396     0.464     0.544     0.594     0.703     0.888     1.502
 423.001     79999         0     79999           0.202     0.391     0.457     0.536     0.585     0.687     0.854     1.254
 424.001     80001         0     79999           0.202     0.391     0.457     0.534     0.585     0.687     0.859     1.200
 425.001     79998         0     80002           0.211     0.398     0.466     0.545     0.594     0.700     0.864     1.248
 426.001     79997         0     79998           0.205     0.393     0.459     0.534     0.583     0.685     0.842     1.248
 427.001     80002         0     79999           0.201     0.398     0.466     0.545     0.596     0.708     0.933     1.391
 428.001     80002         0     80004           0.209     0.402     0.470     0.547     0.598     0.702     0.870     1.397
 429.001     80004         0     80003           0.217     0.397     0.465     0.543     0.592     0.693     0.847     1.152
 430.001     79998         0     79996           0.208     0.398     0.467     0.543     0.593     0.696     0.858     1.107
 431.001     80000         0     80001           0.200     0.398     0.467     0.547     0.598     0.702     0.877     1.286
 432.001     79996         0     79998           0.210     0.393     0.457     0.530     0.579     0.681     0.840     1.292
 433.001     79999         0     79995           0.209     0.395     0.462     0.539     0.587     0.693     0.876     1.497
 434.001     79999         0     80003           0.204     0.394     0.460     0.537     0.586     0.688     0.872     1.194
 435.001     80003         0     80000           0.211     0.400     0.469     0.548     0.598     0.703     0.870     1.442
 436.001     80005         0     80002           0.211     0.393     0.458     0.535     0.583     0.686     0.854     1.217
 437.001     79993         0     79997           0.212     0.401     0.469     0.547     0.598     0.708     0.884     1.394
 438.001     80005         0     80006           0.211     0.400     0.469     0.548     0.601     0.711     0.945     1.422
 439.001     79999         0     80000           0.211     0.397     0.463     0.538     0.587     0.686     0.840     1.133
 440.001     79996         0     79996           0.210     0.392     0.455     0.531     0.579     0.682     0.861     1.095
 441.001     80005         0     80003           0.213     0.398     0.466     0.543     0.594     0.705     0.931     1.334
 442.001     80001         0     80000           0.216     0.394     0.461     0.539     0.590     0.692     0.855     1.237
 443.001     79995         0     79997           0.205     0.392     0.457     0.536     0.586     0.687     0.876     1.300
 444.001     80005         0     80003           0.212     0.396     0.462     0.540     0.590     0.697     0.885     1.168
 445.001     79996         0     79997           0.206     0.400     0.468     0.546     0.597     0.706     0.864     1.235
 446.001     79998         0     79994           0.206     0.400     0.472     0.551     0.602     0.711     0.867     1.322
 447.001     80001         0     80005           0.205     0.396     0.464     0.542     0.594     0.707     0.961     1.309
 448.001     79999         0     80001           0.201     0.401     0.470     0.547     0.599     0.706     0.894     1.319
 449.001     80000         0     80000           0.205     0.402     0.472     0.549     0.599     0.704     0.847     1.119
 450.001     80002         0     79999           0.205     0.399     0.467     0.545     0.593     0.696     0.866     1.270
 451.001     79997         0     79996           0.208     0.392     0.458     0.536     0.585     0.692     0.879     1.225
 452.001     80005         0     80007           0.213     0.398     0.466     0.542     0.591     0.695     0.865     1.162
 453.001     79996         0     79992           0.205     0.397     0.464     0.540     0.590     0.696     0.864     1.261
 454.001     80003         0     80003           0.208     0.397     0.465     0.544     0.594     0.702     0.913     1.663
 455.001     79995         0     80001           0.196     0.393     0.458     0.535     0.585     0.688     0.842     1.122
 456.001     80004         0     80001           0.202     0.395     0.463     0.540     0.588     0.693     0.862     1.146
 457.001     80000         0     79998           0.204     0.395     0.459     0.536     0.585     0.692     0.878     1.538
 458.001     80000         0     79999           0.208     0.394     0.459     0.536     0.585     0.692     0.895     1.235
 459.001     79998         0     79998           0.207     0.394     0.460     0.538     0.588     0.689     0.839     1.152
 460.001     80004         0     80005           0.211     0.395     0.459     0.534     0.583     0.692     0.887     1.497
 461.001     80000         0     80003           0.208     0.398     0.466     0.545     0.596     0.711     0.944     1.414
 462.001     80001         0     80000           0.210     0.399     0.467     0.546     0.596     0.701     0.853     1.120
 463.001     79996         0     79997           0.204     0.397     0.465     0.542     0.592     0.694     0.845     1.150
 464.001     79998         0     80000           0.214     0.400     0.468     0.546     0.596     0.702     0.883     1.502
 465.001     79996         0     79995           0.200     0.399     0.470     0.549     0.597     0.699     0.871     1.183
 466.001     80010         0     80005           0.207     0.390     0.455     0.530     0.580     0.682     0.856     1.118
 467.001     79998         0     80001           0.210     0.396     0.462     0.539     0.589     0.699     0.929     1.401
 468.001     80004         0     80004           0.209     0.388     0.450     0.523     0.572     0.674     0.843     1.245
 469.001     79993         0     79993           0.204     0.392     0.460     0.539     0.589     0.696     0.891     1.468
 470.001     80002         0     80004           0.213     0.392     0.460     0.539     0.588     0.692     0.857     1.346
 471.001     79999         0     79996           0.212     0.393     0.461     0.538     0.588     0.692     0.888     1.316
 472.001     80001         0     80002           0.200     0.392     0.458     0.537     0.586     0.695     0.893     1.237
 473.001     80001         0     79998           0.206     0.394     0.461     0.539     0.588     0.701     0.890     2.251
 474.001     79996         0     79999           0.200     0.396     0.465     0.543     0.594     0.704     0.914     1.332
 475.001     80005         0     80002           0.213     0.394     0.460     0.539     0.589     0.699     0.913     1.636
 476.001     79996         0     80001           0.213     0.393     0.460     0.538     0.588     0.693     0.874     1.204
 477.001     80007         0     79999           0.217     0.404     0.478     0.558     0.610     0.729     1.001     2.775
 478.001     79992         0     80000           0.208     0.398     0.466     0.544     0.597     0.714     1.023     1.526
 479.001     80001         0     79998           0.212     0.401     0.472     0.553     0.608     0.778   171.573   207.880
 480.001     80004         0     80006           0.207     0.399     0.466     0.545     0.596     0.715     1.014     2.533
 481.001     80000         0     79996           0.207     0.401     0.469     0.548     0.601     0.723     0.988     1.362
 482.001     79998         0     80000           0.217     0.401     0.468     0.546     0.597     0.713     0.956     1.956
 483.001     79999         0     79998           0.206     0.397     0.465     0.545     0.595     0.701     0.865     1.287
 484.001     79998         0     79999           0.217     0.398     0.465     0.543     0.593     0.702     0.885     1.267
 485.001     80000         0     80001           0.209     0.398     0.465     0.542     0.590     0.698     0.870     1.189
 486.001     79998         0     79999           0.207     0.405     0.476     0.554     0.606     0.712     0.899     1.572
 487.001     80002         0     80001           0.207     0.396     0.463     0.542     0.593     0.705     0.958     2.761
 488.001     80001         0     80004           0.203     0.398     0.467     0.545     0.595     0.705     0.884     1.263
 489.001     79998         0     79995           0.205     0.394     0.461     0.537     0.588     0.692     0.904     1.612
 490.001     80007         0     80006           0.205     0.393     0.459     0.536     0.587     0.692     0.880     1.180
 491.001     80001         0     80000           0.216     0.398     0.466     0.544     0.593     0.697     0.855     1.239
 492.001     79998         0     79998           0.217     0.395     0.461     0.538     0.588     0.697     0.880     1.224
 493.001     79997         0     79997           0.210     0.394     0.463     0.543     0.594     0.707     0.936     1.970
 494.001     80000         0     80003           0.206     0.400     0.471     0.548     0.596     0.701     0.893     1.317
 495.001     80001         0     79999           0.204     0.396     0.465     0.543     0.593     0.701     0.871     1.340
 496.001     80002         0     80004           0.213     0.394     0.461     0.540     0.589     0.690     0.874     1.227
 497.001     79997         0     79997           0.211     0.398     0.467     0.546     0.596     0.702     0.881     1.366
 498.001     80002         0     79996           0.214     0.394     0.460     0.538     0.589     0.699     0.956     1.336
 499.001     79998         0     80002           0.213     0.400     0.470     0.549     0.599     0.713     0.905     1.340
 500.001     80005         0     80005           0.208     0.399     0.467     0.544     0.594     0.701     0.866     1.227
 501.001     79991         0     79989           0.208     0.402     0.473     0.551     0.603     0.718     0.973     1.423
 502.001     80012         0     80009           0.210     0.399     0.468     0.546     0.596     0.700     0.872     1.353
 503.001     79987         0     79994           0.207     0.391     0.455     0.529     0.577     0.682     0.858     1.308
 504.001     80006         0     80003           0.205     0.397     0.465     0.542     0.593     0.695     0.879     1.455
 505.001     80001         0     80003           0.202     0.397     0.462     0.537     0.585     0.691     0.872     1.286
 506.001     80004         0     79999           0.217     0.394     0.460     0.536     0.584     0.685     0.846     1.192
 507.001     79992         0     79995           0.213     0.396     0.461     0.537     0.587     0.694     0.929     1.362
 508.001     80006         0     80005           0.205     0.400     0.469     0.546     0.597     0.705     0.873     1.260
 509.001     79995         0     79998           0.213     0.398     0.464     0.541     0.590     0.694     0.856     1.295
 510.001     79998         0     79999           0.206     0.397     0.465     0.542     0.591     0.693     0.878     1.398
 511.001     80006         0     80003           0.209     0.391     0.455     0.530     0.580     0.690     0.879     1.219
 512.001     79996         0     80000           0.206     0.396     0.462     0.538     0.589     0.691     0.867     1.224
 513.001     80001         0     79999           0.204     0.395     0.460     0.536     0.585     0.692     0.869     1.318
 514.001     79997         0     79999           0.204     0.393     0.461     0.539     0.588     0.692     0.876     1.169
 515.001     80004         0     80001           0.205     0.391     0.458     0.534     0.582     0.686     0.838     1.253
 516.001     80003         0     80004           0.206     0.395     0.462     0.541     0.591     0.696     0.867     1.393
 517.001     79997         0     79997           0.199     0.399     0.468     0.547     0.596     0.704     0.894     1.202
 518.001     79998         0     80000           0.213     0.393     0.460     0.538     0.587     0.694     0.918     1.414
 519.001     80004         0     79999           0.210     0.395     0.465     0.545     0.593     0.697     0.862     1.310
 520.001     80001         0     80003           0.214     0.390     0.456     0.532     0.582     0.689     0.855     1.127
 521.001     79998         0     80000           0.208     0.390     0.455     0.532     0.583     0.698     0.967     1.604
 522.001     80002         0     80000           0.212     0.401     0.470     0.549     0.600     0.708     0.871     1.633
 523.001     79998         0     79997           0.206     0.395     0.460     0.537     0.586     0.696     0.874     1.377
 524.001     79999         0     80002           0.207     0.392     0.458     0.536     0.585     0.684     0.841     1.222
 525.001     80002         0     80001           0.209     0.398     0.465     0.543     0.593     0.694     0.861     1.121
 526.001     80004         0     80004           0.193     0.390     0.454     0.528     0.579     0.681     0.852     1.329
 527.001     79994         0     79993           0.204     0.394     0.461     0.539     0.589     0.695     0.909     1.308
 528.001     80003         0     80001           0.205     0.393     0.459     0.536     0.585     0.681     0.863     1.197
 529.001     79995         0     79998           0.197     0.394     0.463     0.541     0.590     0.695     0.873     1.197
 530.001     80007         0     79999           0.204     0.389     0.453     0.528     0.578     0.681     0.840     1.137
 531.001     79996         0     80004           0.209     0.393     0.459     0.538     0.589     0.711     1.081     5.022
 532.001     79997         0     79998           0.215     0.393     0.457     0.532     0.581     0.683     0.848     1.168
 533.001     80003         0     80001           0.214     0.397     0.464     0.540     0.591     0.697     0.894     1.383
 534.001     79997         0     79998           0.216     0.399     0.468     0.547     0.597     0.700     0.870     1.168
 535.001     79997         0     79993           0.207     0.397     0.465     0.543     0.594     0.699     0.869     1.243
 536.001     80006         0     80009           0.204     0.400     0.468     0.546     0.596     0.701     0.887     1.194
 537.001     79996         0     79997           0.203     0.396     0.462     0.539     0.587     0.695     0.866     1.158
 538.001     80004         0     79999           0.212     0.399     0.468     0.546     0.596     0.703     0.904     1.474
 539.001     79999         0     80002           0.206     0.393     0.459     0.537     0.588     0.689     0.863     1.333
 540.001     79996         0     79997           0.214     0.399     0.469     0.548     0.596     0.703     0.862     1.195
 541.001     80005         0     79999           0.210     0.391     0.456     0.532     0.583     0.708     1.082     1.446
 542.001     79998         0     80002           0.210     0.397     0.465     0.544     0.594     0.700     0.874     1.200
 543.001     80000         0     79999           0.208     0.402     0.472     0.551     0.603     0.707     0.881     1.277
 544.001     79999         0     80001           0.214     0.394     0.462     0.540     0.593     0.712     1.052     1.904
 545.001     80001         0     80004           0.213     0.395     0.461     0.538     0.589     0.694     0.862     1.210
 546.001     80000         0     79995           0.210     0.399     0.467     0.545     0.595     0.696     0.883     1.338
 547.001     80003         0     80003           0.208     0.390     0.454     0.531     0.582     0.695     0.948     2.253
 548.001     79996         0     79996           0.209     0.391     0.455     0.531     0.580     0.683     0.840     1.308
 549.001     80002         0     80003           0.211     0.389     0.452     0.528     0.579     0.686     0.853     1.186
 550.001     80000         0     80004           0.208     0.388     0.453     0.527     0.578     0.682     0.897     1.615
 551.001     80001         0     79999           0.210     0.401     0.472     0.552     0.602     0.710     0.884     1.202
 552.001     79995         0     79995           0.203     0.397     0.466     0.543     0.592     0.693     0.848     1.288
 553.001     80005         0     80002           0.204     0.398     0.467     0.545     0.595     0.699     0.856     1.249
 554.001     79998         0     79999           0.210     0.395     0.461     0.537     0.586     0.691     0.871     1.323
 555.001     79999         0     79999           0.212     0.398     0.466     0.544     0.594     0.696     0.848     1.152
 556.001     80008         0     80008           0.208     0.397     0.464     0.540     0.590     0.701     0.887     1.248
 557.001     79995         0     79996           0.204     0.398     0.466     0.543     0.591     0.692     0.867     1.242
 558.001     80000         0     80000           0.204     0.393     0.457     0.532     0.582     0.689     0.891     1.363
 559.001     79997         0     79993           0.210     0.395     0.461     0.537     0.585     0.692     0.882     1.386
 560.001     80002         0     80008           0.206     0.394     0.461     0.539     0.588     0.690     0.869     1.402
 561.001     80002         0     80001           0.206     0.394     0.461     0.538     0.588     0.699     0.965     1.277
 562.001     79998         0     79995           0.216     0.397     0.464     0.544     0.594     0.696     0.851     1.190
 563.001     80006         0     80002           0.213     0.399     0.466     0.543     0.593     0.701     0.866     1.187
 564.001     79991         0     79997           0.204     0.395     0.460     0.537     0.588     0.694     0.869     1.443
 565.001     80005         0     80004           0.215     0.401     0.470     0.548     0.599     0.705     0.884     1.251
 566.001     80000         0     80001           0.216     0.400     0.470     0.548     0.602     0.718     1.065     2.699
 567.001     79998         0     79998           0.209     0.398     0.464     0.542     0.591     0.699     0.937     1.272
 568.001     80004         0     80004           0.207     0.397     0.464     0.541     0.592     0.697     0.869     1.114
 569.001     79995         0     79995           0.204     0.402     0.472     0.549     0.599     0.703     0.872     1.261
 570.001     79998         0     79999           0.215     0.396     0.462     0.540     0.590     0.699     0.883     1.323
 571.001     80001         0     80000           0.211     0.394     0.461     0.541     0.590     0.693     0.861     1.385
 572.001     80003         0     80003           0.215     0.399     0.465     0.542     0.591     0.696     0.862     1.427
 573.001     80001         0     80004           0.214     0.399     0.468     0.548     0.598     0.702     0.866     1.322
 574.001     79998         0     79996           0.208     0.397     0.465     0.542     0.593     0.698     0.881     1.421
 575.001     79998         0     80000           0.208     0.397     0.463     0.540     0.591     0.693     0.866     1.102
 576.001     80002         0     79994           0.205     0.395     0.458     0.534     0.582     0.682     0.858     1.160
 577.001     79994         0     79997           0.205     0.392     0.456     0.533     0.584     0.695     1.015     2.836
 578.001     80003         0     80004           0.210     0.396     0.462     0.539     0.588     0.695     0.915     1.376
 579.001     80004         0     80006           0.210     0.396     0.462     0.539     0.588     0.693     0.864     1.153
 580.001     80005         0     80002           0.197     0.394     0.460     0.538     0.588     0.693     0.838     1.191
 581.001     79986         0     79989           0.209     0.397     0.462     0.539     0.589     0.701     0.922     1.316
 582.001     80009         0     80009           0.209     0.395     0.462     0.541     0.592     0.696     0.859     1.089
 583.001     79996         0     79999           0.212     0.394     0.460     0.538     0.587     0.693     0.893     1.783
 584.001     80007         0     79999           0.206     0.399     0.468     0.545     0.596     0.701     0.870     1.242
 585.001     79997         0     80003           0.210     0.389     0.452     0.525     0.573     0.677     0.842     1.307
 586.001     79995         0     79994           0.213     0.398     0.466     0.543     0.593     0.699     0.862     1.552
 587.001     80004         0     80000           0.204     0.399     0.470     0.549     0.601     0.715     1.067     2.329
 588.001     80001         0     80007           0.212     0.391     0.455     0.531     0.579     0.681     0.837     1.165
 589.001     79999         0     79996           0.211     0.397     0.465     0.545     0.595     0.698     0.867     1.210
 590.001     80005         0     80003           0.215     0.397     0.462     0.538     0.588     0.691     0.847     1.239
 591.001     79994         0     79990           0.201     0.402     0.472     0.551     0.601     0.708     0.900     1.219
 592.001     79998         0     80002           0.205     0.393     0.458     0.534     0.583     0.689     0.856     1.154
 593.001     80002         0     80005           0.211     0.394     0.461     0.539     0.587     0.690     0.842     1.165
 594.001     80010         0     80001           0.220     0.399     0.466     0.544     0.592     0.697     0.872     1.244
 595.001     79989         0     79998           0.208     0.401     0.470     0.547     0.600     0.706     0.878     1.251
 596.001     79998         0     79999           0.211     0.397     0.464     0.541     0.591     0.697     0.863     1.196
 597.001     80006         0     79999           0.208     0.395     0.462     0.539     0.588     0.699     0.883     1.330
 598.001     79997         0     80002           0.206     0.394     0.461     0.538     0.589     0.695     0.903     1.542
 599.001     80003         0     80003           0.209     0.393     0.458     0.536     0.584     0.682     0.861     1.260
 600.001     79992         0     79992           0.201     0.392     0.459     0.538     0.588     0.698     0.872     1.269
 601.001     80007         0     80006           0.210     0.399     0.468     0.547     0.598     0.716     0.986     1.268
 602.001     79993         0     79995           0.205     0.396     0.463     0.540     0.589     0.691     0.866     1.207
 603.001     80010         0     80005           0.210     0.394     0.459     0.536     0.585     0.687     0.847     1.110
 604.001     79997         0     80003           0.196     0.397     0.463     0.540     0.589     0.693     0.859     1.214
 605.001     79995         0     79995           0.214     0.398     0.465     0.543     0.592     0.698     0.883     1.582
 606.001     80001         0     79998           0.214     0.398     0.464     0.542     0.592     0.699     0.873     1.196
 607.001     80001         0     79996           0.211     0.403     0.476     0.557     0.607     0.719     0.945     1.590
 608.001     80004         0     80010           0.209     0.391     0.456     0.531     0.582     0.685     0.850     1.157
 609.001     79998         0     79997           0.207     0.397     0.463     0.540     0.589     0.692     0.860     1.263
 610.001     80001         0     80003           0.203     0.392     0.459     0.537     0.588     0.694     0.871     1.132
 611.001     79998         0     80000           0.211     0.400     0.468     0.546     0.596     0.705     0.883     1.383
 612.001     80003         0     79994           0.208     0.395     0.460     0.537     0.586     0.688     0.873     1.170
 613.001     79997         0     80002           0.212     0.400     0.469     0.548     0.600     0.706     0.877     1.163
 614.001     80000         0     80002           0.211     0.397     0.463     0.542     0.593     0.709     1.795     2.677
 615.001     79996         0     79998           0.200     0.399     0.468     0.545     0.593     0.697     0.858     1.248
 616.001     80002         0     80002           0.199     0.400     0.470     0.548     0.599     0.699     0.880     1.253
 617.001     80000         0     79999           0.214     0.397     0.462     0.538     0.588     0.695     0.851     1.163
 618.001     80003         0     80001           0.214     0.399     0.464     0.540     0.590     0.700     0.923     1.366
 619.001     79998         0     79988           0.212     0.394     0.460     0.537     0.587     0.693     0.873     1.267
 620.001     80005         0     80008           0.191     0.398     0.466     0.543     0.592     0.693     0.866     1.141
 621.001     79999         0     80002           0.209     0.403     0.475     0.554     0.605     0.722     1.009     1.398
 622.001     80001         0     80002           0.215     0.398     0.466     0.545     0.594     0.697     0.854     1.114
 623.001     79993         0     79998           0.206     0.402     0.474     0.552     0.605     0.718     0.902     1.529
 624.001     79997         0     79997           0.212     0.396     0.461     0.537     0.586     0.691     0.862     1.339
 625.001     80007         0     80005           0.212     0.398     0.465     0.541     0.590     0.696     0.881     1.337
 626.001     80002         0     79997           0.215     0.396     0.462     0.539     0.588     0.693     0.876     1.399
 627.001     79996         0     80005           0.210     0.402     0.474     0.554     0.606     0.726     0.966     1.561
 628.001     80001         0     80000           0.203     0.402     0.470     0.548     0.599     0.701     0.863     1.204
 629.001     80000         0     79999           0.212     0.394     0.461     0.540     0.592     0.703     0.892     1.333
 630.001     80002         0     79999           0.210     0.397     0.465     0.543     0.593     0.699     0.869     1.236
 631.001     79996         0     79994           0.213     0.395     0.463     0.543     0.592     0.705     0.893     1.167
 632.001     80003         0     80004           0.214     0.398     0.464     0.542     0.593     0.696     0.863     1.128
 633.001     79998         0     80003           0.212     0.398     0.465     0.544     0.594     0.699     0.871     1.177
 634.001     80002         0     80003           0.212     0.399     0.468     0.546     0.598     0.708     0.894     1.260
 635.001     80000         0     79992           0.213     0.400     0.467     0.544     0.595     0.701     0.871     1.226
 636.001     80002         0     80005           0.207     0.399     0.467     0.544     0.595     0.698     0.877     1.309
 637.001     80000         0     80003           0.211     0.406     0.478     0.557     0.607     0.722     0.917     2.662
 638.001     79996         0     79996           0.208     0.396     0.462     0.541     0.590     0.700     0.940     1.350
 639.001     80003         0     79999           0.202     0.398     0.466     0.545     0.593     0.702     0.878     1.240
 640.001     80001         0     80005           0.211     0.396     0.464     0.542     0.592     0.702     1.032     3.484
 641.001     79996         0     79996           0.201     0.396     0.466     0.546     0.598     0.717     0.953     1.438
 642.001     79998         0     80000           0.205     0.399     0.467     0.546     0.598     0.702     0.854     1.315
 643.001     80003         0     80002           0.211     0.401     0.471     0.550     0.600     0.705     0.857     1.185
 644.001     80002         0     79998           0.212     0.401     0.471     0.550     0.601     0.710     0.905     1.556
 645.001     79991         0     79996           0.203     0.399     0.468     0.546     0.596     0.710     0.968     3.371
 646.001     80008         0     80006           0.207     0.399     0.466     0.544     0.593     0.702     0.898     1.479
 647.001     79993         0     79989           0.218     0.399     0.467     0.546     0.599     0.718     0.961     1.311
 648.001     79997         0     80002           0.211     0.397     0.463     0.539     0.587     0.694     0.901     1.461
 649.001     80006         0     80008           0.210     0.394     0.460     0.537     0.587     0.689     0.863     1.199
 650.001     80005         0     80003           0.203     0.400     0.470     0.550     0.602     0.714     0.926     1.776
 651.001     79997         0     79999           0.211     0.400     0.469     0.548     0.599     0.705     0.893     1.207
 652.001     80004         0     79999           0.203     0.398     0.466     0.543     0.591     0.694     0.854     1.155
 653.001     79999         0     80005           0.211     0.401     0.471     0.548     0.600     0.706     0.897     1.353
 654.001     79999         0     79998           0.200     0.394     0.461     0.539     0.588     0.693     0.858     1.105
 655.001     79997         0     79997           0.210     0.398     0.466     0.544     0.594     0.710     0.994     1.947
 656.001     80005         0     79995           0.213     0.399     0.468     0.546     0.596     0.702     0.868     1.226
 657.001     79996         0     80003           0.214     0.390     0.454     0.529     0.579     0.681     0.853     1.252
 658.001     80003         0     80001           0.210     0.398     0.467     0.545     0.596     0.702     0.917     1.359
 659.001     79999         0     80003           0.209     0.390     0.455     0.530     0.580     0.686     0.851     1.291
 660.001     80002         0     80001           0.208     0.392     0.454     0.527     0.576     0.680     0.834     1.179
 661.001     79999         0     79999           0.199     0.397     0.466     0.546     0.599     0.727     1.027     1.495
 662.001     80000         0     80001           0.211     0.390     0.456     0.536     0.584     0.686     0.867     1.261
 663.001     80001         0     80002           0.209     0.394     0.461     0.538     0.588     0.693     0.857     1.246
 664.001     79996         0     79996           0.212     0.391     0.456     0.533     0.584     0.686     0.871     1.196
 665.001     80001         0     80000           0.208     0.397     0.463     0.539     0.588     0.689     0.853     1.225
 666.001     80003         0     80004           0.210     0.398     0.467     0.548     0.599     0.713     0.885     1.325
 667.001     79993         0     79986           0.207     0.401     0.471     0.551     0.602     0.717     0.952     1.765
 668.001     80004         0     80004           0.207     0.396     0.464     0.543     0.591     0.694     0.856     1.189
 669.001     80000         0     80005           0.219     0.397     0.463     0.539     0.588     0.694     0.884     1.246
 670.001     79999         0     80001           0.206     0.397     0.465     0.545     0.594     0.696     0.854     1.241
 671.001     80002         0     79998           0.210     0.402     0.472     0.550     0.600     0.703     0.875     1.255
 672.001     79997         0     79999           0.208     0.398     0.468     0.546     0.596     0.696     0.865     1.239
 673.001     80007         0     80006           0.210     0.388     0.453     0.529     0.578     0.685     0.881     2.517
 674.001     80000         0     80001           0.214     0.390     0.456     0.533     0.582     0.689     0.899     1.299
 675.001     79995         0     79989           0.207     0.394     0.461     0.541     0.591     0.694     0.864     1.212
 676.001     80002         0     80007           0.202     0.391     0.456     0.532     0.584     0.687     0.875     1.488
 677.001     79998         0     79991           0.200     0.393     0.458     0.533     0.582     0.686     0.837     1.187
 678.001     79998         0     80007           0.210     0.392     0.456     0.531     0.579     0.685     0.911     1.369
 679.001     80004         0     80000           0.213     0.397     0.466     0.543     0.591     0.694     0.861     1.215
 680.001     79999         0     79996           0.213     0.394     0.464     0.544     0.594     0.703     0.895     1.523
 681.001     80001         0     80008           0.205     0.397     0.465     0.543     0.593     0.704     0.940     1.541
 682.001     79998         0     79993           0.211     0.398     0.468     0.547     0.595     0.696     0.847     1.398
 683.001     80000         0     80003           0.206     0.394     0.460     0.537     0.585     0.689     0.842     1.431
 684.001     79998         0     79998           0.215     0.397     0.465     0.544     0.593     0.697     0.886     1.280
 685.001     80003         0     80007           0.201     0.395     0.462     0.540     0.589     0.688     0.852     1.186
 686.001     80001         0     79991           0.205     0.395     0.463     0.543     0.595     0.718     0.941     1.364
 687.001     79996         0     80002           0.217     0.398     0.466     0.544     0.592     0.699     0.934     1.406
 688.001     80004         0     80006           0.204     0.397     0.466     0.545     0.596     0.702     0.868     1.233
 689.001     79998         0     79998           0.212     0.400     0.469     0.548     0.598     0.703     0.888     1.144
 690.001     80005         0     80001           0.214     0.397     0.465     0.545     0.596     0.704     0.937     2.167
 691.001     79996         0     80000           0.200     0.395     0.461     0.539     0.590     0.703     0.911     1.197
 692.001     79997         0     79996           0.215     0.392     0.457     0.532     0.581     0.684     0.843     1.098
 693.001     80003         0     80005           0.208     0.402     0.471     0.550     0.600     0.706     0.857     1.392
 694.001     79998         0     79996           0.203     0.393     0.459     0.537     0.588     0.699     0.906     1.318
 695.001     80000         0     79995           0.203     0.396     0.465     0.543     0.593     0.700     0.935     6.189
 696.001     80007         0     80010           0.208     0.397     0.466     0.545     0.598     0.721     0.915     1.349
 697.001     79996         0     79994           0.214     0.396     0.462     0.539     0.590     0.701     0.916     2.867
 698.001     80004         0     80007           0.213     0.401     0.473     0.553     0.604     0.730     0.983     1.414
 699.001     79995         0     79998           0.208     0.390     0.453     0.526     0.575     0.677     0.853     1.398
 700.001     80005         0     80000           0.206     0.398     0.468     0.546     0.595     0.698     0.864     1.156
 701.001     79993         0     79997           0.214     0.396     0.462     0.538     0.588     0.702     0.952     1.383
 702.001     80000         0     79998           0.213     0.397     0.463     0.540     0.588     0.689     0.854     1.179
 703.001     80001         0     80003           0.212     0.395     0.460     0.536     0.585     0.686     0.854     1.336
 704.001     80000         0     79997           0.210     0.392     0.457     0.535     0.583     0.688     0.905     1.492
 705.001     80011         0     80007           0.215     0.403     0.476     0.556     0.608     0.724     0.910     1.239
 706.001     79991         0     79995           0.209     0.397     0.465     0.543     0.593     0.702     0.906     2.097
 707.001     79998         0     79998           0.211     0.409     0.483     0.561     0.612     0.727     0.933     1.596
 708.001     80002         0     80004           0.210     0.398     0.467     0.546     0.597     0.704     0.872     1.267
 709.001     79997         0     79993           0.210     0.395     0.461     0.538     0.586     0.686     0.861     1.164
 710.001     79998         0     80004           0.210     0.396     0.462     0.539     0.588     0.694     0.861     1.258
 711.001     80001         0     79998           0.210     0.393     0.458     0.534     0.583     0.685     0.862     1.240
 712.001     80003         0     80004           0.214     0.393     0.459     0.537     0.587     0.690     0.855     1.320
 713.001     79997         0     79996           0.213     0.405     0.478     0.556     0.605     0.707     0.858     1.198
 714.001     80003         0     80004           0.211     0.399     0.467     0.545     0.597     0.706     0.895     1.483
 715.001     79998         0     79996           0.207     0.402     0.475     0.553     0.603     0.715     0.955     2.939
 716.001     80001         0     80003           0.209     0.399     0.467     0.544     0.594     0.698     0.873     1.318
 717.001     80001         0     80001           0.201     0.396     0.462     0.539     0.587     0.692     0.849     1.239
 718.001     80000         0     80000           0.203     0.401     0.473     0.553     0.602     0.711     0.935     1.332
 719.001     80006         0     79999           0.210     0.393     0.458     0.536     0.587     0.696     0.887     1.538
 720.001     79995         0     80002           0.210     0.394     0.460     0.538     0.586     0.691     0.860     1.186
 721.001     79996         0     79995           0.212     0.402     0.473     0.551     0.602     0.710     1.002     1.435
 722.001     80007         0     80000           0.207     0.397     0.466     0.543     0.593     0.696     0.871     1.294
 723.001     79997         0     79995           0.208     0.399     0.470     0.553     0.607     0.734     1.039     1.662
 724.001     79999         0     79998           0.207     0.387     0.449     0.521     0.571     0.680     0.883     1.285
 725.001     80002         0     80010           0.211     0.398     0.468     0.547     0.596     0.704     0.866     1.117
 726.001     79998         0     80002           0.211     0.402     0.471     0.548     0.598     0.701     0.859     1.273
 727.001     79999         0     79996           0.209     0.399     0.470     0.550     0.600     0.708     0.918     1.827
 728.001     80003         0     80003           0.218     0.398     0.467     0.544     0.594     0.701     0.859     1.420
 729.001     79997         0     79996           0.215     0.398     0.465     0.542     0.590     0.692     0.854     1.115
 730.001     79999         0     80003           0.216     0.391     0.456     0.530     0.580     0.683     0.834     1.303
 731.001     80004         0     80003           0.206     0.393     0.458     0.535     0.584     0.690     0.880     1.289
 732.001     79999         0     79996           0.200     0.386     0.450     0.522     0.570     0.673     0.844     1.206
 733.001     79998         0     80001           0.207     0.392     0.456     0.531     0.581     0.681     0.831     1.335
 734.001     80000         0     79998           0.209     0.395     0.463     0.540     0.591     0.697     0.890     1.398
 735.001     79999         0     80000           0.206     0.400     0.471     0.550     0.601     0.704     0.861     1.147
 736.001     79998         0     79999           0.207     0.402     0.472     0.551     0.603     0.712     0.908     2.744
 737.001     80003         0     80005           0.205     0.407     0.480     0.559     0.611     0.721     0.887     1.290
 738.001     80000         0     79998           0.210     0.402     0.472     0.551     0.604     0.724     0.980     1.434
 739.001     80004         0     80001           0.210     0.390     0.456     0.534     0.583     0.689     0.855     1.163
 740.001     79993         0     79997           0.211     0.397     0.466     0.545     0.595     0.705     0.877     1.251
 741.001     80008         0     80004           0.212     0.401     0.471     0.550     0.603     0.721     1.040     2.140
 742.001     79993         0     79998           0.214     0.399     0.468     0.545     0.595     0.697     0.866     1.307
 743.001     80003         0     79996           0.214     0.400     0.468     0.546     0.597     0.706     0.883     1.211
 744.001     80008         0     80000           0.211     0.400     0.468     0.546     0.595     0.706     0.877     1.331
 745.001     79992         0     80005           0.211     0.393     0.460     0.538     0.589     0.697     0.867     1.269
 746.001     79998         0     79996           0.206     0.400     0.469     0.548     0.599     0.703     0.872     1.160
 747.001     80000         0     79992           0.210     0.396     0.463     0.541     0.592     0.706     1.007     1.554
 748.001     80001         0     80013           0.206     0.397     0.465     0.542     0.591     0.700     0.898     1.734
 749.001     80001         0     79997           0.216     0.399     0.468     0.546     0.598     0.707     0.870     1.223
 750.001     79999         0     80002           0.208     0.395     0.461     0.540     0.589     0.694     0.855     1.194
 751.001     80004         0     80004           0.208     0.399     0.468     0.544     0.594     0.698     0.863     1.324
 752.001     79995         0     79992           0.199     0.398     0.466     0.543     0.592     0.696     0.870     1.317
 753.001     80004         0     80005           0.211     0.397     0.466     0.546     0.595     0.699     0.861     1.251
 754.001     80001         0     80000           0.209     0.399     0.469     0.548     0.601     0.719     0.971     1.582
 755.001     79993         0     79995           0.212     0.398     0.463     0.539     0.589     0.692     0.850     1.136
 756.001     80003         0     79997           0.211     0.393     0.460     0.537     0.586     0.693     0.867     1.183
 757.001     80003         0     80009           0.210     0.398     0.464     0.541     0.590     0.697     0.879     1.156
 758.001     80006         0     79996           0.207     0.400     0.470     0.548     0.600     0.712     0.934     1.421
 759.001     79996         0     80003           0.209     0.397     0.465     0.544     0.594     0.700     0.870     1.329
 760.001     79999         0     80000           0.204     0.400     0.466     0.542     0.592     0.694     0.849     1.483
 761.001     79995         0     79994           0.213     0.400     0.468     0.546     0.597     0.715     1.023     1.460
 762.001     79998         0     80002           0.211     0.399     0.468     0.547     0.598     0.705     0.878     1.185
 763.001     80006         0     79998           0.210     0.399     0.468     0.546     0.594     0.695     0.860     1.329
 764.001     80000         0     80005           0.215     0.400     0.467     0.544     0.594     0.703     0.876     1.234
 765.001     80005         0     80004           0.214     0.403     0.475     0.553     0.604     0.713     0.898     1.431
 766.001     79992         0     79990           0.215     0.396     0.461     0.536     0.584     0.688     0.864     1.224
 767.001     79992         0     79998           0.212     0.395     0.462     0.538     0.586     0.696     0.898     1.417
 768.001     80016         0     80009           0.214     0.396     0.463     0.540     0.589     0.690     0.861     1.225
 769.001     79991         0     79996           0.212     0.400     0.471     0.548     0.599     0.704     0.872     1.231
 770.001     79995         0     79993           0.201     0.395     0.461     0.536     0.586     0.690     0.862     1.203
 771.001     80006         0     80005           0.211     0.395     0.460     0.537     0.587     0.694     0.886     1.205
 772.001     79998         0     79999           0.204     0.397     0.464     0.541     0.589     0.690     0.868     1.149
 773.001     80001         0     80004           0.210     0.393     0.461     0.539     0.589     0.694     0.855     1.122
 774.001     80001         0     80001           0.208     0.393     0.458     0.535     0.583     0.689     0.842     1.143
 775.001     80001         0     79998           0.209     0.398     0.467     0.545     0.594     0.695     0.844     1.287
 776.001     80001         0     79998           0.211     0.390     0.455     0.528     0.578     0.679     0.845     1.297
 777.001     79997         0     80003           0.211     0.392     0.457     0.535     0.584     0.691     0.867     1.368
 778.001     80003         0     80003           0.210     0.390     0.453     0.529     0.580     0.685     0.937     1.443
 779.001     80002         0     79995           0.209     0.392     0.459     0.536     0.586     0.691     0.870     1.184
 780.001     79990         0     79997           0.205     0.397     0.465     0.542     0.593     0.700     0.882     1.354
 781.001     80005         0     79998           0.210     0.397     0.465     0.543     0.592     0.709     0.977     1.262
 782.001     80010         0     80007           0.203     0.395     0.462     0.539     0.589     0.692     0.867     1.136
 783.001     79984         0     79992           0.214     0.396     0.464     0.542     0.592     0.702     0.866     1.152
 784.001     80006         0     80006           0.217     0.404     0.477     0.559     0.613     0.739     0.950     1.514
 785.001     79998         0     79994           0.214     0.399     0.469     0.548     0.600     0.718     0.899     1.238
 786.001     80004         0     80010           0.191     0.396     0.464     0.542     0.594     0.701     0.866     1.332
 787.001     80007         0     80000           0.213     0.394     0.459     0.537     0.586     0.691     0.930     1.857
 788.001     79988         0     79995           0.214     0.398     0.464     0.542     0.592     0.693     0.851     1.145
 789.001     80004         0     80005           0.203     0.399     0.469     0.547     0.599     0.707     0.882     1.322
 790.001     80003         0     80000           0.216     0.403     0.471     0.547     0.597     0.699     0.882     1.500
 791.001     79999         0     79999           0.214     0.399     0.468     0.547     0.596     0.706     0.904     1.250
 792.001     79998         0     80000           0.205     0.398     0.464     0.541     0.590     0.692     0.846     1.175
 793.001     80001         0     79997           0.216     0.397     0.465     0.544     0.595     0.704     0.907     1.350
 794.001     80004         0     80001           0.207     0.392     0.457     0.534     0.584     0.689     0.859     1.299
 795.001     79995         0     80003           0.216     0.399     0.470     0.547     0.597     0.699     0.868     1.198
 796.001     80000         0     79999           0.212     0.398     0.467     0.545     0.594     0.701     0.877     1.315
 797.001     80002         0     80000           0.198     0.400     0.470     0.548     0.598     0.701     0.886     1.355
 798.001     80007         0     80001           0.207     0.397     0.464     0.543     0.592     0.699     0.910     1.527
 799.001     79993         0     80002           0.215     0.395     0.463     0.542     0.591     0.698     0.862     1.098
 800.001     80006         0     80001           0.201     0.389     0.453     0.529     0.577     0.678     0.848     1.167
 801.001     79988         0     79987           0.205     0.394     0.460     0.538     0.588     0.696     0.959     1.320
 802.001     80004         0     80005           0.214     0.393     0.458     0.534     0.583     0.687     0.855     1.188
 803.001     80001         0     80005           0.215     0.391     0.455     0.529     0.578     0.679     0.841     1.160
 804.001     79996         0     79995           0.197     0.393     0.460     0.538     0.586     0.689     0.863     1.283
 805.001     80008         0     80008           0.210     0.393     0.458     0.537     0.585     0.689     0.840     1.215
 806.001     80003         0     80003           0.204     0.396     0.464     0.543     0.591     0.696     0.857     1.218
 807.001     79992         0     79986           0.206     0.396     0.463     0.542     0.592     0.698     0.920     1.529
 808.001     80006         0     80008           0.206     0.396     0.465     0.545     0.595     0.699     0.855     1.192
 809.001     79986         0     79990           0.210     0.395     0.464     0.543     0.592     0.702     0.901     1.610
 810.001     80008         0     80004           0.212     0.396     0.467     0.546     0.596     0.700     0.863     1.172
 811.001     80000         0     80002           0.207     0.392     0.457     0.536     0.586     0.692     0.918     1.721
 812.001     80000         0     80003           0.199     0.393     0.460     0.539     0.587     0.689     0.842     1.273
 813.001     80002         0     80002           0.212     0.396     0.463     0.541     0.590     0.693     0.846     1.245
 814.001     79995         0     79993           0.209     0.396     0.465     0.544     0.594     0.700     0.886     1.446
 815.001     80005         0     80005           0.211     0.389     0.454     0.530     0.580     0.684     0.858     1.187
 816.001     79996         0     79995           0.206     0.393     0.458     0.532     0.581     0.677     0.832     1.092
 817.001     80005         0     80009           0.208     0.398     0.465     0.541     0.589     0.694     0.850     1.083
 818.001     80002         0     79997           0.207     0.393     0.460     0.539     0.589     0.695     0.908     1.345
 819.001     79995         0     79996           0.209     0.398     0.464     0.540     0.591     0.690     0.848     1.343
 820.001     80001         0     79999           0.209     0.397     0.467     0.545     0.595     0.704     0.888     1.192
 821.001     79998         0     80003           0.202     0.397     0.465     0.543     0.593     0.704     0.914     1.317
 822.001     80000         0     80001           0.209     0.394     0.459     0.536     0.583     0.683     0.858     1.365
 823.001     80000         0     79999           0.214     0.394     0.462     0.540     0.589     0.695     0.856     1.164
 824.001     79998         0     79997           0.206     0.391     0.456     0.534     0.582     0.689     0.865     1.270
 825.001     80010         0     79997           0.215     0.401     0.471     0.549     0.599     0.700     0.862     1.199
 826.001     79995         0     80009           0.212     0.399     0.467     0.545     0.593     0.697     0.861     1.149
 827.001     79997         0     79992           0.212     0.396     0.463     0.541     0.589     0.691     0.937     1.273
 828.001     80005         0     80010           0.213     0.395     0.463     0.540     0.589     0.696     0.890     1.201
 829.001     80000         0     79999           0.206     0.392     0.458     0.536     0.584     0.687     0.851     1.166
 830.001     80000         0     79999           0.215     0.395     0.460     0.537     0.585     0.689     0.840     1.195
 831.001     79997         0     79997           0.215     0.394     0.461     0.539     0.589     0.696     0.880     1.448
 832.001     80001         0     80005           0.214     0.397     0.464     0.542     0.591     0.693     0.837     1.327
 833.001     79997         0     79994           0.211     0.393     0.459     0.537     0.586     0.690     0.856     1.220
 834.001     80001         0     80000           0.216     0.396     0.464     0.542     0.592     0.697     0.873     1.248
 835.001     79999         0     80000           0.210     0.394     0.461     0.539     0.588     0.690     0.856     1.321
 836.001     80003         0     80004           0.201     0.392     0.458     0.534     0.585     0.685     0.843     1.191
 837.001     79998         0     79998           0.204     0.396     0.463     0.542     0.591     0.691     0.858     1.332
 838.001     79999         0     79998           0.199     0.394     0.462     0.540     0.589     0.697     0.898     1.303
 839.001     80001         0     80000           0.206     0.396     0.463     0.540     0.588     0.691     0.855     1.193
 840.001     80001         0     80003           0.207     0.391     0.455     0.531     0.580     0.677     0.841     1.113
 841.001     80002         0     79999           0.212     0.391     0.456     0.534     0.583     0.696     0.984     1.662
 842.001     80000         0     80002           0.215     0.393     0.460     0.537     0.587     0.686     0.862     1.305
 843.001     80004         0     80000           0.207     0.396     0.464     0.543     0.593     0.694     0.859     1.240
 844.001     79993         0     79997           0.212     0.392     0.459     0.537     0.586     0.694     0.897     1.500
 845.001     80001         0     80004           0.210     0.392     0.458     0.536     0.585     0.687     0.858     1.208
 846.001     79999         0     79997           0.212     0.397     0.464     0.543     0.592     0.695     0.867     1.200
 847.001     79997         0     79994           0.214     0.396     0.464     0.542     0.590     0.698     0.930     1.909
 848.001     80004         0     80007           0.212     0.395     0.462     0.540     0.590     0.693     0.862     1.159
 849.001     79997         0     79994           0.215     0.394     0.461     0.538     0.586     0.691     0.857     1.227
 850.001     80006         0     80006           0.207     0.404     0.476     0.556     0.605     0.708     0.885     1.232
 851.001     79996         0     79998           0.211     0.399     0.468     0.547     0.599     0.703     0.867     1.246
 852.001     79997         0     79997           0.207     0.403     0.477     0.558     0.608     0.715     0.901     1.553
 853.001     80005         0     80008           0.208     0.394     0.459     0.537     0.586     0.689     0.870     1.357
 854.001     79994         0     79991           0.211     0.396     0.463     0.541     0.592     0.699     0.890     1.241
 855.001     80004         0     80006           0.215     0.397     0.463     0.539     0.587     0.685     0.846     1.141
 856.001     80000         0     80000           0.214     0.397     0.466     0.544     0.593     0.695     0.858     1.242
 857.001     79996         0     79994           0.214     0.392     0.455     0.530     0.578     0.677     0.841     1.220
 858.001     80003         0     80004           0.210     0.394     0.460     0.537     0.586     0.694     0.912     1.535
 859.001     80004         0     79998           0.209     0.398     0.467     0.545     0.595     0.698     0.848     1.235
 860.001     80000         0     80005           0.206     0.395     0.460     0.536     0.586     0.689     0.854     1.349
 861.001     79996         0     79997           0.206     0.394     0.462     0.541     0.592     0.703     0.929     1.348
 862.001     79999         0     79997           0.212     0.401     0.473     0.551     0.600     0.702     0.867     1.205
 863.001     79996         0     79997           0.205     0.400     0.469     0.547     0.599     0.702     0.876     1.241
 864.001     80005         0     80005           0.210     0.394     0.461     0.537     0.586     0.697     0.873     1.244
 865.001     80001         0     79998           0.213     0.394     0.462     0.542     0.593     0.701     0.926     1.665
 866.001     80002         0     80001           0.213     0.402     0.473     0.552     0.603     0.707     0.878     1.268
 867.001     80002         0     80002           0.212     0.394     0.462     0.540     0.590     0.696     0.912     1.611
 868.001     79994         0     79999           0.209     0.395     0.464     0.542     0.590     0.696     0.861     1.377
 869.001     80010         0     80002           0.215     0.393     0.459     0.536     0.586     0.695     0.905     1.534
 870.001     79999         0     80005           0.212     0.397     0.463     0.539     0.587     0.692     0.879     1.305
 871.001     80001         0     79995           0.206     0.396     0.463     0.540     0.589     0.697     0.883     1.238
 872.001     79988         0     79995           0.214     0.390     0.454     0.531     0.581     0.696     0.902     1.574
 873.001     80002         0     80001           0.208     0.394     0.459     0.536     0.584     0.691     0.891     1.636
 874.001     80002         0     80005           0.210     0.400     0.470     0.548     0.598     0.703     0.884     1.235
 875.001     79999         0     79998           0.207     0.399     0.468     0.547     0.597     0.706     0.901     1.341
 876.001     80000         0     79997           0.204     0.404     0.476     0.554     0.605     0.718     0.929     1.792
 877.001     80005         0     80008           0.215     0.400     0.469     0.547     0.596     0.708     0.914     1.666
 878.001     79998         0     79997           0.211     0.392     0.458     0.536     0.585     0.695     0.956     1.578
 879.001     79996         0     79993           0.209     0.397     0.466     0.543     0.593     0.702     0.876     1.192
 880.001     80001         0     80000           0.218     0.396     0.462     0.539     0.590     0.694     0.872     1.345
 881.001     79998         0     80002           0.209     0.406     0.475     0.553     0.605     0.719     0.954     1.286
 882.001     80002         0     79998           0.206     0.399     0.467     0.543     0.594     0.700     0.859     1.223
 883.001     79998         0     80001           0.208     0.403     0.476     0.555     0.604     0.706     0.864     1.220
 884.001     80001         0     80000           0.209     0.394     0.461     0.538     0.586     0.687     0.868     1.287
 885.001     80006         0     80007           0.206     0.391     0.456     0.534     0.583     0.682     0.847     1.220
 886.001     80002         0     80001           0.213     0.391     0.454     0.530     0.580     0.683     0.839     1.141
 887.001     79999         0     79993           0.207     0.391     0.456     0.532     0.582     0.686     0.930     1.432
 888.001     79994         0     79999           0.208     0.396     0.462     0.539     0.589     0.697     0.854     1.237
 889.001     79996         0     79999           0.211     0.400     0.470     0.548     0.598     0.705     0.876     1.217
 890.001     80005         0     80006           0.212     0.401     0.471     0.549     0.599     0.709     0.873     1.184
 891.001     80004         0     80003           0.214     0.394     0.459     0.536     0.585     0.690     0.856     1.203
 892.001     79992         0     79993           0.206     0.390     0.453     0.527     0.576     0.686     0.884     2.081
 893.001     80004         0     80004           0.208     0.396     0.465     0.544     0.595     0.705     0.902     1.446
 894.001     79998         0     79996           0.210     0.399     0.469     0.546     0.596     0.708     0.890     1.476
 895.001     80000         0     79999           0.214     0.403     0.474     0.553     0.603     0.712     0.909     1.247
 896.001     79995         0     79996           0.212     0.401     0.471     0.549     0.600     0.706     0.879     1.228
 897.001     80010         0     80013           0.209     0.394     0.461     0.539     0.588     0.697     0.884     1.355
 898.001     79994         0     79992           0.212     0.392     0.455     0.529     0.578     0.685     0.900     1.477
 899.001     80007         0     80006           0.209     0.398     0.466     0.544     0.592     0.691     0.862     1.388
 900.001     79999         0     79999           0.211     0.396     0.463     0.542     0.592     0.699     0.883     1.248
 901.001     79988         0     79989           0.200     0.394     0.460     0.537     0.587     0.698     0.943     1.427
 902.001     80009         0     80010           0.204     0.390     0.455     0.531     0.580     0.679     0.858     1.236
 903.001     80000         0     80000           0.212     0.394     0.461     0.539     0.590     0.691     0.879     1.370
 904.001     80005         0     80007           0.216     0.396     0.464     0.542     0.591     0.697     0.877     1.323
 905.001     79992         0     79990           0.214     0.395     0.462     0.539     0.590     0.693     0.877     1.651
 906.001     80012         0     80011           0.209     0.399     0.466     0.544     0.593     0.695     0.887     1.213
 907.001     79995         0     79993           0.212     0.397     0.464     0.541     0.593     0.708     0.942     2.008
 908.001     79995         0     79997           0.215     0.391     0.454     0.529     0.578     0.685     0.874     1.509
 909.001     80005         0     80005           0.212     0.398     0.467     0.545     0.596     0.707     0.926     1.637
 910.001     79997         0     79997           0.204     0.399     0.469     0.546     0.595     0.700     0.867     1.196
 911.001     80002         0     80001           0.206     0.397     0.465     0.544     0.594     0.703     0.889     1.277
 912.001     79996         0     79996           0.205     0.400     0.471     0.549     0.601     0.709     0.898     1.254
 913.001     80000         0     79997           0.215     0.400     0.468     0.546     0.595     0.702     0.876     1.258
 914.001     80012         0     80007           0.205     0.401     0.471     0.549     0.600     0.708     0.885     1.214
 915.001     79987         0     79994           0.210     0.392     0.458     0.536     0.587     0.692     0.862     1.277
 916.001     80006         0     80003           0.210     0.397     0.464     0.543     0.593     0.699     0.864     1.281
 917.001     79997         0     80002           0.215     0.401     0.469     0.546     0.596     0.708     0.911     1.232
 918.001     80002         0     80001           0.216     0.399     0.468     0.547     0.598     0.711     0.978     1.463
 919.001     80000         0     79994           0.215     0.393     0.457     0.535     0.584     0.691     0.885     1.249
 920.001     79998         0     80004           0.208     0.398     0.469     0.549     0.599     0.707     0.893     1.252
 921.001     80001         0     80001           0.202     0.391     0.457     0.537     0.587     0.699     0.973     1.361
 922.001     79999         0     80000           0.202     0.393     0.456     0.532     0.583     0.685     0.879     1.385
 923.001     79997         0     79996           0.207     0.398     0.466     0.543     0.594     0.700     0.887     1.256
 924.001     79998         0     79998           0.207     0.393     0.459     0.537     0.587     0.693     0.889     1.240
 925.001     80007         0     80007           0.207     0.396     0.463     0.541     0.591     0.703     0.943     2.253
 926.001     79996         0     79996           0.209     0.393     0.461     0.540     0.591     0.696     0.882     1.154
 927.001     80002         0     80001           0.201     0.398     0.465     0.544     0.594     0.703     0.902     1.352
 928.001     79997         0     79994           0.211     0.397     0.464     0.542     0.592     0.696     0.866     1.307
 929.001     80004         0     80008           0.206     0.398     0.466     0.544     0.594     0.704     0.897     1.401
 930.001     80001         0     80001           0.211     0.401     0.472     0.550     0.600     0.708     0.887     1.200
 931.001     80001         0     79998           0.214     0.400     0.468     0.546     0.597     0.702     0.868     1.256
 932.001     79996         0     79988           0.204     0.399     0.469     0.548     0.600     0.708     0.888     1.273
 933.001     80004         0     80013           0.212     0.401     0.472     0.549     0.600     0.710     0.904     1.379
 934.001     79995         0     79994           0.202     0.389     0.453     0.529     0.578     0.684     0.877     1.237
 935.001     79998         0     80001           0.205     0.398     0.467     0.547     0.596     0.706     0.900     1.273
 936.001     80002         0     80002           0.199     0.402     0.473     0.552     0.604     0.714     0.878     1.244
 937.001     80005         0     80002           0.208     0.396     0.461     0.538     0.587     0.692     0.850     1.393
 938.001     80001         0     80003           0.210     0.393     0.459     0.538     0.587     0.696     0.979     1.483
 939.001     80002         0     79999           0.202     0.397     0.467     0.545     0.595     0.700     0.864     1.340
 940.001     79993         0     79992           0.209     0.394     0.462     0.542     0.593     0.700     0.875     1.421
 941.001     79999         0     80002           0.206     0.394     0.461     0.539     0.589     0.705     0.987     1.560
 942.001     79994         0     79991           0.206     0.394     0.462     0.540     0.591     0.700     1.333     2.114
 943.001     80007         0     80010           0.205     0.397     0.465     0.545     0.596     0.703     0.891     1.347
 944.001     80002         0     80002           0.208     0.402     0.472     0.550     0.600     0.712     0.903     1.243
 945.001     79998         0     79998           0.216     0.394     0.461     0.536     0.585     0.686     0.844     1.223
 946.001     80004         0     80001           0.210     0.395     0.461     0.540     0.589     0.695     0.889     1.272
 947.001     79995         0     79999           0.202     0.392     0.458     0.536     0.587     0.697     0.919     1.288
 948.001     79999         0     79996           0.203     0.397     0.465     0.542     0.593     0.696     0.861     1.208
 949.001     80006         0     80008           0.208     0.392     0.457     0.535     0.584     0.689     0.866     1.297
 950.001     80005         0     79996           0.210     0.388     0.452     0.527     0.576     0.685     0.862     1.162
 951.001     79992         0     79999           0.207     0.392     0.458     0.536     0.585     0.691     0.865     1.160
 952.001     80003         0     80004           0.209     0.400     0.470     0.548     0.599     0.703     0.895     1.288
 953.001     79999         0     80000           0.200     0.395     0.463     0.541     0.592     0.697     0.885     1.239
 954.001     79995         0     79994           0.208     0.394     0.462     0.541     0.592     0.698     0.873     1.239
 955.001     80004         0     80000           0.210     0.395     0.461     0.540     0.588     0.697     0.864     1.353
 956.001     80000         0     80006           0.212     0.392     0.457     0.534     0.583     0.686     0.835     1.187
 957.001     79998         0     79998           0.212     0.393     0.459     0.535     0.585     0.686     0.850     1.506
 958.001     80001         0     79996           0.213     0.389     0.453     0.528     0.578     0.685     0.921     1.467
 959.001     79999         0     79996           0.202     0.391     0.456     0.533     0.582     0.684     0.845     1.149
 960.001     80002         0     80011           0.206     0.391     0.456     0.532     0.583     0.687     0.848     1.141
 961.001     79995         0     79993           0.206     0.397     0.466     0.545     0.595     0.706     0.933     1.397
 962.001     80004         0     80005           0.207     0.389     0.452     0.526     0.574     0.673     0.845     1.127
 963.001     80002         0     80002           0.204     0.395     0.460     0.536     0.585     0.687     0.852     1.254
 964.001     79996         0     79996           0.210     0.391     0.456     0.534     0.582     0.686     0.889     1.363
 965.001     80001         0     80000           0.207     0.391     0.459     0.537     0.588     0.695     0.871     1.284
 966.001     80003         0     80003           0.200     0.390     0.457     0.535     0.584     0.683     0.859     1.159
 967.001     79997         0     79994           0.210     0.390     0.456     0.532     0.583     0.686     0.901     2.159
 968.001     80001         0     80004           0.212     0.393     0.459     0.538     0.588     0.690     0.858     1.281
 969.001     79999         0     80000           0.214     0.390     0.454     0.529     0.578     0.681     0.840     1.238
 970.001     80002         0     79999           0.192     0.392     0.460     0.537     0.586     0.692     0.886     1.234
 971.001     79994         0     79997           0.211     0.393     0.458     0.536     0.587     0.699     0.923     1.391
 972.001     80008         0     80000           0.205     0.397     0.467     0.546     0.595     0.700     0.860     1.210
 973.001     80000         0     80007           0.210     0.394     0.462     0.540     0.588     0.694     0.864     1.958
 974.001     79997         0     79992           0.207     0.392     0.456     0.532     0.581     0.686     0.942     2.888
 975.001     79999         0     80005           0.193     0.393     0.459     0.538     0.587     0.689     0.843     1.336
 976.001     80000         0     79999           0.211     0.390     0.454     0.530     0.578     0.680     0.838     1.280
 977.001     80007         0     79999           0.213     0.395     0.461     0.537     0.587     0.690     0.847     1.169
 978.001     79996         0     80002           0.210     0.394     0.460     0.538     0.587     0.692     0.888     1.305
 979.001     79998         0     79997           0.205     0.389     0.453     0.529     0.579     0.679     0.848     1.201
 980.001     80004         0     79997           0.209     0.392     0.458     0.536     0.586     0.689     0.847     1.165
 981.001     79993         0     80002           0.200     0.396     0.464     0.541     0.591     0.705     0.961     1.309
 982.001     80004         0     80004           0.203     0.394     0.464     0.543     0.593     0.697     0.852     1.151
 983.001     80004         0     80003           0.205     0.392     0.459     0.538     0.588     0.691     0.849     1.187
 984.001     79993         0     79992           0.208     0.389     0.452     0.525     0.574     0.677     0.859     1.307
 985.001     80008         0     80006           0.201     0.391     0.455     0.533     0.581     0.680     0.835     1.155
 986.001     79998         0     80000           0.203     0.393     0.459     0.536     0.586     0.692     0.856     1.205
 987.001     79995         0     79995           0.209     0.387     0.454     0.535     0.586     0.694     0.883     1.311
 988.001     80001         0     79995           0.212     0.398     0.467     0.546     0.594     0.697     0.887     1.211
 989.001     79997         0     80005           0.202     0.393     0.459     0.537     0.587     0.689     0.867     1.263
 990.001     80001         0     79996           0.203     0.397     0.465     0.542     0.590     0.695     0.870     1.129
 991.001     79999         0     80001           0.201     0.392     0.458     0.537     0.587     0.695     0.905     1.206
 992.001     80003         0     80009           0.205     0.392     0.460     0.540     0.589     0.693     0.873     1.181
 993.001     80003         0     80002           0.209     0.393     0.461     0.539     0.589     0.692     0.858     1.250
 994.001     79996         0     79995           0.205     0.394     0.462     0.540     0.591     0.700     0.887     1.236
 995.001     79997         0     79998           0.204     0.398     0.467     0.545     0.593     0.699     0.853     1.246
 996.001     80000         0     79998           0.209     0.398     0.465     0.542     0.592     0.695     0.851     1.284
 997.001     80001         0     80002           0.205     0.393     0.458     0.534     0.583     0.688     0.858     1.185
 998.001     80001         0     80001           0.207     0.394     0.460     0.538     0.589     0.699     0.922     1.380
 999.001     80000         0     79997           0.211     0.397     0.464     0.542     0.592     0.698     0.864     1.120
1000.001     80000         0     79998           0.210     0.396     0.465     0.543     0.593     0.696     0.859     1.161
1001.001     80002         0     80010           0.208     0.397     0.463     0.538     0.588     0.702     0.936     1.406
1002.001     79997         0     79996           0.214     0.397     0.465     0.543     0.594     0.697     0.860     1.148
1003.001     80001         0     79997           0.216     0.399     0.468     0.545     0.595     0.697     0.866     1.250
1004.001     79997         0     79999           0.216     0.395     0.464     0.543     0.592     0.699     0.904     1.622
1005.001     80004         0     80002           0.207     0.393     0.462     0.540     0.590     0.697     0.858     1.107
1006.001     79998         0     80002           0.205     0.390     0.453     0.528     0.577     0.677     0.858     1.091
1007.001     80003         0     80001           0.210     0.400     0.468     0.546     0.596     0.706     0.929     1.297
1008.001     79999         0     79998           0.214     0.396     0.464     0.542     0.590     0.691     0.871     1.274
1009.001     79996         0     79996           0.209     0.395     0.461     0.539     0.588     0.693     0.883     1.423
1010.001     80002         0     80002           0.211     0.395     0.464     0.542     0.592     0.695     0.858     1.372
1011.001     80002         0     80005           0.211     0.398     0.466     0.545     0.594     0.702     0.886     1.361
1012.001     80001         0     79998           0.213     0.397     0.463     0.541     0.590     0.693     0.858     1.142
1013.001     80001         0     80000           0.212     0.393     0.458     0.535     0.584     0.688     0.855     1.183
1014.001     79998         0     79996           0.204     0.399     0.471     0.551     0.602     0.708     0.902     1.235
1015.001     80006         0     80002           0.206     0.394     0.462     0.539     0.589     0.693     0.856     1.129
1016.001     79998         0     80005           0.210     0.394     0.460     0.536     0.584     0.688     0.848     1.158
1017.001     79997         0     79998           0.215     0.393     0.460     0.538     0.588     0.689     0.859     1.269
1018.001     79998         0     80000           0.208     0.394     0.460     0.537     0.586     0.694     0.953     1.298
1019.001     80000         0     79995           0.205     0.396     0.464     0.542     0.593     0.702     0.880     1.837
1020.001     80005         0     80006           0.205     0.394     0.460     0.537     0.587     0.688     0.852     1.272
1021.001     80003         0     79999           0.209     0.393     0.458     0.535     0.584     0.695     0.933     1.389
1022.001     79999         0     80003           0.207     0.399     0.467     0.544     0.592     0.695     0.848     1.253
1023.001     79993         0     79993           0.211     0.398     0.467     0.545     0.595     0.696     0.851     1.108
1024.001     79999         0     80004           0.207     0.396     0.465     0.543     0.594     0.702     0.895     1.336
1025.001     80000         0     80000           0.216     0.394     0.458     0.533     0.582     0.689     0.846     1.153
1026.001     80005         0     80002           0.209     0.397     0.465     0.545     0.596     0.699     0.861     1.142
1027.001     80001         0     79999           0.207     0.390     0.456     0.533     0.581     0.682     0.911     1.947
1028.001     79994         0     79997           0.211     0.390     0.455     0.530     0.579     0.680     0.847     1.136
1029.001     80005         0     80004           0.212     0.393     0.462     0.541     0.592     0.691     0.835     1.189
1030.001     79999         0     80000           0.213     0.387     0.450     0.525     0.574     0.671     0.831     1.191
1031.001     80003         0     80006           0.201     0.387     0.453     0.530     0.578     0.682     0.873     1.190
1032.001     79998         0     79998           0.210     0.393     0.460     0.539     0.589     0.688     0.842     1.276
1033.001     79995         0     79989           0.205     0.391     0.457     0.536     0.585     0.685     0.855     1.280
1034.001     80006         0     80007           0.203     0.386     0.449     0.522     0.571     0.672     0.842     1.317
1035.001     79995         0     79998           0.198     0.390     0.455     0.531     0.580     0.677     0.833     1.172
1036.001     80003         0     80002           0.209     0.387     0.450     0.524     0.573     0.675     0.837     1.240
1037.001     79997         0     79999           0.207     0.388     0.452     0.527     0.576     0.676     0.853     1.488
1038.001     80002         0     79998           0.204     0.390     0.456     0.535     0.586     0.692     0.934     1.733
1039.001     80001         0     80000           0.208     0.394     0.460     0.534     0.582     0.684     0.839     1.376
1040.001     79996         0     79998           0.205     0.396     0.464     0.544     0.593     0.696     0.879     1.323
1041.001     80003         0     80005           0.196     0.389     0.454     0.531     0.582     0.690     0.963     1.334
1042.001     80001         0     80001           0.208     0.389     0.452     0.528     0.578     0.678     0.848     1.206
1043.001     80002         0     79999           0.210     0.391     0.458     0.534     0.583     0.685     0.855     1.242
1044.001     79998         0     80003           0.210     0.393     0.461     0.540     0.590     0.693     0.874     1.294
1045.001     80001         0     80001           0.202     0.394     0.461     0.539     0.588     0.691     0.860     1.475
1046.001     79998         0     79998           0.207     0.394     0.464     0.542     0.592     0.692     0.859     1.095
1047.001     80000         0     79997           0.212     0.395     0.462     0.540     0.589     0.695     0.917     1.423
1048.001     80000         0     79997           0.199     0.396     0.466     0.545     0.595     0.697     0.869     1.190
1049.001     80006         0     80010           0.207     0.392     0.458     0.537     0.587     0.693     0.860     1.156
1050.001     79993         0     79994           0.206     0.390     0.456     0.532     0.582     0.688     0.837     1.101
1051.001     80000         0     80000           0.214     0.393     0.460     0.537     0.586     0.691     0.888     1.282
1052.001     80004         0     80001           0.209     0.387     0.453     0.530     0.579     0.680     0.854     1.181
1053.001     79996         0     79995           0.210     0.389     0.455     0.531     0.582     0.685     0.846     1.161
1054.001     80003         0     79997           0.211     0.390     0.456     0.534     0.583     0.686     0.870     1.396
1055.001     79995         0     80003           0.208     0.390     0.455     0.531     0.581     0.678     0.843     1.239
1056.001     80004         0     80006           0.216     0.388     0.451     0.524     0.573     0.672     0.831     1.154
1057.001     80001         0     79999           0.205     0.392     0.461     0.538     0.586     0.686     0.851     1.176
1058.001     80002         0     80004           0.206     0.395     0.464     0.544     0.595     0.705     0.921     1.400
1059.001     79998         0     79990           0.208     0.395     0.462     0.541     0.590     0.694     0.848     1.123
1060.001     80000         0     80002           0.206     0.392     0.458     0.536     0.585     0.688     0.847     1.297
1061.001     79997         0     79998           0.213     0.394     0.460     0.536     0.585     0.694     0.938     1.436
1062.001     79999         0     80000           0.211     0.400     0.469     0.548     0.597     0.700     0.864     1.213
1063.001     80002         0     80002           0.210     0.398     0.467     0.545     0.595     0.699     0.859     1.379
1064.001     80001         0     80002           0.201     0.396     0.463     0.542     0.593     0.700     0.976     1.838
1065.001     79993         0     79988           0.206     0.399     0.468     0.545     0.594     0.694     0.862     1.154
1066.001     80003         0     80009           0.205     0.400     0.470     0.548     0.599     0.701     0.870     1.310
1067.001     79998         0     79999           0.205     0.401     0.470     0.547     0.597     0.705     0.923     1.320
1068.001     80007         0     80008           0.204     0.401     0.471     0.549     0.601     0.706     0.877     1.178
1069.001     80000         0     80001           0.209     0.392     0.458     0.535     0.584     0.689     0.892     1.595
1070.001     79996         0     79994           0.209     0.393     0.460     0.536     0.584     0.688     0.846     1.159
1071.001     80005         0     79999           0.205     0.394     0.461     0.538     0.587     0.694     0.889     1.406
1072.001     79993         0     79999           0.202     0.393     0.459     0.539     0.587     0.691     0.850     1.116
1073.001     80003         0     80005           0.205     0.390     0.456     0.534     0.582     0.687     0.852     1.194
1074.001     80004         0     80000           0.211     0.394     0.460     0.536     0.585     0.689     0.874     1.150
1075.001     79996         0     79993           0.202     0.392     0.458     0.534     0.583     0.683     0.862     1.097
1076.001     80008         0     80007           0.216     0.397     0.466     0.544     0.594     0.697     0.864     1.226
1077.001     79995         0     80002           0.209     0.397     0.465     0.543     0.593     0.694     0.868     1.145
1078.001     79996         0     79997           0.206     0.392     0.458     0.537     0.587     0.695     0.957     1.350
1079.001     80003         0     80000           0.209     0.391     0.455     0.530     0.579     0.680     0.844     1.234
1080.001     79997         0     80000           0.208     0.396     0.463     0.540     0.589     0.692     0.843     1.092
1081.001     79999         0     79994           0.210     0.398     0.467     0.547     0.599     0.713     0.984     1.533
1082.001     80000         0     80002           0.214     0.400     0.473     0.552     0.602     0.707     0.871     1.256
1083.001     79996         0     79993           0.205     0.398     0.465     0.544     0.594     0.705     0.866     1.161
1084.001     80008         0     80013           0.217     0.399     0.468     0.549     0.599     0.710     0.909     1.422
1085.001     79993         0     79993           0.205     0.403     0.475     0.553     0.605     0.711     0.908     1.373
1086.001     80003         0     80002           0.201     0.398     0.466     0.543     0.593     0.698     0.862     1.286
1087.001     80005         0     80005           0.201     0.398     0.469     0.549     0.601     0.709     0.911     2.300
1088.001     79997         0     79999           0.217     0.390     0.456     0.535     0.584     0.683     0.843     1.245
1089.001     79999         0     79994           0.210     0.402     0.474     0.554     0.604     0.706     0.873     1.264
1090.001     80004         0     80006           0.205     0.395     0.464     0.543     0.593     0.694     0.841     1.336
1091.001     79998         0     79997           0.213     0.392     0.460     0.538     0.590     0.697     0.880     1.219
1092.001     79997         0     79995           0.213     0.398     0.467     0.544     0.592     0.694     0.846     1.193
1093.001     80001         0     80005           0.213     0.402     0.475     0.553     0.605     0.709     0.865     1.289
1094.001     80001         0     79997           0.211     0.396     0.463     0.541     0.591     0.694     0.882     1.319
1095.001     80006         0     80008           0.214     0.389     0.454     0.530     0.578     0.678     0.857     1.242
1096.001     79989         0     79992           0.212     0.396     0.464     0.542     0.590     0.696     0.872     1.270
1097.001     80007         0     80005           0.207     0.397     0.465     0.544     0.593     0.699     0.866     1.303
1098.001     80000         0     80002           0.211     0.397     0.464     0.542     0.591     0.704     0.908     1.455
1099.001     79992         0     79990           0.213     0.391     0.456     0.534     0.584     0.685     0.867     1.581
1100.001     80008         0     80009           0.204     0.393     0.459     0.536     0.585     0.691     0.860     1.324
1101.001     79995         0     79993           0.200     0.394     0.460     0.538     0.588     0.697     0.917     1.363
1102.001     80002         0     80001           0.207     0.397     0.463     0.540     0.591     0.694     0.877     1.625
1103.001     79997         0     80000           0.204     0.394     0.461     0.538     0.588     0.700     0.964     2.296
1104.001     80007         0     80003           0.209     0.392     0.457     0.532     0.582     0.684     0.852     1.207
1105.001     79997         0     79998           0.212     0.394     0.461     0.538     0.586     0.685     0.841     1.221
1106.001     80004         0     80003           0.206     0.395     0.463     0.541     0.592     0.697     0.852     1.150
1107.001     79998         0     80002           0.210     0.399     0.468     0.547     0.597     0.701     0.901     1.417
1108.001     80005         0     80003           0.204     0.398     0.465     0.544     0.594     0.698     0.853     1.343
1109.001     79995         0     79992           0.204     0.395     0.463     0.542     0.593     0.698     0.855     1.322
1110.001     79998         0     80002           0.211     0.395     0.462     0.540     0.589     0.690     0.849     1.155
1111.001     79999         0     79999           0.205     0.398     0.466     0.544     0.592     0.697     0.877     1.284
1112.001     80005         0     80003           0.206     0.391     0.454     0.529     0.577     0.679     0.843     1.149
1113.001     79997         0     79999           0.206     0.397     0.464     0.540     0.589     0.690     0.840     1.192
1114.001     79999         0     79998           0.201     0.394     0.460     0.538     0.586     0.690     0.867     1.186
1115.001     80002         0     80000           0.209     0.392     0.458     0.535     0.583     0.684     0.854     1.308
1116.001     79997         0     80001           0.207     0.396     0.463     0.541     0.589     0.692     0.847     1.290
1117.001     80001         0     79999           0.210     0.393     0.459     0.536     0.584     0.689     0.850     1.204
1118.001     80012         0     79997           0.210     0.399     0.469     0.546     0.598     0.707     0.917     1.337
1119.001     79992         0     80008           0.206     0.393     0.459     0.534     0.582     0.685     0.847     1.239
1120.001     80000         0     80000           0.209     0.395     0.462     0.538     0.588     0.694     0.874     1.389
1121.001     79998         0     79996           0.209     0.397     0.465     0.543     0.593     0.699     0.916     1.300
1122.001     80001         0     80003           0.201     0.391     0.457     0.534     0.581     0.679     0.844     1.202
1123.001     79997         0     79992           0.200     0.394     0.458     0.535     0.584     0.685     0.844     1.095
1124.001     80004         0     80006           0.209     0.398     0.468     0.545     0.596     0.706     0.879     1.331
1125.001     79997         0     79998           0.196     0.394     0.460     0.536     0.584     0.686     0.845     1.087
1126.001     79996         0     79996           0.212     0.394     0.463     0.541     0.590     0.697     0.849     1.170
1127.001     80005         0     80008           0.215     0.393     0.459     0.538     0.586     0.691     0.907     1.390
1128.001     79999         0     79996           0.206     0.392     0.458     0.535     0.582     0.682     0.852     1.206
1129.001     79999         0     80001           0.207     0.394     0.461     0.540     0.588     0.692     0.855     1.393
1130.001     79999         0     79997           0.199     0.393     0.459     0.537     0.584     0.687     0.843     1.207
1131.001     80002         0     80002           0.213     0.397     0.469     0.549     0.599     0.709     0.906     1.406
1132.001     80001         0     79998           0.206     0.397     0.465     0.542     0.590     0.697     0.864     1.230
1133.001     79996         0     80001           0.202     0.392     0.458     0.534     0.582     0.684     0.857     1.262
1134.001     80003         0     80003           0.212     0.394     0.460     0.537     0.585     0.686     0.846     1.752
1135.001     79998         0     79998           0.204     0.389     0.452     0.526     0.574     0.678     0.864     1.460
1136.001     80001         0     80001           0.210     0.393     0.461     0.540     0.590     0.690     0.854     1.147
1137.001     80005         0     80005           0.215     0.388     0.451     0.524     0.572     0.675     0.854     1.148
1138.001     79996         0     79995           0.214     0.392     0.457     0.535     0.584     0.696     0.964     1.293
1139.001     80001         0     79999           0.204     0.396     0.462     0.539     0.590     0.695     0.855     1.351
1140.001     80000         0     79997           0.214     0.394     0.462     0.540     0.589     0.693     0.856     1.188
1141.001     80001         0     80005           0.210     0.391     0.457     0.535     0.585     0.697     0.943     1.464
1142.001     80001         0     80000           0.211     0.395     0.462     0.542     0.590     0.695     0.872     1.175
1143.001     79996         0     79994           0.213     0.397     0.467     0.544     0.593     0.694     0.862     1.214
1144.001     79999         0     80004           0.209     0.396     0.464     0.542     0.591     0.699     0.873     1.310
1145.001     80003         0     80001           0.203     0.402     0.472     0.552     0.602     0.708     0.883     1.343
1146.001     80000         0     79998           0.208     0.400     0.471     0.552     0.602     0.715     1.013     3.322
1147.001     80002         0     80001           0.207     0.397     0.463     0.541     0.592     0.708     0.938     2.037
1148.001     79997         0     79995           0.208     0.397     0.463     0.537     0.586     0.685     0.849     1.193
1149.001     80005         0     80003           0.216     0.396     0.463     0.540     0.589     0.694     0.855     1.294
1150.001     79992         0     80000           0.212     0.393     0.459     0.536     0.586     0.688     0.845     1.191
1151.001     79997         0     79991           0.210     0.401     0.470     0.547     0.597     0.702     0.884     1.486
1152.001     80001         0     80002           0.214     0.399     0.467     0.545     0.595     0.701     0.873     1.307
1153.001     80002         0     80004           0.212     0.392     0.457     0.532     0.581     0.684     0.848     1.306
1154.001     80008         0     80004           0.206     0.398     0.467     0.547     0.599     0.706     0.862     1.103
1155.001     79992         0     79997           0.195     0.399     0.469     0.547     0.598     0.699     0.862     1.070
1156.001     80005         0     80004           0.214     0.393     0.459     0.535     0.583     0.685     0.852     1.195
1157.001     79996         0     79990           0.213     0.397     0.465     0.542     0.591     0.691     0.865     1.316
1158.001     80002         0     80003           0.218     0.397     0.466     0.545     0.596     0.706     0.984     1.605
1159.001     80002         0     80006           0.202     0.392     0.458     0.537     0.586     0.689     0.845     1.260
1160.001     79999         0     79999           0.207     0.400     0.471     0.549     0.599     0.703     0.862     1.118
1161.001     79998         0     80000           0.211     0.395     0.463     0.541     0.590     0.702     0.945     1.596
1162.001     80001         0     79999           0.210     0.393     0.459     0.535     0.584     0.686     0.870     1.266
1163.001     79995         0     79996           0.214     0.399     0.469     0.546     0.597     0.703     0.899     1.609
1164.001     80006         0     80003           0.213     0.399     0.466     0.542     0.591     0.696     0.861     1.192
1165.001     79996         0     80002           0.201     0.398     0.469     0.548     0.599     0.703     0.872     1.186
1166.001     80003         0     79997           0.206     0.400     0.470     0.548     0.599     0.705     1.127     3.656
1167.001     79998         0     80002           0.216     0.389     0.455     0.533     0.583     0.689     0.936     1.464
1168.001     80001         0     80000           0.210     0.391     0.456     0.532     0.581     0.682     0.839     1.293
1169.001     80001         0     80001           0.210     0.398     0.466     0.543     0.592     0.699     0.881     1.271
1170.001     80005         0     80003           0.205     0.391     0.457     0.534     0.583     0.687     0.848     1.200
1171.001     79996         0     79993           0.205     0.395     0.462     0.538     0.588     0.693     0.894     1.275
1172.001     80003         0     80005           0.211     0.397     0.463     0.539     0.590     0.690     0.853     1.156
1173.001     79999         0     80000           0.204     0.392     0.456     0.534     0.584     0.687     0.857     1.252
1174.001     79995         0     79997           0.217     0.394     0.460     0.537     0.587     0.693     0.882     1.332
1175.001     80001         0     79995           0.208     0.392     0.460     0.538     0.587     0.692     0.855     1.500
1176.001     80001         0     80007           0.202     0.396     0.462     0.540     0.587     0.694     0.878     1.143
1177.001     80004         0     80006           0.210     0.394     0.459     0.536     0.583     0.685     0.864     1.206
1178.001     79998         0     79995           0.212     0.394     0.461     0.539     0.588     0.692     0.907     1.414
1179.001     79996         0     79992           0.200     0.389     0.454     0.529     0.577     0.676     0.813     1.182
1180.001     80001         0     80007           0.214     0.397     0.465     0.544     0.593     0.703     0.872     1.273
1181.001     80001         0     80001           0.207     0.396     0.465     0.544     0.595     0.709     0.929     1.336
1182.001     80000         0     79993           0.210     0.393     0.461     0.541     0.591     0.694     0.856     1.266
1183.001     80003         0     80007           0.210     0.396     0.465     0.544     0.593     0.701     0.862     1.278
1184.001     79994         0     79995           0.204     0.397     0.465     0.541     0.589     0.692     0.868     1.317
1185.001     80004         0     80006           0.200     0.396     0.464     0.542     0.590     0.691     0.860     1.103
1186.001     79998         0     79998           0.210     0.393     0.460     0.537     0.586     0.691     0.855     1.262
1187.001     80000         0     79996           0.204     0.394     0.461     0.540     0.591     0.697     0.913     1.309
1188.001     80006         0     80005           0.206     0.397     0.465     0.543     0.593     0.695     0.858     1.184
1189.001     79995         0     80000           0.208     0.397     0.467     0.546     0.596     0.701     0.863     1.295
1190.001     80001         0     80001           0.206     0.391     0.458     0.536     0.586     0.687     0.853     1.184
1191.001     80001         0     79996           0.212     0.391     0.457     0.535     0.584     0.684     0.856     1.295
1192.001     80001         0     80002           0.210     0.392     0.457     0.534     0.582     0.684     0.846     1.256
1193.001     79999         0     80002           0.202     0.389     0.456     0.534     0.584     0.688     0.867     1.155
1194.001     79993         0     79994           0.203     0.393     0.461     0.541     0.588     0.693     0.869     1.307
1195.001     80008         0     80007           0.205     0.389     0.454     0.531     0.581     0.684     0.864     1.231
1196.001     80001         0     79997           0.216     0.397     0.464     0.541     0.590     0.689     0.847     1.202
1197.001     79993         0     79997           0.210     0.394     0.462     0.540     0.589     0.692     0.856     1.243
1198.001     79999         0     79999           0.197     0.394     0.461     0.538     0.589     0.696     0.948     1.465
1199.001     80007         0     80002           0.200     0.389     0.453     0.527     0.574     0.676     0.840     1.180
1200.001     79996         0     79998           0.204     0.391     0.457     0.535     0.584     0.692     0.877     1.250
1201.001     80002         0     80004           0.208     0.394     0.463     0.543     0.593     0.704     0.950     1.389
1202.001     80001         0     80001           0.204     0.389     0.453     0.529     0.578     0.680     0.834     1.125
1203.001     79997         0     79998           0.215     0.395     0.462     0.540     0.589     0.692     0.845     1.201
1204.001     79998         0     79999           0.210     0.391     0.455     0.532     0.582     0.686     0.885     1.156
1205.001     80006         0     80005           0.208     0.395     0.464     0.543     0.591     0.690     0.865     1.265
1206.001     80002         0     79996           0.198     0.390     0.456     0.532     0.581     0.679     0.840     1.122
1207.001     79996         0     80000           0.213     0.396     0.464     0.541     0.590     0.694     0.888     1.313
1208.001     79996         0     79997           0.210     0.394     0.461     0.539     0.588     0.696     0.868     1.209
1209.001     79996         0     80000           0.215     0.398     0.467     0.547     0.598     0.706     0.886     1.327
1210.001     80009         0     80006           0.206     0.402     0.474     0.552     0.601     0.702     0.857     1.134
1211.001     79998         0     79998           0.207     0.401     0.473     0.552     0.603     0.709     0.893     1.492
1212.001     79998         0     79997           0.217     0.400     0.471     0.550     0.601     0.703     0.850     1.247
1213.001     80004         0     80007           0.203     0.395     0.461     0.537     0.586     0.691     0.843     1.143
1214.001     80001         0     80001           0.214     0.390     0.456     0.533     0.582     0.685     0.865     1.195
1215.001     79994         0     79994           0.206     0.394     0.461     0.538     0.588     0.689     0.866     1.140
1216.001     80006         0     80004           0.214     0.402     0.473     0.549     0.600     0.704     0.865     1.178
1217.001     79997         0     79996           0.213     0.395     0.461     0.538     0.586     0.688     0.854     1.244
1218.001     80002         0     80005           0.210     0.401     0.468     0.546     0.595     0.703     0.905     1.611
1219.001     79998         0     79997           0.211     0.393     0.459     0.536     0.584     0.689     0.849     1.143
1220.001     79995         0     79995           0.209     0.391     0.456     0.534     0.583     0.695     1.067     2.550
1221.001     80004         0     80003           0.208     0.393     0.461     0.540     0.592     0.712     1.004     1.807
1222.001     79999         0     80001           0.209     0.402     0.473     0.552     0.602     0.705     0.870     1.222
1223.001     80002         0     80001           0.208     0.396     0.467     0.546     0.594     0.696     0.881     1.122
1224.001     80000         0     80001           0.209     0.389     0.453     0.529     0.578     0.681     0.857     1.212
1225.001     79998         0     80000           0.214     0.398     0.468     0.547     0.598     0.701     0.861     1.146
1226.001     79999         0     79999           0.215     0.400     0.468     0.545     0.595     0.694     0.861     1.060
1227.001     80002         0     80000           0.208     0.396     0.464     0.542     0.591     0.697     0.912     1.424
1228.001     80000         0     79997           0.204     0.399     0.470     0.548     0.598     0.699     0.855     1.143
1229.001     80003         0     80003           0.219     0.396     0.462     0.539     0.588     0.692     0.847     1.206
1230.001     80003         0     80001           0.212     0.402     0.474     0.552     0.602     0.707     0.876     1.346
1231.001     79995         0     80000           0.215     0.395     0.463     0.540     0.589     0.695     0.904     1.256
1232.001     79998         0     79997           0.215     0.395     0.463     0.540     0.590     0.691     0.845     1.156
1233.001     80001         0     79999           0.209     0.391     0.457     0.533     0.583     0.688     0.842     1.149
1234.001     79997         0     80001           0.205     0.396     0.463     0.539     0.588     0.691     0.873     1.140
1235.001     80001         0     79996           0.214     0.400     0.470     0.550     0.600     0.703     0.870     1.213
1236.001     79998         0     80003           0.207     0.390     0.456     0.535     0.583     0.683     0.855     1.129
1237.001     80003         0     80004           0.212     0.394     0.461     0.539     0.588     0.690     0.841     1.153
1238.001     80001         0     79998           0.206     0.393     0.459     0.537     0.587     0.695     0.909     1.398
1239.001     79998         0     80002           0.206     0.390     0.453     0.529     0.579     0.680     0.846     1.202
1240.001     80002         0     80001           0.207     0.391     0.457     0.533     0.583     0.695     1.116     2.583
1241.001     80006         0     80003           0.209     0.398     0.467     0.547     0.596     0.706     0.964     1.410
1242.001     79994         0     79994           0.212     0.394     0.460     0.537     0.586     0.688     0.877     1.147
1243.001     80001         0     80004           0.200     0.392     0.457     0.534     0.582     0.684     0.868     1.167
1244.001     80003         0     79998           0.211     0.394     0.463     0.542     0.592     0.696     0.879     1.330
1245.001     79999         0     80003           0.212     0.395     0.463     0.541     0.590     0.697     0.879     1.360
1246.001     79996         0     79994           0.200     0.388     0.451     0.526     0.575     0.678     0.836     1.282
1247.001     80005         0     80008           0.205     0.392     0.459     0.537     0.589     0.700     0.927     1.270
1248.001     79998         0     80000           0.210     0.400     0.469     0.548     0.598     0.705     0.864     1.139
1249.001     79998         0     79995           0.207     0.397     0.465     0.543     0.593     0.696     0.862     1.252
1250.001     79999         0     80002           0.210     0.398     0.463     0.539     0.589     0.695     0.944     2.030
1251.001     80001         0     80000           0.218     0.398     0.465     0.541     0.592     0.700     0.892     1.302
1252.001     80000         0     79998           0.208     0.399     0.467     0.546     0.596     0.698     0.862     1.164
1253.001     80005         0     80008           0.206     0.399     0.466     0.543     0.593     0.700     0.871     1.162
1254.001     79997         0     79989           0.211     0.394     0.459     0.537     0.587     0.690     0.856     1.311
1255.001     79998         0     80003           0.214     0.398     0.467     0.545     0.595     0.698     0.848     1.122
1256.001     80001         0     79997           0.208     0.392     0.457     0.535     0.584     0.686     0.860     1.275
1257.001     80000         0     80005           0.208     0.392     0.458     0.535     0.583     0.685     0.849     1.178
1258.001     79999         0     79996           0.200     0.392     0.458     0.536     0.587     0.697     0.944     1.324
1259.001     80006         0     80009           0.204     0.393     0.460     0.538     0.585     0.685     0.849     1.174
1260.001     79996         0     79996           0.215     0.397     0.466     0.544     0.593     0.697     0.889     1.642
1261.001     79999         0     79996           0.207     0.389     0.453     0.529     0.580     0.691     0.916     1.399
1262.001     79999         0     80001           0.211     0.398     0.468     0.547     0.596     0.702     0.851     1.265
1263.001     79999         0     80000           0.209     0.399     0.466     0.544     0.594     0.699     0.863     1.190
1264.001     79998         0     79995           0.208     0.405     0.477     0.554     0.603     0.712     0.891     1.285
1265.001     80001         0     80005           0.210     0.400     0.470     0.548     0.601     0.714     0.935     1.786
1266.001     80005         0     80000           0.214     0.394     0.460     0.538     0.587     0.690     0.849     1.070
1267.001     79998         0     80002           0.204     0.399     0.468     0.547     0.598     0.708     0.948     1.973
1268.001     79995         0     79993           0.214     0.400     0.469     0.546     0.594     0.698     0.867     1.244
1269.001     80003         0     80005           0.196     0.393     0.460     0.537     0.587     0.690     0.857     1.302
1270.001     80002         0     79997           0.208     0.401     0.471     0.550     0.602     0.711     0.943     1.745
1271.001     80001         0     80005           0.209     0.394     0.461     0.538     0.588     0.696     0.878     1.208
1272.001     80002         0     79999           0.208     0.396     0.464     0.542     0.592     0.696     0.888     1.247
1273.001     79994         0     79995           0.208     0.396     0.463     0.540     0.589     0.692     0.856     1.194
1274.001     80004         0     80006           0.207     0.394     0.459     0.535     0.584     0.690     0.864     1.359
1275.001     80001         0     80002           0.206     0.391     0.458     0.536     0.585     0.692     0.866     1.300
1276.001     79995         0     79995           0.210     0.398     0.464     0.541     0.591     0.695     0.858     1.313
1277.001     80002         0     79999           0.203     0.396     0.465     0.545     0.596     0.700     0.876     1.168
1278.001     80003         0     80004           0.208     0.392     0.456     0.532     0.582     0.686     0.909     1.435
1279.001     79997         0     79994           0.210     0.395     0.462     0.541     0.590     0.694     0.878     1.207
1280.001     79998         0     80002           0.204     0.390     0.456     0.533     0.582     0.682     0.848     1.247
1281.001     80002         0     80003           0.212     0.395     0.463     0.543     0.594     0.700     0.979     1.633
1282.001     80006         0     80001           0.198     0.393     0.459     0.537     0.587     0.689     0.840     1.213
1283.001     79991         0     79997           0.206     0.395     0.463     0.540     0.588     0.691     0.869     1.202
1284.001     80004         0     80004           0.204     0.399     0.468     0.546     0.595     0.696     0.885     1.205
1285.001     79998         0     79995           0.216     0.391     0.457     0.535     0.585     0.689     0.849     1.180
1286.001     80004         0     80008           0.215     0.394     0.461     0.539     0.591     0.694     0.862     1.257
1287.001     79998         0     79993           0.210     0.391     0.457     0.535     0.584     0.688     0.890     1.689
1288.001     79999         0     79998           0.207     0.390     0.455     0.532     0.581     0.686     0.856     1.184
1289.001     80011         0     80006           0.211     0.390     0.454     0.530     0.580     0.684     0.870     1.316
1290.001     79989         0     79995           0.215     0.394     0.460     0.536     0.586     0.685     0.870     1.127
1291.001     79999         0     80002           0.198     0.394     0.464     0.545     0.595     0.698     0.887     1.158
1292.001     80007         0     80003           0.206     0.394     0.461     0.539     0.590     0.696     0.890     1.750
1293.001     79996         0     79998           0.201     0.387     0.453     0.530     0.579     0.676     0.846     1.107
1294.001     80002         0     79998           0.210     0.392     0.458     0.537     0.585     0.686     0.840     1.175
1295.001     79998         0     79998           0.201     0.396     0.464     0.543     0.593     0.698     0.861     1.247
1296.001     79998         0     80003           0.212     0.392     0.457     0.533     0.582     0.684     0.855     1.715
1297.001     80002         0     80002           0.215     0.394     0.461     0.540     0.589     0.695     0.863     1.243
1298.001     80002         0     80001           0.206     0.391     0.456     0.530     0.578     0.684     0.889     1.297
1299.001     80000         0     80002           0.208     0.399     0.469     0.547     0.596     0.702     0.861     1.433
1300.001     79996         0     79992           0.209     0.399     0.467     0.545     0.595     0.699     0.862     1.266
1301.001     80001         0     80006           0.209     0.399     0.467     0.545     0.596     0.706     0.966     1.272
1302.001     80001         0     79986           0.209     0.401     0.472     0.551     0.600     0.703     0.900     1.486
1303.001     79995         0     80003           0.206     0.395     0.461     0.537     0.586     0.699     0.907     1.360
1304.001     80004         0     80007           0.210     0.395     0.462     0.541     0.591     0.699     0.896     1.708
1305.001     79997         0     79994           0.209     0.394     0.459     0.535     0.582     0.678     0.848     1.332
1306.001     80000         0     80005           0.211     0.387     0.450     0.524     0.573     0.681     0.872     1.179
1307.001     80004         0     79999           0.212     0.394     0.461     0.541     0.591     0.700     0.955     1.398
1308.001     79998         0     79999           0.212     0.397     0.463     0.540     0.589     0.695     0.889     1.181
1309.001     80001         0     80005           0.209     0.399     0.468     0.546     0.595     0.702     0.865     1.179
1310.001     79997         0     79998           0.209     0.392     0.456     0.530     0.579     0.682     0.861     1.257
1311.001     80003         0     79998           0.208     0.406     0.481     0.560     0.611     0.723     0.911     1.401
1312.001     80001         0     80001           0.215     0.398     0.468     0.546     0.597     0.707     0.882     1.506
1313.001     79998         0     80000           0.210     0.392     0.456     0.532     0.581     0.681     0.850     1.268
1314.001     80002         0     80004           0.205     0.392     0.460     0.538     0.590     0.710     1.315     3.187
1315.001     79999         0     79996           0.206     0.393     0.459     0.537     0.587     0.696     0.855     1.154
1316.001     80003         0     79999           0.208     0.395     0.464     0.543     0.593     0.701     0.906     1.781
1317.001     79999         0     80001           0.209     0.398     0.468     0.547     0.598     0.708     0.868     1.137
1318.001     79998         0     80001           0.212     0.399     0.470     0.549     0.599     0.708     0.943     1.266
1319.001     79997         0     79999           0.210     0.407     0.481     0.560     0.612     0.720     0.890     1.309
1320.001     80007         0     80007           0.206     0.400     0.472     0.551     0.601     0.707     0.871     1.319
1321.001     79994         0     79991           0.208     0.398     0.468     0.548     0.596     0.703     0.948     1.576
1322.001     80000         0     80002           0.206     0.393     0.460     0.538     0.586     0.688     0.860     1.254
1323.001     80002         0     80004           0.202     0.395     0.461     0.537     0.587     0.696     0.932     1.648
1324.001     80001         0     79994           0.217     0.401     0.471     0.550     0.600     0.708     0.884     1.303
1325.001     80003         0     80008           0.210     0.393     0.460     0.537     0.587     0.694     0.904     1.529
1326.001     79995         0     79998           0.212     0.396     0.464     0.542     0.591     0.696     0.859     1.305
1327.001     79998         0     79997           0.212     0.399     0.467     0.544     0.593     0.703     0.952     1.588
1328.001     80005         0     80003           0.209     0.395     0.463     0.542     0.591     0.699     0.859     1.299
1329.001     79993         0     79996           0.204     0.395     0.462     0.539     0.588     0.691     0.856     1.220
1330.001     80005         0     80001           0.213     0.393     0.459     0.535     0.583     0.682     0.840     1.153
1331.001     79999         0     79999           0.204     0.394     0.459     0.535     0.583     0.687     0.888     1.221
1332.001     80006         0     80004           0.206     0.395     0.463     0.541     0.591     0.692     0.850     1.298
1333.001     79995         0     79998           0.217     0.400     0.468     0.546     0.594     0.696     0.864     1.202
1334.001     79997         0     79997           0.217     0.400     0.471     0.549     0.599     0.707     0.899     1.412
1335.001     80004         0     80002           0.211     0.398     0.465     0.542     0.591     0.696     0.852     1.162
1336.001     79999         0     79999           0.202     0.399     0.468     0.546     0.598     0.705     0.876     1.161
1337.001     80001         0     80005           0.206     0.401     0.470     0.549     0.600     0.707     0.877     1.417
1338.001     80003         0     79997           0.206     0.401     0.467     0.545     0.594     0.701     0.955     1.488
1339.001     79994         0     79997           0.207     0.398     0.467     0.545     0.595     0.701     0.887     1.271
1340.001     80003         0     80004           0.213     0.394     0.460     0.538     0.586     0.690     0.847     1.261
1341.001     79994         0     79993           0.210     0.392     0.460     0.540     0.591     0.707     0.982     1.653
1342.001     80004         0     80006           0.213     0.397     0.466     0.544     0.592     0.699     0.864     1.241
1343.001     80008         0     79998           0.208     0.395     0.461     0.538     0.588     0.693     0.860     1.170
1344.001     79992         0     80002           0.207     0.395     0.462     0.542     0.592     0.700     0.893     1.278
1345.001     80002         0     79999           0.215     0.391     0.455     0.531     0.580     0.679     0.844     1.273
1346.001     79999         0     80001           0.209     0.397     0.466     0.543     0.593     0.693     0.852     1.197
1347.001     80002         0     79999           0.215     0.396     0.464     0.545     0.595     0.702     0.947     1.337
1348.001     79997         0     80001           0.203     0.398     0.467     0.546     0.596     0.699     0.867     1.179
1349.001     80002         0     79999           0.210     0.391     0.455     0.531     0.581     0.683     0.871     1.445
1350.001     80005         0     80001           0.207     0.397     0.466     0.545     0.596     0.698     0.872     1.257
1351.001     79993         0     79999           0.212     0.396     0.463     0.542     0.592     0.699     0.891     1.215
1352.001     80001         0     80001           0.211     0.393     0.460     0.537     0.588     0.690     0.870     1.401
1353.001     80001         0     80002           0.208     0.390     0.455     0.531     0.581     0.682     0.877     1.187
1354.001     80002         0     80001           0.200     0.394     0.462     0.542     0.590     0.694     0.862     1.208
1355.001     79994         0     79994           0.214     0.391     0.456     0.536     0.584     0.689     0.861     1.257
1356.001     79999         0     80000           0.208     0.393     0.462     0.541     0.592     0.691     0.848     1.321
1357.001     80011         0     80008           0.211     0.392     0.457     0.534     0.584     0.689     0.849     1.123
1358.001     80004         0     79998           0.209     0.389     0.454     0.529     0.578     0.681     0.865     1.337
1359.001     79987         0     79994           0.208     0.391     0.458     0.536     0.586     0.694     0.867     1.342
1360.001     79998         0     80000           0.203     0.395     0.462     0.541     0.589     0.692     0.902     1.578
1361.001     80009         0     80004           0.212     0.391     0.456     0.534     0.585     0.695     0.983     1.426
1362.001     79998         0     79999           0.193     0.400     0.469     0.547     0.598     0.708     0.888     1.282
1363.001     79996         0     80002           0.205     0.397     0.465     0.543     0.594     0.699     0.859     1.340
1364.001     80000         0     79998           0.210     0.394     0.461     0.539     0.588     0.693     0.901     1.312
1365.001     80003         0     80004           0.214     0.396     0.464     0.542     0.592     0.695     0.872     1.287
1366.001     79997         0     80000           0.202     0.388     0.452     0.525     0.575     0.684     0.864     1.502
1367.001     80003         0     79999           0.210     0.396     0.464     0.543     0.592     0.707     0.951     1.225
1368.001     79999         0     79990           0.215     0.391     0.457     0.534     0.582     0.685     0.855     1.298
1369.001     79996         0     80007           0.195     0.388     0.451     0.526     0.573     0.673     0.864     1.243
1370.001     80003         0     80000           0.212     0.395     0.462     0.539     0.588     0.691     0.867     1.363
1371.001     80001         0     80001           0.212     0.395     0.463     0.541     0.591     0.697     0.880     1.321
1372.001     79999         0     80002           0.217     0.399     0.469     0.547     0.598     0.710     0.901     1.558
1373.001     80002         0     80000           0.207     0.390     0.454     0.530     0.580     0.687     0.856     1.195
1374.001     79998         0     80002           0.216     0.403     0.475     0.556     0.606     0.717     0.918     1.539
1375.001     80000         0     79996           0.205     0.405     0.479     0.558     0.608     0.714     0.888     1.274
1376.001     80000         0     79998           0.207     0.394     0.460     0.537     0.587     0.692     0.871     1.361
1377.001     80000         0     80004           0.209     0.398     0.467     0.547     0.597     0.706     0.893     1.279
1378.001     79999         0     79996           0.202     0.399     0.468     0.546     0.596     0.706     0.937     1.457
1379.001     79999         0     80003           0.208     0.398     0.467     0.545     0.595     0.695     0.858     1.113
1380.001     80001         0     80001           0.203     0.401     0.472     0.550     0.601     0.705     0.881     1.242
1381.001     79996         0     79995           0.198     0.393     0.460     0.539     0.589     0.705     0.985     1.334
1382.001     80006         0     80004           0.213     0.391     0.456     0.534     0.583     0.684     0.854     1.111
1383.001     80002         0     80004           0.214     0.391     0.456     0.532     0.582     0.681     0.838     1.229
1384.001     80001         0     80000           0.208     0.389     0.456     0.534     0.583     0.693     0.882     1.287
1385.001     79996         0     79995           0.204     0.388     0.452     0.526     0.573     0.676     0.851     1.251
1386.001     79998         0     80001           0.211     0.398     0.468     0.547     0.597     0.701     0.867     1.376
1387.001     80005         0     80001           0.215     0.392     0.457     0.536     0.587     0.690     0.932     1.296
1388.001     80001         0     80002           0.216     0.394     0.460     0.537     0.588     0.688     0.865     1.179
1389.001     79990         0     79989           0.207     0.400     0.468     0.546     0.595     0.701     0.856     1.158
1390.001     80007         0     80011           0.212     0.391     0.457     0.534     0.583     0.685     0.863     1.284
1391.001     79998         0     79998           0.199     0.393     0.459     0.535     0.585     0.697     0.904     1.902
1392.001     79998         0     79995           0.205     0.397     0.465     0.544     0.594     0.698     0.864     1.152
1393.001     80003         0     80007           0.214     0.391     0.456     0.534     0.582     0.690     0.865     1.258
1394.001     80001         0     79998           0.216     0.390     0.455     0.532     0.582     0.687     0.879     1.355
1395.001     79998         0     80000           0.211     0.391     0.458     0.535     0.585     0.687     0.862     1.220
1396.001     79999         0     79998           0.205     0.397     0.463     0.540     0.588     0.688     0.864     1.231
1397.001     79998         0     79999           0.202     0.398     0.467     0.546     0.596     0.702     0.866     1.380
1398.001     80002         0     79999           0.205     0.397     0.465     0.542     0.593     0.702     0.919     1.569
1399.001     80003         0     80007           0.211     0.397     0.464     0.544     0.593     0.697     0.888     1.247
1400.001     80002         0     79993           0.202     0.397     0.466     0.544     0.595     0.700     0.873     1.247
1401.001     79999         0     80007           0.201     0.399     0.468     0.546     0.596     0.710     0.935     1.424
1402.001     79997         0     79997           0.209     0.393     0.459     0.537     0.586     0.694     0.879     1.282
1403.001     80004         0     80000           0.211     0.396     0.462     0.541     0.592     0.696     0.877     1.200
1404.001     79992         0     79995           0.206     0.396     0.464     0.541     0.593     0.701     0.893     1.618
1405.001     80004         0     80000           0.210     0.396     0.464     0.541     0.590     0.700     0.874     1.617
1406.001     79999         0     80004           0.209     0.402     0.473     0.550     0.601     0.707     0.863     1.178
1407.001     80002         0     80004           0.208     0.397     0.465     0.542     0.592     0.703     0.905     1.367
1408.001     80002         0     79996           0.212     0.390     0.454     0.529     0.578     0.678     0.842     1.178
1409.001     80001         0     79999           0.212     0.391     0.456     0.532     0.581     0.681     0.835     1.347
1410.001     80005         0     80010           0.210     0.387     0.451     0.526     0.574     0.672     0.852     1.152
1411.001     79993         0     79996           0.209     0.392     0.460     0.539     0.590     0.695     0.901     1.262
1412.001     79996         0     79992           0.210     0.390     0.454     0.531     0.581     0.677     0.836     1.187
1413.001     79999         0     80002           0.210     0.393     0.460     0.538     0.588     0.692     0.855     1.163
1414.001     80011         0     80006           0.206     0.395     0.463     0.541     0.589     0.693     0.867     1.207
1415.001     79983         0     79987           0.208     0.391     0.455     0.533     0.584     0.690     0.861     1.189
1416.001     80013         0     80014           0.210     0.396     0.465     0.544     0.594     0.700     0.861     1.155
1417.001     79991         0     79986           0.206     0.394     0.461     0.540     0.589     0.690     0.854     1.218
1418.001     80008         0     80009           0.211     0.392     0.459     0.539     0.591     0.702     0.929     1.541
1419.001     79997         0     80002           0.214     0.393     0.458     0.537     0.585     0.692     0.861     1.181
1420.001     80001         0     79999           0.204     0.392     0.457     0.535     0.586     0.689     0.851     1.250
1421.001     80004         0     80003           0.207     0.395     0.463     0.542     0.592     0.698     0.916     1.266
1422.001     79993         0     79994           0.203     0.390     0.454     0.530     0.578     0.678     0.838     1.086
1423.001     80003         0     80005           0.213     0.393     0.460     0.537     0.586     0.691     0.863     1.346
1424.001     79998         0     79998           0.214     0.392     0.458     0.535     0.584     0.687     0.887     1.752
1425.001     79998         0     79994           0.208     0.394     0.462     0.540     0.590     0.693     0.857     1.314
1426.001     80004         0     80005           0.208     0.396     0.463     0.540     0.588     0.693     0.862     1.297
1427.001     79999         0     79998           0.194     0.398     0.466     0.544     0.594     0.706     0.931     1.371
1428.001     80002         0     79998           0.208     0.391     0.457     0.534     0.584     0.685     0.853     1.211
1429.001     79992         0     79996           0.211     0.392     0.456     0.531     0.581     0.686     0.858     1.150
1430.001     80005         0     80007           0.218     0.395     0.462     0.540     0.590     0.696     0.872     1.231
1431.001     80001         0     80000           0.209     0.395     0.462     0.540     0.590     0.696     0.906     1.328
1432.001     79999         0     79999           0.213     0.402     0.471     0.549     0.600     0.706     0.895     1.231
1433.001     80002         0     80005           0.200     0.391     0.458     0.536     0.586     0.690     0.868     1.272
1434.001     80002         0     80000           0.205     0.398     0.470     0.549     0.599     0.702     0.881     1.198
1435.001     80010         0     79999           0.202     0.394     0.462     0.540     0.591     0.695     0.863     1.244
1436.001     79988         0     80001           0.215     0.399     0.466     0.545     0.594     0.700     0.893     1.367
1437.001     79998         0     79997           0.209     0.397     0.467     0.547     0.596     0.702     0.887     1.262
1438.001     80000         0     80000           0.204     0.393     0.459     0.536     0.586     0.689     0.897     1.284
1439.001     79999         0     79999           0.210     0.392     0.461     0.540     0.588     0.688     0.834     1.412
1440.001     80000         0     80000           0.210     0.398     0.469     0.548     0.598     0.703     0.870     1.207
1441.001     80003         0     80003           0.211     0.393     0.460     0.538     0.589     0.703     0.945     1.308
1442.001     80003         0     80001           0.210     0.395     0.463     0.542     0.593     0.698     0.869     1.145
1443.001     80000         0     79997           0.208     0.394     0.460     0.538     0.587     0.686     0.846     1.162
1444.001     79997         0     80001           0.215     0.398     0.466     0.544     0.594     0.703     0.906     1.345
1445.001     80000         0     79999           0.208     0.394     0.461     0.538     0.587     0.690     0.850     1.157
1446.001     80000         0     80001           0.201     0.397     0.464     0.541     0.591     0.694     0.866     1.169
1447.001     80001         0     80004           0.216     0.397     0.464     0.541     0.591     0.702     0.914     1.781
1448.001     80005         0     80005           0.212     0.400     0.468     0.548     0.599     0.702     0.882     1.199
1449.001     79991         0     79990           0.210     0.400     0.469     0.547     0.597     0.702     0.867     1.161
1450.001     80003         0     80000           0.212     0.399     0.467     0.545     0.593     0.698     0.851     1.153
1451.001     79999         0     80000           0.209     0.389     0.454     0.531     0.581     0.689     0.972     2.074
1452.001     80003         0     80000           0.213     0.392     0.457     0.535     0.584     0.686     0.830     1.207
1453.001     79996         0     79999           0.212     0.395     0.463     0.541     0.591     0.693     0.846     1.207
1454.001     79996         0     79997           0.202     0.398     0.467     0.545     0.593     0.698     0.903     1.649
1455.001     80004         0     80006           0.205     0.390     0.454     0.531     0.579     0.684     0.846     1.278
1456.001     79998         0     79998           0.210     0.398     0.466     0.545     0.595     0.699     0.898     1.539
1457.001     80004         0     80002           0.213     0.409     0.484     0.565     0.615     0.723     0.905     1.477
1458.001     79994         0     79994           0.213     0.398     0.464     0.541     0.590     0.700     0.949     1.468
1459.001     80005         0     79999           0.208     0.397     0.465     0.542     0.591     0.698     0.884     1.199
1460.001     80000         0     80005           0.206     0.394     0.459     0.536     0.584     0.682     0.846     1.379
1461.001     80004         0     79996           0.207     0.392     0.456     0.531     0.580     0.695     1.022     2.273
1462.001     79994         0     79998           0.211     0.398     0.466     0.544     0.593     0.696     0.865     1.162
1463.001     80005         0     80011           0.215     0.393     0.458     0.535     0.584     0.687     0.850     1.143
1464.001     80004         0     79999           0.206     0.395     0.463     0.542     0.591     0.699     0.882     1.308
1465.001     79990         0     79995           0.212     0.396     0.463     0.541     0.591     0.697     0.860     1.191
1466.001     80004         0     80001           0.211     0.394     0.461     0.539     0.588     0.694     0.870     1.147
1467.001     80005         0     80002           0.213     0.402     0.473     0.553     0.604     0.713     0.937     1.366
1468.001     79996         0     80001           0.206     0.397     0.467     0.545     0.594     0.703     0.867     1.228
1469.001     79998         0     79999           0.209     0.401     0.471     0.548     0.598     0.702     0.864     1.282
1470.001     79998         0     79996           0.212     0.399     0.470     0.549     0.601     0.712     0.871     1.331
1471.001     80003         0     80002           0.207     0.397     0.465     0.543     0.594     0.703     0.896     1.245
1472.001     79996         0     79996           0.209     0.403     0.474     0.552     0.604     0.727     1.112     2.329
1473.001     80005         0     80006           0.210     0.401     0.472     0.549     0.599     0.704     0.864     1.201
1474.001     80000         0     79997           0.207     0.397     0.465     0.543     0.593     0.695     0.882     1.127
1475.001     80001         0     80001           0.212     0.401     0.472     0.551     0.602     0.708     0.878     1.182
1476.001     79999         0     80000           0.191     0.392     0.457     0.534     0.583     0.688     0.866     1.327
1477.001     79998         0     79997           0.215     0.400     0.470     0.548     0.599     0.706     0.990     2.044
1478.001     80001         0     80007           0.208     0.395     0.465     0.545     0.594     0.700     0.947     1.408
1479.001     80001         0     80001           0.207     0.396     0.463     0.542     0.591     0.694     0.855     1.103
1480.001     79995         0     79993           0.211     0.395     0.461     0.539     0.589     0.692     0.855     1.224
1481.001     80003         0     80003           0.207     0.396     0.463     0.542     0.592     0.705     0.922     1.241
1482.001     80002         0     80001           0.209     0.397     0.466     0.544     0.592     0.698     0.867     1.260
1483.001     79994         0     79995           0.204     0.394     0.462     0.539     0.588     0.692     0.846     1.311
1484.001     80002         0     80000           0.210     0.396     0.464     0.544     0.593     0.697     0.884     1.215
1485.001     80005         0     80002           0.212     0.394     0.461     0.539     0.589     0.696     0.877     1.333
1486.001     79994         0     79998           0.206     0.398     0.468     0.546     0.595     0.699     0.870     1.655
1487.001     80005         0     80004           0.214     0.396     0.467     0.546     0.596     0.708     0.915     1.300
1488.001     80001         0     79997           0.213     0.393     0.457     0.536     0.585     0.690     0.850     1.168
1489.001     79997         0     80002           0.206     0.399     0.468     0.547     0.598     0.707     0.905     1.234
1490.001     79997         0     79997           0.216     0.396     0.462     0.539     0.589     0.688     0.863     1.207
1491.001     80007         0     80005           0.211     0.397     0.464     0.540     0.591     0.699     0.884     1.225
1492.001     80000         0     80003           0.212     0.398     0.466     0.545     0.594     0.706     0.879     1.089
1493.001     79996         0     79996           0.209     0.398     0.465     0.544     0.594     0.699     0.866     1.162
1494.001     80002         0     80002           0.201     0.394     0.462     0.540     0.589     0.697     0.876     1.388
1495.001     79999         0     79998           0.214     0.402     0.473     0.550     0.600     0.705     0.880     1.244
1496.001     79997         0     79998           0.196     0.394     0.459     0.532     0.581     0.682     0.852     1.229
1497.001     80002         0     80000           0.216     0.398     0.467     0.547     0.597     0.703     0.866     1.129
1498.001     80005         0     80007           0.216     0.400     0.468     0.546     0.598     0.703     0.901     1.400
1499.001     79999         0     79996           0.214     0.396     0.460     0.536     0.586     0.691     0.857     1.157
1500.001     80000         0     80004           0.212     0.395     0.460     0.539     0.588     0.692     0.860     1.343
1501.001     79993         0     79988           0.207     0.400     0.470     0.549     0.602     0.715     0.980     1.406
1502.001     80006         0     80012           0.203     0.396     0.463     0.541     0.590     0.696     0.874     1.284
1503.001     79999         0     79996           0.216     0.395     0.463     0.542     0.592     0.697     0.857     1.060
1504.001     80000         0     79997           0.210     0.397     0.467     0.546     0.595     0.700     0.886     1.231
1505.001     79996         0     79998           0.210     0.394     0.462     0.539     0.590     0.695     0.882     1.320
1506.001     80005         0     80005           0.206     0.400     0.470     0.547     0.597     0.700     0.859     1.263
1507.001     79997         0     79995           0.210     0.402     0.474     0.552     0.604     0.714     0.943     1.843
1508.001     80004         0     80006           0.214     0.397     0.464     0.540     0.588     0.693     0.855     1.124
1509.001     79995         0     79994           0.215     0.399     0.466     0.544     0.594     0.698     0.859     1.141
1510.001     80004         0     80004           0.213     0.394     0.459     0.533     0.581     0.679     0.840     1.351
1511.001     79998         0     79999           0.206     0.396     0.463     0.541     0.591     0.697     0.904     1.324
1512.001     79998         0     79999           0.210     0.397     0.463     0.541     0.592     0.698     0.861     1.255
1513.001     79997         0     79995           0.213     0.395     0.461     0.539     0.589     0.696     0.852     1.422
1514.001     80003         0     80005           0.212     0.402     0.473     0.551     0.602     0.705     0.889     1.228
1515.001     79999         0     80000           0.210     0.398     0.465     0.544     0.594     0.708     1.023     2.427
1516.001     80007         0     80000           0.203     0.399     0.467     0.545     0.596     0.698     0.881     1.164
1517.001     80000         0     80006           0.213     0.393     0.460     0.537     0.586     0.691     0.854     1.237
1518.001     79997         0     79996           0.205     0.397     0.463     0.541     0.591     0.702     0.937     1.487
1519.001     80001         0     80000           0.207     0.401     0.473     0.551     0.602     0.704     0.862     1.400
1520.001     79999         0     80000           0.211     0.396     0.465     0.542     0.593     0.698     0.877     1.245
1521.001     79995         0     79994           0.201     0.393     0.461     0.542     0.592     0.709     1.115     1.842
1522.001     80002         0     80000           0.211     0.400     0.470     0.548     0.597     0.700     0.865     1.125
1523.001     80001         0     80004           0.206     0.392     0.458     0.534     0.583     0.684     0.864     1.278
1524.001     79999         0     79998           0.207     0.401     0.470     0.546     0.596     0.702     0.882     1.229
1525.001     80003         0     80000           0.212     0.394     0.461     0.539     0.589     0.696     0.876     1.297
1526.001     79996         0     80000           0.212     0.393     0.458     0.534     0.584     0.688     0.862     1.444
1527.001     80005         0     80002           0.207     0.392     0.456     0.531     0.581     0.694     0.908     1.277
1528.001     79998         0     80001           0.210     0.389     0.454     0.529     0.578     0.679     0.872     1.320
1529.001     79997         0     79997           0.210     0.395     0.462     0.541     0.591     0.693     0.855     1.079
1530.001     79999         0     79996           0.212     0.396     0.463     0.541     0.591     0.692     0.848     1.215
1531.001     80004         0     80006           0.200     0.400     0.469     0.547     0.598     0.705     0.903     1.281
1532.001     79999         0     80000           0.208     0.392     0.459     0.537     0.587     0.691     0.852     1.070
1533.001     79997         0     79997           0.213     0.397     0.465     0.543     0.592     0.693     0.854     1.146
1534.001     80005         0     80002           0.208     0.391     0.456     0.532     0.582     0.688     0.861     1.239
1535.001     80003         0     80004           0.211     0.393     0.459     0.536     0.585     0.689     0.859     1.138
1536.001     79994         0     79994           0.207     0.394     0.460     0.537     0.585     0.684     0.842     1.148
1537.001     79997         0     80000           0.200     0.399     0.468     0.546     0.595     0.701     0.878     1.180
1538.001     80004         0     79999           0.212     0.395     0.462     0.540     0.589     0.697     0.925     1.401
1539.001     79999         0     79999           0.206     0.391     0.457     0.535     0.584     0.690     0.862     1.235
1540.001     80001         0     80005           0.205     0.394     0.461     0.540     0.591     0.693     0.855     1.343
1541.001     80001         0     80001           0.214     0.395     0.464     0.543     0.593     0.701     0.923     1.235
1542.001     80005         0     80004           0.205     0.395     0.462     0.541     0.593     0.697     0.861     1.204
1543.001     79992         0     79991           0.210     0.391     0.457     0.534     0.583     0.687     0.846     1.275
1544.001     80008         0     80006           0.207     0.392     0.458     0.534     0.584     0.688     0.857     1.340
1545.001     79995         0     80000           0.210     0.393     0.460     0.538     0.586     0.690     0.862     1.512
1546.001     80002         0     80002           0.213     0.391     0.458     0.537     0.587     0.689     0.852     1.291
1547.001     79999         0     79997           0.208     0.393     0.460     0.537     0.588     0.696     0.921     1.380
1548.001     79999         0     80001           0.205     0.396     0.464     0.542     0.593     0.700     0.891     1.362
1549.001     79995         0     79993           0.214     0.401     0.471     0.549     0.601     0.705     0.879     1.213
1550.001     80005         0     80004           0.216     0.396     0.465     0.544     0.593     0.696     0.864     1.243
1551.001     79999         0     80002           0.207     0.392     0.458     0.535     0.586     0.691     0.866     1.180
1552.001     79998         0     79996           0.209     0.398     0.466     0.542     0.591     0.697     0.873     1.229
1553.001     80008         0     80005           0.202     0.394     0.463     0.542     0.590     0.692     0.872     1.933
1554.001     79992         0     79997           0.212     0.390     0.454     0.530     0.581     0.690     0.900     1.278
1555.001     80002         0     80001           0.214     0.391     0.457     0.532     0.582     0.685     0.882     1.760
1556.001     79997         0     79998           0.211     0.395     0.461     0.538     0.587     0.688     0.863     1.205
1557.001     80001         0     80000           0.211     0.392     0.458     0.536     0.584     0.686     0.854     1.109
1558.001     80001         0     80003           0.213     0.394     0.459     0.535     0.584     0.691     0.915     1.321
1559.001     80005         0     80003           0.196     0.391     0.457     0.534     0.583     0.683     0.846     1.200
1560.001     79996         0     79997           0.204     0.390     0.456     0.533     0.583     0.687     0.858     1.263
1561.001     79999         0     80000           0.211     0.400     0.471     0.551     0.601     0.713     0.944     1.673
1562.001     79998         0     79996           0.213     0.400     0.470     0.549     0.599     0.702     0.868     1.272
1563.001     80009         0     80006           0.211     0.398     0.466     0.545     0.595     0.699     0.851     1.332
1564.001     79999         0     80004           0.209     0.391     0.456     0.534     0.583     0.684     0.855     1.141
1565.001     79998         0     79993           0.211     0.391     0.455     0.530     0.579     0.682     0.851     1.226
1566.001     80006         0     80006           0.210     0.392     0.457     0.535     0.585     0.689     0.860     1.153
1567.001     79990         0     79990           0.210     0.393     0.460     0.536     0.586     0.691     0.941     1.501
1568.001     80000         0     80004           0.211     0.390     0.454     0.529     0.579     0.678     0.844     1.297
1569.001     80003         0     80001           0.208     0.397     0.467     0.545     0.594     0.700     0.861     1.126
1570.001     79993         0     79994           0.200     0.400     0.471     0.549     0.599     0.699     0.872     1.211
1571.001     80003         0     80004           0.214     0.393     0.461     0.539     0.589     0.694     0.878     1.214
1572.001     79999         0     79994           0.206     0.389     0.453     0.529     0.578     0.680     0.846     1.122
1573.001     79999         0     80000           0.212     0.396     0.464     0.543     0.592     0.698     0.893     1.220
1574.001     80013         0     80012           0.210     0.394     0.461     0.540     0.588     0.695     0.885     1.386
1575.001     79992         0     79991           0.204     0.391     0.455     0.532     0.582     0.684     0.856     1.450
1576.001     80001         0     80003           0.211     0.395     0.462     0.541     0.591     0.697     0.867     1.308
1577.001     79999         0     79991           0.213     0.394     0.461     0.540     0.589     0.695     0.897     1.437
1578.001     79999         0     80007           0.206     0.393     0.460     0.540     0.589     0.699     0.943     1.398
1579.001     80005         0     80005           0.209     0.392     0.460     0.537     0.587     0.688     0.849     1.296
1580.001     79995         0     79997           0.206     0.395     0.463     0.539     0.589     0.692     0.850     1.323
1581.001     80012         0     80006           0.201     0.393     0.459     0.537     0.587     0.700     0.967     1.635
1582.001     79988         0     79995           0.203     0.395     0.462     0.541     0.590     0.696     0.876     1.263
1583.001     80005         0     80003           0.204     0.389     0.455     0.531     0.581     0.682     0.847     1.086
1584.001     80008         0     79994           0.210     0.391     0.456     0.534     0.584     0.687     0.864     1.183
1585.001     79988         0     80004           0.203     0.397     0.466     0.544     0.594     0.698     0.876     1.120
1586.001     79994         0     79994           0.211     0.400     0.470     0.548     0.598     0.709     0.917     1.750
1587.001     80005         0     80002           0.209     0.392     0.456     0.531     0.579     0.684     0.916     1.263
1588.001     80007         0     80001           0.207     0.398     0.467     0.544     0.595     0.702     0.933     1.580
1589.001     79994         0     80000           0.212     0.397     0.465     0.543     0.593     0.698     0.872     1.158
1590.001     80002         0     80005           0.212     0.387     0.451     0.526     0.573     0.673     0.848     1.264
1591.001     80002         0     79998           0.210     0.393     0.458     0.537     0.589     0.694     0.889     1.226
1592.001     79997         0     79996           0.204     0.399     0.467     0.544     0.592     0.696     0.886     1.305
1593.001     79998         0     80004           0.209     0.395     0.463     0.542     0.592     0.697     0.868     1.331
1594.001     79999         0     79998           0.210     0.400     0.470     0.548     0.599     0.706     0.892     1.381
1595.001     80001         0     79999           0.195     0.400     0.469     0.546     0.595     0.696     0.882     1.285
1596.001     80003         0     80000           0.201     0.396     0.464     0.542     0.592     0.696     0.861     1.125
1597.001     79996         0     80000           0.209     0.398     0.466     0.545     0.598     0.710     1.522     2.410
1598.001     80000         0     80000           0.214     0.402     0.472     0.552     0.603     0.714     0.966     1.559
1599.001     80000         0     80000           0.211     0.398     0.466     0.545     0.595     0.702     0.880     1.232
1600.001     80002         0     80002           0.213     0.398     0.470     0.561     0.639     1.080     1.275     1.604
1601.001     80007         0     80006           0.207     0.403     0.479     0.579     0.682     1.148     1.347     1.586
1602.001     79991         0     79992           0.213     0.402     0.478     0.579     0.675     1.140     1.318     1.533
1603.001     80001         0     80004           0.210     0.403     0.480     0.579     0.675     1.105     1.266     1.618
1604.001     80002         0     80002           0.209     0.398     0.473     0.572     0.670     1.099     1.256     1.610
1605.001     80002         0     79991           0.206     0.395     0.468     0.565     0.660     1.106     1.272     1.744
1606.001     79998         0     80003           0.215     0.397     0.465     0.544     0.596     0.720     1.107     1.498
1607.001     79997         0     79999           0.213     0.397     0.463     0.541     0.592     0.703     0.935     1.514
1608.001     80006         0     80001           0.202     0.393     0.459     0.537     0.586     0.682     0.844     1.230
1609.001     79996         0     79997           0.197     0.392     0.456     0.531     0.581     0.681     0.851     1.261
1610.001     80001         0     80007           0.208     0.397     0.464     0.541     0.589     0.692     0.850     1.136
1611.001     80002         0     80002           0.206     0.393     0.460     0.537     0.586     0.686     0.844     1.183
1612.001     79997         0     79998           0.204     0.398     0.465     0.544     0.595     0.701     0.869     1.342
1613.001     79996         0     79996           0.211     0.397     0.464     0.540     0.591     0.694     0.854     1.194
1614.001     80005         0     80005           0.207     0.396     0.463     0.541     0.589     0.692     0.871     1.178
1615.001     79999         0     80000           0.210     0.396     0.463     0.541     0.589     0.695     0.866     1.293
1616.001     80002         0     79999           0.209     0.395     0.464     0.542     0.591     0.695     0.870     1.107
1617.001     79999         0     79996           0.213     0.394     0.463     0.542     0.592     0.695     0.858     1.207
1618.001     79997         0     80004           0.210     0.394     0.461     0.538     0.588     0.696     0.924     1.373
1619.001     79997         0     79994           0.203     0.397     0.468     0.547     0.595     0.697     0.858     1.244
1620.001     80011         0     80008           0.215     0.393     0.459     0.537     0.588     0.696     0.867     1.365
1621.001     79990         0     79989           0.210     0.407     0.486     0.585     0.673     1.094     1.274     1.678
1622.001     80008         0     80006           0.209     0.406     0.485     0.586     0.685     1.108     1.273     1.534
1623.001     79993         0     80000           0.215     0.399     0.475     0.573     0.667     1.109     1.263     1.532
1624.001     79999         0     79997           0.201     0.405     0.483     0.585     0.682     1.108     1.286     1.669
1625.001     80001         0     80004           0.211     0.408     0.488     0.588     0.687     1.114     1.280     1.473
1626.001     80000         0     79998           0.206     0.406     0.482     0.582     0.684     1.114     1.281     1.586
1627.001     80007         0     80007           0.210     0.395     0.462     0.541     0.594     0.726     1.119     2.044
1628.001     79996         0     79996           0.202     0.402     0.472     0.550     0.600     0.701     0.877     1.291
1629.001     80000         0     80000           0.207     0.394     0.462     0.540     0.590     0.699     0.916     2.034
1630.001     80004         0     80002           0.205     0.396     0.463     0.540     0.590     0.693     0.846     1.101
1631.001     79999         0     80004           0.210     0.392     0.459     0.537     0.586     0.692     0.867     1.346
1632.001     79995         0     79992           0.204     0.393     0.461     0.539     0.588     0.688     0.843     1.158
1633.001     80007         0     80006           0.210     0.396     0.464     0.542     0.592     0.696     0.855     1.136
1634.001     79993         0     79994           0.205     0.392     0.458     0.540     0.596     0.785     1.187     1.591
1635.001     79999         0     80001           0.208     0.402     0.479     0.577     0.671     1.130     1.347     1.730
1636.001     80001         0     80001           0.209     0.402     0.486     0.619     0.849     1.176     1.357     1.647
1637.001     79999         0     79996           0.218     0.415     0.510     0.689     0.988     1.215     1.395     1.629
1638.001     79999         0     79999           0.208     0.427     0.539     0.857     1.129     1.452     1.747     2.042
1639.001     79997         0     79997           0.200     0.425     0.544     0.943     1.146     1.492     1.769     2.056
1640.001     80004         0     80004           0.208     0.427     0.550     0.964     1.156     1.500     1.770     2.152
1641.001     79993         0     79991           0.219     0.436     0.584     1.024     1.183     1.538     1.779     2.109
1642.001     80009         0     80013           0.211     0.434     0.583     1.051     1.223     1.628     1.837     2.251
1643.001     79987         0     79987           0.217     0.433     0.611     1.098     1.265     1.614     1.807     2.116
1644.001     80008         0     80009           0.218     0.433     0.585     1.076     1.261     1.615     1.808     2.079
1645.001     80000         0     79994           0.206     0.420     0.554     1.036     1.231     1.630     1.840     2.043
1646.001     79994         0     79999           0.208     0.417     0.542     0.981     1.162     1.585     1.783     1.962
1647.001     80004         0     80001           0.207     0.413     0.509     0.758     1.079     1.490     1.781     2.363
1648.001     80005         0     80008           0.213     0.407     0.497     0.651     0.941     1.197     1.424     1.850
1649.001     80003         0     80002           0.205     0.402     0.481     0.577     0.668     1.119     1.323     1.750
1650.001     79999         0     79998           0.208     0.396     0.469     0.564     0.652     1.105     1.287     1.538
1651.001     79999         0     79997           0.209     0.395     0.470     0.574     0.688     1.119     1.272     1.506
1652.001     80002         0     80004           0.216     0.402     0.487     0.626     0.863     1.199     1.378     1.633
1653.001     79998         0     79998           0.205     0.406     0.491     0.632     0.894     1.193     1.376     1.678
1654.001     79992         0     79994           0.205     0.401     0.493     0.702     1.038     1.291     1.679     1.863
1655.001     80003         0     80002           0.201     0.421     0.553     1.020     1.206     1.581     1.779     2.055
1656.001     79986         0     79985           0.210     0.437     0.667     1.132     1.291     1.611     1.786     2.002
1657.001     80001         0     80001           0.214     0.475     0.871     1.233     1.409     1.677     1.857     2.023
1658.001     80005         0     80001           0.199     0.504     0.999     1.296     1.456     1.687     1.851     2.144
1659.001     79983         0     79989           0.199     0.629     1.075     1.323     1.490     1.689     1.847     2.195
1660.001     80005         0     80003           0.210     0.648     1.095     1.353     1.499     1.699     1.883     2.126
1661.001     80008         0     80008           0.214     0.583     1.109     1.383     1.516     1.706     1.877     2.092
1662.001     79998         0     79999           0.213     0.562     1.084     1.354     1.475     1.680     1.868     2.642
1663.001     80000         0     80000           0.206     0.508     1.032     1.315     1.441     1.654     1.828     2.118
1664.001     80005         0     80005           0.217     0.527     1.038     1.320     1.450     1.661     1.824     2.314
1665.001     79997         0     79998           0.208     0.487     0.899     1.221     1.365     1.612     1.785     2.085
1666.001     80000         0     80003           0.210     0.474     0.796     1.147     1.284     1.625     1.802     2.163
1667.001     80011         0     80008           0.207     0.449     0.703     1.109     1.236     1.636     1.827     2.114
1668.001     79997         0     79993           0.214     0.429     0.559     1.010     1.179     1.610     1.793     2.015
1669.001     80006         0     80011           0.215     0.406     0.498     0.738     1.072     1.493     1.739     1.933
1670.001     80008         0     80005           0.211     0.401     0.483     0.605     0.866     1.479     1.718     1.942
1671.001     79999         0     80002           0.211     0.396     0.466     0.549     0.610     0.945     1.243     1.740
1672.001     79996         0     79996           0.205     0.384     0.445     0.515     0.560     0.649     0.759     1.373
1673.001     80005         0     80005           0.202     0.390     0.456     0.530     0.578     0.668     0.788     0.958
1674.001     80005         0     80001           0.202     0.392     0.458     0.534     0.580     0.673     0.836     2.243
1675.001     79992         0     79993           0.201     0.390     0.453     0.528     0.575     0.666     0.785     0.990
1676.001     80000         0     80004           0.201     0.394     0.462     0.538     0.586     0.678     0.806     1.034
1677.001     80002         0     79999           0.214     0.400     0.468     0.545     0.592     0.689     0.818     0.998
1678.001     79995         0     79998           0.213     0.396     0.463     0.541     0.589     0.688     0.852     1.314
1679.001     80007         0     80005           0.209     0.392     0.458     0.535     0.581     0.673     0.795     0.918
1680.001     79995         0     79995           0.205     0.391     0.457     0.533     0.580     0.673     0.796     0.990
1681.001     80000         0     80000           0.191     0.392     0.459     0.535     0.583     0.681     0.887     1.395
1682.001     80000         0     80002           0.213     0.400     0.471     0.547     0.594     0.692     0.843     1.613
1683.001     80002         0     80000           0.210     0.392     0.456     0.532     0.580     0.682     1.236     3.025
1684.001     79995         0     79994           0.212     0.394     0.463     0.541     0.589     0.684     0.827     1.108
1685.001     80007         0     80005           0.217     0.393     0.458     0.534     0.580     0.674     0.803     1.010
1686.001     80000         0     80001           0.210     0.391     0.455     0.530     0.578     0.668     0.786     0.986
1687.001     79996         0     79999           0.205     0.389     0.452     0.523     0.569     0.662     0.830     1.918
1688.001     79999         0     79998           0.205     0.385     0.448     0.519     0.565     0.658     0.783     0.979
1689.001     80002         0     80004           0.210     0.390     0.454     0.527     0.573     0.668     0.778     0.992
1690.001     80004         0     80002           0.209     0.394     0.463     0.540     0.587     0.680     0.804     1.090
1691.001     80001         0     79998           0.210     0.385     0.447     0.518     0.565     0.654     0.783     1.154
1692.001     79995         0     79997           0.211     0.388     0.451     0.525     0.572     0.662     0.794     0.992
1693.001     79997         0     79998           0.213     0.389     0.453     0.528     0.574     0.668     0.797     0.954
1694.001     80006         0     80008           0.210     0.389     0.454     0.530     0.578     0.671     0.799     1.154
1695.001     80003         0     79994           0.213     0.388     0.452     0.524     0.570     0.662     0.787     0.950
1696.001     79995         0     80005           0.205     0.394     0.461     0.537     0.585     0.675     0.801     0.979
1697.001     79998         0     79996           0.209     0.394     0.460     0.537     0.586     0.680     0.802     1.089
1698.001     80000         0     80001           0.211     0.395     0.462     0.538     0.586     0.679     0.849     1.450
1699.001     79994         0     79993           0.199     0.394     0.460     0.535     0.582     0.676     0.808     0.977
1700.001     80010         0     80009           0.212     0.398     0.466     0.543     0.593     0.691     0.826     1.095
1701.001     79993         0     79993           0.209     0.397     0.465     0.542     0.591     0.692     0.904     1.571
1702.001     80004         0     80005           0.212     0.393     0.458     0.532     0.580     0.673     0.807     0.988
1703.001     79997         0     79998           0.202     0.388     0.451     0.521     0.569     0.664     0.804     1.031
1704.001     80006         0     80004           0.213     0.390     0.455     0.530     0.578     0.670     0.792     1.115
1705.001     79998         0     80001           0.210     0.386     0.450     0.523     0.569     0.659     0.788     1.198
1706.001     80005         0     80002           0.208     0.399     0.469     0.545     0.593     0.688     0.821     1.016
1707.001     79994         0     79992           0.208     0.391     0.457     0.534     0.582     0.680     0.848     1.280
1708.001     80004         0     80004           0.201     0.390     0.456     0.530     0.578     0.672     0.808     1.061
1709.001     79992         0     79995           0.206     0.396     0.464     0.541     0.589     0.681     0.816     1.003
1710.001     80007         0     80007           0.209     0.396     0.464     0.540     0.587     0.682     0.827     1.141
1711.001     79999         0     79995           0.209     0.396     0.465     0.543     0.592     0.690     0.836     1.318
1712.001     80004         0     80006           0.209     0.392     0.459     0.535     0.584     0.679     0.820     1.489
1713.001     79995         0     80001           0.212     0.391     0.454     0.527     0.576     0.669     0.796     1.185
1714.001     79994         0     79993           0.214     0.391     0.455     0.530     0.576     0.668     0.812     1.095
1715.001     80006         0     80002           0.207     0.392     0.457     0.531     0.579     0.672     0.836     1.735
1716.001     80000         0     80002           0.210     0.391     0.456     0.531     0.578     0.670     0.802     1.030
1717.001     79999         0     79999           0.212     0.395     0.461     0.538     0.587     0.679     0.804     0.994
1718.001     79994         0     79996           0.207     0.395     0.462     0.538     0.586     0.684     0.867     1.385
1719.001     80006         0     80002           0.209     0.400     0.470     0.548     0.596     0.694     0.819     1.193
1720.001     80000         0     80005           0.201     0.397     0.463     0.539     0.587     0.682     0.811     1.097
1721.001     80005         0     80002           0.212     0.396     0.462     0.537     0.586     0.690     0.938     1.587
1722.001     79994         0     79997           0.214     0.398     0.464     0.540     0.587     0.684     0.824     1.093
1723.001     80000         0     79999           0.212     0.401     0.471     0.548     0.596     0.698     0.892     1.471
1724.001     80000         0     79999           0.211     0.395     0.462     0.538     0.586     0.684     0.838     1.313
1725.001     79999         0     79999           0.204     0.396     0.464     0.542     0.592     0.693     0.848     1.137
1726.001     80001         0     80003           0.210     0.398     0.465     0.542     0.591     0.685     0.812     1.061
1727.001     80001         0     79998           0.211     0.400     0.468     0.545     0.594     0.695     0.851     1.283
1728.001     79994         0     79996           0.220     0.402     0.472     0.549     0.596     0.691     0.839     1.214
1729.001     80002         0     80004           0.204     0.395     0.462     0.539     0.586     0.679     0.809     1.136
1730.001     80001         0     80001           0.208     0.398     0.469     0.546     0.593     0.691     0.833     1.056
1731.001     79999         0     79996           0.204     0.400     0.468     0.545     0.594     0.694     0.852     1.148
1732.001     80005         0     80005           0.205     0.394     0.459     0.535     0.583     0.679     0.821     1.044
1733.001     80001         0     79999           0.215     0.395     0.462     0.538     0.586     0.680     0.807     1.037
1734.001     79998         0     79997           0.212     0.399     0.470     0.547     0.596     0.692     0.839     1.182
1735.001     79998         0     80000           0.206     0.395     0.461     0.535     0.584     0.681     0.821     1.082
1736.001     80003         0     79998           0.208     0.394     0.460     0.536     0.583     0.675     0.802     1.055
1737.001     80004         0     80007           0.198     0.390     0.455     0.531     0.580     0.673     0.819     1.095
1738.001     79994         0     79998           0.206     0.399     0.468     0.545     0.594     0.693     0.863     1.364
1739.001     79993         0     79994           0.208     0.395     0.461     0.538     0.586     0.681     0.810     0.963
1740.001     80010         0     80005           0.206     0.394     0.460     0.535     0.580     0.671     0.800     1.008
1741.001     79993         0     79998           0.206     0.393     0.459     0.537     0.585     0.689     0.885     1.324
1742.001     80006         0     79999           0.212     0.397     0.467     0.546     0.595     0.687     0.815     0.984
1743.001     79996         0     79999           0.210     0.400     0.470     0.547     0.596     0.696     0.829     1.066
1744.001     80005         0     80003           0.210     0.392     0.457     0.532     0.580     0.674     0.807     1.114
1745.001     79993         0     79999           0.209     0.393     0.459     0.536     0.586     0.685     0.834     1.203
1746.001     80007         0     80003           0.214     0.394     0.457     0.531     0.579     0.672     0.809     1.092
1747.001     79998         0     80000           0.203     0.391     0.455     0.530     0.579     0.685     1.047     2.343
1748.001     80001         0     79999           0.207     0.394     0.459     0.534     0.583     0.678     0.823     1.511
1749.001     80001         0     80002           0.204     0.390     0.457     0.535     0.584     0.685     0.852     1.097
1750.001     79997         0     79995           0.210     0.390     0.455     0.529     0.577     0.671     0.805     0.997
1751.001     79998         0     80002           0.207     0.393     0.458     0.534     0.582     0.678     0.830     1.137
1752.001     80003         0     80002           0.208     0.392     0.458     0.534     0.580     0.674     0.807     1.256
1753.001     80000         0     80001           0.205     0.389     0.453     0.526     0.575     0.669     0.796     1.190
1754.001     79996         0     79997           0.206     0.399     0.467     0.543     0.591     0.687     0.821     1.291
1755.001     80005         0     80003           0.207     0.387     0.453     0.529     0.579     0.677     0.794     1.190
1756.001     79998         0     79998           0.209     0.397     0.466     0.543     0.592     0.696     0.940     2.796
1757.001     80003         0     80001           0.198     0.399     0.470     0.547     0.595     0.694     0.825     1.032
1758.001     79996         0     79997           0.213     0.396     0.461     0.538     0.586     0.685     0.842     1.349
1759.001     80009         0     80005           0.211     0.397     0.465     0.542     0.590     0.681     0.809     1.018
1760.001     79992         0     79994           0.210     0.395     0.460     0.535     0.584     0.681     0.819     1.238
1761.001     80009         0     80009           0.213     0.391     0.456     0.534     0.584     0.689     0.920     1.362
1762.001     79994         0     79998           0.197     0.391     0.455     0.528     0.577     0.671     0.807     1.098
1763.001     80003         0     79997           0.207     0.383     0.446     0.518     0.564     0.660     0.797     1.182
1764.001     79997         0     80002           0.215     0.398     0.467     0.545     0.594     0.696     0.842     1.294
1765.001     79997         0     79994           0.213     0.394     0.460     0.536     0.584     0.685     0.825     1.148
1766.001     80005         0     80000           0.204     0.397     0.464     0.540     0.590     0.694     0.886     2.241
1767.001     79999         0     80008           0.196     0.396     0.464     0.543     0.592     0.692     0.868     1.475
1768.001     79998         0     79995           0.211     0.400     0.470     0.547     0.595     0.690     0.830     1.051
1769.001     80002         0     80005           0.206     0.394     0.460     0.537     0.586     0.685     0.825     1.155
1770.001     79997         0     79996           0.217     0.399     0.467     0.544     0.592     0.691     0.844     1.126
1771.001     80001         0     79998           0.207     0.397     0.464     0.541     0.590     0.689     0.839     1.134
1772.001     80003         0     80004           0.211     0.394     0.460     0.537     0.587     0.684     0.817     1.042
1773.001     79999         0     80001           0.213     0.398     0.466     0.541     0.591     0.693     0.835     1.044
1774.001     80000         0     79995           0.215     0.402     0.473     0.550     0.598     0.693     0.838     1.316
1775.001     79999         0     80001           0.209     0.398     0.468     0.546     0.595     0.693     0.836     1.221
1776.001     80002         0     80002           0.211     0.399     0.469     0.547     0.596     0.694     0.844     1.599
1777.001     80003         0     79994           0.199     0.397     0.465     0.542     0.593     0.695     0.847     1.076
1778.001     79989         0     79998           0.206     0.396     0.461     0.538     0.586     0.691     0.887     1.392
1779.001     80001         0     80005           0.206     0.398     0.467     0.545     0.593     0.692     0.844     1.792
1780.001     80004         0     80002           0.213     0.398     0.465     0.542     0.592     0.690     0.820     1.279
1781.001     80004         0     80000           0.211     0.400     0.468     0.546     0.596     0.701     0.917     1.335
1782.001     79992         0     79994           0.211     0.398     0.465     0.542     0.592     0.692     0.846     1.114
1783.001     80002         0     80004           0.209     0.398     0.464     0.540     0.589     0.689     0.833     1.054
1784.001     79997         0     80001           0.209     0.398     0.467     0.544     0.593     0.692     0.855     1.200
1785.001     80006         0     80002           0.206     0.395     0.463     0.539     0.588     0.679     0.808     1.058
1786.001     80001         0     80003           0.210     0.391     0.457     0.536     0.584     0.682     0.821     1.081
1787.001     79998         0     79998           0.200     0.397     0.463     0.540     0.588     0.692     0.881     1.265
1788.001     79993         0     79992           0.211     0.397     0.465     0.542     0.592     0.692     0.830     1.064
1789.001     80006         0     80008           0.206     0.396     0.463     0.541     0.589     0.689     0.833     1.230
1790.001     80005         0     80003           0.209     0.397     0.464     0.541     0.591     0.687     0.828     1.099
1791.001     79992         0     79995           0.205     0.393     0.458     0.534     0.583     0.683     0.828     1.252
1792.001     79999         0     79998           0.212     0.398     0.466     0.543     0.591     0.687     0.847     1.152
1793.001     80003         0     80002           0.212     0.397     0.463     0.540     0.590     0.688     0.831     1.075
1794.001     80005         0     80000           0.199     0.398     0.466     0.543     0.590     0.691     0.843     1.099
1795.001     79995         0     80003           0.212     0.398     0.465     0.543     0.593     0.692     0.827     1.020
1796.001     80006         0     80005           0.213     0.396     0.462     0.537     0.585     0.685     0.833     1.126
1797.001     79991         0     79993           0.218     0.390     0.452     0.526     0.573     0.673     0.810     1.238
1798.001     80003         0     80002           0.204     0.394     0.461     0.536     0.584     0.684     0.890     1.370
1799.001     80004         0     80003           0.210     0.396     0.462     0.538     0.585     0.680     0.823     1.054
1800.000     79959         0     79992           0.213     0.389     0.451     0.522     0.571     0.668     0.826     1.094

SUMMARY STATS ══════════════════════════════════════════════════════════════════════════════════════════════════════════════
    Elapsed time       [s]   1800.002                                                                 
        CPU time       [s]   5160.270                                                                 
 CPU utilisation       [%]        8.0                                                                 
          Cycles      [op]  143999975                                                                 
          Errors      [op]          0                                                                 
              └─       [%]        0.0                                                                 
        Requests     [req]  143999975                                                                 
              └─  [req/op]        1.0                                                                 
         Retries     [ret]          0                                                                 
              └─ [ret/req]    0.00000                                                                 
            Rows     [row]  115189507                                                                 
              └─ [row/req]        0.8                                                                 
     Concurrency     [req]          7 ± 0                                                             
              └─       [%]          5                                                                 
      Throughput    [op/s]      80000 ± 1                                                             
              ├─   [req/s]      80000 ± 1                                                             
              └─   [row/s]      63994 ± 1                                                             
   Cycle latency      [ms]      0.416 ± 0.000                                                         
 Request latency      [ms]      0.359 ± 0.000                                                         

CYCLE LATENCY for standard1_select [ms]  ═══════════════════════════════════════════════════════════════════════════════════
          Min                   0.191 ± 0.010                                                         
           25                   0.342 ± 0.000                                                         
           50                   0.392 ± 0.000                                                         
           75                   0.461 ± 0.000                                                         
           90                   0.541 ± 0.001                                                         
           95                   0.594 ± 0.001                                                         
           98                   0.664 ± 0.001                                                         
           99                   0.731 ± 0.002                                                         
           99.9                 1.294 ± 0.013                                                         
           99.99                1.697 ± 0.014                                                         
          Max                 207.880 ± 62.484                                                        

CYCLE LATENCY for standard1_insert [ms]  ═══════════════════════════════════════════════════════════════════════════════════
          Min                   0.214 ± 0.011                                                         
           25                   0.360 ± 0.000                                                         
           50                   0.410 ± 0.000                                                         
           75                   0.478 ± 0.001                                                         
           90                   0.554 ± 0.001                                                         
           95                   0.604 ± 0.001                                                         
           98                   0.668 ± 0.001                                                         
           99                   0.726 ± 0.002                                                         
           99.9                 1.206 ± 0.009                                                         
           99.99                1.477 ± 0.023                                                         
          Max                 206.438 ± 121.361                                                       

