CONFIG ═════════════════════════════════════════════════════════════════════════════════════════════════════════════════════
            Date            Wed, 09 Jul 2025                                                          
            Time            04:10:47 +0000                                                            
         Cluster                                                                                      
      Datacenter                                                                                      
   Cass. version            3.0.8                                                                     
        Workload            uniform.rn                                                                
     Function(s)            standard1_insert:1                                                        
     Consistency            LocalQuorum                                                               
            Tags                                                                                      
────────────────────────────────────────────────────────────────────────────────────────────────────────────────────────────
         Threads                    8                                                                 
     Connections                    1                                                                 
     Concurrency     [req]        128                                                                 
        Max rate    [op/s]     176000                                                                 
          Warmup       [s]         20                                                                 
              └─      [op]                                                                            
        Run time       [s]     1800.0                                                                 
              └─      [op]                                                                            
        Sampling       [s]        1.0                                                                 
              └─      [op]                                                                            
 Request timeout       [s]          5                                                                 
         Retries                                                                                      
  ┌──────┴number                   10                                                                 
  ├─min interval      [ms]        100                                                                 
  └─max interval      [ms]       5000                                                                 

LOG ════════════════════════════════════════════════════════════════════════════════════════════════════════════════════════
    Time    Cycles    Errors    Thrpt.     ────────────────────────────────── Latency [ms/op] ──────────────────────────────
     [s]      [op]      [op]    [op/s]             Min        50        75        90        95        99      99.9       Max
   1.001    175896         0    175808           0.269     1.001     1.325     1.597     1.773     2.281     5.546    14.385
   2.001    175997         0    175992           0.298     0.946     1.274     1.545     1.710     2.083     2.660     4.837
   3.001    176032         0    176027           0.279     0.907     1.223     1.498     1.666     2.099     6.857    24.101
   4.001    176009         0    176029           0.301     0.907     1.214     1.503     1.682     2.146     4.012    17.793
   5.001    175971         0    175965           0.305     0.904     1.207     1.487     1.657     2.071     3.049     8.053
   6.001    175999         0    176006           0.285     0.913     1.215     1.499     1.673     2.071     2.787     9.372
   7.001    175994         0    175918           0.273     0.925     1.226     1.508     1.680     2.076     2.851    11.035
   8.001    175163         0    175197           0.293     0.907     1.210     1.512     1.737     4.559    19.169    44.728
   9.001    176853         0    176879           0.296     0.895     1.202     1.514     1.762     6.390    29.917    51.249
  10.001    176019         0    175985           0.287     0.884     1.176     1.444     1.602     1.938     2.554     4.518
  11.001    176022         0    176060           0.270     0.873     1.163     1.436     1.599     1.957     2.564     6.689
  12.001    175965         0    175964           0.293     0.895     1.188     1.466     1.630     2.020     2.705     7.102
  13.001    176017         0    176024           0.281     0.877     1.162     1.433     1.593     1.925     2.515     3.629
  14.001    176001         0    175993           0.287     0.874     1.149     1.422     1.582     1.915     2.550     4.948
  15.001    176001         0    175989           0.275     0.895     1.184     1.458     1.625     2.015     3.090    17.662
  16.001    175990         0    176007           0.287     0.897     1.186     1.468     1.646     2.099     3.729    11.788
  17.001    176065         0    176007           0.284     0.893     1.182     1.466     1.646     2.161     5.599    20.972
  18.000    175956         0    176011           0.278     0.894     1.184     1.473     1.654     2.200    12.681    24.543
  19.001    175966         0    175966           0.286     0.870     1.143     1.416     1.576     1.943     2.748     6.513
  20.001    176018         0    176016           0.286     0.880     1.155     1.426     1.586     1.909     2.451     3.852
  21.001    175991         0    175974           0.267     0.890     1.172     1.457     1.627     2.080     4.317    11.583
  22.001    176071         0    176068           0.286     0.872     1.144     1.414     1.571     1.902     2.544     4.280
  23.001    175959         0    175991           0.281     0.886     1.163     1.439     1.606     2.023     3.308     9.601
  24.001    175995         0    175977           0.279     0.898     1.181     1.460     1.633     2.058     2.863     4.596
  25.001    176011         0    176029           0.277     0.879     1.195     1.474     1.646     2.043     5.878    12.919
  26.001    176009         0    176002           0.277     0.863     1.174     1.446     1.609     1.971     4.014    14.795
  27.001    175971         0    175979           0.270     0.869     1.181     1.453     1.618     1.962     2.654     5.861
  28.001    176031         0    176022           0.276     0.898     1.222     1.510     1.684     2.081     3.318     7.930
  29.001    175989         0    175985           0.288     0.874     1.188     1.468     1.638     2.041     4.399    16.146
  30.001    176028         0    176032           0.240     0.889     1.207     1.471     1.630     1.949     2.437     3.881
  31.001    176013         0    175997           0.282     0.884     1.206     1.476     1.636     1.977     2.576     4.870
  32.001    175969         0    175986           0.303     0.910     1.231     1.511     1.684     2.080     2.865     4.755
  33.001    176004         0    175992           0.298     0.926     1.254     1.530     1.698     2.058     2.638     7.963
  34.001    176007         0    176024           0.283     0.890     1.203     1.474     1.638     1.980     2.716    13.902
  35.001    175972         0    175972           0.286     0.886     1.202     1.469     1.628     1.964     2.619     7.758
  36.001    176020         0    175995           0.281     0.943     1.279     1.582     1.799     3.068    53.936    88.605
  37.001    176003         0    175968           0.282     0.932     1.254     1.548     1.736     2.214     4.129    14.918
  38.001    176024         0    176077           0.274     0.981     1.325     1.653     1.902     3.013    27.525    41.058
  39.001    175958         0    175944           0.298     0.959     1.310     1.653     1.962     4.862    44.040    62.259
  40.001    176108         0    176044           0.278     0.929     1.256     1.552     1.746     2.281     4.518     8.036
  41.001    175939         0    175999           0.277     0.931     1.258     1.543     1.729     2.204     3.838     8.421
  42.001    175996         0    176008           0.264     0.908     1.230     1.519     1.698     2.136     3.127     9.200
  43.001    175988         0    175993           0.292     0.927     1.251     1.534     1.706     2.126     3.004     5.173
  44.001    175993         0    176003           0.289     0.944     1.276     1.562     1.747     2.179     3.152     6.078
  45.001    176049         0    176035           0.283     0.887     1.210     1.484     1.647     1.995     2.507     3.930
  46.001    175939         0    175954           0.255     0.906     1.229     1.503     1.663     2.022     2.648     4.755
  47.001    176013         0    176006           0.275     0.969     1.302     1.601     1.804     2.429    30.917    46.105
  48.001    176061         0    176024           0.314     1.005     1.328     1.614     1.796     2.232     3.248    13.378
  49.001    175964         0    175991           0.296     1.073     1.418     1.768     2.067     4.502    35.717    60.916
  50.001    175944         0    175952           0.283     1.008     1.334     1.634     1.832     2.308     4.024    20.447
  51.001    176054         0    176043           0.302     0.994     1.316     1.608     1.793     2.222     2.963     7.778
  52.001    175989         0    175988           0.298     1.020     1.357     1.674     1.890     2.447     6.201    16.925
  53.001    176047         0    176055           0.290     0.989     1.310     1.591     1.770     2.193     2.847     5.509
  54.001    175952         0    175963           0.292     1.012     1.338     1.631     1.818     2.259     3.219    10.035
  55.001    176025         0    175991           0.284     0.994     1.317     1.601     1.780     2.181     2.748     5.132
  56.001    175981         0    176008           0.296     0.987     1.304     1.589     1.775     2.208     2.824     6.582
  57.001    176003         0    176010           0.295     1.038     1.373     1.682     1.887     2.341     3.021     5.263
  58.001    175975         0    175972           0.284     1.035     1.365     1.673     1.880     2.492    14.795    43.811
  59.001    176013         0    176016           0.276     1.022     1.354     1.669     1.896     2.603    13.869    23.134
  60.001    176052         0    176037           0.273     0.990     1.311     1.608     1.815     2.398    14.975    28.508
  61.001    175989         0    175987           0.301     0.979     1.297     1.575     1.752     2.144     2.824     6.881
  62.001    176010         0    176027           0.282     0.977     1.293     1.576     1.748     2.163     2.933     6.820
  63.001    175989         0    175973           0.290     0.988     1.306     1.589     1.774     2.198     2.873     5.370
  64.001    176002         0    176014           0.267     1.007     1.324     1.605     1.787     2.204     2.922     5.677
  65.001    175984         0    175987           0.281     0.994     1.311     1.594     1.777     2.212     3.371     8.806
  66.001    176021         0    176003           0.278     1.004     1.325     1.621     1.828     2.503     4.420     9.789
  67.001    175991         0    175996           0.281     0.993     1.309     1.593     1.780     2.269     4.973    28.901
  68.001    176004         0    176008           0.266     1.009     1.332     1.630     1.829     2.308     3.437     7.377
  69.001    176005         0    175997           0.283     1.011     1.329     1.621     1.816     2.318     5.173    14.746
  70.001    176029         0    176030           0.274     0.987     1.306     1.586     1.764     2.165     2.732     4.141
  71.001    175993         0    176001           0.290     1.006     1.325     1.619     1.809     2.265     3.019     5.399
  72.001    175984         0    175992           0.304     1.047     1.375     1.688     1.915     2.638    14.983    26.575
  73.001    176001         0    175989           0.288     0.982     1.306     1.588     1.768     2.171     2.808     4.768
  74.001    175920         0    175922           0.268     1.000     1.315     1.595     1.776     2.191     2.879     6.087
  75.001    176073         0    176086           0.295     1.006     1.331     1.621     1.810     2.269     3.346    15.491
  76.001    176004         0    176000           0.265     1.014     1.335     1.635     1.846     2.501     7.303    20.480
  77.001    175999         0    175997           0.266     1.048     1.365     1.658     1.853     2.316     3.258     4.768
  78.001    176028         0    176003           0.286     1.005     1.332     1.627     1.816     2.259     2.935     5.599
  79.001    176000         0    176008           0.313     1.072     1.422     1.810     2.294     7.238    46.727    66.290
  80.001    176009         0    176001           0.290     0.993     1.311     1.593     1.769     2.177     2.816     5.415
  81.001    176005         0    176026           0.297     0.997     1.328     1.618     1.805     2.236     3.301    16.228
  82.001    175994         0    175973           0.289     1.009     1.334     1.633     1.828     2.382    11.575    36.012
  83.001    176014         0    176022           0.292     1.025     1.347     1.639     1.830     2.290     3.090     6.013
  84.001    175963         0    175970           0.305     1.043     1.370     1.666     1.862     2.312     3.006     7.516
  85.001    176038         0    176016           0.300     1.055     1.383     1.682     1.882     2.341     3.465    10.682
  86.001    176037         0    175996           0.291     1.027     1.356     1.653     1.848     2.327     3.424     7.430
  87.000    175935         0    175996           0.272     1.012     1.337     1.623     1.805     2.220     2.884     4.936
  88.001    176020         0    176039           0.277     0.999     1.323     1.608     1.785     2.191     2.855     5.169
  89.001    176006         0    175987           0.293     0.993     1.314     1.597     1.779     2.202     2.861     4.596
  90.001    175969         0    175988           0.310     1.066     1.399     1.718     1.943     2.533     4.927    38.732
  91.001    175993         0    175989           0.282     1.024     1.350     1.644     1.843     2.335     3.736     7.832
  92.001    176028         0    176032           0.303     1.071     1.416     1.755     2.035     3.770    34.210    62.882
  93.001    176057         0    175977           0.283     1.028     1.361     1.665     1.869     2.384     8.872    19.956
  94.001    175964         0    176040           0.293     1.082     1.434     1.800     2.136     4.305    26.100    59.408
  95.001    175981         0    175984           0.287     1.061     1.411     1.792     2.179     6.029    40.108    61.899
  96.001    176027         0    176017           0.298     0.999     1.329     1.618     1.800     2.202     2.720     3.860
  97.001    175984         0    175979           0.276     1.020     1.353     1.651     1.846     2.308     3.451     9.929
  98.001    176014         0    176009           0.291     1.035     1.361     1.656     1.846     2.294     3.293     8.352
  99.001    175995         0    176010           0.293     1.003     1.317     1.592     1.772     2.195     2.861     4.780
 100.001    176005         0    175966           0.298     1.017     1.345     1.636     1.830     2.292     3.766    10.134
 101.001    176001         0    176026           0.294     1.019     1.341     1.629     1.820     2.286     3.799    10.789
 102.001    175996         0    176001           0.302     1.014     1.342     1.636     1.826     2.263     2.937     4.821
 103.001    175998         0    176002           0.285     1.033     1.355     1.645     1.838     2.288     3.328     6.799
 104.001    175995         0    175962           0.282     1.020     1.340     1.628     1.815     2.238     2.820     3.797
 105.001    176024         0    176064           0.289     1.032     1.360     1.652     1.847     2.302     3.353     9.044
 106.001    176017         0    175987           0.308     1.009     1.330     1.615     1.791     2.200     2.857     6.177
 107.001    175960         0    175994           0.281     1.023     1.350     1.644     1.832     2.281     3.398     5.857
 108.001    176024         0    176018           0.289     1.034     1.364     1.669     1.879     2.398     4.559    12.411
 109.001    176007         0    176008           0.297     1.058     1.378     1.672     1.868     2.322     3.144     5.808
 110.001    175974         0    175979           0.288     1.071     1.399     1.706     1.913     2.427     3.924     9.675
 111.001    176016         0    176001           0.303     1.030     1.355     1.647     1.835     2.255     2.865     6.091
 112.001    176008         0    176013           0.301     1.038     1.371     1.672     1.873     2.353     3.434     6.078
 113.001    176004         0    175994           0.283     1.094     1.439     1.781     2.055     5.530    23.282    55.181
 114.001    175986         0    175983           0.305     1.029     1.353     1.645     1.838     2.275     2.988     7.680
 115.001    176043         0    176042           0.298     1.051     1.375     1.674     1.877     2.320     2.972     4.706
 116.001    175983         0    175984           0.301     1.048     1.374     1.675     1.876     2.322     2.912     4.006
 117.002    175461         0    175324           0.291     1.071     1.409     1.741     1.994     4.055    24.101    36.110
 118.000    176531         0    176685           0.287     1.072     1.420     1.782     2.132     7.942    44.433    67.568
 119.001    176015         0    176009           0.282     1.024     1.351     1.648     1.843     2.343     6.722    13.935
 120.001    176019         0    176012           0.285     1.029     1.352     1.649     1.839     2.294     3.310    10.641
 121.001    175983         0    175983           0.296     1.030     1.353     1.641     1.824     2.265     3.267    12.190
 122.001    176011         0    176020           0.283     1.029     1.350     1.645     1.835     2.281     3.226    10.412
 123.001    175993         0    176001           0.293     1.046     1.378     1.694     1.929     2.787    21.774    38.371
 124.001    175993         0    175966           0.305     1.021     1.349     1.651     1.854     2.333     3.357     6.365
 125.001    175978         0    176009           0.288     1.014     1.339     1.627     1.818     2.245     2.845     4.325
 126.001    176017         0    176017           0.317     1.007     1.325     1.611     1.791     2.191     2.759     4.469
 127.001    175999         0    175986           0.265     1.010     1.329     1.611     1.787     2.189     2.763     5.673
 128.001    176053         0    176031           0.323     1.038     1.363     1.656     1.850     2.333     3.414     8.208
 129.001    175943         0    175977           0.294     1.025     1.357     1.654     1.847     2.312     3.195    10.330
 130.001    176026         0    175990           0.291     1.026     1.347     1.635     1.823     2.267     2.988     6.758
 131.001    176007         0    176025           0.297     1.037     1.363     1.662     1.863     2.363     3.774    22.151
 132.001    175980         0    175987           0.286     1.026     1.348     1.646     1.836     2.273     2.875     6.218
 133.001    175991         0    175996           0.295     1.043     1.374     1.673     1.875     2.370     3.445     7.832
 134.001    176043         0    176034           0.308     1.020     1.357     1.661     1.864     2.376     9.544    23.347
 135.001    175959         0    175968           0.297     0.999     1.322     1.607     1.789     2.200     2.879     9.511
 136.001    176033         0    176039           0.304     1.034     1.357     1.649     1.847     2.390     8.364    43.188
 137.001    176011         0    175998           0.293     1.013     1.339     1.633     1.820     2.243     2.814     4.997
 138.001    176000         0    175995           0.261     0.996     1.314     1.586     1.761     2.154     2.615     3.688
 139.001    175979         0    175996           0.302     1.032     1.357     1.652     1.850     2.353     3.901    12.542
 140.001    175998         0    176000           0.293     1.033     1.361     1.657     1.852     2.312     3.170     6.889
 141.001    176030         0    176011           0.304     1.033     1.364     1.658     1.846     2.277     2.855     7.221
 142.001    176004         0    176017           0.292     1.022     1.343     1.631     1.823     2.257     2.867     4.817
 143.001    176013         0    175998           0.286     1.011     1.335     1.624     1.806     2.220     2.869     4.231
 144.001    175634         0    175631           0.289     1.065     1.434     1.889     2.828    10.551    41.976    60.817
 145.001    176322         0    176338           0.297     1.061     1.398     1.710     1.930     2.517    13.443    39.453
 146.001    176048         0    176037           0.298     1.040     1.363     1.657     1.854     2.329     3.752    13.550
 147.001    176006         0    175986           0.287     1.062     1.394     1.698     1.913     2.429     4.616    13.656
 148.001    175971         0    175998           0.285     1.011     1.334     1.625     1.808     2.241     2.953     5.845
 149.001    175983         0    175969           0.285     1.018     1.339     1.626     1.808     2.216     2.722     3.824
 150.001    176011         0    176027           0.283     1.087     1.452     1.895     2.603    14.025    57.901    87.818
 151.001    176004         0    176002           0.300     1.029     1.354     1.639     1.821     2.228     2.808     6.525
 152.001    176030         0    176030           0.280     1.052     1.392     1.720     1.998     3.459    26.034    54.264
 153.001    176013         0    176012           0.308     1.039     1.366     1.657     1.845     2.271     2.847     4.190
 154.001    175974         0    175982           0.279     1.037     1.366     1.667     1.870     2.380     3.715     8.872
 155.001    176010         0    176005           0.303     1.027     1.349     1.648     1.854     2.439     3.647     6.783
 156.001    176025         0    176015           0.302     1.016     1.339     1.628     1.812     2.226     2.783     4.624
 157.002    175975         0    175980           0.291     1.028     1.356     1.650     1.838     2.261     2.830     5.026
 158.001    175996         0    175993           0.288     1.033     1.360     1.655     1.845     2.284     2.976     4.301
 159.001    176011         0    176023           0.287     1.034     1.360     1.648     1.830     2.245     2.804     4.239
 160.001    176006         0    176000           0.288     1.015     1.333     1.624     1.808     2.238     2.873     4.334
 161.001    176012         0    175997           0.295     1.077     1.425     1.782     2.088     4.420    20.431    54.854
 162.001    175957         0    175976           0.280     0.986     1.311     1.597     1.781     2.195     2.722     5.906
 163.001    176007         0    175972           0.304     1.014     1.347     1.648     1.853     2.415     5.624    22.217
 164.002    176014         0    176051           0.272     1.016     1.339     1.627     1.816     2.277     3.389     8.339
 165.001    176015         0    175990           0.297     1.019     1.341     1.629     1.815     2.249     2.935     5.607
 166.001    175979         0    175963           0.283     1.018     1.337     1.620     1.802     2.195     2.716     3.750
 167.001    176014         0    176047           0.295     1.017     1.348     1.648     1.850     2.372     3.572    12.526
 168.001    176031         0    175992           0.302     1.014     1.347     1.637     1.823     2.263     3.002     5.632
 169.001    175982         0    176027           0.306     1.008     1.342     1.637     1.820     2.228     2.750     5.460
 170.001    176021         0    176021           0.278     1.019     1.347     1.638     1.825     2.263     3.045     8.552
 171.001    175953         0    175944           0.292     1.012     1.350     1.677     1.944     4.391    52.265    63.701
 172.001    176024         0    176040           0.274     1.011     1.332     1.620     1.803     2.212     2.777     5.079
 173.001    176028         0    176015           0.275     1.002     1.325     1.607     1.784     2.179     2.738     3.985
 174.001    176016         0    175990           0.275     1.015     1.339     1.632     1.825     2.281     3.254     8.921
 175.001    175985         0    176020           0.291     1.011     1.336     1.624     1.809     2.224     2.740     4.571
 176.001    176029         0    175976           0.291     1.031     1.359     1.662     1.865     2.347     3.635     8.380
 177.001    175971         0    176012           0.283     0.979     1.300     1.581     1.754     2.124     2.656     3.584
 178.001    176016         0    176015           0.310     1.004     1.327     1.614     1.796     2.222     3.174    13.476
 179.001    175953         0    175963           0.287     1.007     1.325     1.603     1.779     2.159     2.623     3.785
 180.001    176045         0    176035           0.284     0.999     1.325     1.615     1.800     2.232     2.877     6.013
 181.001    175978         0    175990           0.287     1.010     1.341     1.640     1.834     2.320     4.090    22.168
 182.001    176008         0    176002           0.302     1.047     1.379     1.683     1.882     2.345     3.555     9.609
 183.001    176031         0    176001           0.295     1.027     1.352     1.646     1.831     2.265     2.873     3.832
 184.001    175971         0    175999           0.263     1.052     1.382     1.686     1.887     2.400     4.084    18.170
 185.002    176030         0    176005           0.293     1.012     1.340     1.635     1.824     2.230     2.773     4.264
 186.001    175966         0    175989           0.294     1.059     1.391     1.695     1.892     2.343     2.988     6.382
 187.001    176015         0    176008           0.285     1.021     1.343     1.633     1.825     2.267     3.117    15.499
 188.001    176002         0    176018           0.287     1.058     1.386     1.690     1.894     2.353     3.011     5.276
 189.001    176005         0    175974           0.291     1.042     1.371     1.665     1.857     2.310     2.961     4.944
 190.001    176005         0    176033           0.265     1.030     1.364     1.659     1.852     2.292     2.974     4.047
 191.001    176089         0    175986           0.311     1.058     1.383     1.695     1.915     2.750    18.678    44.401
 192.000    175900         0    176007           0.291     1.000     1.322     1.610     1.793     2.204     2.763     7.725
 193.001    176059         0    175988           0.294     1.004     1.321     1.594     1.767     2.148     2.685     3.518
 194.001    175972         0    176006           0.276     1.016     1.337     1.619     1.804     2.230     3.000     6.197
 195.001    175963         0    175978           0.289     1.004     1.320     1.603     1.784     2.198     2.937     6.103
 196.001    176020         0    176020           0.311     0.999     1.313     1.592     1.768     2.167     2.783     5.005
 197.001    176021         0    176034           0.292     1.009     1.323     1.606     1.785     2.224     3.279    15.761
 198.001    176003         0    175994           0.300     1.014     1.333     1.618     1.800     2.202     2.765     4.012
 199.001    175991         0    175997           0.286     1.023     1.350     1.639     1.825     2.263     2.945     6.406
 200.001    176004         0    176012           0.279     1.018     1.341     1.635     1.829     2.304     3.191     8.430
 201.001    176007         0    175980           0.271     1.011     1.330     1.614     1.794     2.212     2.789     4.682
 202.001    175996         0    176004           0.279     1.013     1.336     1.627     1.821     2.284     5.255    14.148
 203.001    175985         0    175986           0.295     1.067     1.409     1.738     1.985     3.369    40.960    59.179
 204.001    176037         0    176061           0.297     1.024     1.342     1.624     1.805     2.224     2.816     4.870
 205.001    175983         0    175977           0.304     1.062     1.393     1.701     1.911     2.431     3.797    10.142
 206.001    175991         0    175982           0.294     1.053     1.372     1.668     1.868     2.367     5.825    17.302
 207.001    175984         0    175993           0.299     1.035     1.357     1.649     1.839     2.265     2.953     5.210
 208.001    176020         0    176018           0.298     1.047     1.373     1.668     1.858     2.288     2.894     4.448
 209.001    175989         0    175986           0.302     1.040     1.369     1.669     1.870     2.376     8.684    27.820
 210.001    176027         0    176021           0.305     1.060     1.379     1.677     1.873     2.351     5.353    19.661
 211.001    176007         0    176025           0.319     1.025     1.347     1.638     1.828     2.284     5.063    17.891
 212.001    175998         0    175993           0.301     1.052     1.377     1.679     1.881     2.365     3.527     7.201
 213.001    176010         0    175994           0.308     1.041     1.368     1.665     1.867     2.357     3.684    12.157
 214.001    176015         0    175994           0.279     1.039     1.362     1.651     1.838     2.263     2.849     3.877
 215.001    176002         0    176003           0.284     1.077     1.410     1.736     1.983     2.945    28.705    43.516
 216.001    175975         0    176005           0.311     1.017     1.339     1.630     1.817     2.247     2.863     5.014
 217.001    176004         0    175990           0.301     1.040     1.360     1.652     1.845     2.316     3.430    10.740
 218.001    175991         0    176006           0.317     1.054     1.377     1.675     1.874     2.413    14.991    27.099
 219.001    175988         0    175992           0.305     1.035     1.360     1.656     1.861     2.408     4.243    10.822
 220.001    176023         0    176019           0.290     1.037     1.360     1.648     1.833     2.275     2.925     5.358
 221.001    175995         0    176009           0.279     1.033     1.356     1.647     1.836     2.277     3.006     5.599
 222.001    176014         0    176001           0.309     1.015     1.330     1.613     1.793     2.202     2.748     5.157
 223.001    176018         0    176002           0.287     1.042     1.363     1.656     1.850     2.318     3.092     5.415
 224.001    175992         0    176003           0.276     1.040     1.361     1.653     1.848     2.324     3.643    10.207
 225.001    176022         0    176025           0.303     1.026     1.343     1.631     1.816     2.247     2.867     4.192
 226.001    175986         0    175993           0.288     1.014     1.332     1.615     1.804     2.251     4.305    13.779
 227.001    175964         0    175962           0.282     1.026     1.349     1.639     1.828     2.279     3.205    12.255
 228.001    176039         0    176027           0.307     1.052     1.375     1.670     1.866     2.359     4.743    11.796
 229.002    175995         0    175995           0.271     1.043     1.362     1.652     1.840     2.288     3.305     7.152
 230.001    176008         0    176018           0.308     1.012     1.331     1.612     1.800     2.212     2.773     4.147
 231.001    175993         0    175996           0.286     1.026     1.354     1.650     1.841     2.273     2.945     7.623
 232.001    176029         0    175994           0.312     1.077     1.404     1.710     1.915     2.380     3.060     5.566
 233.001    175978         0    176008           0.289     1.036     1.360     1.656     1.865     2.398    14.156    48.857
 234.001    175995         0    176006           0.300     1.057     1.381     1.682     1.887     2.394     3.901     9.708
 235.001    176009         0    176001           0.282     1.061     1.393     1.711     1.946     2.669    18.694    33.948
 236.001    175999         0    176003           0.301     1.026     1.347     1.638     1.825     2.271     2.953     6.066
 237.001    175999         0    176000           0.278     1.011     1.332     1.613     1.794     2.210     2.886     4.538
 238.001    176002         0    175998           0.268     1.059     1.397     1.747     2.074     6.193    50.364    64.848
 239.001    175983         0    175988           0.293     1.044     1.368     1.669     1.871     2.365     3.604     9.421
 240.001    176012         0    176009           0.317     1.106     1.446     1.787     2.055     2.847     8.872    24.920
 241.001    175987         0    175989           0.301     1.044     1.368     1.663     1.858     2.304     2.959     7.098
 242.001    176018         0    176010           0.302     1.056     1.388     1.696     1.902     2.429     4.489     9.077
 243.001    176026         0    176003           0.283     1.069     1.399     1.702     1.907     2.406     5.448    18.825
 244.001    175993         0    176005           0.290     1.051     1.376     1.679     1.882     2.370     3.592    11.993
 245.001    175988         0    175978           0.301     1.101     1.438     1.762     1.991     2.550     4.078    16.876
 246.001    176006         0    176028           0.278     1.050     1.371     1.662     1.845     2.257     2.804     4.346
 247.001    176048         0    175998           0.312     1.044     1.371     1.672     1.876     2.349     3.207     6.398
 248.001    175982         0    176022           0.281     1.058     1.381     1.675     1.872     2.318     2.988     4.866
 249.001    176019         0    175996           0.295     1.055     1.377     1.671     1.870     2.345     3.404    12.009
 250.002    175945         0    175981           0.277     1.040     1.369     1.670     1.867     2.320     3.074     9.601
 251.001    176031         0    176022           0.306     1.076     1.426     1.789     2.140     6.365    32.965    55.149
 252.001    175985         0    175989           0.296     1.021     1.341     1.624     1.809     2.230     2.892     5.341
 253.001    175995         0    176005           0.298     1.041     1.365     1.656     1.845     2.277     2.990     7.700
 254.001    176032         0    176025           0.295     1.036     1.362     1.651     1.834     2.249     2.832     4.653
 255.001    175992         0    175988           0.290     1.054     1.388     1.700     1.936     2.922    43.713    67.764
 256.001    176013         0    176019           0.293     1.018     1.348     1.644     1.834     2.273     2.935     7.234
 257.001    176007         0    175967           0.283     1.035     1.361     1.651     1.838     2.284     3.248     8.159
 258.001    175979         0    176027           0.313     1.029     1.352     1.640     1.832     2.271     3.000     5.366
 259.001    176019         0    176002           0.283     1.013     1.338     1.630     1.819     2.245     2.875     4.907
 260.001    175998         0    175978           0.289     1.043     1.365     1.653     1.835     2.245     2.787     3.695
 261.001    176009         0    176017           0.291     1.037     1.356     1.647     1.837     2.286     2.978     4.874
 262.001    175961         0    175989           0.307     1.109     1.454     1.798     2.073     4.772    26.477    58.393
 263.001    176041         0    176027           0.312     1.064     1.399     1.703     1.909     2.386     3.308     6.238
 264.001    175970         0    175975           0.282     1.063     1.401     1.723     1.964     2.714    20.857    43.516
 265.001    176005         0    176000           0.304     1.097     1.426     1.739     1.957     2.523    12.468    28.836
 266.001    176017         0    176020           0.298     1.083     1.432     1.776     2.046     3.461    24.199    54.624
 267.001    176014         0    175994           0.293     1.038     1.369     1.667     1.859     2.290     2.882     4.391
 268.001    175998         0    176021           0.299     1.081     1.423     1.742     1.960     2.476     3.609    10.551
 269.001    175983         0    175978           0.302     1.061     1.396     1.704     1.910     2.374     3.041     5.267
 270.001    176035         0    176038           0.304     1.104     1.458     1.820     2.128     6.046     8.352    25.608
 271.001    175988         0    175977           0.310     1.043     1.368     1.666     1.866     2.367     3.830    11.330
 272.001    175993         0    175992           0.280     1.047     1.373     1.675     1.874     2.327     3.185     7.700
 273.001    175995         0    176009           0.278     1.034     1.362     1.659     1.853     2.302     2.933     4.145
 274.001    176016         0    176016           0.314     1.028     1.356     1.653     1.847     2.310     2.980     4.571
 275.001    176000         0    175989           0.297     1.035     1.362     1.658     1.852     2.302     2.972     4.180
 276.001    176012         0    176009           0.309     1.062     1.399     1.713     1.934     2.617    29.098    50.102
 277.001    175987         0    176005           0.321     1.050     1.369     1.664     1.857     2.312     3.070     5.771
 278.001    176011         0    175974           0.276     1.092     1.421     1.735     1.953     2.501     4.477    14.090
 279.001    176000         0    176027           0.285     1.047     1.368     1.662     1.862     2.335     3.041     4.268
 280.001    175991         0    175998           0.296     1.038     1.354     1.645     1.838     2.300     3.107     4.698
 281.001    176017         0    176002           0.291     1.042     1.358     1.650     1.842     2.357     4.215    12.313
 282.001    176004         0    176005           0.273     1.062     1.376     1.668     1.863     2.324     3.199     4.960
 283.001    175965         0    175977           0.307     1.096     1.422     1.743     1.968     2.558     5.501    18.612
 284.001    176062         0    176019           0.303     1.114     1.444     1.761     1.986     2.540     5.276    26.558
 285.001    175950         0    175985           0.283     1.062     1.388     1.695     1.908     2.464     6.627    17.564
 286.001    176015         0    176021           0.314     1.078     1.400     1.700     1.906     2.396     3.193     9.019
 287.001    175999         0    176000           0.281     1.097     1.416     1.720     1.926     2.396     3.138     5.059
 288.001    176023         0    176014           0.312     1.089     1.405     1.709     1.917     2.386     3.041     5.517
 289.001    176002         0    176003           0.297     1.040     1.368     1.669     1.870     2.343     3.351     8.069
 290.001    175978         0    175986           0.283     1.077     1.399     1.700     1.904     2.415     4.964    17.105
 291.001    175993         0    175984           0.293     1.029     1.340     1.620     1.797     2.210     2.808     4.078
 292.001    176015         0    176028           0.307     1.033     1.352     1.645     1.834     2.324     6.623    30.245
 293.001    176002         0    175987           0.305     1.106     1.433     1.746     1.960     2.445     3.246     9.593
 294.001    176008         0    176018           0.291     1.101     1.436     1.762     2.002     2.646    10.363    26.100
 295.001    175995         0    175992           0.298     1.069     1.390     1.684     1.880     2.335     3.027     5.341
 296.001    176002         0    176014           0.305     1.090     1.413     1.709     1.914     2.402     3.770     8.593
 297.001    176020         0    176010           0.297     1.015     1.339     1.630     1.817     2.236     2.976     7.004
 298.001    175966         0    175972           0.294     1.044     1.363     1.648     1.833     2.277     2.929     4.653
 299.001    176017         0    176003           0.269     1.039     1.363     1.648     1.832     2.271     3.000     7.086
 300.001    176021         0    176028           0.302     1.067     1.396     1.699     1.901     2.404     3.705    10.904
 301.001    175972         0    175978           0.298     1.092     1.420     1.727     1.934     2.476     8.643    28.557
 302.001    176053         0    176022           0.296     1.053     1.370     1.665     1.866     2.367    14.172    29.262
 303.001    175976         0    176003           0.285     1.033     1.346     1.627     1.808     2.220     2.793     3.848
 304.001    176007         0    176015           0.281     1.039     1.359     1.648     1.832     2.259     2.875     6.459
 305.001    176014         0    175968           0.296     1.079     1.400     1.700     1.903     2.382     3.473     7.926
 306.001    175954         0    175998           0.290     1.036     1.358     1.646     1.832     2.271     2.925     4.284
 307.001    176018         0    175999           0.261     1.051     1.369     1.657     1.841     2.259     2.865     4.702
 308.001    176078         0    176006           0.313     1.046     1.373     1.672     1.880     2.410     3.467    10.682
 309.001    175978         0    176030           0.305     1.036     1.365     1.659     1.854     2.367     9.347    22.790
 310.001    175961         0    175992           0.279     1.033     1.354     1.640     1.826     2.236     2.808     5.239
 311.001    175991         0    175993           0.270     1.032     1.342     1.621     1.798     2.193     2.804     4.276
 312.001    176012         0    175988           0.292     1.028     1.346     1.627     1.809     2.214     2.824     6.193
 313.001    176010         0    176037           0.263     1.038     1.357     1.649     1.842     2.292     2.980     4.731
 314.001    176012         0    175995           0.255     1.039     1.348     1.627     1.811     2.255     3.045     5.308
 315.001    175978         0    175995           0.287     1.045     1.372     1.667     1.864     2.351     9.527    29.852
 316.001    176017         0    176000           0.282     1.075     1.402     1.706     1.912     2.417     6.132    16.179
 317.001    176011         0    175987           0.306     1.063     1.393     1.697     1.907     2.515    16.572    31.212
 318.001    175991         0    176029           0.261     1.044     1.362     1.657     1.850     2.302     3.166     9.028
 319.002    176026         0    175904           0.301     1.059     1.373     1.656     1.845     2.290     3.217     8.208
 320.000    175991         0    176096           0.288     1.065     1.382     1.686     1.900     2.634    28.082    60.391
 321.001    175981         0    176003           0.295     1.024     1.334     1.611     1.787     2.200     2.951     6.255
 322.001    176026         0    176019           0.309     1.021     1.329     1.605     1.780     2.181     2.771     4.686
 323.001    175998         0    175970           0.274     1.023     1.348     1.635     1.822     2.249     2.882     5.067
 324.001    175990         0    176021           0.286     1.038     1.366     1.663     1.863     2.380     7.352    20.873
 325.001    176017         0    176009           0.284     1.067     1.383     1.672     1.860     2.306     3.166     6.623
 326.001    176014         0    176003           0.281     1.033     1.353     1.641     1.830     2.277     3.113     9.282
 327.001    175946         0    175953           0.273     1.080     1.408     1.719     1.947     2.652    18.350    54.297
 328.001    176044         0    176045           0.273     1.022     1.336     1.615     1.793     2.210     2.939     7.561
 329.001    176014         0    176021           0.295     1.018     1.345     1.633     1.819     2.263     2.953     9.937
 330.001    175987         0    175956           0.290     1.073     1.388     1.680     1.878     2.413     7.504    21.955
 331.001    175987         0    176026           0.314     1.052     1.363     1.639     1.822     2.241     2.851     4.948
 332.001    176010         0    176007           0.265     1.015     1.325     1.602     1.779     2.183     2.834     7.639
 333.001    175992         0    175999           0.279     1.014     1.330     1.609     1.789     2.224     3.058     8.344
 334.001    176016         0    176016           0.298     1.107     1.453     1.818     2.132     4.755    44.630    73.138
 335.001    176012         0    176007           0.290     1.073     1.399     1.691     1.887     2.353     3.428    14.885
 336.001    176006         0    175967           0.299     1.045     1.357     1.637     1.823     2.230     2.867     4.559
 337.001    175995         0    176019           0.281     1.057     1.377     1.679     1.886     2.408     3.602    24.936
 338.001    176038         0    175988           0.308     1.071     1.386     1.673     1.869     2.363     5.018    11.231
 339.001    175927         0    175996           0.266     1.075     1.391     1.676     1.865     2.298     3.123     6.451
 340.001    176016         0    176015           0.303     1.063     1.380     1.679     1.881     2.425    12.911    27.378
 341.001    176013         0    175993           0.306     1.065     1.380     1.676     1.873     2.376    11.215    30.474
 342.001    176031         0    176012           0.304     1.070     1.379     1.664     1.848     2.261     2.836     4.309
 343.001    175973         0    175994           0.260     1.100     1.415     1.717     1.921     2.439     4.252    10.183
 344.001    176000         0    176010           0.317     1.098     1.415     1.707     1.906     2.365     3.105     6.377
 345.001    175987         0    175981           0.308     1.109     1.436     1.753     1.973     2.476     3.430     6.906
 346.001    176033         0    176042           0.298     1.125     1.455     1.784     2.030     2.927    19.497    32.178
 347.001    175882         0    175874           0.313     1.097     1.422     1.732     1.950     2.523    11.338    26.165
 348.001    176120         0    176117           0.300     1.079     1.403     1.699     1.898     2.421     6.783    33.309
 349.001    175999         0    176017           0.313     1.108     1.451     1.790     2.056     3.744    23.396    45.416
 350.001    175965         0    175964           0.293     1.057     1.378     1.670     1.867     2.357     3.533     6.115
 351.001    176056         0    176035           0.270     1.101     1.427     1.734     1.937     2.429     3.754     7.959
 352.001    175997         0    175990           0.319     1.070     1.399     1.695     1.887     2.324     2.896     4.350
 353.001    175980         0    176003           0.300     1.068     1.412     1.725     1.940     2.494    10.043    27.230
 354.001    176001         0    175996           0.315     1.062     1.382     1.669     1.850     2.279     2.873     5.317
 355.001    175975         0    175983           0.304     1.087     1.408     1.700     1.892     2.331     2.984     4.407
 356.001    176010         0    175992           0.295     1.070     1.385     1.674     1.865     2.306     3.062     7.356
 357.001    176058         0    176033           0.296     1.028     1.341     1.620     1.802     2.236     3.105     7.279
 358.002    176002         0    176032           0.297     1.040     1.359     1.644     1.825     2.265     3.521    15.458
 359.001    175964         0    175972           0.302     1.053     1.373     1.662     1.852     2.310     3.707    16.261
 360.001    176033         0    176030           0.318     1.049     1.369     1.651     1.841     2.314     3.754    12.567
 361.001    175969         0    175967           0.279     1.056     1.375     1.660     1.841     2.257     2.992    10.469
 362.001    176029         0    176018           0.318     1.072     1.397     1.697     1.890     2.337     3.443    13.083
 363.001    176004         0    176003           0.293     1.037     1.349     1.619     1.788     2.157     2.656     3.955
 364.001    176007         0    176018           0.293     1.066     1.383     1.670     1.858     2.306     3.402     7.430
 365.002    176024         0    175979           0.282     1.093     1.414     1.725     1.959     2.986    48.497    64.455
 366.003    175964         0    175991           0.292     1.076     1.399     1.696     1.890     2.396     5.362    13.517
 367.001    175992         0    176017           0.295     1.054     1.367     1.640     1.820     2.210     2.943     9.822
 368.001    176006         0    176006           0.279     1.054     1.366     1.641     1.814     2.204     2.871     7.655
 369.001    175997         0    175995           0.289     1.029     1.337     1.608     1.777     2.144     2.701     4.391
 370.001    176019         0    175997           0.304     1.068     1.378     1.657     1.837     2.245     2.943     5.374
 371.001    175955         0    175984           0.308     1.074     1.386     1.673     1.868     2.351     3.625    10.355
 372.001    176031         0    176024           0.264     1.063     1.375     1.657     1.842     2.267     2.929     4.735
 373.001    176021         0    175995           0.299     1.067     1.382     1.665     1.849     2.251     2.873     5.169
 374.002    175981         0    176016           0.294     1.083     1.402     1.694     1.896     2.419     6.341    13.107
 375.001    176040         0    175980           0.294     1.087     1.407     1.699     1.894     2.363     4.317    13.017
 376.001    175963         0    176021           0.273     1.046     1.366     1.639     1.810     2.193     2.744     4.555
 377.001    176010         0    176000           0.296     1.065     1.377     1.658     1.842     2.284     3.551    11.239
 378.001    176005         0    176010           0.297     1.041     1.354     1.632     1.815     2.234     3.150     6.324
 379.001    175970         0    175967           0.293     1.060     1.375     1.655     1.836     2.263     3.240     7.639
 380.001    176047         0    176044           0.303     1.084     1.403     1.690     1.880     2.333     5.915    22.413
 381.001    175984         0    175994           0.292     1.070     1.380     1.655     1.830     2.234     2.798     5.485
 382.001    176009         0    176011           0.309     1.036     1.349     1.620     1.791     2.171     2.666     4.710
 383.001    175980         0    175961           0.293     1.091     1.405     1.705     1.917     2.734    18.579    51.806
 384.001    176075         0    176008           0.286     1.128     1.468     1.835     2.220     5.136    50.332    72.876
 385.000    175959         0    176034           0.316     1.077     1.388     1.668     1.850     2.281     3.211    16.409
 386.001    175953         0    175952           0.310     1.068     1.382     1.661     1.835     2.216     2.744     4.895
 387.001    176028         0    176023           0.292     1.059     1.380     1.662     1.839     2.234     2.879     4.776
 388.001    176008         0    176006           0.288     1.075     1.385     1.666     1.851     2.279     3.275     9.986
 389.001    176010         0    176028           0.295     1.033     1.348     1.615     1.784     2.134     2.673     4.231
 390.001    176002         0    176001           0.304     1.041     1.353     1.622     1.790     2.144     2.636     3.754
 391.001    176011         0    175990           0.270     1.031     1.341     1.612     1.781     2.152     2.798     6.398
 392.001    175997         0    176022           0.303     1.039     1.342     1.607     1.773     2.138     2.662     4.096
 393.001    176001         0    175994           0.301     1.076     1.377     1.647     1.821     2.228     3.316    12.263
 394.001    175998         0    175992           0.306     1.068     1.377     1.656     1.835     2.273     3.541     6.517
 395.001    176000         0    175985           0.299     1.068     1.389     1.673     1.862     2.298     3.103     7.393
 396.001    176035         0    176045           0.292     1.074     1.389     1.674     1.861     2.335     4.862    16.155
 397.001    175955         0    175955           0.290     1.067     1.375     1.646     1.821     2.234     3.232     9.937
 398.001    176007         0    176014           0.297     1.078     1.382     1.650     1.818     2.198     2.839    11.846
 399.001    176069         0    176035           0.286     1.051     1.361     1.635     1.806     2.204     3.054    15.417
 400.001    175962         0    175985           0.280     1.051     1.361     1.634     1.808     2.212     3.002     5.538
 401.001    175982         0    175996           0.295     1.037     1.348     1.612     1.772     2.118     2.685     5.431
 402.001    176007         0    176002           0.295     1.110     1.439     1.744     1.959     2.533     7.758    21.594
 403.001    175969         0    175955           0.306     1.074     1.390     1.666     1.839     2.208     2.734     4.428
 404.001    176030         0    176049           0.312     1.073     1.381     1.653     1.831     2.202     2.683     3.918
 405.001    176041         0    176011           0.281     1.102     1.419     1.711     1.908     2.515    24.560    39.682
 406.001    175967         0    175984           0.286     1.090     1.401     1.686     1.876     2.306     2.986     4.665
 407.001    175990         0    175993           0.288     1.075     1.395     1.675     1.862     2.306    18.055    48.497
 408.001    175995         0    175999           0.300     1.068     1.385     1.666     1.847     2.290     3.377     7.565
 409.001    176019         0    176016           0.308     1.103     1.415     1.698     1.884     2.320     3.140     5.661
 410.001    175980         0    175986           0.305     1.115     1.439     1.736     1.931     2.384     3.324     6.787
 411.001    176006         0    176011           0.297     1.108     1.424     1.714     1.906     2.363     3.629    11.248
 412.001    175991         0    175986           0.296     1.111     1.422     1.700     1.881     2.281     2.925     5.489
 413.001    176045         0    176041           0.314     1.056     1.362     1.635     1.815     2.232     3.041     5.837
 414.001    176005         0    176004           0.288     1.051     1.349     1.605     1.765     2.109     2.603     4.702
 415.001    176004         0    176009           0.284     1.041     1.350     1.617     1.784     2.144     2.601     3.801
 416.001    175983         0    175980           0.292     1.065     1.357     1.619     1.787     2.159     2.839     8.765
 417.001    176023         0    176023           0.287     1.065     1.365     1.630     1.795     2.150     2.724     5.206
 418.001    175995         0    175988           0.283     1.066     1.377     1.646     1.816     2.189     2.738     5.599
 419.001    175988         0    175984           0.293     1.058     1.370     1.650     1.836     2.331     4.915    16.826
 420.001    175992         0    176011           0.309     1.091     1.400     1.677     1.861     2.281     3.142    11.354
 421.001    176002         0    175994           0.270     1.044     1.357     1.628     1.798     2.179     2.701     4.706
 422.001    176010         0    176015           0.307     1.055     1.365     1.633     1.803     2.208     3.379     7.119
 423.001    175984         0    175984           0.285     1.074     1.401     1.682     1.867     2.339     9.052    31.375
 424.001    175992         0    175993           0.279     1.089     1.413     1.701     1.893     2.374     5.149    23.560
 425.001    176015         0    176016           0.283     1.080     1.399     1.678     1.855     2.245     2.826     4.674
 426.001    176016         0    175978           0.290     1.043     1.361     1.645     1.836     2.494    26.526    48.562
 427.001    176016         0    176036           0.297     1.067     1.371     1.640     1.820     2.273    23.740    42.566
 428.001    175995         0    176003           0.282     1.047     1.352     1.619     1.786     2.150     2.804     7.451
 429.001    176037         0    176028           0.295     1.083     1.393     1.673     1.863     2.322     3.672     8.421
 430.001    175971         0    175990           0.304     1.069     1.383     1.656     1.828     2.200     2.781     5.689
 431.001    176018         0    176000           0.306     1.058     1.375     1.656     1.840     2.306     5.194    23.101
 432.001    175971         0    175986           0.314     1.061     1.376     1.654     1.836     2.290     7.700    21.955
 433.001    175988         0    175979           0.307     1.095     1.403     1.672     1.849     2.243     2.822     7.352
 434.001    176030         0    176033           0.307     1.076     1.386     1.663     1.841     2.241     2.853     5.231
 435.001    176033         0    176035           0.308     1.085     1.393     1.673     1.865     2.312     3.434     8.561
 436.001    175989         0    175980           0.288     1.065     1.379     1.653     1.831     2.210     2.763     4.964
 437.001    175988         0    175997           0.308     1.095     1.403     1.674     1.851     2.294     3.658    10.494
 438.001    176018         0    176004           0.272     1.041     1.351     1.617     1.783     2.134     2.626     3.654
 439.001    175997         0    176006           0.292     1.053     1.356     1.620     1.792     2.189     2.986     7.709
 440.001    175959         0    175944           0.299     1.074     1.396     1.687     1.894     2.652     8.593    29.000
 441.001    176038         0    176054           0.278     1.109     1.427     1.719     1.923     2.468    16.843    30.360
 442.001    176004         0    176009           0.318     1.119     1.448     1.788     2.096     6.066    26.870    53.019
 443.001    176016         0    176006           0.307     1.087     1.400     1.671     1.843     2.220     2.769     5.075
 444.001    175979         0    175994           0.289     1.050     1.362     1.632     1.799     2.187     2.912    15.139
 445.001    175997         0    175991           0.276     1.058     1.363     1.630     1.795     2.173     2.746     8.831
 446.001    176002         0    176006           0.304     1.077     1.375     1.638     1.802     2.173     2.802     4.514
 447.001    175989         0    175992           0.291     1.063     1.370     1.641     1.811     2.226     3.174     8.077
 448.001    176014         0    176009           0.273     1.054     1.359     1.617     1.779     2.136     2.646     3.592
 449.001    175993         0    175995           0.280     1.076     1.382     1.647     1.816     2.187     2.746     4.135
 450.001    176012         0    176017           0.301     1.074     1.386     1.667     1.842     2.234     2.847     5.325
 451.001    175979         0    175975           0.295     1.073     1.382     1.647     1.812     2.169     2.726     5.755
 452.001    176016         0    176022           0.314     1.061     1.363     1.622     1.782     2.138     2.728     8.724
 453.001    176063         0    176008           0.282     1.041     1.347     1.606     1.766     2.120     2.716     5.657
 454.001    175955         0    176006           0.303     1.055     1.360     1.620     1.780     2.118     2.619    12.730
 455.001    175981         0    175974           0.315     1.101     1.407     1.683     1.865     2.290     3.207     7.422
 456.001    176019         0    176023           0.298     1.091     1.405     1.692     1.889     2.365     5.448    14.377
 457.001    176022         0    176024           0.286     1.071     1.380     1.649     1.819     2.195     2.744     4.338
 458.001    176010         0    176007           0.284     1.068     1.371     1.635     1.800     2.173     2.722     4.547
 459.001    175970         0    175977           0.292     1.066     1.375     1.653     1.834     2.310     6.754    17.826
 460.001    176003         0    175986           0.290     1.095     1.396     1.670     1.851     2.290     7.070    20.857
 461.001    175992         0    175999           0.318     1.072     1.383     1.657     1.834     2.222     2.879     6.603
 462.001    176023         0    176016           0.289     1.070     1.376     1.642     1.810     2.173     2.664     5.296
 463.001    176000         0    175999           0.266     1.066     1.373     1.639     1.806     2.165     2.621     7.754
 464.001    176009         0    175997           0.290     1.091     1.396     1.670     1.848     2.253     2.984     9.773
 465.001    176019         0    176026           0.299     1.077     1.378     1.648     1.820     2.198     2.783     4.477
 466.001    175985         0    175991           0.286     1.047     1.351     1.613     1.777     2.134     2.820     9.282
 467.001    176012         0    176010           0.307     1.066     1.366     1.632     1.794     2.136     2.564     3.410
 468.001    176001         0    176009           0.292     1.074     1.382     1.648     1.818     2.187     2.724     5.210
 469.001    175985         0    175979           0.276     1.089     1.397     1.670     1.844     2.216     2.744     4.628
 470.001    176018         0    176001           0.304     1.086     1.391     1.668     1.845     2.241     2.816     4.284
 471.001    175981         0    176005           0.286     1.076     1.373     1.636     1.797     2.154     2.621     5.730
 472.001    175988         0    175974           0.311     1.106     1.421     1.714     1.906     2.347     4.256    15.860
 473.001    176026         0    176028           0.273     1.064     1.374     1.648     1.826     2.241     4.440    14.647
 474.001    175996         0    175996           0.316     1.093     1.403     1.686     1.869     2.298     4.018    31.408
 475.001    175988         0    176007           0.302     1.077     1.381     1.652     1.824     2.210     2.943    11.780
 476.001    176037         0    176028           0.279     1.086     1.389     1.660     1.833     2.222     2.832     7.287
 477.001    175980         0    175968           0.298     1.079     1.378     1.644     1.814     2.177     2.683     4.002
 478.001    175997         0    176005           0.302     1.098     1.412     1.697     1.885     2.341     4.858    23.462
 479.001    176010         0    176015           0.291     1.073     1.389     1.667     1.840     2.210     2.734     4.375
 480.001    176017         0    176019           0.308     1.091     1.405     1.688     1.875     2.333     3.557    10.617
 481.001    175972         0    175963           0.295     1.093     1.406     1.687     1.871     2.331     4.108     9.527
 482.001    176017         0    176031           0.292     1.104     1.418     1.697     1.875     2.267     2.877     5.628
 483.001    175973         0    175965           0.317     1.104     1.418     1.706     1.895     2.376     3.643    13.615
 484.001    176018         0    176012           0.313     1.100     1.408     1.688     1.875     2.314     4.082    12.411
 485.001    176019         0    176014           0.292     1.081     1.392     1.664     1.838     2.232     3.248     6.734
 486.001    176013         0    176033           0.292     1.109     1.448     1.797     2.130     6.283    46.727    66.093
 487.001    175994         0    175963           0.296     1.098     1.415     1.704     1.894     2.357     4.188    14.705
 488.001    176005         0    176020           0.301     1.080     1.398     1.678     1.858     2.267     2.861     4.760
 489.001    175966         0    175956           0.291     1.080     1.391     1.666     1.838     2.214     2.796     4.764
 490.001    176032         0    176042           0.291     1.102     1.412     1.695     1.875     2.267     2.836     4.588
 491.001    175987         0    176004           0.298     1.120     1.425     1.703     1.883     2.318     3.576     9.421
 492.001    176001         0    175986           0.285     1.074     1.380     1.650     1.823     2.193     2.701     6.427
 493.001    175989         0    176002           0.306     1.085     1.394     1.669     1.847     2.247     2.798     6.337
 494.001    176024         0    176017           0.292     1.095     1.399     1.672     1.849     2.245     2.861     5.140
 495.001    176022         0    176005           0.296     1.108     1.423     1.731     1.960     3.049     5.603    12.468
 496.001    175988         0    175994           0.296     1.090     1.396     1.671     1.851     2.273     3.185     5.939
 497.001    175992         0    176005           0.297     1.048     1.358     1.625     1.793     2.157     2.783     7.746
 498.001    176015         0    175998           0.291     1.064     1.375     1.644     1.808     2.154     2.580     3.955
 499.001    175982         0    175996           0.293     1.076     1.383     1.654     1.821     2.187     2.707     6.238
 500.001    176016         0    176024           0.301     1.109     1.409     1.676     1.844     2.228     3.424     8.741
 501.001    176005         0    175990           0.290     1.046     1.357     1.633     1.801     2.171     2.679     3.629
 502.001    176006         0    176019           0.304     1.068     1.383     1.652     1.817     2.169     2.626     3.928
 503.001    176005         0    176001           0.292     1.095     1.409     1.687     1.865     2.257     3.195    27.099
 504.001    175992         0    175977           0.292     1.079     1.393     1.670     1.850     2.245     2.986     8.258
 505.001    175994         0    176014           0.265     1.075     1.376     1.640     1.805     2.177     2.722    11.289
 506.001    176014         0    175998           0.287     1.109     1.419     1.711     1.909     2.499    23.544    37.749
 507.001    175993         0    175998           0.302     1.112     1.420     1.703     1.885     2.312     3.076     6.595
 508.001    176023         0    176031           0.290     1.075     1.389     1.661     1.835     2.204     2.650     4.342
 509.001    175998         0    175990           0.291     1.090     1.390     1.662     1.840     2.267     3.021    14.688
 510.001    175991         0    175986           0.296     1.066     1.369     1.635     1.800     2.142     2.585     3.641
 511.001    175985         0    175986           0.292     1.090     1.392     1.665     1.842     2.241     3.279     9.953
 512.001    176029         0    176021           0.315     1.095     1.397     1.678     1.877     2.724    12.804    29.622
 513.001    176004         0    176023           0.267     1.080     1.385     1.658     1.831     2.234     3.049     7.913
 514.001    175967         0    175975           0.308     1.101     1.402     1.681     1.869     2.314     3.322    12.927
 515.001    176035         0    176003           0.289     1.126     1.433     1.711     1.885     2.284     2.908     7.975
 516.001    176007         0    176028           0.317     1.134     1.446     1.736     1.930     2.365     2.966     4.375
 517.001    175985         0    175993           0.295     1.074     1.376     1.650     1.830     2.220     3.430     8.856
 518.001    176093         0    176017           0.287     1.105     1.402     1.672     1.850     2.275     2.984     5.624
 519.000    175920         0    175977           0.275     1.074     1.383     1.660     1.836     2.234     2.843     6.484
 520.001    175994         0    176008           0.303     1.102     1.407     1.682     1.858     2.243     2.843     5.005
 521.001    176010         0    175992           0.263     1.091     1.399     1.677     1.852     2.228     2.761     4.706
 522.001    176011         0    176034           0.305     1.092     1.397     1.669     1.839     2.212     2.779     7.242
 523.001    175967         0    175947           0.306     1.101     1.413     1.700     1.896     2.396     4.313    24.543
 524.001    176022         0    176023           0.295     1.074     1.378     1.647     1.815     2.185     2.720     4.645
 525.001    176006         0    175971           0.303     1.084     1.396     1.671     1.845     2.247     3.011     8.798
 526.001    176013         0    176057           0.301     1.117     1.423     1.705     1.895     2.329     3.854    26.935
 527.001    175980         0    175969           0.311     1.054     1.351     1.611     1.773     2.105     2.552     3.828
 528.001    175990         0    176006           0.295     1.083     1.386     1.659     1.829     2.208     2.808     4.383
 529.001    176026         0    176030           0.298     1.074     1.378     1.642     1.805     2.154     2.628     4.018
 530.001    176010         0    175991           0.294     1.127     1.439     1.722     1.911     2.359     4.481    15.368
 531.001    175975         0    175989           0.297     1.071     1.376     1.647     1.817     2.195     2.808     5.206
 532.001    176032         0    176017           0.293     1.112     1.425     1.729     1.960     3.953    48.628    61.735
 533.001    175976         0    175993           0.289     1.057     1.362     1.623     1.787     2.136     2.640     4.227
 534.001    176025         0    176024           0.303     1.067     1.365     1.627     1.791     2.124     2.576     3.920
 535.001    176003         0    176009           0.300     1.085     1.384     1.648     1.814     2.183     2.789     5.476
 536.001    175998         0    175989           0.292     1.102     1.408     1.681     1.859     2.257     3.164     8.659
 537.001    175959         0    175964           0.316     1.124     1.425     1.706     1.893     2.331    10.322    43.909
 538.001    176059         0    176063           0.269     1.084     1.393     1.669     1.844     2.238     3.035     7.721
 539.001    175970         0    175959           0.273     1.068     1.371     1.636     1.802     2.159     2.640     4.940
 540.001    176025         0    176008           0.284     1.096     1.401     1.669     1.840     2.200     2.669     3.969
 541.001    175989         0    175989           0.300     1.068     1.368     1.632     1.797     2.148     2.609     3.944
 542.001    175993         0    176018           0.293     1.080     1.386     1.658     1.836     2.249     3.330    21.234
 543.001    176018         0    176022           0.288     1.066     1.359     1.616     1.777     2.118     2.597     3.813
 544.001    175997         0    175984           0.284     1.084     1.379     1.642     1.809     2.163     2.716     4.317
 545.001    176037         0    176026           0.282     1.079     1.389     1.659     1.833     2.226     3.088     8.036
 546.001    175994         0    175995           0.291     1.080     1.384     1.656     1.824     2.195     2.736     7.524
 547.001    175889         0    175826           0.264     1.068     1.372     1.645     1.821     2.253     5.648    33.227
 548.000    176112         0    176189           0.278     1.076     1.385     1.664     1.842     2.300     5.362    33.128
 549.001    175998         0    176000           0.285     1.074     1.383     1.664     1.846     2.267     3.183     9.667
 550.001    175992         0    175998           0.308     1.051     1.358     1.627     1.792     2.152     2.763     9.110
 551.001    176014         0    175996           0.305     1.080     1.388     1.659     1.831     2.232     2.900     5.566
 552.001    175971         0    175978           0.297     1.082     1.379     1.645     1.815     2.195     3.004    11.018
 553.001    176005         0    176010           0.290     1.076     1.388     1.656     1.824     2.187     2.755     6.185
 554.001    176002         0    176006           0.282     1.068     1.382     1.668     1.858     2.376    21.578    31.719
 555.001    175980         0    175958           0.307     1.072     1.382     1.653     1.824     2.189     2.818     5.816
 556.001    176056         0    176053           0.295     1.066     1.376     1.656     1.830     2.204     2.912     8.282
 557.001    175980         0    176002           0.300     1.107     1.419     1.703     1.886     2.314     3.107     7.078
 558.001    175987         0    175986           0.280     1.085     1.388     1.656     1.829     2.212     2.765     4.674
 559.001    176071         0    176015           0.288     1.062     1.372     1.641     1.810     2.167     2.656     6.111
 560.001    175966         0    176001           0.302     1.102     1.412     1.684     1.862     2.243     2.830     4.952
 561.001    175990         0    175993           0.284     1.065     1.371     1.641     1.803     2.161     2.607     3.903
 562.001    176038         0    175987           0.315     1.107     1.416     1.696     1.876     2.298     3.582    10.584
 563.000    175965         0    176026           0.272     1.102     1.411     1.696     1.887     2.380     5.317    15.049
 564.002    175938         0    175711           0.282     1.095     1.405     1.688     1.874     2.417     4.997    10.961
 564.999    176056         0    176297           0.314     1.142     1.471     1.821     2.146     6.877    41.255    64.389
 566.001    175997         0    175994           0.299     1.111     1.418     1.704     1.891     2.320     4.973    18.743
 567.001    175749         0    175750           0.285     1.109     1.421     1.716     1.916     2.748    46.268    79.364
 568.001    176279         0    176256           0.284     1.097     1.418     1.711     1.904     2.359     5.501    37.093
 569.001    175980         0    175995           0.275     1.110     1.419     1.697     1.877     2.257     2.761     4.465
 570.001    176029         0    176000           0.294     1.163     1.493     1.843     2.146     3.633    33.292    56.984
 571.001    175945         0    175982           0.290     1.107     1.422     1.708     1.890     2.296     2.877     5.505
 572.001    176004         0    176007           0.280     1.113     1.433     1.719     1.905     2.306     2.867     5.095
 573.001    176076         0    176044           0.296     1.124     1.435     1.720     1.905     2.306     2.853     4.993
 574.001    175954         0    175977           0.314     1.146     1.469     1.770     1.971     2.435     3.213     5.677
 575.001    176026         0    176014           0.316     1.109     1.423     1.709     1.892     2.298     2.914     5.571
 576.001    175980         0    175991           0.303     1.106     1.422     1.709     1.898     2.329     2.974     7.582
 577.001    176024         0    176007           0.295     1.099     1.413     1.699     1.884     2.308     2.988     5.521
 578.001    176017         0    176026           0.309     1.113     1.426     1.704     1.888     2.286     2.785     3.961
 579.001    175968         0    175986           0.315     1.141     1.463     1.759     1.951     2.365     2.970     4.284
 580.001    175999         0    175998           0.305     1.128     1.435     1.716     1.904     2.335     3.230     6.431
 581.001    175993         0    175992           0.278     1.122     1.434     1.717     1.901     2.302     2.896    11.174
 582.001    176052         0    176018           0.303     1.133     1.453     1.755     1.967     2.458     3.647     9.150
 583.002    175946         0    175984           0.287     1.132     1.437     1.722     1.917     2.359     3.860    22.462
 584.001    176018         0    176010           0.297     1.104     1.415     1.694     1.871     2.267     2.886     5.427
 585.001    176008         0    176012           0.307     1.087     1.403     1.678     1.853     2.241     2.759     5.222
 586.001    175996         0    175994           0.289     1.069     1.381     1.651     1.822     2.198     2.839     6.025
 587.001    175993         0    175999           0.304     1.075     1.374     1.634     1.799     2.144     2.654     4.155
 588.001    176025         0    176011           0.286     1.086     1.388     1.657     1.828     2.204     2.724     4.370
 589.001    175979         0    175989           0.293     1.105     1.420     1.703     1.886     2.279     2.851     4.952
 590.001    175999         0    176004           0.317     1.100     1.405     1.679     1.859     2.265     3.170     5.648
 591.001    176028         0    176007           0.295     1.098     1.404     1.679     1.853     2.265     2.845     4.850
 592.001    175976         0    175992           0.306     1.114     1.418     1.705     1.905     2.425     8.716    30.556
 593.001    176015         0    176024           0.291     1.082     1.381     1.648     1.818     2.206     2.830     7.049
 594.001    176014         0    176011           0.300     1.084     1.389     1.656     1.821     2.177     2.685     5.108
 595.001    175993         0    175982           0.283     1.065     1.373     1.637     1.798     2.134     2.542     3.623
 596.001    176012         0    176010           0.297     1.071     1.381     1.659     1.843     2.273     3.332     8.487
 597.001    175958         0    175964           0.287     1.108     1.424     1.707     1.895     2.329     3.551    13.500
 598.001    176041         0    176035           0.280     1.119     1.434     1.720     1.911     2.367     3.650    10.404
 599.001    175989         0    175996           0.300     1.154     1.517     1.997     3.226     9.634    76.546    93.979
 600.001    176036         0    176012           0.306     1.079     1.393     1.667     1.842     2.218     2.767     4.198
 601.001    175973         0    175991           0.282     1.109     1.433     1.740     1.964     2.796     9.224    51.118
 602.001    176012         0    176014           0.298     1.134     1.461     1.801     2.075     4.131    53.281    80.609
 603.001    176000         0    175992           0.292     1.104     1.412     1.693     1.874     2.288     2.970     9.265
 604.001    175979         0    175976           0.322     1.098     1.407     1.683     1.862     2.251     2.791     4.145
 605.001    176020         0    176033           0.302     1.134     1.448     1.744     1.943     2.413     5.706    16.957
 606.001    175838         0    175832           0.291     1.118     1.427     1.720     1.918     2.499    14.983    40.239
 607.001    176143         0    176163           0.317     1.122     1.447     1.755     1.973     2.816    21.938    62.358
 608.001    176024         0    176011           0.303     1.104     1.422     1.702     1.880     2.286     2.871     8.270
 609.001    176033         0    176016           0.293     1.102     1.424     1.715     1.900     2.324     3.011     4.964
 610.001    175943         0    175964           0.293     1.115     1.435     1.722     1.911     2.357     3.166     5.669
 611.001    176003         0    176008           0.285     1.104     1.411     1.694     1.877     2.288     2.910     6.017
 612.001    176039         0    176039           0.280     1.187     1.518     1.873     2.173     5.001    47.186    70.648
 613.001    175995         0    175983           0.296     1.147     1.466     1.764     1.959     2.413     3.375     8.049
 614.001    175976         0    175987           0.302     1.109     1.410     1.684     1.858     2.243     2.761     4.065
 615.001    176033         0    176015           0.307     1.125     1.444     1.745     1.944     2.398     3.166     6.840
 616.001    176010         0    176009           0.303     1.120     1.439     1.725     1.912     2.324     2.982     4.829
 617.001    176002         0    176009           0.298     1.086     1.397     1.675     1.850     2.224     2.746     4.551
 618.001    176008         0    176002           0.302     1.082     1.389     1.659     1.831     2.200     2.728     4.735
 619.001    175996         0    175999           0.289     1.101     1.412     1.688     1.869     2.281     3.596     7.266
 620.001    176003         0    175998           0.284     1.083     1.390     1.660     1.831     2.200     2.683     4.231
 621.001    175991         0    176010           0.292     1.078     1.381     1.653     1.822     2.193     2.759     4.760
 622.001    176004         0    176002           0.322     1.094     1.405     1.687     1.866     2.288     3.500     8.733
 623.001    176028         0    176020           0.286     1.097     1.403     1.675     1.847     2.216     2.771     4.534
 624.001    175964         0    175973           0.294     1.119     1.443     1.735     1.921     2.335     2.931     4.243
 625.001    176020         0    176004           0.286     1.147     1.464     1.760     1.959     2.413     3.293     6.685
 626.001    175984         0    176001           0.251     1.127     1.451     1.749     1.946     2.382     3.047     4.239
 627.001    176015         0    175956           0.296     1.106     1.412     1.683     1.855     2.236     2.773     4.235
 628.001    176002         0    176054           0.301     1.093     1.408     1.690     1.868     2.261     2.826     4.694
 629.001    176030         0    176016           0.318     1.097     1.415     1.694     1.870     2.263     2.824     4.792
 630.002    175939         0    175955           0.307     1.084     1.407     1.691     1.869     2.265     2.822     5.984
 631.001    176030         0    176033           0.306     1.084     1.407     1.691     1.877     2.322     3.848    18.137
 632.001    175980         0    175966           0.291     1.077     1.381     1.651     1.820     2.185     2.636     4.469
 633.001    176074         0    176055           0.294     1.106     1.414     1.689     1.865     2.259     2.888     4.870
 634.001    175949         0    175983           0.305     1.101     1.406     1.683     1.863     2.290     3.078     8.593
 635.001    175938         0    175943           0.281     1.085     1.390     1.663     1.829     2.202     2.712     4.997
 636.001    176110         0    176089           0.281     1.105     1.411     1.680     1.857     2.253     3.009     4.973
 637.001    175987         0    176001           0.313     1.102     1.417     1.699     1.887     2.322     3.813    27.116
 638.001    175973         0    175975           0.306     1.061     1.369     1.636     1.803     2.161     2.652     4.956
 639.001    176037         0    176002           0.286     1.095     1.392     1.660     1.828     2.202     3.015    11.305
 640.001    175964         0    175988           0.304     1.062     1.368     1.635     1.805     2.175     2.742     6.980
 641.001    176020         0    176014           0.289     1.076     1.375     1.637     1.796     2.144     2.589     3.604
 642.001    175963         0    175983           0.308     1.063     1.368     1.635     1.803     2.163     2.691     4.473
 643.001    176054         0    176032           0.289     1.090     1.408     1.693     1.874     2.265     2.853     5.132
 644.001    175984         0    175998           0.292     1.092     1.412     1.692     1.876     2.302     3.174     6.906
 645.001    175991         0    175991           0.266     1.075     1.377     1.641     1.805     2.157     2.712     5.501
 646.001    176034         0    175957           0.319     1.079     1.382     1.653     1.823     2.193     2.832     4.846
 647.003    175967         0    176054           0.297     1.074     1.386     1.667     1.855     2.423     4.428     6.070
 648.001    176023         0    176024           0.299     1.058     1.361     1.621     1.783     2.126     2.574     3.443
 649.001    176014         0    176002           0.316     1.071     1.378     1.648     1.816     2.171     2.716     6.353
 650.001    175983         0    175992           0.297     1.093     1.404     1.684     1.867     2.300     3.340     7.004
 651.001    176001         0    175983           0.315     1.085     1.395     1.670     1.851     2.284     6.443    25.248
 652.001    176026         0    176023           0.294     1.073     1.381     1.657     1.832     2.234     3.154     7.836
 653.001    175996         0    176025           0.302     1.089     1.392     1.660     1.831     2.198     2.701     6.808
 654.001    176008         0    175997           0.300     1.077     1.391     1.675     1.864     2.367    12.657    43.581
 655.001    175979         0    175986           0.308     1.085     1.379     1.638     1.799     2.144     2.603     7.168
 656.001    175991         0    175981           0.295     1.069     1.380     1.654     1.829     2.214     2.824     6.062
 657.001    176011         0    176006           0.300     1.110     1.420     1.705     1.892     2.355     5.865    16.220
 658.001    175989         0    176002           0.315     1.102     1.419     1.706     1.898     2.353     4.289    18.842
 659.001    175992         0    175980           0.306     1.090     1.393     1.660     1.833     2.232     3.013    15.057
 660.001    176042         0    176046           0.286     1.067     1.378     1.651     1.824     2.202     2.732     6.222
 661.001    175981         0    175979           0.285     1.089     1.393     1.662     1.832     2.200     2.761     5.337
 662.001    176003         0    176013           0.293     1.092     1.400     1.673     1.845     2.234     2.970     6.701
 663.001    175999         0    175988           0.302     1.072     1.384     1.660     1.837     2.230     2.779     5.153
 664.001    175958         0    175956           0.315     1.090     1.392     1.664     1.840     2.245     3.740    15.860
 665.001    176040         0    176042           0.295     1.105     1.409     1.683     1.859     2.245     2.742     3.926
 666.001    175989         0    175997           0.300     1.108     1.413     1.683     1.861     2.247     2.802     6.762
 667.001    176016         0    176016           0.295     1.105     1.427     1.722     1.923     2.421     3.797     9.331
 668.001    176022         0    176007           0.300     1.120     1.431     1.717     1.908     2.359     3.506    21.119
 669.001    175963         0    175976           0.296     1.122     1.434     1.720     1.910     2.322     2.918     4.502
 670.001    176038         0    176031           0.289     1.126     1.438     1.724     1.910     2.324     2.943     5.403
 671.001    175985         0    175994           0.299     1.092     1.417     1.698     1.873     2.257     2.802     6.709
 672.001    175995         0    175996           0.298     1.066     1.383     1.661     1.842     2.255     3.107    12.714
 673.001    176042         0    176030           0.301     1.084     1.385     1.650     1.812     2.171     2.662     4.145
 674.001    176031         0    176013           0.265     1.067     1.375     1.647     1.815     2.193     2.753     4.579
 675.001    175942         0    175970           0.276     1.080     1.393     1.668     1.842     2.241     3.451    31.867
 676.001    176007         0    176007           0.278     1.109     1.423     1.731     1.961     2.861     6.922    33.440
 677.001    176030         0    176033           0.306     1.111     1.417     1.699     1.886     2.320     4.649    17.793
 678.001    176004         0    175973           0.291     1.102     1.408     1.688     1.879     2.363     7.836    22.348
 679.002    175997         0    176023           0.313     1.109     1.412     1.689     1.872     2.294     3.521     9.150
 680.001    175969         0    175975           0.294     1.058     1.365     1.635     1.805     2.169     2.701     7.000
 681.001    176001         0    175988           0.290     1.094     1.397     1.672     1.860     2.351    12.927    29.770
 682.001    176026         0    176020           0.266     1.096     1.409     1.704     1.914     2.656    28.279    37.290
 683.001    175989         0    175991           0.290     1.098     1.401     1.675     1.858     2.318     5.865    16.605
 684.001    175994         0    175994           0.306     1.094     1.403     1.682     1.863     2.259     2.836     4.403
 685.002    176045         0    176049           0.306     1.119     1.439     1.735     1.930     2.382     3.652    12.739
 686.001    176012         0    176003           0.265     1.072     1.377     1.647     1.820     2.202     2.759     4.129
 687.001    175994         0    175991           0.291     1.056     1.360     1.623     1.788     2.138     2.654     4.379
 688.001    175990         0    175998           0.288     1.137     1.456     1.759     1.987     2.869    12.657    24.265
 689.001    175983         0    175985           0.305     1.093     1.404     1.687     1.872     2.286     3.252     6.332
 690.001    176009         0    176016           0.250     1.169     1.490     1.793     2.002     2.488     3.752     8.335
 691.001    175971         0    175965           0.308     1.165     1.486     1.784     1.990     2.451     3.797     9.527
 692.001    176012         0    176020           0.315     1.122     1.430     1.717     1.903     2.322     2.982     8.131
 693.001    176006         0    176008           0.292     1.134     1.452     1.740     1.930     2.337     2.939     5.796
 694.001    176005         0    175994           0.316     1.127     1.438     1.729     1.921     2.384     4.653    24.527
 695.001    176000         0    176004           0.310     1.114     1.430     1.719     1.916     2.421     6.631    21.561
 696.001    175993         0    175998           0.314     1.101     1.408     1.687     1.863     2.261     3.047     8.634
 697.001    176042         0    176018           0.290     1.125     1.446     1.731     1.920     2.372     3.678     7.078
 698.001    176003         0    176019           0.295     1.148     1.483     1.796     2.011     2.509     3.586     7.492
 699.001    176010         0    176003           0.287     1.154     1.490     1.834     2.122     5.665    63.865    94.437
 700.001    175956         0    175972           0.298     1.125     1.434     1.715     1.898     2.306     2.900     7.774
 701.001    176037         0    176040           0.315     1.116     1.430     1.712     1.896     2.339     3.973    15.368
 702.001    175989         0    175976           0.280     1.116     1.438     1.734     1.932     2.433     5.427    21.692
 703.001    175950         0    175886           0.297     1.155     1.469     1.769     1.982     2.540     4.538    12.108
 704.001    176055         0    176118           0.287     1.129     1.441     1.727     1.918     2.370     3.269    12.607
 705.001    176003         0    175990           0.308     1.124     1.436     1.719     1.903     2.318     3.041     8.016
 706.001    175990         0    176007           0.265     1.154     1.477     1.788     2.003     2.513     4.411    31.687
 707.001    176011         0    176012           0.306     1.150     1.474     1.782     1.996     2.521     4.850     9.708
 708.001    175998         0    176005           0.318     1.137     1.453     1.749     1.942     2.380     3.111     6.308
 709.002    175454         0    175288           0.276     1.110     1.431     1.752     2.037     7.254     9.945    15.540
 710.002    175136         0    174971           0.302     1.136     1.480     1.883     2.521    15.999    70.910    86.966
 711.000    177443         0    177756           0.273     1.108     1.433     1.773     2.163    12.386    25.526    53.477
 712.001    175983         0    175993           0.296     1.116     1.425     1.708     1.895     2.327     3.033     6.754
 713.001    175993         0    175998           0.304     1.125     1.433     1.713     1.898     2.316     3.394     8.454
 714.001    175989         0    175967           0.305     1.106     1.412     1.688     1.864     2.259     2.941     9.609
 715.001    176011         0    176030           0.299     1.135     1.441     1.733     1.925     2.396     4.256    13.345
 716.001    176001         0    176011           0.305     1.104     1.416     1.699     1.883     2.306     3.109     5.366
 717.001    175964         0    175964           0.310     1.078     1.378     1.642     1.810     2.181     3.041    25.805
 718.001    176010         0    176004           0.282     1.106     1.416     1.693     1.869     2.288     3.363    11.403
 719.001    176031         0    176040           0.289     1.098     1.411     1.695     1.882     2.304     3.142    13.361
 720.001    176027         0    175997           0.306     1.078     1.386     1.660     1.838     2.267     4.329     9.699
 721.001    176012         0    176021           0.274     1.064     1.366     1.631     1.797     2.161     2.871     9.200
 722.001    176000         0    176012           0.310     1.086     1.384     1.652     1.821     2.195     2.808     5.079
 723.001    175961         0    175968           0.293     1.106     1.415     1.693     1.872     2.292     3.899     9.282
 724.001    176011         0    176001           0.306     1.091     1.394     1.661     1.829     2.210     2.836     6.722
 725.001    176009         0    176017           0.309     1.073     1.382     1.655     1.832     2.241     2.935     6.087
 726.001    176023         0    175999           0.296     1.094     1.405     1.679     1.864     2.292     3.645    14.377
 727.001    176004         0    176018           0.290     1.083     1.386     1.653     1.820     2.195     2.947     7.021
 728.001    176012         0    176014           0.258     1.137     1.452     1.760     1.998     3.850    46.825    62.226
 729.001    175966         0    175958           0.288     1.068     1.372     1.638     1.806     2.165     2.646     4.801
 730.001    176010         0    176032           0.314     1.095     1.405     1.688     1.871     2.281     2.908     9.413
 731.001    175986         0    175969           0.298     1.071     1.375     1.639     1.803     2.165     2.689     6.599
 732.001    176005         0    176016           0.291     1.085     1.383     1.650     1.818     2.191     2.660     3.799
 733.001    176060         0    175990           0.310     1.093     1.401     1.672     1.845     2.232     2.785     5.878
 734.001    175953         0    176015           0.275     1.133     1.451     1.764     1.998     2.724    13.001    35.160
 735.001    176036         0    176023           0.307     1.140     1.462     1.769     1.987     2.552    14.803    32.686
 736.001    176015         0    176007           0.268     1.108     1.422     1.707     1.896     2.357     4.411    10.256
 737.001    175965         0    175998           0.295     1.106     1.407     1.682     1.864     2.306     7.422    28.213
 738.001    175971         0    175966           0.284     1.087     1.386     1.655     1.827     2.200     2.757     6.423
 739.001    176047         0    176021           0.304     1.089     1.397     1.677     1.861     2.343     6.726    17.482
 740.001    175975         0    176008           0.277     1.121     1.426     1.707     1.894     2.394    11.674    24.560
 741.001    176015         0    176004           0.311     1.097     1.407     1.688     1.871     2.365     9.912    19.022
 742.001    175995         0    176001           0.287     1.139     1.459     1.759     1.964     2.486     6.107    28.590
 743.001    175998         0    175992           0.297     1.069     1.371     1.635     1.802     2.169     2.712     4.891
 744.001    175994         0    176000           0.307     1.112     1.414     1.689     1.871     2.275     3.052     5.726
 745.001    176020         0    175983           0.276     1.094     1.391     1.659     1.830     2.212     2.814     6.046
 746.001    176030         0    176019           0.303     1.151     1.475     1.819     2.161     5.489     7.262    16.220
 747.001    175959         0    175986           0.323     1.141     1.455     1.742     1.925     2.353     3.398    14.049
 748.001    176014         0    176018           0.278     1.082     1.391     1.668     1.841     2.236     2.800     4.596
 749.001    175984         0    176004           0.290     1.078     1.390     1.668     1.847     2.277     3.228     7.926
 750.001    176020         0    176005           0.287     1.110     1.419     1.696     1.879     2.298     3.111     5.579
 751.001    176012         0    176026           0.277     1.126     1.435     1.729     1.926     2.439     4.174    16.253
 752.001    175964         0    175961           0.307     1.101     1.412     1.691     1.873     2.316     5.165    22.512
 753.001    176032         0    176022           0.296     1.114     1.421     1.709     1.895     2.355     7.139    30.589
 754.001    175974         0    175985           0.307     1.123     1.433     1.717     1.908     2.361     8.880    33.096
 755.001    175995         0    175992           0.308     1.137     1.451     1.748     1.955     2.494    25.068    51.282
 756.002    176094         0    175970           0.306     1.124     1.435     1.732     1.944     2.822    21.103    32.915
 757.001    175992         0    176025           0.281     1.101     1.423     1.714     1.917     2.509     4.690     7.365
 758.000    175944         0    176032           0.297     1.124     1.437     1.736     1.949     2.599     5.239     6.926
 759.001    176013         0    176018           0.293     1.062     1.359     1.621     1.789     2.142     2.615     5.378
 760.001    175988         0    175988           0.287     1.082     1.388     1.651     1.816     2.171     2.744     6.132
 761.001    176011         0    176014           0.275     1.105     1.419     1.707     1.904     2.435     8.479    23.757
 762.001    176001         0    175999           0.311     1.123     1.439     1.727     1.917     2.359     3.766    10.863
 763.001    175973         0    175973           0.305     1.075     1.384     1.657     1.834     2.214     2.796     4.276
 764.001    176038         0    176024           0.303     1.092     1.390     1.655     1.822     2.183     2.642     5.026
 765.001    176025         0    176036           0.265     1.096     1.391     1.656     1.825     2.177     2.679     4.354
 766.001    175985         0    175979           0.290     1.113     1.440     1.742     1.967     3.189    38.175    67.895
 767.001    176020         0    176011           0.314     1.096     1.400     1.672     1.849     2.253     3.297     8.520
 768.001    175957         0    175972           0.296     1.112     1.419     1.703     1.882     2.288     2.910     4.633
 769.001    176022         0    176016           0.303     1.056     1.353     1.613     1.776     2.111     2.544     3.654
 770.001    175967         0    175969           0.297     1.148     1.460     1.764     1.975     2.544     7.205    21.610
 771.001    176011         0    175999           0.304     1.085     1.388     1.659     1.837     2.236     2.865     4.768
 772.001    176022         0    176036           0.245     1.144     1.453     1.743     1.936     2.394     3.656     9.486
 773.001    176001         0    175970           0.313     1.108     1.424     1.706     1.894     2.335     3.506     6.537
 774.001    176012         0    176040           0.310     1.084     1.391     1.660     1.830     2.195     2.654     3.498
 775.001    175993         0    175981           0.296     1.115     1.421     1.701     1.878     2.263     2.820     4.628
 776.001    175998         0    176014           0.284     1.103     1.409     1.689     1.877     2.345    13.771    46.465
 777.001    176068         0    176034           0.308     1.106     1.416     1.694     1.877     2.294     3.054     5.997
 778.001    175947         0    175970           0.296     1.100     1.409     1.690     1.871     2.310     3.658    10.822
 779.001    176004         0    176017           0.292     1.095     1.396     1.666     1.846     2.247     3.019     5.714
 780.001    176015         0    176013           0.273     1.105     1.412     1.692     1.872     2.261     2.851     5.292
 781.001    175985         0    175982           0.283     1.085     1.396     1.674     1.852     2.247     2.814     7.184
 782.001    176000         0    175996           0.317     1.100     1.409     1.688     1.865     2.251     2.816     7.487
 783.001    176003         0    176000           0.283     1.095     1.409     1.691     1.872     2.284     3.045    11.649
 784.001    176024         0    176015           0.300     1.119     1.432     1.721     1.915     2.363     3.338     7.471
 785.001    175927         0    175941           0.285     1.086     1.400     1.673     1.847     2.226     2.839     5.657
 786.001    176073         0    176070           0.293     1.081     1.385     1.659     1.836     2.222     3.021     7.856
 787.001    175950         0    175957           0.291     1.070     1.380     1.652     1.822     2.185     2.642     3.514
 788.001    176005         0    175994           0.302     1.093     1.410     1.686     1.868     2.261     2.820     6.287
 789.001    176042         0    176049           0.303     1.073     1.386     1.663     1.837     2.216     2.773     6.951
 790.001    175996         0    176005           0.311     1.081     1.385     1.646     1.810     2.161     2.613     3.858
 791.001    176012         0    175984           0.303     1.093     1.401     1.680     1.864     2.284     3.412    12.378
 792.001    175958         0    175984           0.302     1.112     1.426     1.712     1.896     2.296     2.910     6.328
 793.001    176030         0    176025           0.311     1.105     1.415     1.693     1.868     2.243     2.746     4.123
 794.001    176040         0    176024           0.285     1.116     1.432     1.724     1.926     2.392     3.443     8.511
 795.001    175945         0    175960           0.303     1.093     1.407     1.687     1.870     2.292     3.455     7.328
 796.001    175997         0    175999           0.306     1.103     1.415     1.691     1.872     2.286     2.947     5.439
 797.001    176037         0    176037           0.306     1.102     1.424     1.721     1.923     2.427     7.315    29.065
 798.001    176050         0    175976           0.290     1.140     1.461     1.787     2.087     5.345    19.857    27.460
 799.000    175963         0    176026           0.278     1.124     1.431     1.722     1.920     2.488    27.738    48.988
 800.001    176004         0    175991           0.305     1.113     1.425     1.706     1.892     2.304     3.113     7.873
 801.001    176011         0    175972           0.293     1.134     1.439     1.724     1.917     2.425    14.221    31.392
 802.001    175993         0    176040           0.248     1.107     1.414     1.693     1.876     2.318     7.504    23.560
 803.001    175964         0    175980           0.282     1.101     1.405     1.679     1.858     2.259     2.945     4.927
 804.001    176017         0    176013           0.258     1.089     1.392     1.659     1.828     2.224     2.990     6.926
 805.001    176027         0    176022           0.275     1.090     1.403     1.687     1.874     2.320     3.588     9.773
 806.001    176000         0    176002           0.286     1.119     1.439     1.750     1.998     3.338    70.910    96.207
 807.001    175962         0    175968           0.312     1.106     1.426     1.718     1.907     2.370    15.376    32.309
 808.001    176044         0    176039           0.292     1.100     1.411     1.693     1.881     2.351    12.755    29.917
 809.001    175990         0    175989           0.312     1.097     1.407     1.684     1.864     2.265     3.373    11.149
 810.001    176013         0    176001           0.296     1.086     1.390     1.665     1.843     2.271     3.138     5.472
 811.001    175983         0    175972           0.285     1.081     1.386     1.657     1.823     2.187     2.636     3.955
 812.001    176030         0    176050           0.284     1.063     1.373     1.649     1.826     2.236     6.074    17.203
 813.001    175973         0    175981           0.295     1.120     1.421     1.697     1.874     2.265     2.798     5.837
 814.001    176019         0    176009           0.301     1.075     1.375     1.640     1.807     2.165     2.712     7.250
 815.001    176021         0    176023           0.311     1.092     1.399     1.671     1.847     2.249     4.694    14.426
 816.001    175970         0    175970           0.314     1.100     1.405     1.682     1.866     2.273     2.972    18.498
 817.001    175997         0    175982           0.293     1.126     1.446     1.779     2.088     5.202    35.357    71.238
 818.001    176016         0    176034           0.301     1.121     1.428     1.713     1.903     2.359     8.544    26.706
 819.001    175996         0    175993           0.298     1.109     1.416     1.695     1.881     2.333     4.833    12.149
 820.001    176015         0    176026           0.301     1.115     1.425     1.707     1.891     2.288     3.027     8.245
 821.001    175987         0    175984           0.278     1.097     1.411     1.700     1.903     2.785    29.360    43.483
 822.001    176002         0    176009           0.293     1.075     1.388     1.659     1.830     2.185     2.648     3.656
 823.001    176023         0    175995           0.289     1.127     1.463     1.811     2.136     6.427    35.881    66.650
 824.001    175962         0    175988           0.280     1.123     1.431     1.711     1.893     2.288     2.828     6.099
 825.001    176056         0    175997           0.279     1.112     1.430     1.714     1.897     2.292     2.916     6.414
 826.001    175964         0    176018           0.295     1.112     1.417     1.696     1.875     2.277     2.816     4.780
 827.001    175977         0    175973           0.302     1.108     1.425     1.713     1.898     2.310     2.990     7.574
 828.001    176039         0    176019           0.287     1.103     1.417     1.697     1.879     2.273     2.853     4.583
 829.001    176006         0    176016           0.258     1.124     1.432     1.715     1.895     2.273     2.755     4.248
 830.001    176000         0    176005           0.280     1.115     1.412     1.681     1.853     2.230     2.847     4.403
 831.001    175984         0    176002           0.280     1.079     1.381     1.651     1.821     2.185     2.748     6.726
 832.001    176027         0    176009           0.287     1.098     1.408     1.690     1.876     2.304     3.418    19.005
 833.001    175971         0    175984           0.291     1.102     1.409     1.705     1.929     2.982    26.477    44.892
 834.001    176031         0    176033           0.298     1.125     1.437     1.717     1.904     2.351     3.811     9.986
 835.001    175975         0    175964           0.284     1.108     1.420     1.696     1.875     2.275     3.215     9.667
 836.001    176036         0    176038           0.308     1.077     1.382     1.652     1.823     2.185     2.669     4.436
 837.001    175997         0    176005           0.307     1.138     1.444     1.731     1.922     2.386     5.714    24.510
 838.001    175981         0    175976           0.302     1.146     1.455     1.741     1.935     2.380     3.482     7.606
 839.001    176004         0    176002           0.302     1.125     1.447     1.743     1.937     2.380     3.178     8.028
 840.001    175999         0    175997           0.285     1.142     1.454     1.745     1.939     2.398     4.391    10.641
 841.001    176000         0    176000           0.290     1.162     1.511     1.951     2.943    11.035    60.850    92.602
 842.001    175975         0    175984           0.302     1.132     1.448     1.742     1.934     2.376     3.488     7.320
 843.001    176011         0    175996           0.296     1.122     1.443     1.739     1.924     2.337     3.029     8.036
 844.002    176033         0    176042           0.305     1.112     1.420     1.697     1.872     2.257     2.796     4.829
 845.001    176008         0    175981           0.299     1.111     1.423     1.710     1.903     2.384    15.712    34.669
 846.001    176007         0    176034           0.290     1.107     1.412     1.686     1.863     2.267     2.904     5.931
 847.001    175990         0    175998           0.290     1.113     1.418     1.696     1.873     2.271     2.877     4.747
 848.001    176007         0    175982           0.305     1.083     1.380     1.650     1.820     2.189     2.634     3.770
 849.001    175970         0    175985           0.293     1.098     1.397     1.660     1.825     2.181     2.677     3.752
 850.001    176035         0    176034           0.275     1.108     1.414     1.688     1.867     2.251     2.849     4.903
 851.001    176009         0    176013           0.296     1.112     1.421     1.696     1.870     2.238     2.716     4.207
 852.001    175985         0    175993           0.280     1.074     1.378     1.648     1.818     2.206     3.004     7.373
 853.001    175998         0    175979           0.294     1.076     1.377     1.647     1.821     2.202     2.896     7.528
 854.001    176022         0    176018           0.306     1.109     1.419     1.696     1.876     2.265     2.812     5.038
 855.001    175996         0    176009           0.294     1.106     1.417     1.696     1.876     2.288     3.072     6.664
 856.001    176013         0    175995           0.307     1.092     1.394     1.667     1.840     2.208     2.714     4.053
 857.001    176014         0    176036           0.302     1.087     1.392     1.664     1.842     2.251     3.219    22.643
 858.001    175982         0    175984           0.297     1.114     1.419     1.692     1.869     2.275     3.138    10.527
 859.001    176025         0    175986           0.286     1.091     1.390     1.660     1.835     2.243     2.898     5.960
 860.001    175986         0    175999           0.290     1.129     1.441     1.729     1.920     2.413    20.627    45.941
 861.001    175962         0    175971           0.295     1.093     1.405     1.688     1.868     2.312    26.001    41.189
 862.001    176041         0    176050           0.302     1.109     1.412     1.692     1.872     2.271     2.959     4.674
 863.001    175966         0    175959           0.298     1.106     1.421     1.708     1.901     2.349     3.887    16.622
 864.001    176022         0    176029           0.302     1.099     1.414     1.694     1.876     2.302     3.193     6.001
 865.001    176013         0    176011           0.314     1.117     1.424     1.704     1.887     2.288     3.260     7.455
 866.001    175980         0    175982           0.314     1.070     1.385     1.670     1.849     2.234     2.830     4.993
 867.001    176022         0    176026           0.315     1.124     1.437     1.721     1.904     2.322     3.066     5.714
 868.001    176014         0    176003           0.309     1.096     1.403     1.676     1.851     2.224     2.710     5.034
 869.001    175989         0    176007           0.305     1.101     1.395     1.663     1.833     2.224     2.865     4.768
 870.001    176013         0    175977           0.308     1.097     1.399     1.667     1.837     2.208     2.710     8.274
 871.001    176009         0    176035           0.300     1.104     1.407     1.682     1.863     2.253     2.859     4.538
 872.001    176017         0    175995           0.315     1.105     1.413     1.694     1.874     2.263     2.771     4.624
 873.001    175967         0    175991           0.300     1.109     1.421     1.704     1.894     2.320     3.701     9.003
 874.001    176004         0    176006           0.291     1.167     1.486     1.799     2.016     2.619    15.294    52.330
 875.001    175992         0    175972           0.284     1.089     1.404     1.684     1.861     2.241     2.769     4.276
 876.001    175998         0    176016           0.289     1.133     1.444     1.740     1.952     2.611    36.635    59.441
 877.001    176027         0    176027           0.301     1.096     1.394     1.665     1.837     2.210     2.777     7.156
 878.001    175978         0    175980           0.304     1.103     1.408     1.689     1.869     2.271     2.771     6.119
 879.001    175980         0    175985           0.267     1.105     1.420     1.706     1.893     2.320     3.207    12.059
 880.001    176049         0    176029           0.277     1.095     1.395     1.668     1.844     2.230     2.789     7.201
 881.001    175958         0    175969           0.302     1.111     1.425     1.710     1.892     2.294     2.922     4.805
 882.001    176017         0    176022           0.300     1.115     1.436     1.721     1.903     2.269     2.777     4.825
 883.001    176002         0    176003           0.304     1.126     1.432     1.711     1.889     2.271     2.824     4.657
 884.001    175987         0    175983           0.269     1.117     1.421     1.711     1.904     2.312     2.863     4.530
 885.001    176005         0    175996           0.283     1.144     1.456     1.742     1.924     2.322     2.998     5.145
 886.001    176043         0    176055           0.292     1.112     1.438     1.732     1.917     2.333     3.058     5.947
 887.001    175975         0    175969           0.288     1.127     1.435     1.713     1.892     2.294     3.129     6.398
 888.001    176002         0    175992           0.314     1.119     1.425     1.705     1.889     2.320     4.850    21.643
 889.001    176023         0    176040           0.313     1.140     1.457     1.758     1.954     2.421     3.703     8.139
 890.001    175978         0    175969           0.311     1.132     1.440     1.720     1.898     2.306     2.943     6.590
 891.001    175993         0    176004           0.286     1.129     1.442     1.725     1.914     2.324     2.912     4.989
 892.001    176019         0    176013           0.276     1.120     1.426     1.710     1.902     2.384     3.969    10.322
 893.001    176045         0    176020           0.280     1.177     1.509     1.852     2.136     5.009    31.850    52.658
 894.001    175971         0    176002           0.311     1.148     1.454     1.746     1.934     2.392     4.305    18.072
 895.001    176008         0    175976           0.297     1.135     1.447     1.744     1.936     2.396     4.313    24.510
 896.002    175964         0    175999           0.285     1.110     1.418     1.696     1.872     2.251     2.685     3.645
 897.001    176029         0    175989           0.292     1.120     1.437     1.725     1.909     2.298     2.863     8.208
 898.001    176020         0    176043           0.300     1.175     1.494     1.798     2.005     2.519     4.379     8.192
 899.001    175938         0    175946           0.289     1.149     1.454     1.742     1.935     2.357     3.281    11.461
 900.001    176015         0    176001           0.277     1.155     1.487     1.832     2.122     6.185    15.442    37.159
 901.001    176096         0    176040           0.313     1.150     1.459     1.751     1.944     2.380     3.275    10.355
 902.001    175984         0    176025           0.285     1.135     1.444     1.735     1.924     2.384     9.986    31.080
 903.002    175973         0    175984           0.305     1.114     1.421     1.698     1.879     2.271     2.855     4.960
 904.002    176020         0    175988           0.285     1.125     1.443     1.747     1.964     2.673     9.921    50.889
 905.002    176003         0    176039           0.290     1.105     1.400     1.667     1.833     2.179     2.589     3.871
 906.001    175978         0    175981           0.294     1.084     1.386     1.657     1.826     2.181     2.677     4.784
 907.001    175967         0    175967           0.300     1.142     1.452     1.738     1.922     2.337     3.150     8.196
 908.001    176035         0    176053           0.282     1.121     1.440     1.724     1.906     2.310     2.869     7.397
 909.001    176020         0    176008           0.291     1.097     1.402     1.680     1.858     2.257     2.798     5.325
 910.001    175963         0    175975           0.284     1.153     1.462     1.745     1.928     2.337     3.058     8.946
 911.001    176016         0    176014           0.275     1.092     1.391     1.663     1.835     2.202     2.753     4.420
 912.001    175995         0    175983           0.310     1.119     1.435     1.720     1.904     2.284     2.746     4.583
 913.001    176033         0    176008           0.296     1.104     1.423     1.714     1.891     2.284     2.808     5.906
 914.001    175985         0    176006           0.305     1.106     1.417     1.698     1.878     2.255     2.818     5.816
 915.001    176001         0    176007           0.315     1.098     1.410     1.690     1.867     2.267     3.082     6.693
 916.001    176021         0    176024           0.322     1.140     1.455     1.744     1.932     2.343     3.219     6.300
 917.001    175968         0    175963           0.253     1.140     1.457     1.744     1.929     2.316     2.779     3.652
 918.001    176030         0    176032           0.308     1.103     1.420     1.708     1.887     2.281     2.779     5.652
 919.001    175983         0    175986           0.298     1.126     1.439     1.720     1.905     2.320     3.232     9.249
 920.001    176003         0    176015           0.282     1.145     1.461     1.754     1.949     2.378     3.074     4.907
 921.001    176006         0    176000           0.314     1.189     1.534     1.970     2.875     8.700    61.637    91.685
 922.001    175976         0    175978           0.319     1.143     1.462     1.760     1.954     2.396     3.131     4.964
 923.001    176015         0    176013           0.289     1.138     1.455     1.749     1.936     2.345     2.906     5.542
 924.001    175974         0    175972           0.318     1.123     1.443     1.737     1.927     2.355     3.095     6.705
 925.001    176048         0    176027           0.282     1.165     1.491     1.823     2.092     3.385    11.633    41.976
 926.001    176007         0    176003           0.260     1.115     1.416     1.696     1.883     2.312     3.148     5.743
 927.001    175992         0    176024           0.291     1.125     1.435     1.719     1.910     2.335     3.363    10.494
 928.001    175979         0    175964           0.304     1.129     1.435     1.717     1.898     2.298     3.107     9.159
 929.001    176016         0    176009           0.268     1.104     1.412     1.698     1.877     2.271     2.927    11.223
 930.001    176006         0    176016           0.319     1.110     1.413     1.690     1.860     2.228     2.736    10.469
 931.001    176020         0    176014           0.293     1.098     1.407     1.679     1.852     2.220     2.707     4.887
 932.001    176001         0    176011           0.312     1.104     1.408     1.680     1.857     2.241     2.767     4.915
 933.001    175995         0    175996           0.300     1.123     1.426     1.701     1.878     2.257     2.818     4.592
 934.001    176018         0    176014           0.306     1.105     1.405     1.673     1.847     2.241     3.338    27.165
 935.001    175972         0    175969           0.305     1.139     1.441     1.724     1.913     2.349     4.207    22.446
 936.001    176018         0    176022           0.298     1.120     1.433     1.720     1.905     2.300     2.879     5.341
 937.001    175976         0    175964           0.305     1.096     1.406     1.686     1.861     2.236     2.714     7.520
 938.001    176052         0    176061           0.293     1.076     1.388     1.661     1.833     2.212     2.826     6.533
 939.001    175977         0    175941           0.306     1.123     1.426     1.705     1.877     2.247     2.755     7.905
 940.001    175965         0    175998           0.303     1.111     1.421     1.701     1.877     2.263     2.849     4.444
 941.001    176025         0    176035           0.267     1.151     1.467     1.757     1.946     2.382     3.342     7.954
 942.001    175998         0    175997           0.318     1.116     1.419     1.695     1.872     2.263     2.884     8.790
 943.001    175979         0    175978           0.277     1.142     1.452     1.739     1.919     2.355     3.510     8.774
 944.001    176040         0    176032           0.308     1.136     1.435     1.706     1.879     2.261     2.765     5.861
 945.001    175989         0    175999           0.301     1.156     1.470     1.769     1.968     2.427     5.005    12.272
 946.001    176002         0    175990           0.303     1.126     1.440     1.735     1.927     2.372     3.344    11.706
 947.001    176011         0    175999           0.301     1.138     1.446     1.734     1.926     2.349     3.062     8.634
 948.001    175994         0    176021           0.307     1.153     1.456     1.739     1.923     2.331     3.000     5.992
 949.001    176005         0    175993           0.297     1.106     1.410     1.688     1.861     2.259     2.972    10.224
 950.001    176005         0    176000           0.297     1.132     1.437     1.718     1.901     2.296     2.812     4.522
 951.001    175984         0    175990           0.306     1.122     1.427     1.706     1.890     2.277     2.828     4.260
 952.001    176030         0    176037           0.294     1.117     1.425     1.710     1.893     2.320     3.234     8.086
 953.001    175979         0    175982           0.294     1.113     1.412     1.689     1.862     2.234     2.804     4.477
 954.001    176041         0    175998           0.279     1.122     1.425     1.704     1.883     2.275     2.931     9.617
 955.001    175954         0    175988           0.260     1.144     1.465     1.766     1.964     2.415     3.369     8.212
 956.001    176010         0    175997           0.280     1.183     1.503     1.800     2.001     2.419     3.033     4.739
 957.001    175991         0    176006           0.298     1.174     1.496     1.800     2.002     2.458     3.439     7.025
 958.001    176022         0    176019           0.296     1.116     1.431     1.712     1.889     2.261     2.716     4.334
 959.001    176012         0    176006           0.266     1.124     1.445     1.740     1.930     2.365     7.102    21.578
 960.001    176028         0    176034           0.304     1.161     1.500     1.861     2.181     4.764    29.786    45.416
 961.001    175980         0    175980           0.293     1.117     1.426     1.703     1.878     2.249     2.785     5.722
 962.001    175985         0    175993           0.318     1.105     1.409     1.684     1.865     2.257     3.312    13.287
 963.001    176030         0    176022           0.279     1.123     1.422     1.701     1.884     2.302     3.095     7.160
 964.001    175982         0    175983           0.317     1.118     1.430     1.714     1.900     2.349    11.231    22.741
 965.001    175973         0    175971           0.286     1.136     1.461     1.765     1.973     2.482    10.011    25.428
 966.001    176013         0    176002           0.295     1.158     1.473     1.770     1.967     2.460    12.313    49.349
 967.001    176036         0    176041           0.279     1.108     1.417     1.694     1.874     2.271     2.914     6.398
 968.001    176020         0    176011           0.312     1.083     1.388     1.656     1.829     2.195     2.662     4.012
 969.001    175995         0    175986           0.287     1.101     1.402     1.676     1.849     2.220     2.822    12.182
 970.002    175984         0    175999           0.294     1.119     1.416     1.693     1.873     2.269     3.316    15.778
 971.001    175977         0    175996           0.314     1.104     1.415     1.701     1.884     2.304     3.320     7.864
 972.001    176023         0    176025           0.284     1.122     1.439     1.734     1.930     2.394     5.026    31.801
 973.001    175999         0    175989           0.285     1.146     1.458     1.745     1.932     2.327     2.974     5.825
 974.001    176017         0    176024           0.307     1.112     1.421     1.702     1.882     2.284     3.097     6.005
 975.001    176005         0    175997           0.311     1.092     1.398     1.676     1.853     2.261     3.459     9.470
 976.001    175969         0    175976           0.292     1.125     1.433     1.716     1.901     2.361     6.713    37.913
 977.001    176001         0    175998           0.283     1.149     1.467     1.778     1.999     2.652     8.045    43.516
 978.001    176014         0    176023           0.297     1.127     1.437     1.719     1.902     2.310     2.832     4.137
 979.001    176003         0    175995           0.314     1.142     1.453     1.738     1.917     2.298     2.763     4.035
 980.001    176007         0    176004           0.303     1.109     1.420     1.705     1.891     2.314     3.166     8.692
 981.001    175987         0    175978           0.318     1.128     1.446     1.736     1.925     2.341     2.918     7.168
 982.001    176015         0    176031           0.288     1.116     1.431     1.726     1.918     2.370     4.100    13.935
 983.001    176004         0    175992           0.313     1.132     1.441     1.722     1.904     2.300     2.925    10.813
 984.001    175975         0    175986           0.280     1.113     1.430     1.718     1.906     2.312     3.471    12.411
 985.001    176030         0    176022           0.307     1.136     1.449     1.738     1.928     2.386     6.582    16.081
 986.001    175990         0    175998           0.282     1.122     1.437     1.729     1.922     2.402     6.300    15.401
 987.001    176020         0    175974           0.280     1.147     1.463     1.757     1.963     2.554    27.148    45.416
 988.002    176021         0    176052           0.305     1.134     1.440     1.722     1.907     2.329     5.505    17.269
 989.001    175996         0    175998           0.304     1.095     1.405     1.681     1.858     2.245     2.877    11.461
 990.001    175990         0    175991           0.265     1.116     1.428     1.711     1.886     2.275     2.793     6.730
 991.001    175993         0    176004           0.310     1.123     1.445     1.740     1.926     2.331     2.918     4.833
 992.001    175983         0    175983           0.289     1.135     1.445     1.730     1.911     2.296     2.826     6.197
 993.001    176011         0    175983           0.315     1.127     1.456     1.788     2.073     4.551     8.098    17.891
 994.001    176009         0    176028           0.294     1.122     1.442     1.744     1.961     2.652    29.671    48.333
 995.001    175989         0    175971           0.303     1.146     1.465     1.775     1.987     2.513    12.960    26.853
 996.001    176025         0    175973           0.310     1.121     1.428     1.715     1.907     2.343     3.099     8.028
 997.000    176006         0    176067           0.316     1.133     1.450     1.772     2.031     4.387     8.008    24.642
 998.001    176013         0    175995           0.280     1.128     1.435     1.718     1.906     2.329     3.797     9.134
 999.001    175965         0    175993           0.300     1.152     1.463     1.762     1.970     2.550    20.431    31.834
1000.001    176042         0    176038           0.299     1.139     1.449     1.737     1.923     2.339     2.884     5.628
1001.001    175956         0    175944           0.312     1.214     1.569     2.015     2.640     8.675    61.571    86.049
1002.001    176008         0    176032           0.259     1.133     1.444     1.736     1.926     2.359     3.174     7.131
1003.001    176007         0    176006           0.311     1.153     1.462     1.749     1.932     2.355     3.006     4.801
1004.001    176052         0    176030           0.302     1.146     1.459     1.745     1.931     2.337     2.902     5.620
1005.002    175980         0    175999           0.259     1.108     1.416     1.696     1.871     2.263     2.804     4.379
1006.001    175967         0    175966           0.302     1.144     1.458     1.749     1.945     2.365     3.463    10.412
1007.001    176022         0    176021           0.319     1.203     1.549     1.926     2.304     7.102    38.994    64.586
1008.001    175991         0    175999           0.310     1.151     1.480     1.812     2.073     3.625    20.677    57.049
1009.001    176016         0    176006           0.301     1.163     1.474     1.768     1.964     2.386     3.047     4.551
1010.001    176037         0    176035           0.289     1.135     1.440     1.724     1.913     2.318     2.898     5.542
1011.001    175950         0    175957           0.301     1.117     1.424     1.710     1.901     2.357     3.846     9.511
1012.001    176020         0    176014           0.273     1.185     1.528     1.937     2.462     5.698    43.975    59.671
1013.001    175998         0    175985           0.297     1.142     1.455     1.751     1.939     2.359     3.107     6.005
1014.001    175998         0    176017           0.280     1.136     1.452     1.743     1.929     2.361     3.299    10.756
1015.001    175998         0    176003           0.307     1.185     1.500     1.800     1.997     2.423     3.047     4.903
1016.001    176026         0    176012           0.300     1.129     1.442     1.737     1.928     2.353     3.004     6.132
1017.001    175973         0    175982           0.306     1.159     1.476     1.776     1.972     2.396     3.070     7.823
1018.001    176024         0    176014           0.303     1.140     1.457     1.751     1.944     2.361     3.023     6.275
1019.001    175983         0    175995           0.302     1.147     1.465     1.763     1.958     2.406     3.381     9.028
1020.001    175986         0    175974           0.271     1.130     1.441     1.720     1.905     2.300     2.836     5.378
1021.001    176043         0    176046           0.300     1.122     1.431     1.714     1.897     2.288     2.791     4.829
1022.001    176004         0    176008           0.285     1.114     1.420     1.702     1.880     2.257     2.767     6.246
1023.001    175973         0    175983           0.303     1.146     1.448     1.736     1.927     2.361     3.351     6.984
1024.001    176007         0    175986           0.285     1.119     1.428     1.711     1.892     2.302     3.013     6.996
1025.001    175997         0    176010           0.281     1.145     1.452     1.744     1.944     2.400     3.594     7.049
1026.001    176055         0    176038           0.288     1.124     1.430     1.714     1.900     2.312     2.955     6.840
1027.001    175946         0    175947           0.311     1.124     1.418     1.688     1.863     2.247     2.777     6.996
1028.001    176001         0    176009           0.316     1.139     1.445     1.734     1.924     2.370     3.809    16.138
1029.001    176045         0    176022           0.313     1.118     1.435     1.727     1.919     2.345     3.105     6.439
1030.001    175938         0    175934           0.316     1.136     1.442     1.723     1.908     2.320     3.465    10.994
1031.001    176049         0    176083           0.292     1.137     1.454     1.744     1.938     2.398     3.748    18.153
1032.001    175989         0    175978           0.278     1.121     1.423     1.702     1.882     2.294     3.013     5.816
1033.001    176041         0    176042           0.275     1.108     1.414     1.691     1.865     2.236     2.841     6.025
1034.001    175963         0    175974           0.297     1.078     1.389     1.661     1.834     2.208     2.705     4.702
1035.001    176017         0    176009           0.305     1.113     1.419     1.698     1.882     2.267     2.929     6.943
1036.001    176038         0    176029           0.301     1.106     1.414     1.694     1.875     2.312     6.320    28.164
1037.001    175973         0    175980           0.285     1.109     1.413     1.689     1.861     2.241     2.875     9.732
1038.001    176031         0    176033           0.290     1.102     1.407     1.683     1.855     2.234     2.701     6.930
1039.001    175959         0    175972           0.274     1.098     1.411     1.690     1.868     2.275     2.839     5.407
1040.001    176014         0    176012           0.300     1.130     1.436     1.718     1.906     2.324     4.041    15.835
1041.001    176016         0    175993           0.290     1.120     1.425     1.702     1.879     2.273     2.810     4.080
1042.001    175962         0    175982           0.303     1.098     1.406     1.687     1.867     2.259     2.759     4.714
1043.001    175997         0    175998           0.298     1.169     1.499     1.811     2.031     2.585     5.095    15.811
1044.001    176027         0    175970           0.304     1.137     1.444     1.729     1.914     2.335     3.359     6.873
1045.001    175990         0    176043           0.310     1.147     1.460     1.765     1.976     2.521     8.561    28.213
1046.001    176070         0    176026           0.303     1.152     1.469     1.768     1.967     2.410     3.254     9.110
1047.001    175964         0    175993           0.302     1.171     1.507     1.891     2.298     6.722    49.873    61.473
1048.001    175983         0    175997           0.274     1.136     1.444     1.727     1.914     2.304     2.859     5.247
1049.001    175981         0    175943           0.300     1.113     1.421     1.704     1.888     2.318     3.672    14.983
1050.001    176016         0    176056           0.300     1.146     1.455     1.743     1.934     2.361     3.475    20.218
1051.001    176001         0    175989           0.301     1.139     1.443     1.725     1.910     2.314     2.898     4.514
1052.001    176032         0    176010           0.305     1.136     1.449     1.735     1.922     2.339     2.978     7.021
1053.001    175973         0    176008           0.302     1.130     1.454     1.761     1.983     2.851     6.996    21.004
1054.001    176003         0    176000           0.321     1.154     1.461     1.749     1.946     2.384     3.351     7.340
1055.001    176006         0    176009           0.291     1.141     1.442     1.730     1.922     2.388     4.477    12.149
1056.001    176005         0    175998           0.305     1.110     1.415     1.690     1.862     2.243     2.832     8.823
1057.001    176003         0    176007           0.313     1.094     1.401     1.672     1.842     2.224     2.808     9.953
1058.001    176001         0    175987           0.297     1.104     1.408     1.682     1.852     2.222     2.710     5.554
1059.001    175991         0    176003           0.274     1.149     1.460     1.756     1.949     2.378     4.375    30.327
1060.001    176012         0    176016           0.316     1.144     1.456     1.750     1.937     2.361     2.959     8.970
1061.001    175990         0    175985           0.305     1.138     1.448     1.744     1.942     2.441     4.280     6.324
1062.001    175999         0    175993           0.308     1.122     1.433     1.720     1.903     2.296     2.834     5.788
1063.001    175996         0    176013           0.306     1.150     1.456     1.742     1.931     2.337     2.873     4.784
1064.001    176006         0    176005           0.307     1.156     1.471     1.769     1.961     2.365     2.963     4.432
1065.001    176017         0    176019           0.304     1.167     1.482     1.782     1.976     2.419     3.262     8.806
1066.001    175996         0    175987           0.324     1.156     1.471     1.772     1.964     2.386     3.029     6.435
1067.001    176011         0    176012           0.314     1.119     1.434     1.725     1.916     2.335     2.947     4.981
1068.001    176021         0    175985           0.287     1.098     1.411     1.692     1.867     2.241     2.730     4.317
1069.001    175996         0    176034           0.273     1.108     1.425     1.711     1.897     2.308     2.925     4.764
1070.001    175952         0    175955           0.282     1.114     1.418     1.698     1.874     2.255     2.736     4.641
1071.001    176043         0    176017           0.308     1.152     1.477     1.786     2.002     2.617    11.330    19.579
1072.001    176018         0    176030           0.321     1.111     1.431     1.720     1.905     2.302     2.849     5.108
1073.001    175969         0    175978           0.310     1.155     1.487     1.826     2.124     5.849    11.911    38.306
1074.001    175988         0    175998           0.303     1.161     1.480     1.779     1.986     2.451     3.473     9.028
1075.001    176045         0    176027           0.288     1.111     1.423     1.707     1.895     2.288     2.890     9.191
1076.001    175987         0    176001           0.314     1.135     1.448     1.737     1.927     2.329     3.187    12.042
1077.001    175990         0    175985           0.288     1.123     1.432     1.708     1.889     2.294     3.092     6.283
1078.001    176009         0    176001           0.294     1.133     1.442     1.734     1.930     2.359     3.369    11.592
1079.001    176006         0    176019           0.294     1.133     1.447     1.736     1.930     2.380    10.559    49.283
1080.001    176022         0    176007           0.301     1.149     1.470     1.765     1.963     2.388     3.095     4.751
1081.001    175982         0    175986           0.298     1.142     1.450     1.735     1.928     2.343     3.273     9.683
1082.001    176004         0    176007           0.313     1.143     1.455     1.749     1.946     2.382     3.191     6.742
1083.001    176001         0    176004           0.314     1.139     1.453     1.743     1.937     2.353     2.949     4.202
1084.001    175994         0    175988           0.305     1.125     1.435     1.720     1.900     2.298     2.812     4.846
1085.001    175989         0    176003           0.302     1.128     1.433     1.707     1.882     2.247     2.697     3.832
1086.001    176022         0    176021           0.311     1.147     1.466     1.761     1.952     2.357     2.947     4.874
1087.001    175997         0    175987           0.276     1.137     1.453     1.742     1.930     2.329     2.869     4.854
1088.001    175994         0    176002           0.309     1.145     1.457     1.748     1.935     2.367     3.015     4.403
1089.001    176001         0    175992           0.322     1.159     1.474     1.772     1.963     2.388     3.140     8.385
1090.001    175989         0    175993           0.293     1.165     1.486     1.789     1.990     2.421     3.090     6.189
1091.001    176005         0    176006           0.297     1.174     1.506     1.822     2.030     2.482     3.461     6.640
1092.001    176020         0    176028           0.311     1.136     1.465     1.765     1.962     2.394     3.107     5.550
1093.001    176019         0    175999           0.282     1.133     1.442     1.716     1.893     2.271     2.718     4.825
1094.001    175985         0    176004           0.282     1.137     1.449     1.731     1.912     2.300     2.773     4.502
1095.001    175963         0    175964           0.310     1.190     1.508     1.815     2.019     2.480     3.707     7.713
1096.001    176043         0    176034           0.274     1.174     1.499     1.818     2.032     2.546     3.803    11.231
1097.001    176013         0    176017           0.294     1.135     1.449     1.740     1.933     2.363     3.049     5.095
1098.001    175979         0    175985           0.307     1.139     1.438     1.717     1.900     2.308     3.232     8.012
1099.001    175996         0    175993           0.290     1.120     1.437     1.726     1.915     2.335     3.082     5.861
1100.001    176032         0    176007           0.295     1.153     1.461     1.744     1.926     2.329     2.867     5.321
1101.001    175986         0    176006           0.317     1.154     1.485     1.800     2.018     2.593    27.099    42.435
1102.001    175995         0    175995           0.304     1.141     1.470     1.776     1.977     2.441     3.793     7.979
1103.001    176014         0    176007           0.311     1.158     1.486     1.788     1.982     2.388     3.097     5.267
1104.001    176026         0    176037           0.287     1.167     1.494     1.793     1.991     2.429     3.729    15.311
1105.001    175986         0    175935           0.295     1.148     1.468     1.774     1.980     2.488     4.436    13.451
1106.000    175989         0    176041           0.283     1.152     1.476     1.778     1.975     2.451     8.651    23.937
1107.001    176019         0    176000           0.296     1.141     1.451     1.738     1.927     2.335     3.115     8.569
1108.001    176018         0    176012           0.294     1.140     1.465     1.766     1.966     2.410     3.148     5.526
1109.001    175974         0    175988           0.305     1.138     1.462     1.758     1.953     2.376     3.082     6.316
1110.001    175984         0    175998           0.294     1.165     1.496     1.809     2.029     2.601    25.723    46.629
1111.001    176037         0    176030           0.259     1.158     1.484     1.792     2.009     2.601    26.198    44.827
1112.001    176009         0    175999           0.269     1.120     1.435     1.729     1.920     2.345     2.972     4.817
1113.001    175997         0    176000           0.301     1.090     1.397     1.668     1.840     2.232     2.734     4.219
1114.001    175999         0    176004           0.308     1.118     1.432     1.723     1.912     2.331     3.156     9.568
1115.001    175983         0    175985           0.279     1.103     1.412     1.689     1.868     2.259     2.841     4.354
1116.001    175994         0    175982           0.300     1.098     1.407     1.682     1.858     2.228     2.697     4.981
1117.001    176033         0    176041           0.321     1.102     1.415     1.692     1.867     2.234     2.679     4.735
1118.001    175975         0    175972           0.266     1.084     1.392     1.664     1.837     2.216     2.763     4.057
1119.001    176020         0    176029           0.310     1.102     1.407     1.682     1.860     2.249     2.695     3.758
1120.001    176029         0    176013           0.285     1.115     1.426     1.715     1.895     2.300     3.244    12.902
1121.001    175985         0    176005           0.298     1.112     1.419     1.695     1.875     2.261     2.886     5.104
1122.001    175985         0    175979           0.250     1.133     1.450     1.740     1.925     2.335     3.160     6.906
1123.001    176015         0    176014           0.310     1.115     1.424     1.704     1.884     2.271     3.023     7.361
1124.001    176012         0    176014           0.287     1.108     1.418     1.699     1.879     2.284     2.892    10.469
1125.001    175938         0    175926           0.312     1.124     1.452     1.748     1.939     2.349     3.103     7.774
1126.001    176042         0    176030           0.315     1.150     1.482     1.796     2.005     2.513     8.970    29.606
1127.001    175998         0    176004           0.294     1.126     1.446     1.737     1.926     2.367     4.207    21.938
1128.001    176008         0    176027           0.288     1.130     1.459     1.759     1.955     2.396     3.809    26.477
1129.001    176063         0    175999           0.297     1.148     1.466     1.759     1.954     2.404     7.131    17.711
1130.000    175933         0    175993           0.290     1.115     1.426     1.716     1.905     2.331     3.095     9.675
1131.001    176043         0    176023           0.305     1.137     1.452     1.742     1.931     2.378    12.665    41.288
1132.001    175965         0    175988           0.281     1.115     1.428     1.717     1.909     2.361     5.439    21.201
1133.001    176013         0    176008           0.309     1.121     1.438     1.722     1.906     2.308     2.945     8.700
1134.001    175979         0    175982           0.300     1.152     1.466     1.752     1.939     2.345     3.459     7.533
1135.001    176040         0    176034           0.308     1.129     1.447     1.744     1.943     2.390     3.594    10.076
1136.001    175963         0    175973           0.316     1.156     1.461     1.747     1.933     2.343     3.099     7.131
1137.001    175907         0    175894           0.307     1.156     1.471     1.772     1.973     2.486     8.798    17.056
1138.001    176094         0    176112           0.302     1.175     1.491     1.795     2.008     2.527    10.600    39.977
1139.001    176001         0    175997           0.299     1.169     1.482     1.783     1.977     2.410     3.160     5.947
1140.001    176022         0    176009           0.313     1.164     1.482     1.788     1.993     2.464     3.727     8.618
1141.001    176003         0    176008           0.312     1.152     1.475     1.776     1.977     2.406     3.234     9.511
1142.001    175993         0    176004           0.304     1.170     1.495     1.804     2.015     2.513     9.249    23.265
1143.001    176012         0    176006           0.300     1.149     1.462     1.754     1.945     2.353     2.896     4.678
1144.001    176009         0    176004           0.282     1.184     1.506     1.827     2.059     3.541     7.569    13.910
1145.001    176010         0    176002           0.291     1.169     1.491     1.791     1.989     2.433     4.518    13.328
1146.001    175966         0    175975           0.316     1.178     1.498     1.807     2.013     2.468     3.453     9.486
1147.001    175993         0    176006           0.280     1.187     1.512     1.828     2.041     2.497     3.283     5.829
1148.001    176054         0    176039           0.291     1.155     1.483     1.791     1.991     2.437     3.193     5.169
1149.001    175977         0    175981           0.302     1.165     1.494     1.795     2.001     2.458     3.406    10.863
1150.001    176015         0    175981           0.294     1.138     1.457     1.753     1.954     2.390     3.387     8.929
1151.001    175998         0    176033           0.287     1.140     1.453     1.741     1.932     2.359     2.957     4.665
1152.001    175964         0    175950           0.296     1.149     1.462     1.750     1.938     2.351     3.031     5.681
1153.001    176043         0    176051           0.318     1.168     1.499     1.815     2.025     2.513     8.839    29.950
1154.001    176007         0    176002           0.281     1.148     1.477     1.782     1.986     2.458     4.350    11.936
1155.001    175989         0    176001           0.299     1.187     1.501     1.799     2.003     2.503     5.579    12.272
1156.001    176024         0    176000           0.287     1.154     1.465     1.753     1.936     2.322     2.851     4.628
1157.001    175943         0    175973           0.261     1.135     1.454     1.747     1.943     2.357     2.875     5.980
1158.001    176042         0    176042           0.295     1.157     1.471     1.766     1.961     2.398     3.316     9.667
1159.001    175982         0    175972           0.293     1.135     1.452     1.745     1.937     2.365     2.976     5.390
1160.001    176047         0    176044           0.278     1.138     1.452     1.740     1.920     2.312     2.855     4.645
1161.001    175933         0    175939           0.310     1.130     1.448     1.731     1.915     2.306     2.755     3.721
1162.001    176063         0    176065           0.286     1.154     1.482     1.807     2.060     3.459     7.307    20.251
1163.001    175983         0    175962           0.281     1.148     1.474     1.779     1.980     2.425     3.490     8.561
1164.001    175991         0    175966           0.318     1.158     1.471     1.766     1.961     2.382     3.185     8.122
1165.001    176059         0    176058           0.295     1.196     1.526     1.843     2.062     2.540     4.059    14.164
1166.000    175982         0    176016           0.321     1.143     1.469     1.777     1.981     2.443     4.110    13.631
1167.001    176005         0    176002           0.290     1.143     1.460     1.757     1.947     2.390     3.475    14.754
1168.001    175953         0    175975           0.289     1.123     1.441     1.729     1.915     2.329     3.109     7.303
1169.001    176036         0    176026           0.299     1.161     1.484     1.790     1.992     2.439     3.383    10.609
1170.001    175995         0    176002           0.311     1.163     1.492     1.792     1.980     2.367     2.914     4.231
1171.001    175986         0    175987           0.323     1.144     1.470     1.774     1.971     2.417     3.490     7.274
1172.001    176038         0    176013           0.314     1.161     1.486     1.789     1.999     2.466     3.453     7.180
1173.001    175987         0    176013           0.288     1.151     1.470     1.768     1.965     2.390     2.949     5.054
1174.001    176012         0    175991           0.309     1.191     1.510     1.814     2.011     2.413     2.963     4.293
1175.001    176003         0    175991           0.313     1.139     1.464     1.768     1.972     2.451     5.579    12.665
1176.001    175968         0    176000           0.271     1.119     1.433     1.716     1.904     2.327     3.156    11.117
1177.001    176006         0    175994           0.305     1.122     1.445     1.737     1.929     2.353     3.183    17.826
1178.001    176038         0    176024           0.290     1.172     1.500     1.806     2.003     2.445     3.521     8.462
1179.001    175970         0    175989           0.300     1.141     1.470     1.774     1.974     2.402     3.258     6.119
1180.001    176032         0    176023           0.307     1.120     1.442     1.731     1.918     2.316     2.818     4.387
1181.001    175991         0    175988           0.292     1.113     1.433     1.718     1.897     2.286     2.783     4.792
1182.001    175991         0    176013           0.299     1.138     1.463     1.762     1.965     2.423     5.665    24.330
1183.001    176011         0    176004           0.307     1.138     1.448     1.729     1.910     2.284     2.742     3.928
1184.001    175988         0    175972           0.307     1.130     1.450     1.747     1.946     2.482    16.400    30.523
1185.001    175985         0    176000           0.300     1.143     1.456     1.748     1.947     2.460     6.300    12.632
1186.001    176025         0    176003           0.288     1.085     1.419     1.712     1.905     2.333     8.962    27.378
1187.001    175978         0    175993           0.288     1.132     1.452     1.739     1.932     2.333     2.892     4.110
1188.001    176032         0    175999           0.279     1.115     1.430     1.714     1.902     2.304     2.879     6.054
1189.001    176021         0    176058           0.268     1.136     1.467     1.774     1.969     2.398     3.154     8.274
1190.001    175989         0    175988           0.291     1.124     1.441     1.729     1.920     2.355     9.445    34.111
1191.001    175568         0    175523           0.308     1.102     1.438     1.773     2.077     5.104    45.908    64.455
1192.000    176392         0    176449           0.303     1.142     1.465     1.766     1.975     2.650    12.263    43.680
1193.001    176042         0    176026           0.303     1.135     1.454     1.752     1.951     2.415    10.478    28.180
1194.001    175991         0    176006           0.292     1.145     1.450     1.738     1.926     2.339     3.009     6.423
1195.001    175977         0    175953           0.275     1.162     1.485     1.782     1.981     2.394     3.146     6.722
1196.001    176031         0    176048           0.295     1.117     1.439     1.735     1.928     2.347     2.978     4.600
1197.001    176010         0    175996           0.286     1.155     1.470     1.755     1.943     2.343     3.236     7.823
1198.001    176008         0    176026           0.310     1.126     1.441     1.722     1.908     2.316     3.478    14.017
1199.001    175990         0    175989           0.303     1.094     1.408     1.689     1.867     2.251     2.740     4.153
1200.001    176005         0    175988           0.296     1.118     1.426     1.707     1.889     2.253     2.726     5.865
1201.001    175960         0    175976           0.295     1.107     1.418     1.694     1.869     2.243     2.769     7.451
1202.001    176026         0    176018           0.290     1.098     1.416     1.701     1.888     2.304     3.543    21.856
1203.001    175992         0    176005           0.297     1.097     1.405     1.676     1.843     2.204     2.654     3.676
1204.001    176024         0    176019           0.284     1.105     1.421     1.703     1.883     2.273     2.814     4.477
1205.001    176004         0    175994           0.291     1.099     1.406     1.676     1.851     2.234     2.775     5.681
1206.001    176002         0    175992           0.287     1.090     1.409     1.684     1.862     2.245     2.761     4.628
1207.001    175998         0    176007           0.312     1.095     1.418     1.697     1.876     2.249     2.703     6.488
1208.001    176006         0    176003           0.275     1.084     1.408     1.693     1.873     2.253     2.763     7.410
1209.001    176010         0    176029           0.304     1.113     1.427     1.706     1.882     2.261     2.750     5.370
1210.001    175954         0    175957           0.279     1.106     1.409     1.682     1.855     2.230     2.740     5.407
1211.001    176049         0    176041           0.272     1.093     1.409     1.692     1.878     2.275     2.920     5.075
1212.001    176012         0    176004           0.272     1.099     1.415     1.692     1.868     2.243     2.767     7.475
1213.001    175963         0    175972           0.305     1.150     1.479     1.809     2.074     5.226    51.511    66.191
1214.001    176010         0    176014           0.307     1.112     1.439     1.726     1.908     2.279     2.812    15.475
1215.001    176014         0    176014           0.288     1.111     1.431     1.714     1.897     2.284     2.804     4.129
1216.001    176022         0    176006           0.285     1.105     1.423     1.706     1.888     2.294     3.260    11.002
1217.001    176011         0    176010           0.301     1.126     1.439     1.722     1.906     2.308     2.906     4.927
1218.001    175976         0    175997           0.288     1.093     1.406     1.681     1.855     2.232     2.740     5.140
1219.001    175973         0    175966           0.285     1.089     1.400     1.672     1.840     2.210     2.710     4.620
1220.001    176063         0    176027           0.250     1.098     1.409     1.687     1.863     2.243     2.732     4.403
1221.001    175990         0    176003           0.281     1.159     1.467     1.749     1.933     2.339     3.121     6.832
1222.001    175986         0    176009           0.297     1.103     1.427     1.718     1.904     2.308     2.877     5.730
1223.001    176014         0    175995           0.292     1.122     1.440     1.724     1.906     2.292     2.853     4.440
1224.001    175951         0    175957           0.296     1.132     1.453     1.748     1.940     2.376     3.068     4.895
1225.001    176050         0    176057           0.311     1.162     1.490     1.814     2.064     3.772    26.264    43.713
1226.001    175997         0    176002           0.304     1.108     1.418     1.698     1.883     2.304     3.672    13.828
1227.001    175998         0    175989           0.322     1.148     1.459     1.748     1.936     2.374     4.391    21.807
1228.001    175999         0    176013           0.293     1.149     1.465     1.756     1.948     2.372     3.328    10.011
1229.001    175998         0    175977           0.281     1.082     1.401     1.680     1.858     2.232     2.742     6.119
1230.001    176018         0    176043           0.292     1.118     1.428     1.709     1.885     2.288     3.062     8.782
1231.001    176001         0    175984           0.310     1.127     1.438     1.720     1.905     2.300     2.882     5.169
1232.001    175996         0    176002           0.297     1.128     1.457     1.765     1.974     2.554    28.033    45.974
1233.001    175976         0    175983           0.296     1.114     1.439     1.724     1.903     2.271     2.771     4.780
1234.001    176022         0    176000           0.313     1.100     1.419     1.701     1.877     2.251     2.800     9.527
1235.001    176011         0    176016           0.277     1.121     1.445     1.735     1.923     2.339     3.174    10.502
1236.001    175986         0    175994           0.291     1.100     1.407     1.674     1.841     2.208     2.607     3.426
1237.001    176007         0    175997           0.285     1.106     1.418     1.695     1.872     2.263     2.853     5.841
1238.001    176002         0    176021           0.302     1.108     1.421     1.693     1.871     2.259     4.944    18.432
1239.001    176026         0    176020           0.293     1.118     1.439     1.729     1.920     2.372     4.571    17.400
1240.001    175998         0    175978           0.295     1.100     1.414     1.686     1.863     2.247     2.910     9.953
1241.001    175979         0    175995           0.289     1.110     1.419     1.693     1.872     2.269     3.523    17.252
1242.001    176044         0    176011           0.266     1.110     1.422     1.698     1.878     2.255     2.808     4.702
1243.000    175962         0    176002           0.297     1.152     1.474     1.799     2.068     4.219    62.423    74.580
1244.001    176036         0    176016           0.284     1.102     1.415     1.694     1.875     2.279     3.127     7.713
1245.001    175988         0    176007           0.287     1.113     1.427     1.716     1.908     2.337     3.049     5.759
1246.001    175995         0    176002           0.286     1.119     1.433     1.706     1.881     2.255     2.757     5.247
1247.002    176098         0    175968           0.308     1.098     1.406     1.678     1.850     2.230     2.789    10.084
1248.000    175898         0    176003           0.308     1.106     1.412     1.684     1.855     2.226     2.742     8.180
1249.001    175985         0    175997           0.288     1.087     1.392     1.661     1.829     2.189     2.664     5.145
1250.001    176045         0    176045           0.260     1.107     1.420     1.697     1.872     2.273     3.109    25.772
1251.001    175977         0    175966           0.316     1.115     1.437     1.733     1.931     2.376    11.387    42.533
1252.001    175992         0    176001           0.304     1.119     1.424     1.701     1.878     2.281     3.072    17.924
1253.001    176039         0    176039           0.281     1.109     1.421     1.698     1.883     2.316     4.968    14.311
1254.001    175949         0    175952           0.292     1.142     1.462     1.765     1.976     2.458     3.484     8.331
1255.001    175976         0    175986           0.309     1.186     1.504     1.801     1.995     2.413     3.031     5.788
1256.001    176066         0    176053           0.288     1.107     1.421     1.710     1.902     2.353     3.797    10.732
1257.001    175987         0    175995           0.308     1.160     1.486     1.791     2.005     2.527     8.520    27.034
1258.001    176002         0    176000           0.279     1.112     1.425     1.705     1.889     2.290     2.927     8.675
1259.001    175997         0    175999           0.322     1.118     1.431     1.712     1.889     2.271     2.714     4.960
1260.001    176019         0    176014           0.269     1.120     1.425     1.697     1.868     2.236     2.685     3.863
1261.001    176006         0    176014           0.302     1.132     1.456     1.754     1.947     2.365     3.199    16.359
1262.001    175998         0    175979           0.299     1.161     1.492     1.822     2.082     4.731    18.874    42.041
1263.001    175986         0    176007           0.303     1.159     1.486     1.789     1.985     2.431     3.156     6.451
1264.001    176056         0    176001           0.296     1.163     1.470     1.760     1.949     2.357     3.527    10.191
1265.000    175927         0    175983           0.292     1.132     1.444     1.733     1.920     2.324     3.092    15.630
1266.001    176017         0    176008           0.301     1.190     1.507     1.815     2.018     2.478     3.328     5.882
1267.001    176001         0    176009           0.305     1.208     1.554     1.982     2.658    10.772    33.030    43.385
1268.001    176003         0    176001           0.299     1.157     1.465     1.747     1.927     2.318     2.925     6.894
1269.001    175999         0    176002           0.302     1.135     1.437     1.729     1.925     2.400     6.185    21.774
1270.001    176078         0    176050           0.297     1.130     1.445     1.732     1.915     2.324     2.976     6.648
1271.001    175948         0    175959           0.285     1.158     1.484     1.797     2.009     2.501    13.468    28.525
1272.001    175989         0    176005           0.311     1.181     1.495     1.801     2.001     2.466     4.518    15.000
1273.001    176034         0    175986           0.308     1.160     1.477     1.779     1.979     2.464     8.253    24.740
1274.001    175964         0    176004           0.311     1.179     1.505     1.820     2.038     2.564     8.856    23.478
1275.001    176020         0    176029           0.319     1.169     1.484     1.782     1.975     2.394     3.275    12.706
1276.001    176001         0    175996           0.292     1.133     1.438     1.714     1.896     2.284     2.861     8.995
1277.001    175995         0    175990           0.280     1.145     1.462     1.754     1.946     2.347     2.910     5.591
1278.001    175993         0    175967           0.317     1.182     1.498     1.802     2.004     2.456     3.611     8.020
1279.001    176030         0    176050           0.312     1.175     1.498     1.807     2.017     2.490     3.516     8.167
1280.001    175993         0    176001           0.275     1.147     1.463     1.754     1.939     2.327     2.808     4.350
1281.001    175993         0    175996           0.297     1.155     1.478     1.785     1.988     2.468     9.404    18.825
1282.001    176003         0    176006           0.284     1.140     1.458     1.754     1.950     2.378     3.690     9.937
1283.001    175989         0    175990           0.300     1.111     1.416     1.697     1.881     2.273     2.824     4.989
1284.001    176018         0    176018           0.315     1.189     1.501     1.797     1.987     2.390     2.988     5.403
1285.001    175977         0    175960           0.322     1.163     1.485     1.786     1.988     2.415     3.357     6.578
1286.001    176050         0    176048           0.284     1.164     1.484     1.791     2.001     2.486     5.448    20.103
1287.001    175969         0    175983           0.309     1.140     1.450     1.742     1.932     2.355     3.070     6.414
1288.001    176016         0    176014           0.317     1.136     1.434     1.714     1.903     2.306     2.875     5.669
1289.001    175993         0    175979           0.283     1.147     1.456     1.745     1.936     2.363     3.305    10.576
1290.001    176005         0    176023           0.301     1.155     1.473     1.777     1.981     2.484     8.659    30.376
1291.001    175999         0    176004           0.322     1.187     1.519     1.877     2.198     4.223    33.325    50.233
1292.001    176001         0    175986           0.297     1.142     1.447     1.732     1.919     2.363     9.110    37.683
1293.001    176008         0    176020           0.320     1.142     1.452     1.743     1.933     2.349     3.045     4.927
1294.001    176033         0    175988           0.293     1.110     1.410     1.683     1.859     2.238     2.726     3.705
1295.000    175971         0    176004           0.301     1.140     1.440     1.732     1.934     2.617    13.861    26.345
1296.001    175988         0    175975           0.296     1.145     1.454     1.747     1.936     2.347     2.894     5.816
1297.001    176025         0    176041           0.284     1.127     1.436     1.713     1.897     2.294     2.937     4.887
1298.001    175981         0    175981           0.281     1.121     1.433     1.721     1.906     2.316     3.336     6.857
1299.001    176003         0    175997           0.308     1.113     1.423     1.710     1.888     2.281     3.058    12.173
1300.001    176000         0    176015           0.279     1.130     1.435     1.715     1.895     2.273     2.836     4.506
1301.001    176040         0    176038           0.270     1.105     1.410     1.688     1.863     2.247     2.920    16.400
1302.001    175973         0    175971           0.290     1.117     1.425     1.701     1.876     2.236     2.701     4.248
1303.001    175981         0    175979           0.302     1.123     1.446     1.752     1.949     2.378     3.408     7.188
1304.001    176021         0    176014           0.288     1.125     1.422     1.700     1.875     2.251     2.763     7.311
1305.001    176017         0    176031           0.299     1.125     1.423     1.700     1.883     2.329     9.388    19.087
1306.001    175986         0    175980           0.270     1.132     1.430     1.717     1.917     2.513    17.908    30.769
1307.001    175993         0    175992           0.308     1.146     1.442     1.722     1.904     2.337     3.443     9.388
1308.001    176015         0    176025           0.316     1.116     1.411     1.681     1.852     2.214     2.685     5.747
1309.001    176036         0    176023           0.302     1.120     1.417     1.694     1.869     2.275     3.774    12.313
1310.001    175965         0    175974           0.307     1.091     1.390     1.660     1.835     2.222     3.054    27.492
1311.001    175993         0    175993           0.284     1.114     1.406     1.670     1.836     2.187     2.656     6.193
1312.001    175993         0    175989           0.287     1.105     1.405     1.681     1.853     2.226     2.796    10.682
1313.001    175995         0    175998           0.290     1.107     1.406     1.683     1.860     2.247     2.843     5.464
1314.001    176062         0    176057           0.291     1.143     1.439     1.716     1.895     2.279     2.820     4.182
1315.001    175916         0    175923           0.308     1.130     1.431     1.709     1.888     2.277     2.925     4.895
1316.001    176072         0    176068           0.274     1.139     1.431     1.703     1.877     2.255     2.802     5.407
1317.001    175988         0    175992           0.274     1.105     1.409     1.686     1.863     2.243     2.980     6.160
1318.001    176044         0    176024           0.295     1.115     1.415     1.687     1.859     2.238     2.726     4.198
1319.001    175967         0    175977           0.279     1.098     1.402     1.672     1.844     2.214     2.753     6.046
1320.001    176002         0    176000           0.289     1.116     1.434     1.724     1.910     2.341     4.325    14.549
1321.001    176000         0    176002           0.291     1.109     1.422     1.712     1.896     2.294     2.941     6.992
1322.001    176001         0    175991           0.292     1.144     1.454     1.743     1.926     2.333     3.062     6.750
1323.001    175994         0    175997           0.301     1.142     1.451     1.731     1.910     2.302     2.918     7.205
1324.001    176020         0    176035           0.302     1.112     1.407     1.675     1.842     2.202     2.675     4.119
1325.001    175963         0    175963           0.276     1.104     1.404     1.678     1.849     2.218     2.693     4.309
1326.001    176056         0    176051           0.300     1.096     1.397     1.672     1.850     2.255     3.039     8.962
1327.001    175959         0    175965           0.312     1.141     1.444     1.729     1.918     2.376    10.265    35.160
1328.001    176009         0    176012           0.268     1.120     1.419     1.694     1.868     2.230     2.710     7.160
1329.001    176031         0    176023           0.288     1.093     1.391     1.667     1.837     2.216     2.746     8.487
1330.001    175963         0    175967           0.300     1.100     1.406     1.681     1.850     2.228     2.761     7.852
1331.001    176005         0    175999           0.311     1.132     1.455     1.770     2.004     3.092    24.150    40.763
1332.001    176058         0    176030           0.304     1.122     1.420     1.697     1.869     2.241     2.750     6.648
1333.001    175981         0    175998           0.263     1.114     1.418     1.693     1.863     2.230     2.728     4.866
1334.001    175980         0    175975           0.313     1.120     1.426     1.707     1.890     2.296     4.350    27.853
1335.001    176007         0    176031           0.287     1.144     1.447     1.726     1.906     2.318     5.198    12.935
1336.001    176021         0    176018           0.282     1.153     1.453     1.735     1.921     2.355     3.224     5.882
1337.001    175994         0    175992           0.298     1.148     1.452     1.731     1.907     2.298     2.894    12.411
1338.001    175983         0    175989           0.297     1.129     1.430     1.706     1.887     2.277     2.820     8.421
1339.001    176018         0    175993           0.303     1.127     1.424     1.704     1.880     2.255     2.910     6.341
1340.001    176006         0    175997           0.306     1.165     1.473     1.755     1.943     2.351     2.937     6.779
1341.001    175994         0    176030           0.302     1.125     1.423     1.697     1.876     2.267     2.945     7.922
1342.001    176002         0    175983           0.297     1.126     1.433     1.708     1.883     2.253     2.710     4.309
1343.001    176010         0    176020           0.271     1.121     1.424     1.700     1.876     2.241     2.970     9.175
1344.001    175981         0    175981           0.295     1.117     1.417     1.687     1.858     2.238     2.773     4.387
1345.001    176024         0    176024           0.302     1.116     1.415     1.687     1.862     2.249     2.910     5.026
1346.001    175994         0    175992           0.262     1.126     1.427     1.707     1.882     2.255     2.781     4.571
1347.001    175471         0    175367           0.308     1.182     1.516     1.873     2.218     6.762    32.424    59.998
1348.000    176566         0    176648           0.279     1.145     1.462     1.769     1.994     3.113    34.308    73.204
1349.001    175960         0    175976           0.258     1.155     1.457     1.739     1.928     2.351     2.951     9.339
1350.001    176031         0    176014           0.296     1.183     1.495     1.804     2.008     2.470     3.336     8.929
1351.002    175983         0    176005           0.312     1.158     1.473     1.766     1.959     2.376     5.566    14.934
1352.001    175957         0    175957           0.302     1.178     1.489     1.787     1.983     2.460     8.012    26.575
1353.001    176062         0    176046           0.298     1.138     1.444     1.733     1.922     2.341     2.986     5.501
1354.001    176010         0    176003           0.306     1.116     1.422     1.704     1.884     2.259     2.720     3.924
1355.001    175944         0    175971           0.304     1.150     1.461     1.742     1.923     2.296     2.976     8.569
1356.001    176019         0    176012           0.285     1.127     1.434     1.713     1.892     2.281     2.810     5.071
1357.001    176019         0    176029           0.267     1.162     1.474     1.770     1.968     2.413     3.451    13.771
1358.001    175992         0    175971           0.311     1.167     1.482     1.778     1.970     2.390     3.066     7.197
1359.001    176025         0    176040           0.293     1.172     1.490     1.788     1.987     2.423     3.506     7.643
1360.001    175994         0    175992           0.316     1.147     1.469     1.766     1.956     2.351     2.814     3.820
1361.001    175975         0    175970           0.287     1.171     1.485     1.778     1.965     2.367     2.933     4.493
1362.001    176019         0    176006           0.288     1.183     1.504     1.812     2.013     2.451     3.430    14.336
1363.001    176009         0    176014           0.330     1.184     1.504     1.811     2.021     2.546     5.079    17.187
1364.001    175987         0    176012           0.317     1.154     1.467     1.759     1.951     2.361     3.183     9.003
1365.001    176053         0    176038           0.311     1.132     1.442     1.726     1.902     2.271     2.720     3.832
1366.001    175959         0    175969           0.269     1.133     1.442     1.732     1.922     2.355     4.141    15.647
1367.001    175989         0    175970           0.282     1.142     1.454     1.743     1.926     2.322     2.863     4.231
1368.001    176009         0    176028           0.322     1.161     1.474     1.769     1.961     2.376     2.961     5.288
1369.001    176001         0    175999           0.331     1.165     1.479     1.776     1.968     2.384     2.980     6.926
1370.001    176023         0    176012           0.315     1.206     1.538     1.864     2.096     2.732    13.607    29.114
1371.001    175987         0    175996           0.303     1.184     1.497     1.803     2.013     2.531     6.365    14.303
1372.001    175989         0    175975           0.299     1.162     1.476     1.769     1.956     2.349     2.853     3.916
1373.001    176074         0    176019           0.323     1.171     1.495     1.815     2.037     2.666    27.001    45.449
1374.000    175911         0    175956           0.279     1.160     1.476     1.770     1.969     2.425     6.083    30.982
1375.001    176063         0    176073           0.300     1.181     1.506     1.820     2.029     2.523     3.709     8.520
1376.001    175991         0    176000           0.292     1.169     1.491     1.787     1.977     2.374     2.939     4.502
1377.001    175983         0    175993           0.298     1.135     1.445     1.727     1.915     2.324     2.906     5.452
1378.001    175976         0    175972           0.281     1.165     1.480     1.775     1.966     2.374     3.002     4.866
1379.001    176022         0    175980           0.273     1.135     1.451     1.740     1.927     2.329     2.943     5.190
1380.001    176018         0    176059           0.292     1.159     1.468     1.761     1.956     2.376     2.988     7.672
1381.001    176020         0    175992           0.308     1.151     1.453     1.744     1.937     2.384     3.174     5.296
1382.001    175993         0    175997           0.298     1.191     1.504     1.806     2.011     2.488     3.588     8.618
1383.001    175987         0    176011           0.288     1.175     1.498     1.806     2.011     2.447     3.236     7.668
1384.001    176038         0    176023           0.302     1.157     1.486     1.793     2.004     2.486     3.836     7.979
1385.001    175966         0    175984           0.285     1.137     1.436     1.714     1.895     2.298     3.574    12.558
1386.001    176022         0    175994           0.280     1.130     1.438     1.719     1.898     2.290     2.875     5.497
1387.001    175981         0    175999           0.299     1.150     1.460     1.755     1.951     2.386     3.705    20.480
1388.001    176005         0    176009           0.288     1.167     1.480     1.797     2.051     4.016    24.363    42.107
1389.001    176035         0    176031           0.272     1.158     1.467     1.761     1.957     2.361     3.373     8.012
1390.001    175959         0    175969           0.313     1.123     1.428     1.709     1.894     2.308     2.974     5.161
1391.001    176026         0    176028           0.313     1.156     1.463     1.752     1.943     2.365     3.482     7.012
1392.001    176014         0    175977           0.323     1.159     1.474     1.761     1.948     2.335     2.798     5.960
1393.001    175976         0    176002           0.300     1.157     1.468     1.760     1.950     2.384     3.260     9.322
1394.001    175999         0    176005           0.278     1.151     1.451     1.736     1.919     2.335     3.027     5.165
1395.001    175967         0    175973           0.291     1.143     1.451     1.740     1.925     2.318     2.822     4.870
1396.001    176044         0    176033           0.301     1.169     1.477     1.767     1.965     2.404     3.199     5.313
1397.001    176024         0    175996           0.318     1.166     1.471     1.765     1.967     2.417     5.939    30.212
1398.000    175972         0    176007           0.299     1.146     1.446     1.726     1.904     2.294     2.853     8.995
1399.001    176005         0    176000           0.307     1.150     1.449     1.723     1.904     2.269     2.750     4.176
1400.001    176054         0    176030           0.284     1.163     1.475     1.766     1.960     2.382     3.064     8.593
1401.001    175949         0    175979           0.302     1.178     1.491     1.791     1.995     2.486     9.339    23.331
1402.001    175981         0    175975           0.262     1.176     1.483     1.778     1.977     2.466    13.050    22.872
1403.001    176041         0    176022           0.274     1.177     1.487     1.792     1.997     2.564     9.527    23.478
1404.001    175991         0    176010           0.274     1.172     1.481     1.777     1.967     2.388     3.181    10.961
1405.001    175873         0    175803           0.302     1.175     1.483     1.774     1.967     2.419     3.500     6.906
1406.003    176127         0    176183           0.314     1.167     1.482     1.785     2.000     2.685    23.446    47.022
1407.001    175999         0    176015           0.290     1.118     1.428     1.711     1.893     2.277     2.775     4.045
1408.001    175977         0    175980           0.292     1.163     1.465     1.748     1.931     2.347     3.115     7.328
1409.001    176036         0    176035           0.303     1.198     1.522     1.850     2.093     2.968    21.316    47.120
1410.001    176022         0    175994           0.265     1.202     1.536     1.861     2.094     2.693    12.313    23.937
1411.001    175976         0    175992           0.300     1.167     1.477     1.768     1.959     2.380     3.256     8.495
1412.001    176056         0    176024           0.315     1.145     1.451     1.736     1.922     2.318     2.808     3.774
1413.000    175970         0    176004           0.283     1.182     1.486     1.778     1.965     2.370     3.047     5.964
1414.001    175988         0    175993           0.290     1.138     1.444     1.725     1.902     2.284     2.775     4.805
1415.001    175991         0    175994           0.303     1.180     1.495     1.797     1.998     2.435     3.219     4.903
1416.001    176049         0    176028           0.288     1.153     1.463     1.756     1.946     2.359     3.000     6.496
1417.001    175978         0    176000           0.298     1.140     1.441     1.720     1.897     2.271     2.742     4.088
1418.001    175993         0    175992           0.314     1.146     1.453     1.735     1.916     2.296     2.806     4.571
1419.001    175995         0    175971           0.264     1.162     1.485     1.792     1.996     2.486     6.451    16.703
1420.001    175998         0    176012           0.303     1.163     1.483     1.784     1.981     2.429     3.703    16.794
1421.001    176051         0    176020           0.286     1.159     1.479     1.776     1.967     2.394     3.154     6.996
1422.001    175932         0    175971           0.300     1.167     1.485     1.786     1.992     2.456     5.067    28.688
1423.001    176016         0    176012           0.292     1.158     1.466     1.759     1.951     2.404     3.791    12.313
1424.001    176027         0    176035           0.294     1.161     1.476     1.768     1.953     2.347     2.826     4.313
1425.001    175983         0    175986           0.302     1.140     1.448     1.727     1.906     2.296     2.841     5.009
1426.001    175460         0    175346           0.303     1.188     1.498     1.794     1.993     2.503     5.198    49.807
1427.000    176509         0    176619           0.278     1.141     1.467     1.786     2.023     3.516    38.666    59.179
1428.001    176035         0    176028           0.297     1.140     1.445     1.734     1.918     2.318     3.095     7.094
1429.001    176038         0    176010           0.293     1.141     1.448     1.733     1.911     2.288     2.779     5.157
1430.001    175960         0    175999           0.281     1.135     1.446     1.734     1.913     2.312     3.103    24.625
1431.001    176016         0    176006           0.291     1.111     1.419     1.696     1.874     2.243     2.710     6.447
1432.001    176002         0    175999           0.277     1.191     1.501     1.805     2.008     2.433     3.170     7.905
1433.001    176013         0    176003           0.322     1.199     1.517     1.829     2.043     2.550     4.131    13.746
1434.001    175996         0    176002           0.306     1.193     1.504     1.812     2.019     2.492     3.703    11.420
1435.001    176006         0    176014           0.302     1.211     1.528     1.826     2.019     2.435     3.060     5.218
1436.001    175955         0    175964           0.293     1.180     1.500     1.803     2.002     2.429     3.088     5.095
1437.001    176029         0    176021           0.293     1.175     1.491     1.786     1.970     2.365     2.871     4.325
1438.001    176020         0    176027           0.302     1.197     1.510     1.805     1.999     2.433     3.447     6.619
1439.001    175994         0    175995           0.288     1.152     1.463     1.746     1.929     2.329     2.906     5.435
1440.001    175981         0    175978           0.272     1.150     1.455     1.740     1.924     2.318     2.857     4.592
1441.001    176042         0    176026           0.315     1.153     1.459     1.749     1.932     2.345     3.156    15.106
1442.001    175978         0    175983           0.291     1.182     1.504     1.844     2.130     5.009    14.213    33.112
1443.001    176009         0    176022           0.293     1.186     1.512     1.819     2.013     2.413     3.011     6.742
1444.001    176022         0    176013           0.324     1.178     1.505     1.811     2.006     2.439     3.236     5.702
1445.001    175970         0    175970           0.302     1.195     1.529     1.848     2.057     2.484     3.146     5.296
1446.001    176016         0    176021           0.296     1.206     1.535     1.850     2.057     2.507     3.551    13.500
1447.001    175992         0    175984           0.312     1.174     1.485     1.779     1.968     2.367     2.910     5.562
1448.001    175975         0    175979           0.308     1.143     1.450     1.740     1.925     2.333     3.074     8.249
1449.001    176018         0    176025           0.288     1.221     1.536     1.842     2.049     2.499     3.398     7.631
1450.001    176036         0    176026           0.315     1.183     1.497     1.799     2.004     2.464     3.351     6.558
1451.001    175989         0    175989           0.313     1.178     1.485     1.781     1.970     2.406     3.432     9.265
1452.001    176033         0    176013           0.320     1.180     1.483     1.775     1.969     2.392     3.437    19.857
1453.001    175994         0    176008           0.302     1.215     1.532     1.845     2.062     2.599     7.709    24.822
1454.001    175956         0    175969           0.322     1.167     1.469     1.760     1.950     2.372     3.670    11.190
1455.001    176032         0    176024           0.312     1.162     1.467     1.758     1.955     2.427     6.160    22.315
1456.001    176034         0    176022           0.294     1.168     1.479     1.778     1.985     2.615    35.029    46.563
1457.001    175977         0    175986           0.299     1.127     1.441     1.725     1.903     2.271     2.748     3.744
1458.001    175980         0    175981           0.306     1.163     1.474     1.762     1.946     2.320     2.890     4.358
1459.001    176111         0    175998           0.309     1.159     1.471     1.777     1.986     2.603    23.003    52.068
1460.005    175900         0    176008           0.295     1.187     1.514     1.824     2.024     2.480     3.801     9.683
1461.001    175985         0    175998           0.290     1.184     1.500     1.797     1.992     2.445    10.191    40.993
1462.001    176029         0    176027           0.308     1.155     1.460     1.749     1.934     2.339     3.015     6.722
1463.001    175995         0    175985           0.311     1.210     1.530     1.838     2.051     2.527     4.049    11.649
1464.001    175970         0    175990           0.313     1.179     1.492     1.790     1.976     2.390     3.076    10.584
1465.001    176027         0    176024           0.273     1.177     1.505     1.816     2.013     2.447     3.418    16.605
1466.001    175997         0    175957           0.312     1.197     1.524     1.847     2.075     2.658     4.289     8.081
1467.000    175989         0    176026           0.287     1.194     1.506     1.799     1.992     2.384     2.884     4.727
1468.001    176025         0    176025           0.272     1.158     1.475     1.768     1.964     2.396     3.324     5.837
1469.001    176026         0    176015           0.294     1.164     1.493     1.804     2.008     2.482     4.063     9.724
1470.001    175966         0    175978           0.323     1.191     1.499     1.785     1.966     2.349     3.127    14.131
1471.001    176039         0    176034           0.291     1.175     1.483     1.776     1.975     2.503     5.153    24.134
1472.002    175788         0    175542           0.289     1.140     1.453     1.758     1.982     3.303     7.614    20.890
1473.000    176213         0    176454           0.312     1.195     1.547     1.978     2.724     9.921    59.638    75.760
1474.001    176003         0    176011           0.293     1.161     1.465     1.743     1.919     2.300     2.830     8.110
1475.001    176003         0    176000           0.312     1.179     1.496     1.796     2.000     2.449     3.230     4.551
1476.001    175950         0    175959           0.329     1.194     1.518     1.822     2.025     2.472     3.508     7.856
1477.001    176070         0    176034           0.285     1.144     1.456     1.741     1.928     2.331     3.138     9.855
1478.001    175970         0    175981           0.276     1.147     1.450     1.733     1.918     2.341     3.758    28.164
1479.001    175995         0    175995           0.310     1.141     1.439     1.707     1.884     2.265     2.970     8.487
1480.001    176020         0    176039           0.284     1.136     1.446     1.729     1.912     2.314     4.309    14.320
1481.001    175989         0    175985           0.286     1.106     1.425     1.706     1.885     2.273     3.285    21.660
1482.001    176034         0    176028           0.299     1.159     1.476     1.761     1.944     2.331     3.508    16.024
1483.002    175939         0    175955           0.310     1.141     1.461     1.748     1.927     2.310     2.894     5.423
1484.001    176052         0    176036           0.267     1.143     1.438     1.704     1.871     2.236     2.738     6.996
1485.001    175968         0    175971           0.300     1.155     1.462     1.742     1.919     2.298     2.808     7.758
1486.001    176026         0    176034           0.281     1.110     1.417     1.693     1.871     2.251     3.064     8.413
1487.001    176017         0    176020           0.296     1.133     1.432     1.700     1.869     2.212     2.685     4.084
1488.001    175978         0    175978           0.286     1.132     1.431     1.698     1.868     2.241     2.984     6.291
1489.001    175996         0    175991           0.311     1.147     1.458     1.741     1.932     2.353     3.635    12.485
1490.001    176008         0    176005           0.325     1.176     1.500     1.812     2.046     2.920    33.210    48.857
1491.001    175993         0    176006           0.291     1.154     1.464     1.743     1.924     2.320     2.929     7.631
1492.001    176019         0    176014           0.299     1.154     1.475     1.774     1.976     2.505    14.959    24.543
1493.001    175913         0    175912           0.312     1.159     1.465     1.746     1.926     2.357     5.382    16.703
1494.001    176074         0    176078           0.313     1.156     1.465     1.745     1.927     2.341     3.803    25.657
1495.001    176019         0    176002           0.308     1.134     1.446     1.723     1.900     2.281     2.822    11.387
1496.001    176031         0    176005           0.279     1.174     1.486     1.766     1.952     2.363     3.033     5.046
1497.002    175991         0    176006           0.303     1.160     1.467     1.743     1.920     2.304     2.855     6.754
1498.001    175789         0    175797           0.307     1.165     1.481     1.774     1.977     2.537     4.837     8.847
1499.001    176197         0    176212           0.294     1.154     1.465     1.752     1.944     2.390     5.788    44.270
1500.001    175995         0    175977           0.304     1.149     1.457     1.733     1.919     2.339     6.562    18.858
1501.001    176014         0    176027           0.310     1.168     1.471     1.749     1.938     2.376     7.356    22.954
1502.001    175998         0    176007           0.310     1.152     1.459     1.733     1.911     2.296     2.832     6.803
1503.001    175988         0    175966           0.249     1.155     1.457     1.731     1.901     2.271     2.777     4.108
1504.001    176033         0    176039           0.278     1.152     1.460     1.749     1.940     2.376     3.580    12.837
1505.001    175972         0    175991           0.316     1.195     1.501     1.785     1.972     2.392     5.112    17.334
1506.001    176023         0    176020           0.295     1.158     1.476     1.759     1.946     2.349     3.082     8.692
1507.001    175992         0    175971           0.309     1.171     1.481     1.765     1.947     2.390     4.211     8.733
1508.001    175997         0    176006           0.290     1.143     1.446     1.725     1.904     2.312     2.972     3.826
1509.001    175975         0    175988           0.264     1.163     1.482     1.769     1.954     2.372     3.105     7.471
1510.001    176016         0    176018           0.300     1.203     1.542     2.005     3.262     8.847    62.685    95.551
1511.001    176021         0    176015           0.264     1.157     1.464     1.736     1.915     2.320     3.199     8.782
1512.001    175936         0    175916           0.301     1.188     1.511     1.864     2.187     4.530    48.857    67.305
1513.001    176049         0    176076           0.298     1.154     1.458     1.741     1.927     2.372     4.649    21.250
1514.001    176020         0    176012           0.281     1.192     1.498     1.776     1.960     2.398     7.152    25.543
1515.001    175988         0    175991           0.313     1.135     1.435     1.703     1.874     2.251     2.882     6.517
1516.001    176039         0    176033           0.297     1.145     1.442     1.705     1.875     2.273     2.896     5.329
1517.001    176000         0    175975           0.287     1.136     1.435     1.703     1.882     2.290     4.780    19.137
1518.001    175949         0    175980           0.302     1.145     1.445     1.717     1.890     2.296     2.916     4.436
1519.001    176031         0    176022           0.285     1.139     1.439     1.707     1.880     2.257     2.769     4.289
1520.001    175992         0    176006           0.298     1.125     1.428     1.697     1.868     2.265     3.000    12.616
1521.001    176018         0    176012           0.293     1.134     1.423     1.682     1.841     2.191     2.648     3.877
1522.001    176071         0    175964           0.289     1.125     1.418     1.682     1.849     2.224     2.718     5.091
1523.000    175922         0    176030           0.313     1.135     1.426     1.700     1.879     2.281     3.181     6.590
1524.001    175997         0    175993           0.302     1.148     1.444     1.703     1.873     2.232     2.771     9.576
1525.001    176015         0    176006           0.262     1.137     1.428     1.689     1.854     2.218     2.853    10.363
1526.001    175995         0    176000           0.304     1.125     1.424     1.689     1.858     2.241     2.894     4.780
1527.001    176040         0    175998           0.276     1.142     1.437     1.704     1.877     2.263     3.054     6.033
1528.001    175984         0    176015           0.306     1.136     1.440     1.716     1.897     2.329     3.836    15.966
1529.001    176006         0    176025           0.281     1.125     1.421     1.679     1.842     2.198     2.683     5.341
1530.001    175951         0    175960           0.300     1.158     1.461     1.739     1.917     2.329     3.318     9.404
1531.001    176043         0    176030           0.275     1.143     1.440     1.705     1.874     2.241     2.773     7.594
1532.001    175852         0    175822           0.296     1.169     1.476     1.753     1.945     2.415    12.296    23.331
1533.001    176145         0    176188           0.302     1.166     1.468     1.755     1.952     2.451     9.421    30.786
1534.001    176008         0    175996           0.309     1.126     1.423     1.683     1.845     2.202     2.646     5.706
1535.001    175964         0    175977           0.305     1.139     1.440     1.706     1.884     2.322     5.116    13.804
1536.001    176060         0    176039           0.293     1.178     1.494     1.781     1.970     2.402     3.572    21.234
1537.001    175984         0    175998           0.308     1.162     1.473     1.743     1.915     2.281     2.742     3.990
1538.001    175999         0    175998           0.298     1.140     1.449     1.729     1.916     2.359     3.361     8.913
1539.001    175992         0    175989           0.264     1.151     1.453     1.720     1.892     2.271     2.890     9.232
1540.001    175985         0    175984           0.306     1.180     1.488     1.797     2.036     3.142    27.935    47.415
1541.001    176028         0    176022           0.304     1.153     1.457     1.732     1.909     2.294     2.798     3.969
1542.001    175974         0    175983           0.316     1.150     1.455     1.729     1.910     2.302     2.912     5.767
1543.001    175978         0    175966           0.300     1.161     1.470     1.749     1.933     2.361     3.654    28.672
1544.001    176060         0    176059           0.275     1.154     1.463     1.743     1.927     2.408     9.527    25.592
1545.001    175989         0    176003           0.315     1.136     1.442     1.712     1.891     2.335     4.456    12.141
1546.001    175979         0    175969           0.282     1.168     1.474     1.749     1.931     2.345     3.092     5.616
1547.001    176021         0    176033           0.306     1.134     1.444     1.719     1.897     2.341     8.282    31.949
1548.001    176015         0    176014           0.286     1.166     1.473     1.751     1.932     2.327     2.957     6.562
1549.001    175982         0    175978           0.315     1.113     1.424     1.700     1.883     2.310     3.398    16.687
1550.001    176036         0    176026           0.289     1.161     1.470     1.753     1.938     2.347     2.927     4.151
1551.001    175982         0    175995           0.303     1.132     1.440     1.712     1.889     2.284     2.877     8.159
1552.001    176036         0    176006           0.304     1.123     1.428     1.697     1.865     2.230     2.705     5.030
1553.001    175978         0    175994           0.288     1.151     1.464     1.737     1.909     2.288     2.816     5.579
1554.001    175992         0    176007           0.309     1.089     1.398     1.662     1.825     2.175     2.628     4.538
1555.001    175995         0    175996           0.291     1.163     1.473     1.755     1.945     2.372     3.189     7.975
1556.001    176012         0    176021           0.307     1.166     1.485     1.793     2.023     3.287    24.822    36.078
1557.001    176025         0    176008           0.302     1.142     1.446     1.712     1.889     2.296     3.486     6.660
1558.001    175967         0    175981           0.282     1.103     1.398     1.655     1.819     2.167     2.701     5.493
1559.001    176051         0    176033           0.288     1.115     1.409     1.675     1.846     2.236     2.890     6.091
1560.001    175960         0    175966           0.294     1.174     1.487     1.776     1.965     2.404     3.072     5.747
1561.001    176035         0    176019           0.261     1.153     1.448     1.715     1.890     2.286     2.861     5.071
1562.001    175951         0    175959           0.277     1.164     1.484     1.798     2.048     4.747    25.592    47.743
1563.001    175995         0    176005           0.295     1.117     1.426     1.700     1.878     2.267     2.867     8.937
1564.001    176058         0    176059           0.301     1.158     1.460     1.734     1.906     2.281     2.744     5.476
1565.001    175994         0    175996           0.299     1.129     1.433     1.704     1.873     2.230     2.685     4.686
1566.001    175993         0    175997           0.291     1.156     1.473     1.764     1.960     2.439     3.682     5.202
1567.001    176012         0    175966           0.299     1.112     1.423     1.709     1.892     2.306     3.496    12.050
1568.000    175984         0    176024           0.303     1.161     1.474     1.759     1.950     2.367     3.086     7.246
1569.001    176008         0    176011           0.263     1.153     1.458     1.735     1.912     2.294     2.822     3.963
1570.001    176039         0    176029           0.290     1.125     1.431     1.707     1.886     2.273     2.914     4.743
1571.001    175944         0    175954           0.302     1.139     1.435     1.705     1.881     2.265     2.927     5.333
1572.001    176019         0    176012           0.300     1.137     1.438     1.716     1.891     2.275     2.865     4.514
1573.001    175982         0    175991           0.311     1.151     1.454     1.731     1.908     2.300     3.135    10.551
1574.001    176016         0    176007           0.276     1.120     1.421     1.693     1.868     2.253     2.931     5.480
1575.001    176014         0    176005           0.313     1.171     1.480     1.767     1.957     2.374     3.324     7.557
1576.001    175984         0    176005           0.310     1.139     1.443     1.721     1.902     2.294     2.937     6.128
1577.001    176035         0    176008           0.297     1.144     1.441     1.715     1.895     2.316     3.541     9.183
1578.001    175945         0    175972           0.294     1.163     1.473     1.756     1.944     2.365     3.279     8.757
1579.001    175989         0    175987           0.312     1.117     1.424     1.702     1.880     2.284     3.160    16.351
1580.001    176042         0    176027           0.295     1.156     1.457     1.732     1.910     2.304     2.896     4.927
1581.001    175993         0    176007           0.313     1.133     1.440     1.727     1.910     2.308     2.951     6.894
1582.001    176039         0    176016           0.290     1.157     1.459     1.734     1.910     2.271     2.765     4.706
1583.001    175991         0    175971           0.316     1.137     1.453     1.736     1.922     2.322     3.373    12.321
1584.001    176016         0    176013           0.301     1.176     1.491     1.799     2.031     3.185    29.491    53.477
1585.000    175999         0    176039           0.277     1.148     1.454     1.739     1.921     2.324     2.871     8.356
1586.001    176018         0    176012           0.288     1.152     1.459     1.744     1.930     2.367     3.367     7.873
1587.001    175955         0    175950           0.282     1.154     1.457     1.738     1.922     2.339     3.150     6.664
1588.001    176022         0    176038           0.306     1.144     1.456     1.736     1.920     2.324     3.023     6.214
1589.001    176008         0    176006           0.302     1.156     1.463     1.739     1.918     2.294     3.041     6.042
1590.001    175992         0    175991           0.290     1.092     1.402     1.673     1.839     2.202     2.677     4.841
1591.001    176008         0    176016           0.290     1.127     1.437     1.716     1.889     2.286     3.090     6.201
1592.001    175989         0    175981           0.309     1.124     1.427     1.699     1.869     2.236     2.798     6.959
1593.001    176016         0    176021           0.306     1.113     1.418     1.687     1.854     2.210     2.636     4.293
1594.001    175964         0    175966           0.263     1.122     1.424     1.694     1.866     2.241     2.818     7.721
1595.001    176030         0    176016           0.326     1.133     1.435     1.710     1.885     2.259     2.750     3.887
1596.001    176017         0    175974           0.296     1.135     1.441     1.717     1.894     2.267     2.810     4.256
1597.001    175989         0    176048           0.313     1.100     1.403     1.673     1.840     2.195     2.685     4.948
1598.001    176009         0    175998           0.293     1.139     1.435     1.701     1.869     2.228     2.710     4.243
1599.001    175986         0    175997           0.306     1.142     1.456     1.750     1.947     2.415     8.643    24.429
1600.001    176005         0    175987           0.311     1.175     1.487     1.782     1.975     2.415     3.613    21.512
1601.001    176008         0    176012           0.307     1.163     1.479     1.769     1.960     2.359     2.974     4.858
1602.001    176003         0    176004           0.297     1.111     1.414     1.689     1.865     2.247     2.966     8.081
1603.001    176008         0    176000           0.284     1.162     1.463     1.737     1.908     2.275     2.812     8.462
1604.001    175981         0    176001           0.290     1.130     1.432     1.703     1.875     2.257     2.779     5.890
1605.001    176043         0    176012           0.285     1.155     1.455     1.734     1.917     2.345     3.271     6.439
1606.001    175942         0    175958           0.295     1.135     1.437     1.710     1.882     2.255     2.902     5.505
1607.001    176040         0    176016           0.290     1.134     1.434     1.709     1.881     2.273     2.851     8.221
1608.001    175983         0    175998           0.280     1.128     1.431     1.705     1.878     2.263     2.906     8.114
1609.001    176028         0    176042           0.293     1.129     1.425     1.697     1.868     2.236     2.740     4.243
1610.001    175974         0    175972           0.265     1.146     1.441     1.713     1.888     2.277     2.851     6.402
1611.001    176002         0    176000           0.279     1.146     1.454     1.741     1.932     2.394     3.887    17.564
1612.001    176003         0    176004           0.282     1.155     1.462     1.744     1.926     2.318     3.451    10.314
1613.001    176045         0    176027           0.297     1.138     1.446     1.726     1.903     2.269     2.763     4.555
1614.001    175977         0    176004           0.296     1.158     1.468     1.749     1.934     2.329     2.974     6.595
1615.001    175999         0    175960           0.302     1.167     1.480     1.766     1.952     2.359     2.992     4.776
1616.001    176008         0    176026           0.302     1.151     1.463     1.750     1.933     2.347     3.279     9.921
1617.001    175966         0    175980           0.292     1.143     1.448     1.730     1.911     2.304     2.861     4.317
1618.001    176044         0    176049           0.303     1.169     1.475     1.760     1.950     2.386     3.377     7.004
1619.001    175942         0    175925           0.311     1.153     1.456     1.734     1.909     2.290     2.787     3.742
1620.001    176053         0    176061           0.287     1.152     1.455     1.737     1.919     2.314     2.990     4.915
1621.001    175970         0    175985           0.295     1.107     1.413     1.683     1.857     2.226     2.730     4.649
1622.001    176039         0    176026           0.302     1.129     1.442     1.726     1.913     2.367     4.895    11.387
1623.001    176007         0    176012           0.306     1.170     1.466     1.746     1.933     2.347     3.426     8.626
1624.001    176003         0    175976           0.290     1.159     1.467     1.762     1.964     2.423     3.459     9.986
1625.001    176027         0    176020           0.309     1.144     1.441     1.719     1.896     2.306     3.293     7.799
1626.001    175961         0    175998           0.303     1.143     1.448     1.730     1.909     2.294     2.896     5.464
1627.001    176006         0    176007           0.302     1.127     1.426     1.700     1.872     2.238     2.740     6.603
1628.001    176029         0    176007           0.311     1.138     1.436     1.716     1.889     2.259     2.830     6.640
1629.001    176015         0    176019           0.297     1.137     1.425     1.696     1.865     2.243     2.861     7.152
1630.002    175950         0    175921           0.306     1.181     1.490     1.775     1.959     2.365     3.242     9.372
1631.001    176043         0    176079           0.295     1.151     1.465     1.756     1.943     2.351     3.035     9.413
1632.001    175969         0    175957           0.319     1.150     1.461     1.744     1.922     2.296     2.798     7.102
1633.001    175976         0    175995           0.299     1.148     1.462     1.756     1.945     2.374     4.657    12.394
1634.001    176012         0    176015           0.297     1.162     1.474     1.764     1.946     2.320     2.781     4.469
1635.001    176016         0    176012           0.275     1.161     1.477     1.769     1.959     2.372     3.011     6.377
1636.001    176010         0    176006           0.296     1.147     1.453     1.736     1.920     2.294     2.791     4.674
1637.001    176007         0    176016           0.308     1.163     1.465     1.746     1.923     2.310     2.906     8.237
1638.001    176007         0    175991           0.317     1.127     1.438     1.720     1.904     2.296     3.088     9.388
1639.001    175971         0    175975           0.293     1.182     1.491     1.784     1.970     2.363     2.972     4.596
1640.001    176008         0    176020           0.302     1.160     1.471     1.772     1.965     2.437     5.050     9.552
1641.001    176020         0    176005           0.270     1.181     1.477     1.758     1.946     2.386     6.509    19.677
1642.001    176011         0    176023           0.287     1.170     1.470     1.751     1.943     2.374     3.975     9.470
1643.001    175953         0    175956           0.300     1.137     1.437     1.714     1.890     2.261     2.822     5.034
1644.001    176030         0    176025           0.296     1.159     1.463     1.743     1.921     2.310     2.914     6.607
1645.001    176000         0    175986           0.282     1.167     1.485     1.787     1.989     2.431     3.406     9.077
1646.001    175965         0    175981           0.281     1.164     1.474     1.767     1.963     2.417     3.222     8.643
1647.001    176028         0    176019           0.294     1.157     1.469     1.776     1.986     2.607    10.232    29.213
1648.001    176028         0    176039           0.274     1.198     1.505     1.795     1.982     2.396     3.060     5.448
1649.001    175978         0    175969           0.305     1.137     1.450     1.737     1.924     2.335     2.847     5.812
1650.001    176001         0    176007           0.305     1.195     1.512     1.821     2.041     3.021    17.973    52.920
1651.001    175993         0    175998           0.310     1.163     1.476     1.759     1.945     2.331     2.869     4.354
1652.001    176049         0    176035           0.324     1.164     1.471     1.757     1.943     2.363     3.271     6.861
1653.001    175989         0    175999           0.320     1.183     1.501     1.798     1.996     2.429     3.744    10.125
1654.001    175984         0    175979           0.287     1.136     1.448     1.733     1.912     2.308     2.855     5.071
1655.001    176011         0    176007           0.296     1.195     1.522     1.828     2.026     2.462     3.881    11.190
1656.001    176010         0    176022           0.290     1.152     1.469     1.765     1.949     2.320     2.822     4.772
1657.001    176013         0    175991           0.295     1.190     1.503     1.798     1.989     2.398     3.019     5.079
1658.001    175981         0    176004           0.298     1.153     1.456     1.743     1.933     2.359     2.947     6.484
1659.001    175989         0    175978           0.296     1.160     1.473     1.765     1.949     2.333     2.810     3.873
1660.001    176027         0    176009           0.305     1.160     1.473     1.766     1.953     2.343     2.920     5.644
1661.001    175993         0    176015           0.294     1.168     1.485     1.782     1.970     2.376     3.250    12.182
1662.001    176020         0    176014           0.313     1.153     1.451     1.731     1.909     2.290     2.746     3.809
1663.001    175979         0    175986           0.294     1.181     1.487     1.781     1.969     2.376     3.115     8.471
1664.001    175961         0    175961           0.304     1.169     1.474     1.758     1.932     2.302     2.798     7.770
1665.001    176038         0    176038           0.297     1.171     1.489     1.800     2.012     2.562     6.078    25.952
1666.001    176038         0    176011           0.314     1.174     1.495     1.791     1.980     2.390     3.459    15.262
1667.001    175979         0    176004           0.295     1.141     1.453     1.742     1.920     2.294     2.888     8.987
1668.001    176050         0    176027           0.301     1.142     1.448     1.730     1.908     2.269     2.753     4.176
1669.001    175951         0    175968           0.306     1.147     1.455     1.743     1.927     2.314     2.847     4.870
1670.001    176028         0    176018           0.293     1.141     1.441     1.715     1.888     2.253     2.712     3.971
1671.001    175976         0    175986           0.310     1.181     1.488     1.779     1.971     2.394     3.504    10.682
1672.001    176014         0    176023           0.273     1.136     1.442     1.725     1.902     2.290     2.906     6.758
1673.001    175976         0    175973           0.291     1.178     1.483     1.782     1.993     2.568     6.287    18.121
1674.001    176044         0    176008           0.271     1.181     1.502     1.859     2.226     6.873    32.932    51.642
1675.002    176020         0    176010           0.278     1.167     1.464     1.743     1.922     2.304     2.812     3.951
1676.001    175954         0    175977           0.325     1.171     1.483     1.779     1.968     2.396     3.308     8.069
1677.001    176047         0    176034           0.294     1.176     1.482     1.774     1.964     2.367     2.963     6.103
1678.001    175958         0    175990           0.300     1.226     1.543     1.840     2.026     2.419     3.267     8.495
1679.001    176025         0    176019           0.298     1.161     1.482     1.797     2.022     2.734    21.332    36.176
1680.001    175986         0    175992           0.266     1.194     1.490     1.769     1.946     2.331     2.896     4.248
1681.001    176003         0    175998           0.292     1.165     1.475     1.765     1.954     2.353     2.941     8.298
1682.001    175989         0    175993           0.305     1.205     1.514     1.810     2.004     2.429     3.142     6.545
1683.001    175979         0    175981           0.281     1.192     1.505     1.799     1.985     2.396     3.064     6.771
1684.001    176061         0    176047           0.313     1.179     1.487     1.777     1.961     2.382     3.133     7.770
1685.002    175994         0    175994           0.276     1.187     1.497     1.790     1.977     2.384     2.912     4.977
1686.001    175970         0    175982           0.303     1.210     1.523     1.823     2.017     2.437     3.521    11.969
1687.001    176007         0    176007           0.275     1.198     1.508     1.805     2.000     2.449     9.667    19.464
1688.001    176037         0    175982           0.290     1.195     1.511     1.811     2.012     2.464     4.952    11.420
1689.002    176008         0    176051           0.273     1.181     1.489     1.780     1.969     2.380     3.047     4.448
1690.001    175961         0    175983           0.295     1.148     1.454     1.740     1.924     2.333     2.986     7.524
1691.001    176029         0    176004           0.284     1.181     1.481     1.767     1.954     2.359     3.312     6.291
1692.001    175972         0    175990           0.304     1.174     1.479     1.767     1.958     2.359     2.939    10.617
1693.001    176037         0    176013           0.279     1.182     1.497     1.792     1.981     2.380     2.963     4.657
1694.001    175969         0    175995           0.298     1.181     1.494     1.795     1.992     2.421     3.047     5.558
1695.001    176009         0    175993           0.315     1.174     1.488     1.783     1.974     2.378     3.234     7.205
1696.001    176007         0    175996           0.305     1.188     1.504     1.799     1.989     2.386     2.865     4.284
1697.001    176022         0    176047           0.301     1.161     1.471     1.760     1.946     2.341     2.902     4.551
1698.001    175991         0    175973           0.299     1.164     1.468     1.744     1.918     2.286     2.765     3.807
1699.001    175929         0    175947           0.274     1.162     1.470     1.760     1.951     2.351     3.078    11.239
1700.001    176068         0    176067           0.310     1.161     1.474     1.762     1.940     2.327     2.859     7.664
1701.001    176023         0    176015           0.252     1.141     1.461     1.750     1.932     2.302     2.757     3.754
1702.001    175951         0    175956           0.314     1.152     1.463     1.751     1.937     2.300     2.775     6.681
1703.001    176018         0    176025           0.251     1.174     1.484     1.769     1.953     2.339     2.918     4.407
1704.001    176014         0    176008           0.306     1.150     1.458     1.745     1.928     2.331     3.113    14.033
1705.001    175977         0    175970           0.282     1.196     1.509     1.814     2.026     2.570    11.133    22.856
1706.001    176047         0    176044           0.310     1.187     1.497     1.800     2.001     2.439     3.178     5.693
1707.001    175979         0    175993           0.291     1.177     1.484     1.775     1.960     2.372     3.006     7.201
1708.001    176013         0    175975           0.315     1.170     1.479     1.767     1.953     2.355     2.884     4.172
1709.001    176007         0    176052           0.309     1.221     1.559     1.951     2.353     6.353    41.222    62.292
1710.001    176012         0    176011           0.307     1.172     1.482     1.767     1.949     2.341     2.972     5.542
1711.001    175994         0    175992           0.290     1.137     1.458     1.756     1.946     2.347     2.937     4.952
1712.001    176001         0    175967           0.309     1.174     1.480     1.767     1.952     2.359     2.912     6.754
1713.002    176026         0    176039           0.296     1.156     1.468     1.759     1.948     2.363     3.068    19.120
1714.001    175949         0    175970           0.318     1.168     1.483     1.779     1.967     2.370     2.912     4.809
1715.001    176023         0    175989           0.296     1.157     1.463     1.744     1.924     2.292     2.753     4.792
1716.001    176007         0    176032           0.327     1.176     1.489     1.784     1.972     2.365     2.847     4.125
1717.001    175996         0    175990           0.301     1.155     1.467     1.762     1.952     2.361     3.156     8.446
1718.001    176026         0    176016           0.298     1.185     1.503     1.805     2.001     2.404     2.894     4.502
1719.001    175989         0    176004           0.279     1.172     1.481     1.767     1.950     2.341     2.931     4.497
1720.001    176011         0    175984           0.267     1.161     1.471     1.759     1.942     2.341     2.894     7.381
1721.001    175960         0    175980           0.292     1.224     1.544     1.860     2.073     2.568     4.850    11.887
1722.002    176174         0    176023           0.279     1.153     1.447     1.722     1.900     2.286     2.943     6.873
1723.000    175812         0    175974           0.281     1.200     1.505     1.806     2.011     2.523     8.077    29.262
1724.001    176068         0    176047           0.291     1.188     1.498     1.789     1.976     2.382     3.105    12.001
1725.001    175958         0    175978           0.294     1.180     1.482     1.772     1.960     2.372     3.195     9.036
1726.001    175986         0    175976           0.297     1.166     1.469     1.754     1.932     2.304     2.828     4.620
1727.001    176017         0    176035           0.288     1.185     1.509     1.826     2.033     2.482     3.746    13.681
1728.001    176018         0    176013           0.320     1.151     1.467     1.763     1.957     2.410     3.723     7.356
1729.001    176025         0    176017           0.310     1.144     1.462     1.756     1.938     2.329     3.156    17.711
1730.001    175972         0    175979           0.296     1.194     1.512     1.818     2.014     2.429     3.164    21.922
1731.001    175990         0    175991           0.314     1.162     1.483     1.780     1.970     2.372     3.052     8.036
1732.001    176032         0    176036           0.282     1.174     1.490     1.789     1.979     2.378     3.232    11.952
1733.001    175964         0    175960           0.317     1.187     1.500     1.802     1.999     2.443     3.262     6.132
1734.001    176004         0    176010           0.317     1.211     1.523     1.819     2.015     2.425     3.027    10.617
1735.001    176027         0    175957           0.328     1.235     1.561     1.893     2.126     2.820    39.420    64.094
1736.000    176019         0    176075           0.315     1.178     1.495     1.794     1.987     2.406     3.283    16.638
1737.001    175945         0    175947           0.289     1.229     1.540     1.845     2.049     2.509     4.600    19.350
1738.001    176049         0    176056           0.295     1.199     1.512     1.815     2.009     2.439     3.170     6.332
1739.001    176006         0    176008           0.305     1.179     1.480     1.761     1.935     2.316     2.906     7.733
1740.001    175994         0    175993           0.282     1.156     1.457     1.741     1.918     2.288     2.781     4.669
1741.001    175993         0    175988           0.298     1.180     1.491     1.779     1.957     2.333     2.822     4.989
1742.001    175982         0    175966           0.306     1.189     1.509     1.812     2.012     2.447     3.222     8.929
1743.001    176048         0    176053           0.303     1.218     1.536     1.842     2.042     2.476     3.467    16.212
1744.001    175973         0    175985           0.295     1.226     1.555     1.867     2.067     2.488     3.037     4.477
1745.001    176019         0    176010           0.321     1.209     1.539     1.843     2.040     2.466     3.236     8.339
1746.001    175994         0    175993           0.326     1.211     1.534     1.837     2.032     2.437     3.199     9.806
1747.001    176001         0    176010           0.299     1.148     1.466     1.759     1.946     2.355     3.027     4.538
1748.001    176003         0    175997           0.291     1.198     1.517     1.848     2.118     3.762    37.323    48.824
1749.001    176004         0    176017           0.302     1.157     1.461     1.745     1.919     2.279     2.699     3.729
1750.001    176030         0    176005           0.293     1.196     1.506     1.809     2.017     2.578    19.104    30.294
1751.001    175968         0    175986           0.312     1.164     1.469     1.754     1.936     2.333     3.045     6.779
1752.001    176000         0    176012           0.276     1.167     1.473     1.755     1.933     2.316     2.761     3.553
1753.001    176006         0    175996           0.320     1.170     1.481     1.762     1.942     2.322     2.847     4.821
1754.001    176011         0    176014           0.307     1.167     1.471     1.753     1.934     2.314     2.851     8.921
1755.001    175981         0    175981           0.287     1.180     1.485     1.768     1.950     2.349     2.906     5.738
1756.001    176039         0    176036           0.292     1.162     1.479     1.774     1.964     2.376     3.095     6.660
1757.001    175988         0    175992           0.302     1.195     1.499     1.785     1.973     2.355     2.888     4.166
1758.001    175989         0    175972           0.303     1.181     1.490     1.787     1.986     2.410     3.049     4.702
1759.001    176028         0    176043           0.300     1.168     1.482     1.777     1.966     2.363     2.906     4.016
1760.001    175980         0    175987           0.286     1.196     1.504     1.791     1.972     2.345     2.855     4.395
1761.001    176007         0    176002           0.323     1.169     1.482     1.775     1.967     2.374     2.947     7.094
1762.001    175988         0    175972           0.293     1.214     1.532     1.840     2.043     2.511     3.918     9.077
1763.001    176025         0    176011           0.318     1.213     1.537     1.853     2.070     2.558     3.494     7.291
1764.001    175991         0    176001           0.288     1.183     1.486     1.770     1.952     2.355     2.982     6.812
1765.001    176009         0    176015           0.296     1.153     1.456     1.739     1.920     2.298     2.804     5.251
1766.001    176036         0    176029           0.301     1.189     1.501     1.794     1.978     2.378     3.174     6.468
1767.001    175943         0    175964           0.321     1.170     1.483     1.783     1.976     2.394     3.076     8.061
1768.001    176035         0    176003           0.284     1.193     1.508     1.811     2.006     2.431     3.209     5.034
1769.001    176001         0    176032           0.305     1.190     1.492     1.781     1.966     2.384     3.205     6.046
1770.001    175970         0    175968           0.320     1.176     1.482     1.774     1.969     2.425     6.267    17.564
1771.001    176040         0    176028           0.257     1.200     1.500     1.789     1.978     2.380     3.025     9.560
1772.001    175998         0    176012           0.303     1.189     1.508     1.833     2.077     3.289    30.982    41.419
1773.001    175978         0    175961           0.296     1.205     1.508     1.797     1.985     2.376     2.888    10.117
1774.001    175992         0    175997           0.303     1.178     1.481     1.769     1.956     2.345     2.898     4.973
1775.001    176020         0    176032           0.305     1.199     1.505     1.799     1.991     2.433     3.545    12.796
1776.001    176005         0    175979           0.318     1.164     1.464     1.747     1.929     2.331     2.882     6.463
1777.001    176043         0    176053           0.315     1.182     1.483     1.768     1.954     2.351     2.902     8.675
1778.001    175974         0    175984           0.294     1.213     1.519     1.808     2.001     2.451     4.825    15.450
1779.001    175968         0    175979           0.264     1.164     1.468     1.757     1.943     2.355     3.086     6.291
1780.001    176012         0    176008           0.309     1.195     1.494     1.773     1.957     2.335     2.998    12.091
1781.001    176035         0    176014           0.272     1.152     1.446     1.718     1.894     2.269     2.781     3.639
1782.001    176002         0    176022           0.280     1.186     1.486     1.770     1.950     2.333     2.863     4.313
1783.001    175976         0    175980           0.312     1.180     1.487     1.772     1.952     2.324     2.839     7.496
1784.001    175978         0    175981           0.274     1.182     1.492     1.786     1.973     2.406    10.519    32.489
1785.001    176003         0    175997           0.319     1.200     1.507     1.797     1.985     2.390     3.359    12.648
1786.001    176037         0    176032           0.302     1.188     1.498     1.794     1.991     2.427     3.588    10.592
1787.001    175999         0    175994           0.306     1.231     1.543     1.840     2.041     2.503     7.430    21.922
1788.001    176001         0    176018           0.310     1.199     1.507     1.799     1.987     2.390     3.351    15.860
1789.001    175991         0    175978           0.309     1.222     1.536     1.844     2.050     2.525    16.654    34.275
1790.001    175959         0    175968           0.309     1.208     1.521     1.820     2.015     2.437     3.289     8.962
1791.001    176048         0    176036           0.316     1.219     1.528     1.834     2.036     2.490     3.971     8.798
1792.001    175989         0    175999           0.290     1.276     1.601     1.939     2.195     3.148    30.720    56.984
1793.001    176014         0    176013           0.319     1.219     1.525     1.815     2.004     2.413     3.359    13.935
1794.001    175967         0    175956           0.303     1.219     1.512     1.796     1.986     2.394     3.023     4.151
1795.001    176033         0    176014           0.320     1.209     1.518     1.815     2.010     2.427     3.275     6.681
1796.002    176035         0    176067           0.295     1.202     1.518     1.816     2.007     2.429     3.080    10.887
1797.001    175980         0    175971           0.296     1.208     1.513     1.806     1.994     2.382     2.914     4.383
1798.001    176011         0    176020           0.300     1.215     1.526     1.821     2.014     2.433     3.090     4.129
1799.001    175998         0    175978           0.299     1.217     1.538     1.840     2.034     2.451     3.279     8.888
1800.001    175977         0    175980           0.296     1.197     1.517     1.823     2.023     2.456     3.260     7.676
1800.001        74         0    175083           1.132     1.658     2.130     2.744     3.922     4.579     4.579     4.579

SUMMARY STATS ══════════════════════════════════════════════════════════════════════════════════════════════════════════════
    Elapsed time       [s]   1800.005                                                                 
        CPU time       [s]  14123.616                                                                 
 CPU utilisation       [%]       21.8                                                                 
          Cycles      [op]  316803727                                                                 
          Errors      [op]          0                                                                 
              └─       [%]        0.0                                                                 
        Requests     [req]  316803727                                                                 
              └─  [req/op]        1.0                                                                 
         Retries     [ret]          0                                                                 
              └─ [ret/req]    0.00000                                                                 
            Rows     [row]          0                                                                 
              └─ [row/req]        0.0                                                                 
     Concurrency     [req]         24 ± 2                                                             
              └─       [%]         18                                                                 
      Throughput    [op/s]     176002 ± 16                                                            
              ├─   [req/s]     176002 ± 16                                                            
              └─   [row/s]          0 ± 0                                                             
   Cycle latency      [ms]      1.164 ± 0.000                                                         
 Request latency      [ms]      1.083 ± 0.000                                                         

CYCLE LATENCY for standard1_insert [ms]  ═══════════════════════════════════════════════════════════════════════════════════
          Min                   0.240 ± 0.023                                                         
           25                   0.813 ± 0.001                                                         
           50                   1.107 ± 0.000                                                         
           75                   1.422 ± 0.000                                                         
           90                   1.713 ± 0.002                                                         
           95                   1.905 ± 0.001                                                         
           98                   2.159 ± 0.002                                                         
           99                   2.365 ± 0.003                                                         
           99.9                 5.075 ± 0.080                                                         
           99.99               30.835 ± 1.202                                                         
          Max                  96.207 ± 2.986                                                         

