CONFIG ═════════════════════════════════════════════════════════════════════════════════════════════════════════════════════
            Date            Tue, 08 Jul 2025                                                          
            Time            23:42:29 +0000                                                            
         Cluster                                                                                      
      Datacenter                                                                                      
   Cass. version            3.0.8                                                                     
        Workload            uniform.rn                                                                
     Function(s)            standard1_select:1                                                        
     Consistency            LocalQuorum                                                               
            Tags                                                                                      
────────────────────────────────────────────────────────────────────────────────────────────────────────────────────────────
         Threads                    4                                                                 
     Connections                    1                                                                 
     Concurrency     [req]        128                                                                 
        Max rate    [op/s]      20000                                                                 
          Warmup       [s]         20                                                                 
              └─      [op]                                                                            
        Run time       [s]     1800.0                                                                 
              └─      [op]                                                                            
        Sampling       [s]        1.0                                                                 
              └─      [op]                                                                            
 Request timeout       [s]          5                                                                 
         Retries                                                                                      
  ┌──────┴number                   10                                                                 
  ├─min interval      [ms]        100                                                                 
  └─max interval      [ms]       5000                                                                 

LOG ════════════════════════════════════════════════════════════════════════════════════════════════════════════════════════
    Time    Cycles    Errors    Thrpt.     ────────────────────────────────── Latency [ms/op] ──────────────────────────────
     [s]      [op]      [op]    [op/s]             Min        50        75        90        95        99      99.9       Max
   1.001     19995         0     19987           0.249     0.560     0.695     0.861     1.005     1.313     1.703     2.195
   2.000     19999         0     20000           0.250     0.561     0.698     0.861     0.989     1.290     1.645     2.509
   3.000     19997         0     19997           0.244     0.567     0.699     0.861     0.992     1.289     1.691     2.320
   4.000     20003         0     20003           0.251     0.563     0.695     0.845     0.968     1.254     1.607     2.058
   5.000     19998         0     19998           0.262     0.632     0.778     0.952     1.086     1.421     1.876     2.546
   6.000     20001         0     20001           0.258     0.623     0.762     0.925     1.053     1.372     1.711     2.034
   7.000     20001         0     20003           0.242     0.618     0.752     0.906     1.024     1.331     1.732     2.132
   8.000     19999         0     19998           0.244     0.615     0.751     0.907     1.021     1.348     1.731     2.882
   9.000     20000         0     20000           0.249     0.617     0.747     0.904     1.021     1.331     1.683     2.150
  10.000     20000         0     20000           0.259     0.616     0.752     0.901     1.017     1.329     1.709     2.008
  11.000     19998         0     19998           0.250     0.616     0.751     0.912     1.036     1.361     1.766     2.339
  12.000     20001         0     19999           0.257     0.613     0.746     0.901     1.016     1.308     1.705     3.068
  13.000     19999         0     20001           0.263     0.624     0.765     0.925     1.056     1.375     1.761     2.521
  14.000     20005         0     20005           0.232     0.616     0.759     0.927     1.058     1.395     1.820     2.507
  15.000     19998         0     19997           0.244     0.617     0.753     0.905     1.019     1.308     1.752     2.306
  16.000     19996         0     19996           0.258     0.614     0.751     0.909     1.037     1.349     1.774     2.386
  17.000     20004         0     20004           0.241     0.609     0.745     0.904     1.023     1.340     1.715     1.964
  18.000     19997         0     19997           0.245     0.612     0.745     0.900     1.013     1.300     1.713     2.116
  19.000     20001         0     20001           0.249     0.612     0.743     0.894     1.017     1.300     1.703     2.062
  20.000     20003         0     20003           0.233     0.605     0.736     0.890     1.001     1.300     1.806     2.447
  21.000     19999         0     19998           0.252     0.606     0.740     0.892     1.014     1.320     1.683     2.169
  22.000     19998         0     19998           0.257     0.604     0.734     0.880     0.996     1.277     1.612     2.675
  23.000     20001         0     20000           0.244     0.607     0.738     0.892     1.013     1.336     1.740     2.476
  24.000     19999         0     19999           0.245     0.612     0.745     0.895     1.011     1.311     1.638     2.002
  25.000     20000         0     20001           0.237     0.606     0.739     0.886     0.998     1.312     1.659     2.154
  26.000     19999         0     19999           0.234     0.618     0.755     0.912     1.031     1.331     1.687     2.128
  27.000     20000         0     20001           0.242     0.626     0.766     0.940     1.075     1.392     1.877     2.970
  28.000     20004         0     20003           0.231     0.624     0.772     0.951     1.107     1.439     1.840     2.761
  29.000     19997         0     19998           0.250     0.620     0.764     0.940     1.085     1.405     1.798     2.517
  30.000     20002         0     20002           0.241     0.615     0.755     0.920     1.061     1.361     1.777     2.589
  31.000     19996         0     19996           0.250     0.612     0.754     0.918     1.054     1.390     1.807     2.271
  32.000     19994         0     19994           0.236     0.614     0.755     0.919     1.056     1.390     1.793     2.288
  33.000     20008         0     20007           0.251     0.621     0.762     0.945     1.100     1.461     1.961     2.683
  34.000     20002         0     20003           0.244     0.631     0.782     0.981     1.144     1.499     1.971     2.877
  35.000     19997         0     19997           0.236     0.638     0.799     1.003     1.177     1.505     2.003     2.630
  36.000     20000         0     19998           0.249     0.634     0.788     0.980     1.143     1.465     1.855     2.769
  37.000     20002         0     20003           0.256     0.643     0.809     1.039     1.223     1.588     2.132     3.242
  38.000     19997         0     19998           0.262     0.644     0.815     1.040     1.221     1.551     1.960     2.834
  39.000     20003         0     20003           0.240     0.636     0.790     0.995     1.172     1.513     1.953     3.082
  40.000     19997         0     19996           0.232     0.634     0.786     0.995     1.179     1.554     1.989     2.482
  41.000     20000         0     20001           0.242     0.643     0.810     1.038     1.227     1.594     2.095     3.041
  42.000     19999         0     19998           0.253     0.638     0.803     1.028     1.223     1.577     2.037     2.904
  43.000     20001         0     20000           0.238     0.641     0.805     1.024     1.205     1.552     2.045     3.113
  44.000     20002         0     20003           0.265     0.646     0.828     1.082     1.291     1.640     2.208     2.916
  45.000     20000         0     20000           0.246     0.648     0.825     1.068     1.261     1.585     2.081     2.742
  46.000     19998         0     19998           0.244     0.641     0.810     1.044     1.225     1.555     2.046     2.896
  47.000     20003         0     20002           0.249     0.662     0.851     1.120     1.323     1.671     2.175     2.839
  48.000     20000         0     20000           0.252     0.665     0.855     1.125     1.337     1.696     2.222     3.596
  49.000     20001         0     20002           0.248     0.676     0.879     1.178     1.371     1.724     2.341     3.445
  50.000     19997         0     19997           0.250     0.672     0.870     1.163     1.367     1.714     2.320     3.013
  51.000     19998         0     19997           0.230     0.693     0.895     1.187     1.390     1.756     2.251     4.119
  52.000     20003         0     20003           0.250     0.680     0.885     1.169     1.364     1.762     2.318     3.209
  53.000     19998         0     19999           0.243     0.679     0.886     1.182     1.383     1.752     2.279     3.336
  54.000     20002         0     20000           0.246     0.687     0.901     1.196     1.386     1.745     2.263     3.066
  55.000     19997         0     20000           0.258     0.671     0.860     1.156     1.371     1.737     2.257     2.984
  56.000     20001         0     20000           0.245     0.668     0.865     1.165     1.370     1.727     2.232     3.125
  57.000     20000         0     19998           0.241     0.678     0.877     1.162     1.354     1.699     2.179     3.125
  58.000     20002         0     20004           0.245     0.680     0.871     1.155     1.360     1.734     2.255     2.988
  59.000     19995         0     19995           0.259     0.693     0.903     1.209     1.383     1.709     2.226     3.113
  60.000     20005         0     20004           0.255     0.676     0.870     1.162     1.363     1.719     2.370     2.843
  61.000     20002         0     20003           0.247     0.695     0.909     1.211     1.407     1.769     2.253     3.049
  62.000     19996         0     19996           0.248     0.680     0.879     1.159     1.349     1.727     2.353     2.908
  63.000     20003         0     20004           0.263     0.671     0.872     1.166     1.366     1.715     2.365     3.019
  64.000     20000         0     19997           0.247     0.675     0.886     1.193     1.392     1.763     2.316     3.244
  65.000     19996         0     19999           0.244     0.682     0.887     1.189     1.385     1.796     2.437     3.318
  66.000     20001         0     20000           0.262     0.675     0.874     1.174     1.369     1.725     2.206     2.966
  67.000     20003         0     20004           0.249     0.676     0.876     1.154     1.351     1.708     2.214     3.494
  68.000     19998         0     19998           0.243     0.691     0.895     1.183     1.367     1.740     2.214     2.859
  69.000     19998         0     19998           0.235     0.672     0.871     1.153     1.340     1.693     2.111     2.646
  70.000     20001         0     20001           0.239     0.670     0.862     1.124     1.331     1.694     2.173     3.004
  71.000     19999         0     19999           0.255     0.695     0.903     1.211     1.412     1.799     2.509     3.611
  72.000     20007         0     20008           0.247     0.696     0.904     1.202     1.385     1.757     2.195     2.886
  73.000     19991         0     19991           0.258     0.687     0.884     1.148     1.337     1.661     2.101     2.601
  74.000     20004         0     20004           0.270     0.695     0.906     1.195     1.388     1.790     2.267     3.015
  75.000     20001         0     20001           0.246     0.690     0.891     1.168     1.362     1.727     2.390     3.844
  76.000     20000         0     20001           0.248     0.672     0.877     1.174     1.370     1.760     2.304     3.746
  77.000     19994         0     19993           0.259     0.665     0.854     1.125     1.319     1.677     2.206     2.888
  78.000     20006         0     20006           0.250     0.678     0.884     1.186     1.375     1.740     2.275     3.129
  79.000     19998         0     19999           0.247     0.677     0.875     1.163     1.365     1.718     2.257     3.355
  80.000     19997         0     19997           0.252     0.677     0.881     1.169     1.366     1.682     2.236     3.203
  81.000     20004         0     20004           0.246     0.673     0.876     1.165     1.363     1.723     2.314     3.078
  82.000     20002         0     20002           0.264     0.682     0.886     1.172     1.371     1.714     2.253     2.697
  83.000     19999         0     19998           0.248     0.673     0.868     1.145     1.339     1.709     2.150     2.710
  84.000     20000         0     20000           0.263     0.681     0.889     1.200     1.393     1.763     2.277     3.588
  85.000     19997         0     19995           0.255     0.691     0.897     1.183     1.381     1.726     2.236    15.991
  86.000     20000         0     20002           0.237     0.685     0.882     1.164     1.357     1.704     2.277     5.124
  87.000     19999         0     19999           0.252     0.680     0.885     1.171     1.366     1.753     2.349     3.592
  88.000     20006         0     20004           0.252     0.672     0.866     1.150     1.338     1.694     2.279     2.904
  89.000     20002         0     20002           0.261     0.688     0.887     1.167     1.368     1.696     2.154     2.804
  90.000     19994         0     19996           0.263     0.680     0.878     1.166     1.366     1.714     2.337     3.004
  91.000     20000         0     20000           0.263     0.694     0.909     1.205     1.397     1.749     2.255     3.015
  92.000     19999         0     19999           0.241     0.676     0.872     1.148     1.339     1.695     2.163     2.603
  93.000     20003         0     20003           0.252     0.686     0.894     1.200     1.394     1.766     2.263     3.011
  94.000     19997         0     19995           0.237     0.676     0.872     1.154     1.347     1.710     2.200     2.861
  95.000     19996         0     19997           0.246     0.684     0.873     1.146     1.334     1.684     2.302     2.963
  96.000     20006         0     20007           0.254     0.684     0.889     1.188     1.370     1.726     2.277     2.759
  97.000     19996         0     19996           0.238     0.676     0.871     1.160     1.358     1.702     2.269     2.865
  98.000     20007         0     20004           0.239     0.676     0.873     1.157     1.351     1.719     2.327     2.990
  99.000     19997         0     19998           0.278     0.677     0.874     1.153     1.353     1.696     2.206     2.683
 100.000     19998         0     19997           0.250     0.689     0.895     1.194     1.381     1.718     2.216     2.978
 101.000     20003         0     20004           0.248     0.682     0.879     1.158     1.350     1.721     2.189     3.052
 102.000     19999         0     20000           0.246     0.684     0.889     1.184     1.371     1.727     2.265     3.432
 103.000     20000         0     19999           0.254     0.696     0.900     1.193     1.388     1.749     2.329     2.927
 104.000     20000         0     19999           0.247     0.690     0.899     1.204     1.404     1.817     2.501     3.416
 105.000     20000         0     20002           0.251     0.677     0.873     1.164     1.353     1.711     2.245     3.959
 106.000     19999         0     19999           0.243     0.677     0.877     1.166     1.360     1.744     2.347     3.328
 107.000     20002         0     20001           0.259     0.693     0.900     1.182     1.378     1.724     2.234     3.049
 108.000     20001         0     20002           0.254     0.684     0.882     1.163     1.355     1.695     2.169     2.914
 109.000     19996         0     19996           0.243     0.686     0.892     1.195     1.394     1.767     2.378     3.402
 110.000     20001         0     20000           0.250     0.673     0.863     1.135     1.322     1.676     2.198     3.168
 111.000     20001         0     20001           0.241     0.672     0.869     1.153     1.354     1.706     2.243     3.717
 112.000     20001         0     20001           0.246     0.688     0.887     1.170     1.355     1.693     2.173     3.723
 113.000     19998         0     19996           0.261     0.686     0.882     1.171     1.354     1.673     2.187     3.121
 114.000     19999         0     20002           0.252     0.673     0.867     1.143     1.333     1.672     2.232     3.209
 115.000     20000         0     19999           0.267     0.692     0.892     1.185     1.384     1.721     2.318     2.869
 116.000     20001         0     20001           0.263     0.688     0.894     1.186     1.380     1.725     2.159     2.759
 117.000     20001         0     20001           0.263     0.675     0.863     1.140     1.336     1.660     2.230     3.062
 118.000     19999         0     19999           0.255     0.685     0.886     1.167     1.361     1.731     2.271     2.912
 119.000     19997         0     19997           0.248     0.686     0.889     1.174     1.367     1.737     2.290     3.289
 120.000     19998         0     19998           0.261     0.679     0.874     1.157     1.338     1.704     2.198     2.839
 121.000     20004         0     20004           0.254     0.670     0.859     1.126     1.321     1.667     2.157     2.824
 122.000     20002         0     20000           0.258     0.676     0.871     1.158     1.353     1.692     2.189     2.822
 123.000     19999         0     20001           0.260     0.677     0.869     1.154     1.345     1.715     2.302     3.099
 124.000     20000         0     20000           0.241     0.671     0.865     1.134     1.334     1.695     2.185     2.828
 125.000     20000         0     20000           0.256     0.665     0.851     1.129     1.318     1.669     2.212     3.316
 126.000     20000         0     19999           0.239     0.676     0.869     1.157     1.356     1.711     2.144     3.037
 127.000     19999         0     20000           0.249     0.662     0.851     1.111     1.303     1.632     2.036     2.773
 128.000     20005         0     20006           0.253     0.681     0.889     1.190     1.382     1.731     2.292     3.348
 129.000     19996         0     19995           0.234     0.667     0.856     1.132     1.327     1.653     2.136     3.072
 130.000     20001         0     20002           0.245     0.680     0.879     1.161     1.361     1.720     2.251     3.590
 131.000     19999         0     19999           0.262     0.671     0.862     1.124     1.322     1.669     2.148     3.033
 132.000     20001         0     20001           0.257     0.679     0.870     1.129     1.321     1.647     2.144     2.896
 133.000     19995         0     19996           0.253     0.690     0.888     1.168     1.352     1.704     2.249     3.445
 134.000     20006         0     20005           0.251     0.695     0.911     1.210     1.400     1.757     2.322     3.586
 135.000     20001         0     20001           0.233     0.688     0.897     1.185     1.380     1.740     2.302     3.613
 136.000     19994         0     19995           0.252     0.685     0.890     1.176     1.369     1.758     2.296     3.246
 137.000     20003         0     20001           0.241     0.694     0.904     1.198     1.384     1.722     2.298     3.607
 138.000     20001         0     20003           0.255     0.663     0.836     1.083     1.281     1.636     2.042     2.636
 139.000     20000         0     19999           0.250     0.674     0.872     1.161     1.364     1.729     2.183     3.545
 140.000     20000         0     20001           0.262     0.663     0.847     1.114     1.306     1.652     2.144     3.662
 141.000     20002         0     20000           0.239     0.685     0.880     1.169     1.373     1.746     2.288     2.898
 142.000     19998         0     19997           0.259     0.673     0.865     1.134     1.328     1.673     2.263     3.191
 143.000     19998         0     20000           0.256     0.661     0.843     1.095     1.293     1.644     2.171     2.771
 144.000     20004         0     20005           0.242     0.671     0.867     1.143     1.348     1.681     2.148     2.961
 145.000     20002         0     20002           0.249     0.669     0.859     1.139     1.330     1.706     2.208     2.972
 146.000     19997         0     19996           0.246     0.636     0.823     1.079     1.271     1.598     2.003     2.851
 147.000     19999         0     20000           0.255     0.633     0.824     1.098     1.273     1.619     2.060     2.890
 148.000     19993         0     19993           0.230     0.631     0.824     1.093     1.267     1.610     2.138     2.865
 149.000     20008         0     20007           0.241     0.638     0.828     1.098     1.273     1.604     2.080     2.703
 150.000     19998         0     19999           0.256     0.644     0.827     1.071     1.255     1.576     2.032     2.802
 151.000     20000         0     19999           0.237     0.677     0.868     1.152     1.347     1.674     2.226     3.043
 152.000     20000         0     20001           0.265     0.675     0.861     1.126     1.334     1.667     2.138     2.796
 153.000     19996         0     19996           0.246     0.664     0.852     1.113     1.303     1.617     2.183     2.961
 154.000     20004         0     20004           0.253     0.780     0.978     1.279     1.461     1.801     2.218     2.955
 155.000     19996         0     19994           0.418     0.858     1.085     1.408     1.577     1.916     2.437     4.018
 156.000     19999         0     19998           0.463     0.868     1.091     1.414     1.571     1.897     2.378     2.730
 157.000     19999         0     20001           0.442     0.858     1.091     1.416     1.580     1.907     2.419     3.011
 158.000     19998         0     19998           0.453     0.864     1.106     1.437     1.604     1.953     2.345     3.004
 159.000     20006         0     20005           0.458     0.875     1.112     1.432     1.609     1.956     2.472     3.566
 160.000     20001         0     20002           0.466     0.852     1.068     1.388     1.555     1.884     2.320     2.851
 161.000     19991         0     19991           0.456     0.865     1.108     1.434     1.606     1.970     2.490     3.217
 162.000     20003         0     20003           0.453     0.881     1.162     1.477     1.652     2.016     2.601     3.355
 163.000     20001         0     20001           0.458     0.873     1.118     1.453     1.633     1.998     2.515     3.512
 164.000     20003         0     20004           0.443     0.871     1.125     1.456     1.638     2.057     2.611     3.672
 165.000     20001         0     19999           0.447     0.889     1.149     1.464     1.640     2.011     2.497     3.521
 166.000     20000         0     20001           0.438     0.882     1.136     1.459     1.633     1.965     2.519     3.754
 167.000     19993         0     19993           0.455     0.898     1.158     1.471     1.646     2.001     2.556     2.945
 168.000     20006         0     20005           0.461     0.883     1.133     1.454     1.629     1.972     2.480     3.230
 169.000     19999         0     20000           0.457     0.879     1.121     1.437     1.607     1.914     2.374     2.947
 170.000     20002         0     20001           0.453     0.881     1.120     1.440     1.617     1.971     2.525     3.310
 171.000     20000         0     20001           0.475     0.888     1.146     1.455     1.635     1.995     2.507     3.111
 172.000     19998         0     20000           0.451     0.871     1.119     1.446     1.615     1.999     2.556     3.381
 173.000     20000         0     19999           0.450     0.874     1.125     1.450     1.627     2.004     2.492     3.201
 174.000     19999         0     19999           0.463     0.897     1.171     1.494     1.673     2.107     2.621     3.156
 175.000     20002         0     20002           0.449     0.874     1.111     1.436     1.605     1.961     2.527     3.379
 176.000     20003         0     20002           0.458     0.862     1.108     1.437     1.604     1.940     2.378     2.845
 177.000     19995         0     19997           0.451     0.861     1.083     1.410     1.595     1.942     2.466     3.461
 178.000     19998         0     19996           0.451     0.875     1.118     1.447     1.635     2.038     2.525     3.484
 179.001     20006         0     20003           0.457     0.874     1.133     1.451     1.615     1.956     2.511     3.449
 180.000     20001         0     20005           0.432     0.848     1.056     1.376     1.538     1.864     2.343     3.598
 181.000     20000         0     20001           0.467     0.880     1.133     1.471     1.657     2.094     2.546     3.703
 182.000     20001         0     20001           0.422     0.873     1.112     1.427     1.591     1.910     2.390     3.142
 183.000     19996         0     19995           0.475     0.865     1.087     1.416     1.585     1.953     2.408     2.974
 184.000     19999         0     19998           0.452     0.877     1.121     1.453     1.639     1.992     2.443     3.443
 185.000     20004         0     20006           0.460     0.885     1.129     1.456     1.626     1.989     2.460     3.297
 186.000     20000         0     20000           0.465     0.883     1.135     1.449     1.619     2.003     2.607     3.240
 187.000     19998         0     19998           0.453     0.875     1.110     1.436     1.604     1.994     2.566     3.543
 188.000     20000         0     20000           0.459     0.880     1.109     1.425     1.587     1.893     2.382     3.422
 189.000     19993         0     19994           0.448     0.886     1.158     1.477     1.640     2.004     2.462     3.234
 190.000     20005         0     20004           0.457     0.870     1.116     1.428     1.596     1.934     2.503     3.658
 191.000     20002         0     20002           0.464     0.858     1.076     1.398     1.563     1.905     2.400     3.009
 192.000     20000         0     19998           0.462     0.880     1.139     1.446     1.627     1.987     2.566     3.135
 193.000     20003         0     20003           0.463     0.874     1.126     1.448     1.624     1.964     2.548     3.439
 194.000     19996         0     19998           0.451     0.877     1.112     1.433     1.613     1.973     2.507     3.330
 195.000     20001         0     20001           0.462     0.908     1.182     1.501     1.708     2.132     2.781     3.973
 196.000     20002         0     20002           0.469     0.863     1.087     1.422     1.586     1.937     2.374     3.103
 197.000     19997         0     19996           0.438     0.897     1.157     1.463     1.644     2.009     2.566     4.030
 198.001     20002         0     20000           0.456     0.881     1.145     1.459     1.633     1.991     2.482     4.653
 199.000     20000         0     20003           0.463     0.886     1.163     1.479     1.652     2.014     2.540     3.396
 200.000     19997         0     19996           0.456     0.867     1.104     1.436     1.613     1.994     2.529     3.475
 201.000     20000         0     20000           0.435     0.881     1.128     1.444     1.610     1.948     2.494     3.420
 202.000     19998         0     19998           0.451     0.870     1.096     1.417     1.588     1.904     2.460     3.088
 203.000     20003         0     20003           0.466     0.868     1.103     1.430     1.602     1.926     2.370     3.029
 204.000     19997         0     19997           0.419     0.870     1.103     1.426     1.602     1.986     2.492     3.236
 205.000     20001         0     20001           0.450     0.882     1.134     1.460     1.642     1.993     2.478     3.607
 206.000     20002         0     20001           0.464     0.869     1.101     1.423     1.585     1.928     2.345     2.982
 207.000     20001         0     20001           0.473     0.889     1.135     1.452     1.629     1.965     2.441     3.058
 208.000     20000         0     19999           0.468     0.875     1.122     1.444     1.613     1.968     2.451     3.197
 209.000     19999         0     20001           0.436     0.874     1.123     1.444     1.622     1.973     2.484     2.982
 210.000     19997         0     19997           0.463     0.864     1.103     1.433     1.610     2.025     2.591     3.592
 211.000     19999         0     19999           0.456     0.870     1.106     1.431     1.608     1.962     2.464     3.482
 212.000     20003         0     20002           0.441     0.878     1.118     1.439     1.608     1.937     2.384     3.150
 213.000     20002         0     20002           0.465     0.877     1.130     1.451     1.613     1.932     2.431     3.379
 214.000     20000         0     20001           0.452     0.881     1.138     1.460     1.638     2.019     2.492     3.021
 215.000     19996         0     19996           0.441     0.872     1.120     1.441     1.602     1.940     2.468     3.207
 216.000     20004         0     20004           0.415     0.851     1.071     1.385     1.548     1.905     2.331     3.144
 217.000     20000         0     19999           0.461     0.882     1.128     1.456     1.639     1.986     2.474     3.142
 218.000     19995         0     19997           0.461     0.885     1.142     1.462     1.634     2.035     2.587     3.285
 219.000     20004         0     20004           0.440     0.868     1.106     1.436     1.623     2.025     2.507     3.416
 220.000     20001         0     20001           0.472     0.882     1.146     1.469     1.637     1.989     2.501     3.682
 221.000     19996         0     19996           0.466     0.857     1.069     1.399     1.555     1.866     2.320     2.722
 222.000     20003         0     20003           0.473     0.876     1.120     1.444     1.618     2.030     2.533     3.766
 223.000     20000         0     20000           0.433     0.873     1.111     1.442     1.604     1.951     2.361     3.295
 224.000     20003         0     20002           0.460     0.882     1.123     1.452     1.635     2.013     2.511     3.568
 225.000     19996         0     19996           0.452     0.888     1.154     1.468     1.646     2.006     2.560     3.090
 226.000     20002         0     20002           0.468     0.888     1.146     1.452     1.617     1.953     2.454     3.283
 227.001     19997         0     19995           0.450     0.880     1.117     1.425     1.585     1.942     2.451     4.194
 228.000     19995         0     19998           0.459     0.878     1.123     1.446     1.618     1.936     2.415     2.869
 229.000     20011         0     20009           0.451     0.868     1.113     1.447     1.623     2.025     2.537     3.936
 230.000     19997         0     19998           0.429     0.864     1.103     1.439     1.620     2.004     2.675     4.248
 231.000     19999         0     19999           0.454     0.876     1.146     1.463     1.645     2.037     2.566     4.211
 232.000     20000         0     19997           0.455     0.863     1.099     1.438     1.614     1.982     2.540     3.398
 233.000     20003         0     20005           0.447     0.876     1.142     1.456     1.617     1.993     2.595     3.295
 234.000     19997         0     19998           0.448     0.880     1.150     1.478     1.655     2.111     2.900     4.141
 235.000     19999         0     19999           0.451     0.881     1.125     1.448     1.632     2.032     2.509     3.260
 236.000     19998         0     19997           0.449     0.876     1.136     1.452     1.631     1.986     2.499     2.992
 237.000     20002         0     20004           0.467     0.889     1.152     1.473     1.637     1.979     2.447     3.463
 238.000     19998         0     19997           0.458     0.890     1.149     1.465     1.631     1.960     2.454     3.117
 239.000     20001         0     20001           0.456     0.873     1.136     1.444     1.601     1.955     2.456     3.252
 240.000     20004         0     20004           0.425     0.863     1.103     1.436     1.612     1.992     2.511     3.060
 241.000     19995         0     19994           0.475     0.877     1.122     1.441     1.609     1.919     2.431     2.916
 242.000     20004         0     20004           0.464     0.876     1.128     1.440     1.605     1.997     2.456     3.326
 243.000     19997         0     19997           0.474     0.884     1.129     1.445     1.618     1.974     2.468     3.480
 244.000     20002         0     20002           0.435     0.898     1.165     1.471     1.647     2.016     2.621     3.043
 245.000     20001         0     19999           0.454     0.877     1.126     1.466     1.646     2.033     2.605     3.217
 246.000     19996         0     19996           0.452     0.876     1.129     1.453     1.624     2.015     2.619     3.805
 247.000     20005         0     20006           0.450     0.880     1.129     1.448     1.621     1.987     2.429     2.902
 248.000     19999         0     19999           0.463     0.884     1.138     1.449     1.605     1.935     2.384     3.072
 249.000     19998         0     19997           0.429     0.870     1.102     1.434     1.602     1.963     2.458     3.281
 250.000     20001         0     20001           0.449     0.854     1.069     1.395     1.569     1.971     2.462     3.213
 251.000     19999         0     19999           0.459     0.856     1.082     1.410     1.583     1.966     2.390     3.047
 252.000     19997         0     19995           0.467     0.887     1.145     1.465     1.651     2.017     2.501     3.754
 253.000     20006         0     20007           0.461     0.881     1.125     1.441     1.613     1.920     2.269     2.843
 254.000     19995         0     19996           0.458     0.896     1.160     1.467     1.638     1.991     2.497     5.702
 255.000     20000         0     19999           0.446     0.878     1.112     1.433     1.613     1.980     2.503     2.927
 256.000     20000         0     20001           0.451     0.891     1.149     1.468     1.641     2.023     2.478     3.228
 257.000     20000         0     20001           0.447     0.891     1.134     1.457     1.626     1.988     2.402     2.859
 258.000     20004         0     20003           0.459     0.892     1.163     1.471     1.639     2.003     2.585     3.322
 259.000     20000         0     20000           0.476     0.871     1.106     1.437     1.618     1.977     2.490     2.982
 260.000     19997         0     19998           0.440     0.854     1.090     1.423     1.599     1.920     2.355     3.559
 261.000     20003         0     20002           0.457     0.872     1.109     1.430     1.599     1.925     2.359     3.119
 262.000     19997         0     19997           0.449     0.868     1.093     1.414     1.583     1.920     2.370     3.242
 263.000     19998         0     19999           0.449     0.889     1.154     1.470     1.646     2.006     2.468     3.506
 264.000     20005         0     20004           0.447     0.869     1.099     1.423     1.590     1.919     2.410     3.097
 265.000     20002         0     20002           0.426     0.879     1.136     1.458     1.631     1.982     2.466     3.119
 266.000     19994         0     19994           0.446     0.862     1.096     1.421     1.581     1.914     2.357     3.088
 267.000     20004         0     20004           0.482     0.877     1.128     1.447     1.612     1.942     2.353     3.437
 268.000     20001         0     20001           0.470     0.873     1.126     1.450     1.634     1.985     2.382     3.154
 269.000     19999         0     19998           0.459     0.867     1.104     1.432     1.593     1.951     2.374     3.006
 270.000     19998         0     19999           0.462     0.882     1.138     1.459     1.629     1.968     2.415     3.232
 271.000     20003         0     20000           0.426     0.856     1.083     1.410     1.584     1.933     2.464     3.027
 272.000     19994         0     19997           0.454     0.861     1.093     1.422     1.592     1.954     2.501     3.273
 273.000     19998         0     19998           0.427     0.875     1.116     1.436     1.592     1.900     2.392     2.890
 274.000     20007         0     20006           0.435     0.890     1.158     1.469     1.631     1.983     2.408     3.236
 275.000     20001         0     20002           0.458     0.884     1.153     1.475     1.646     2.022     2.486     3.619
 276.000     20001         0     19999           0.461     0.891     1.162     1.476     1.638     1.981     2.488     3.297
 277.000     19991         0     19992           0.447     0.889     1.168     1.488     1.665     2.042     2.544     3.602
 278.000     20001         0     20000           0.451     0.891     1.191     1.507     1.697     2.126     2.951     5.030
 279.000     20006         0     20006           0.446     0.870     1.117     1.453     1.639     2.024     2.619     3.213
 280.000     20001         0     20001           0.463     0.872     1.101     1.427     1.598     1.966     2.441     2.884
 281.000     20000         0     19998           0.437     0.885     1.145     1.461     1.637     2.006     2.488     3.496
 282.000     19999         0     20001           0.461     0.878     1.124     1.452     1.628     2.002     2.462     3.271
 283.000     19999         0     19998           0.466     0.888     1.144     1.470     1.641     1.985     2.470     2.857
 284.000     19999         0     19997           0.443     0.883     1.143     1.448     1.612     1.937     2.365     3.197
 285.000     20002         0     20003           0.455     0.895     1.165     1.468     1.628     1.969     2.382     3.009
 286.000     19997         0     19998           0.451     0.884     1.144     1.470     1.654     2.021     2.470     2.830
 287.000     20003         0     20001           0.441     0.856     1.077     1.411     1.584     1.955     2.427     3.088
 288.000     19999         0     20001           0.457     0.880     1.139     1.468     1.654     2.080     2.537     3.172
 289.000     20005         0     20005           0.451     0.864     1.098     1.435     1.625     2.024     2.591     3.019
 290.000     19994         0     19994           0.417     0.878     1.134     1.471     1.660     2.071     2.591     3.547
 291.000     20000         0     19998           0.467     0.879     1.128     1.453     1.616     2.003     2.470     3.633
 292.000     20000         0     20001           0.467     0.880     1.135     1.453     1.635     1.985     2.400     2.980
 293.000     19996         0     19997           0.455     0.887     1.151     1.458     1.636     2.012     2.611     3.144
 294.000     20003         0     20001           0.437     0.886     1.141     1.462     1.640     1.998     2.513     3.801
 295.000     20005         0     20007           0.465     0.880     1.141     1.475     1.667     2.138     2.992     4.073
 296.001     20000         0     19998           0.468     0.869     1.113     1.445     1.638     2.019     2.623     4.055
 297.000     19996         0     19998           0.444     0.863     1.100     1.434     1.609     1.959     2.474     3.240
 298.000     20005         0     20006           0.453     0.878     1.123     1.442     1.620     1.959     2.413     3.013
 299.000     20000         0     20000           0.458     0.870     1.104     1.430     1.606     1.945     2.400     3.070
 300.000     19995         0     19996           0.441     0.860     1.079     1.398     1.563     1.901     2.398     3.406
 301.000     19996         0     19996           0.442     0.861     1.076     1.406     1.571     1.873     2.236     3.291
 302.000     20003         0     20002           0.469     0.855     1.092     1.416     1.589     1.912     2.400     2.986
 303.000     20002         0     20002           0.469     0.858     1.084     1.415     1.577     1.904     2.349     3.037
 304.000     19998         0     19997           0.453     0.872     1.115     1.434     1.598     1.940     2.347     2.957
 305.000     20004         0     20003           0.426     0.873     1.124     1.441     1.617     1.967     2.425     2.836
 306.000     19997         0     19999           0.436     0.878     1.135     1.446     1.612     1.955     2.435     3.514
 307.000     19999         0     19998           0.450     0.878     1.135     1.456     1.627     1.969     2.511     3.570
 308.000     20004         0     20005           0.434     0.886     1.165     1.481     1.658     2.070     2.527     3.099
 309.000     19997         0     19996           0.450     0.885     1.135     1.463     1.627     1.990     2.544     3.095
 310.000     20001         0     20001           0.447     0.877     1.133     1.450     1.617     1.939     2.523     3.064
 311.000     20002         0     20002           0.458     0.891     1.154     1.475     1.638     2.013     2.486     3.119
 312.000     19999         0     19998           0.460     0.898     1.170     1.484     1.657     2.003     2.443     2.912
 313.000     20001         0     20001           0.445     0.877     1.113     1.445     1.616     1.947     2.372     3.148
 314.000     19996         0     19996           0.455     0.888     1.146     1.469     1.641     1.989     2.476     3.150
 315.000     19991         0     19991           0.470     0.891     1.130     1.452     1.624     1.961     2.439     3.226
 316.000     20013         0     20013           0.461     0.882     1.142     1.463     1.644     2.012     2.646     3.551
 317.000     19992         0     19993           0.439     0.856     1.085     1.413     1.586     1.921     2.349     2.843
 318.000     20008         0     20006           0.420     0.883     1.132     1.459     1.629     1.973     2.361     3.643
 319.000     19998         0     19999           0.457     0.874     1.123     1.446     1.619     1.963     2.398     3.174
 320.000     20004         0     20002           0.447     0.853     1.069     1.389     1.553     1.882     2.351     3.516
 321.000     19991         0     19992           0.473     0.870     1.113     1.443     1.611     1.958     2.327     2.773
 322.000     20006         0     20007           0.454     0.880     1.122     1.446     1.621     1.944     2.324     3.039
 323.000     20002         0     20002           0.436     0.865     1.081     1.414     1.577     1.922     2.324     2.828
 324.000     20001         0     19999           0.452     0.848     1.066     1.409     1.569     1.916     2.382     2.839
 325.000     19996         0     19998           0.432     0.849     1.066     1.418     1.592     1.969     2.433     2.951
 326.000     20000         0     19999           0.459     0.862     1.100     1.431     1.609     1.956     2.404     3.123
 327.000     20003         0     20003           0.429     0.880     1.130     1.449     1.616     1.917     2.306     2.822
 328.000     19995         0     19995           0.467     0.903     1.176     1.505     1.688     2.050     2.525     4.100
 329.000     20001         0     20001           0.461     0.855     1.072     1.412     1.575     1.919     2.443     3.357
 330.000     20001         0     20002           0.467     0.857     1.074     1.404     1.569     1.903     2.388     2.959
 331.000     19998         0     19997           0.462     0.859     1.084     1.415     1.578     1.892     2.316     2.847
 332.000     19999         0     19999           0.475     0.878     1.127     1.464     1.635     2.017     2.370     3.293
 333.000     20002         0     20003           0.420     0.883     1.137     1.461     1.642     2.013     2.490     3.070
 334.000     20000         0     20000           0.466     0.861     1.105     1.430     1.597     1.903     2.347     3.523
 335.000     20000         0     19999           0.451     0.891     1.159     1.480     1.656     1.998     2.454     4.665
 336.000     20003         0     20001           0.457     0.874     1.132     1.458     1.614     1.928     2.388     3.795
 337.000     19998         0     19999           0.455     0.864     1.121     1.451     1.607     1.944     2.466     2.972
 338.000     20000         0     20000           0.471     0.867     1.097     1.422     1.581     1.914     2.316     3.391
 339.000     19996         0     19997           0.431     0.862     1.107     1.439     1.603     1.923     2.413     3.148
 340.000     20009         0     20008           0.445     0.854     1.078     1.399     1.571     1.948     2.367     3.396
 341.000     19996         0     19997           0.430     0.871     1.115     1.447     1.622     2.004     2.449     2.775
 342.000     19996         0     19995           0.468     0.869     1.100     1.423     1.585     1.915     2.357     3.318
 343.000     20002         0     20002           0.432     0.895     1.164     1.477     1.648     1.999     2.492     3.492
 344.000     20000         0     20000           0.446     0.861     1.085     1.409     1.567     1.896     2.367     2.789
 345.000     20002         0     20003           0.471     0.871     1.106     1.439     1.606     1.936     2.556     3.650
 346.000     19987         0     19987           0.466     0.897     1.154     1.470     1.642     2.026     2.613     3.207
 347.000     20009         0     20009           0.442     0.870     1.114     1.447     1.611     1.933     2.382     2.927
 348.000     19999         0     20000           0.433     0.868     1.105     1.430     1.594     1.957     2.499     3.289
 349.000     20001         0     20001           0.427     0.868     1.108     1.441     1.609     1.982     2.451     3.383
 350.000     20001         0     20000           0.432     0.856     1.070     1.402     1.561     1.882     2.273     2.742
 351.000     20002         0     20003           0.472     0.875     1.104     1.419     1.582     1.888     2.281     3.273
 352.000     20002         0     20002           0.454     0.865     1.082     1.422     1.594     1.957     2.404     2.890
 353.000     20000         0     19999           0.434     0.851     1.069     1.411     1.581     1.924     2.433     3.045
 354.000     19996         0     19995           0.429     0.853     1.073     1.410     1.588     1.995     2.462     3.181
 355.000     20005         0     20003           0.442     0.854     1.069     1.400     1.553     1.863     2.331     2.640
 356.000     19995         0     19998           0.434     0.866     1.101     1.435     1.613     1.991     2.468     3.883
 357.000     20000         0     19999           0.445     0.866     1.104     1.449     1.616     2.021     2.552     2.882
 358.000     20002         0     20002           0.438     0.863     1.098     1.434     1.603     1.978     2.451     2.849
 359.000     19999         0     19998           0.437     0.849     1.071     1.397     1.570     1.922     2.449     2.984
 360.000     20003         0     20003           0.452     0.845     1.059     1.402     1.578     1.912     2.398     3.559
 361.000     19997         0     19998           0.418     0.852     1.077     1.419     1.599     1.968     2.488     3.983
 362.000     20001         0     20001           0.455     0.871     1.122     1.453     1.621     1.978     2.408     3.097
 363.000     20001         0     20001           0.440     0.863     1.090     1.419     1.583     1.945     2.378     2.818
 364.000     19992         0     19990           0.449     0.846     1.061     1.393     1.565     1.929     2.382     3.607
 365.000     20003         0     20006           0.452     0.862     1.080     1.422     1.607     2.031     2.454     2.980
 366.000     20006         0     20005           0.463     0.862     1.080     1.416     1.585     1.950     2.476     3.402
 367.000     19999         0     20000           0.449     0.855     1.070     1.396     1.554     1.874     2.408     3.029
 368.000     20000         0     19998           0.452     0.866     1.092     1.421     1.586     1.942     2.445     2.957
 369.001     19997         0     19996           0.450     0.876     1.125     1.457     1.638     2.014     2.503     3.629
 370.000     20002         0     20004           0.444     0.865     1.095     1.426     1.591     1.977     2.421     3.422
 371.000     20001         0     20001           0.432     0.847     1.063     1.398     1.560     1.900     2.277     3.414
 372.000     19999         0     19998           0.459     0.852     1.062     1.383     1.536     1.821     2.216     2.683
 373.000     19996         0     19998           0.441     0.864     1.096     1.425     1.597     1.927     2.386     3.674
 374.000     20000         0     19999           0.428     0.859     1.085     1.422     1.585     1.891     2.367     2.900
 375.000     20003         0     20003           0.449     0.866     1.108     1.441     1.614     1.942     2.396     3.680
 376.001     20002         0     20000           0.471     0.858     1.085     1.418     1.595     1.916     2.343     2.939
 377.000     19998         0     20000           0.460     0.880     1.115     1.442     1.624     2.001     2.517     3.650
 378.000     20001         0     20001           0.460     0.880     1.113     1.436     1.618     1.983     2.472     3.074
 379.000     20002         0     20000           0.460     0.859     1.086     1.437     1.618     2.045     2.593     5.669
 380.000     20003         0     20003           0.447     0.863     1.090     1.431     1.620     2.021     2.482     3.547
 381.000     19996         0     19998           0.435     0.859     1.074     1.407     1.578     1.895     2.365     3.242
 382.000     19999         0     19999           0.451     0.858     1.071     1.406     1.578     1.937     2.367     3.119
 383.000     20000         0     20000           0.453     0.856     1.093     1.432     1.599     1.960     2.441     3.504
 384.000     20002         0     20002           0.465     0.845     1.056     1.398     1.562     1.892     2.380     3.058
 385.000     19998         0     19997           0.456     0.874     1.093     1.417     1.593     1.924     2.394     2.732
 386.000     20000         0     20002           0.424     0.877     1.093     1.415     1.579     1.921     2.376     3.219
 387.000     19998         0     19997           0.438     0.874     1.110     1.443     1.610     1.923     2.386     3.138
 388.000     20002         0     20002           0.430     0.859     1.089     1.424     1.592     1.953     2.427     3.758
 389.000     20005         0     20006           0.454     0.862     1.085     1.422     1.585     1.926     2.384     3.060
 390.000     19994         0     19994           0.472     0.872     1.107     1.430     1.604     1.983     2.511     3.074
 391.000     20004         0     20004           0.443     0.887     1.129     1.448     1.613     1.950     2.427     2.959
 392.000     19996         0     19997           0.453     0.882     1.130     1.451     1.612     1.920     2.316     3.805
 393.000     20000         0     19998           0.467     0.862     1.089     1.424     1.595     1.938     2.458     3.445
 394.000     20003         0     20002           0.426     0.859     1.078     1.402     1.572     1.881     2.339     3.314
 395.000     19996         0     19998           0.434     0.863     1.077     1.420     1.598     1.952     2.427     2.791
 396.000     20002         0     20000           0.420     0.838     1.035     1.388     1.571     1.985     2.460     3.983
 397.000     19999         0     20001           0.455     0.850     1.051     1.394     1.571     1.925     2.318     2.847
 398.000     20000         0     20000           0.437     0.845     1.041     1.375     1.554     1.939     2.386     3.205
 399.000     19998         0     19998           0.446     0.857     1.087     1.430     1.604     2.002     2.499     3.486
 400.000     20005         0     20005           0.453     0.847     1.061     1.410     1.584     1.985     2.574     3.381
 401.000     20003         0     20002           0.451     0.844     1.040     1.379     1.561     1.898     2.406     2.869
 402.000     19991         0     19992           0.435     0.855     1.069     1.416     1.602     2.092     2.767     3.348
 403.000     20004         0     20002           0.463     0.839     1.042     1.384     1.550     1.892     2.296     3.066
 404.000     19999         0     20001           0.433     0.833     1.036     1.379     1.545     1.878     2.271     3.097
 405.000     20003         0     20003           0.455     0.832     1.021     1.362     1.532     1.886     2.406     3.131
 406.000     19997         0     19996           0.448     0.838     1.036     1.384     1.561     1.948     2.476     2.920
 407.000     20001         0     20001           0.456     0.851     1.065     1.408     1.577     1.916     2.429     4.153
 408.000     20001         0     20001           0.449     0.840     1.047     1.381     1.555     1.859     2.275     2.810
 409.000     20000         0     19999           0.441     0.857     1.085     1.422     1.601     1.958     2.449     3.158
 410.000     19996         0     19998           0.451     0.834     1.040     1.381     1.558     1.936     2.494     3.725
 411.000     20001         0     20001           0.444     0.841     1.040     1.366     1.533     1.871     2.435     2.873
 412.000     20000         0     20000           0.426     0.835     1.037     1.370     1.534     1.855     2.365     3.000
 413.000     19999         0     19999           0.456     0.837     1.037     1.368     1.535     1.835     2.275     2.853
 414.000     20003         0     20002           0.424     0.850     1.067     1.411     1.586     1.956     2.480     3.029
 415.000     20000         0     19999           0.439     0.842     1.043     1.376     1.538     1.888     2.394     2.871
 416.000     20001         0     20002           0.458     0.854     1.057     1.391     1.551     1.866     2.351     3.187
 417.000     20000         0     20000           0.446     0.828     1.017     1.360     1.531     1.904     2.294     2.822
 418.000     20001         0     20001           0.457     0.838     1.042     1.383     1.558     1.885     2.314     3.017
 419.000     19995         0     19996           0.458     0.842     1.047     1.392     1.575     1.963     2.419     3.529
 420.000     20004         0     20004           0.452     0.858     1.082     1.432     1.619     2.081     2.740     3.586
 421.000     20000         0     20000           0.469     0.841     1.037     1.375     1.539     1.874     2.324     2.724
 422.000     19999         0     19999           0.435     0.841     1.048     1.386     1.550     1.888     2.370     3.060
 423.000     20001         0     20000           0.452     0.846     1.041     1.367     1.537     1.866     2.279     2.828
 424.000     20001         0     20001           0.452     0.856     1.066     1.394     1.560     1.904     2.314     2.634
 425.000     19993         0     19993           0.452     0.851     1.057     1.395     1.569     1.910     2.423     3.293
 426.000     20002         0     20002           0.447     0.852     1.060     1.392     1.561     1.869     2.318     2.646
 427.000     20001         0     20002           0.402     0.843     1.049     1.384     1.552     1.882     2.322     3.138
 428.000     20000         0     20000           0.453     0.843     1.047     1.377     1.546     1.890     2.380     2.904
 429.000     20004         0     20004           0.450     0.862     1.061     1.396     1.550     1.897     2.320     2.712
 430.000     19996         0     19996           0.457     0.884     1.107     1.431     1.610     1.936     2.347     2.945
 431.000     20005         0     20004           0.458     0.860     1.066     1.400     1.565     1.945     2.376     2.994
 432.000     19997         0     19998           0.457     0.864     1.082     1.410     1.575     1.945     2.454     3.074
 433.000     19998         0     19999           0.468     0.867     1.080     1.409     1.579     1.952     2.343     2.908
 434.000     20002         0     20002           0.452     0.859     1.072     1.403     1.571     1.894     2.312     2.820
 435.000     20002         0     20002           0.455     0.869     1.101     1.432     1.594     1.906     2.370     2.896
 436.000     19999         0     19999           0.435     0.868     1.102     1.425     1.585     1.893     2.363     2.906
 437.000     20000         0     20000           0.450     0.858     1.078     1.408     1.565     1.871     2.267     3.002
 438.000     19999         0     19999           0.444     0.861     1.077     1.409     1.574     1.931     2.464     2.900
 439.000     20001         0     20001           0.476     0.865     1.089     1.424     1.597     1.939     2.392     3.465
 440.000     19998         0     19998           0.437     0.844     1.048     1.402     1.574     2.070     2.796     4.850
 441.000     20001         0     20000           0.458     0.860     1.075     1.423     1.594     1.946     2.443     2.996
 442.000     19999         0     20000           0.455     0.855     1.067     1.398     1.564     1.889     2.353     2.818
 443.000     20004         0     20003           0.451     0.854     1.069     1.398     1.573     1.900     2.390     2.806
 444.000     19997         0     19997           0.467     0.851     1.062     1.395     1.552     1.850     2.292     3.025
 445.000     19999         0     19998           0.439     0.856     1.065     1.395     1.563     1.910     2.398     3.523
 446.000     20001         0     20002           0.446     0.856     1.059     1.388     1.569     1.895     2.275     2.748
 447.000     19999         0     19998           0.441     0.862     1.073     1.402     1.566     1.908     2.392     3.289
 448.000     20001         0     20002           0.457     0.867     1.104     1.427     1.603     1.944     2.527     3.250
 449.000     20002         0     20002           0.448     0.860     1.071     1.407     1.580     1.885     2.345     2.705
 450.000     19997         0     19997           0.454     0.859     1.084     1.410     1.578     1.894     2.345     3.654
 451.000     20000         0     19999           0.455     0.858     1.082     1.407     1.566     1.874     2.404     3.297
 452.000     20004         0     20006           0.465     0.869     1.104     1.434     1.599     1.932     2.394     3.389
 453.000     19998         0     19996           0.452     0.844     1.055     1.386     1.548     1.857     2.335     3.103
 454.000     19999         0     19999           0.458     0.871     1.108     1.439     1.599     1.985     2.451     3.836
 455.000     20002         0     20003           0.451     0.847     1.059     1.393     1.548     1.873     2.298     2.789
 456.000     19998         0     19998           0.453     0.843     1.038     1.356     1.523     1.849     2.312     2.931
 457.000     19997         0     19996           0.450     0.869     1.108     1.425     1.599     2.037     2.855     4.297
 458.000     20001         0     20002           0.435     0.858     1.061     1.384     1.553     1.912     2.492     3.115
 459.000     20002         0     20002           0.459     0.864     1.079     1.401     1.588     1.994     2.574     3.504
 460.000     19997         0     19997           0.429     0.857     1.075     1.407     1.582     1.951     2.451     3.021
 461.000     20003         0     20003           0.470     0.871     1.108     1.418     1.585     1.926     2.404     2.922
 462.000     19999         0     19999           0.412     0.861     1.093     1.421     1.603     1.983     2.451     3.609
 463.000     20001         0     20001           0.456     0.867     1.095     1.431     1.606     1.951     2.464     3.408
 464.000     20004         0     20004           0.443     0.852     1.070     1.407     1.588     1.983     2.472     3.121
 465.000     19997         0     19997           0.462     0.855     1.064     1.392     1.571     1.951     2.421     3.299
 466.000     19999         0     19999           0.468     0.872     1.101     1.422     1.594     1.930     2.474     3.449
 467.000     19998         0     19998           0.463     0.876     1.112     1.439     1.614     1.986     2.419     3.138
 468.000     20002         0     20000           0.472     0.862     1.080     1.397     1.564     1.943     2.476     3.408
 469.000     20005         0     20007           0.409     0.872     1.112     1.433     1.603     1.989     2.527     3.271
 470.000     19996         0     19996           0.451     0.867     1.092     1.412     1.594     1.938     2.472     2.955
 471.000     20000         0     20000           0.470     0.869     1.100     1.416     1.580     1.903     2.345     3.013
 472.000     20000         0     19999           0.445     0.862     1.092     1.414     1.570     1.914     2.312     3.414
 473.000     19994         0     19996           0.457     0.869     1.105     1.422     1.583     1.900     2.363     2.617
 474.000     20005         0     20004           0.420     0.861     1.087     1.422     1.591     1.945     2.521     3.414
 475.000     19999         0     20000           0.461     0.853     1.070     1.389     1.551     1.904     2.374     2.886
 476.000     20005         0     20003           0.458     0.871     1.105     1.418     1.589     1.935     2.417     3.918
 477.000     19997         0     19999           0.448     0.865     1.082     1.391     1.553     1.865     2.406     3.086
 478.000     19998         0     19998           0.470     0.859     1.074     1.392     1.559     1.903     2.367     2.939
 479.001     20003         0     20001           0.480     0.870     1.092     1.401     1.580     1.902     2.288     2.718
 480.000     19997         0     20000           0.429     0.867     1.091     1.405     1.583     1.891     2.245     3.310
 481.000     19997         0     19997           0.461     0.861     1.091     1.417     1.588     1.910     2.402     3.381
 482.000     20006         0     20006           0.452     0.860     1.069     1.381     1.558     1.866     2.286     3.023
 483.000     19996         0     19996           0.470     0.870     1.108     1.415     1.578     1.890     2.304     2.894
 484.000     20003         0     20004           0.460     0.868     1.100     1.409     1.573     1.892     2.355     3.342
 485.000     20001         0     20001           0.452     0.862     1.076     1.395     1.565     1.942     2.445     2.988
 486.000     19996         0     19996           0.445     0.858     1.083     1.411     1.596     1.991     2.640     4.186
 487.000     20004         0     20004           0.463     0.857     1.078     1.403     1.559     1.863     2.349     3.602
 488.001     19994         0     19991           0.467     0.877     1.101     1.406     1.569     1.895     2.300     2.791
 489.000     20000         0     20003           0.447     0.874     1.104     1.416     1.586     1.911     2.333     2.769
 490.000     20005         0     20004           0.450     0.872     1.097     1.417     1.578     1.912     2.470     2.943
 491.000     19997         0     19999           0.452     0.880     1.103     1.417     1.586     1.935     2.406     3.099
 492.000     20002         0     20002           0.454     0.866     1.084     1.412     1.579     1.904     2.310     3.095
 493.000     20001         0     19999           0.451     0.881     1.114     1.424     1.591     1.891     2.308     2.822
 494.000     19999         0     20001           0.449     0.867     1.082     1.399     1.553     1.896     2.380     3.011
 495.000     20002         0     19999           0.459     0.887     1.130     1.446     1.624     1.994     2.482     3.434
 496.000     19998         0     20000           0.443     0.881     1.113     1.423     1.598     1.907     2.402     2.953
 497.000     19999         0     19999           0.484     0.909     1.163     1.463     1.636     1.985     2.482     3.111
 498.000     19997         0     19995           0.472     0.887     1.143     1.461     1.652     2.096     2.675     3.539
 499.000     20004         0     20005           0.472     0.902     1.161     1.465     1.629     1.988     2.415     3.156
 500.000     20001         0     19999           0.450     0.885     1.134     1.446     1.619     1.951     2.437     2.879
 501.000     19997         0     19999           0.460     0.879     1.109     1.417     1.577     1.874     2.300     3.170
 502.000     20003         0     20002           0.453     0.862     1.077     1.389     1.553     1.867     2.345     2.710
 503.000     19998         0     19999           0.418     0.871     1.100     1.415     1.577     1.909     2.396     3.344
 504.000     19998         0     19999           0.448     0.868     1.083     1.405     1.564     1.895     2.286     2.841
 505.000     20004         0     20004           0.440     0.854     1.070     1.392     1.560     1.904     2.343     3.058
 506.000     20003         0     20003           0.454     0.867     1.087     1.404     1.571     1.896     2.327     2.761
 507.000     19997         0     19996           0.438     0.857     1.072     1.401     1.578     1.876     2.318     2.916
 508.000     19999         0     19999           0.426     0.851     1.063     1.382     1.548     1.855     2.261     2.722
 509.000     19998         0     19998           0.444     0.863     1.084     1.407     1.575     1.886     2.329     3.258
 510.000     20001         0     19999           0.456     0.862     1.078     1.394     1.569     1.871     2.320     3.387
 511.000     20002         0     20004           0.451     0.860     1.080     1.404     1.565     1.868     2.292     2.927
 512.000     20002         0     20002           0.461     0.876     1.106     1.425     1.578     1.878     2.236     3.131
 513.000     20000         0     19999           0.474     0.874     1.100     1.415     1.575     1.901     2.410     2.906
 514.000     19993         0     19994           0.464     0.863     1.079     1.392     1.561     1.870     2.372     2.988
 515.000     20001         0     20000           0.470     0.857     1.074     1.400     1.578     1.920     2.435     3.191
 516.000     19999         0     20000           0.435     0.863     1.095     1.401     1.558     1.865     2.249     3.021
 517.000     20008         0     20008           0.469     0.865     1.096     1.412     1.574     1.921     2.355     3.252
 518.000     19994         0     19994           0.450     0.871     1.102     1.413     1.577     1.897     2.281     2.832
 519.000     20003         0     20003           0.457     0.874     1.106     1.427     1.580     1.937     2.431     3.121
 520.000     19999         0     20000           0.457     0.866     1.101     1.432     1.606     1.952     2.476     2.941
 521.000     19997         0     19997           0.441     0.877     1.123     1.456     1.640     2.006     2.480     3.244
 522.000     20003         0     20001           0.439     0.868     1.097     1.412     1.579     1.907     2.361     2.929
 523.000     20000         0     20001           0.441     0.875     1.098     1.434     1.609     1.987     2.439     3.066
 524.000     19999         0     19999           0.453     0.874     1.098     1.412     1.582     1.960     2.447     3.107
 525.000     20001         0     20001           0.453     0.863     1.081     1.408     1.579     1.927     2.501     3.215
 526.000     20002         0     20002           0.455     0.869     1.102     1.425     1.599     1.926     2.415     2.804
 527.000     19997         0     19996           0.440     0.889     1.124     1.436     1.593     1.921     2.490     2.836
 528.000     20000         0     19999           0.474     0.894     1.151     1.455     1.632     2.007     2.640     3.557
 529.000     19998         0     19998           0.449     0.884     1.118     1.443     1.614     1.965     2.425     3.607
 530.000     20005         0     20006           0.467     0.879     1.122     1.446     1.636     2.000     2.482     3.375
 531.000     20001         0     20001           0.462     0.858     1.076     1.393     1.574     1.906     2.255     3.265
 532.000     20000         0     20000           0.478     0.867     1.082     1.417     1.581     1.918     2.318     2.988
 533.000     19995         0     19996           0.474     0.870     1.101     1.411     1.572     1.882     2.386     3.445
 534.000     20003         0     20003           0.454     0.879     1.109     1.424     1.591     1.922     2.314     3.256
 535.000     19999         0     19998           0.454     0.864     1.094     1.419     1.586     1.909     2.337     3.086
 536.000     20000         0     20001           0.456     0.866     1.093     1.412     1.584     1.914     2.408     3.320
 537.000     19999         0     19998           0.475     0.871     1.090     1.408     1.571     1.895     2.349     2.753
 538.000     19998         0     19998           0.464     0.874     1.098     1.417     1.578     1.910     2.331     2.859
 539.000     19998         0     19998           0.470     0.868     1.093     1.414     1.586     1.924     2.384     3.279
 540.000     20000         0     20001           0.463     0.873     1.104     1.416     1.587     1.912     2.314     2.677
 541.000     20003         0     20003           0.453     0.865     1.089     1.406     1.573     1.906     2.261     2.933
 542.000     20001         0     20000           0.432     0.879     1.104     1.406     1.575     1.907     2.286     2.793
 543.000     20002         0     20001           0.464     0.870     1.106     1.427     1.587     1.927     2.423     2.900
 544.000     19998         0     19999           0.440     0.856     1.068     1.381     1.548     1.839     2.290     2.777
 545.000     19999         0     19999           0.470     0.858     1.083     1.400     1.563     1.891     2.296     2.912
 546.000     19996         0     19997           0.459     0.872     1.109     1.428     1.591     1.915     2.294     2.904
 547.000     20003         0     20003           0.462     0.874     1.109     1.431     1.597     1.960     2.435     3.365
 548.000     20000         0     20000           0.464     0.872     1.110     1.430     1.611     1.976     2.468     3.654
 549.000     20002         0     20001           0.457     0.873     1.109     1.424     1.601     1.925     2.454     3.072
 550.000     20003         0     20004           0.445     0.878     1.104     1.416     1.590     1.892     2.337     2.982
 551.000     20000         0     19999           0.445     0.866     1.097     1.411     1.577     1.925     2.454     3.191
 552.000     20000         0     20000           0.438     0.865     1.092     1.421     1.603     1.939     2.388     3.117
 553.000     20000         0     20001           0.468     0.864     1.087     1.414     1.583     1.920     2.466     3.314
 554.000     19995         0     19995           0.460     0.874     1.110     1.421     1.591     1.920     2.410     3.594
 555.000     20005         0     20003           0.472     0.865     1.089     1.408     1.576     1.925     2.386     3.256
 556.000     19997         0     19998           0.473     0.868     1.104     1.424     1.586     1.919     2.470     2.955
 557.000     20004         0     20004           0.450     0.884     1.149     1.461     1.632     1.978     2.576     3.744
 558.000     19996         0     19997           0.460     0.879     1.121     1.444     1.621     1.978     2.595     3.535
 559.000     20003         0     20002           0.436     0.863     1.085     1.417     1.587     1.904     2.273     2.753
 560.000     19997         0     19997           0.432     0.872     1.096     1.401     1.568     1.912     2.361     3.529
 561.000     20003         0     20003           0.453     0.877     1.108     1.422     1.586     1.878     2.271     2.763
 562.000     19996         0     19997           0.465     0.867     1.091     1.416     1.584     1.910     2.531     3.371
 563.000     20005         0     20005           0.484     0.884     1.118     1.442     1.617     1.947     2.365     3.088
 564.000     19995         0     19994           0.460     0.871     1.100     1.422     1.601     1.961     2.454     3.342
 565.000     19997         0     19998           0.457     0.882     1.116     1.437     1.597     1.884     2.327     3.127
 566.000     20001         0     20000           0.453     0.883     1.124     1.440     1.610     1.961     2.388     2.951
 567.000     19999         0     19999           0.468     0.859     1.070     1.378     1.546     1.876     2.308     2.992
 568.000     20001         0     20000           0.457     0.857     1.077     1.410     1.583     1.939     2.427     3.469
 569.000     20003         0     20004           0.444     0.856     1.057     1.373     1.532     1.848     2.206     3.467
 570.000     20000         0     20000           0.450     0.860     1.071     1.394     1.565     1.936     2.327     2.806
 571.000     19996         0     19996           0.451     0.860     1.075     1.395     1.563     1.885     2.349     2.990
 572.000     20005         0     20005           0.455     0.857     1.079     1.399     1.563     1.863     2.374     2.914
 573.000     20000         0     19999           0.444     0.872     1.096     1.414     1.577     1.891     2.310     2.654
 574.000     19999         0     19999           0.481     0.870     1.095     1.411     1.579     1.885     2.351     3.627
 575.001     19996         0     19992           0.455     0.869     1.097     1.404     1.577     1.905     2.308     3.246
 576.000     20006         0     20010           0.450     0.861     1.071     1.370     1.538     1.849     2.275     2.822
 577.000     19998         0     19997           0.453     0.858     1.064     1.365     1.530     1.840     2.337     3.424
 578.000     19996         0     19998           0.448     0.868     1.077     1.399     1.565     1.866     2.251     2.734
 579.000     20001         0     20000           0.472     0.859     1.078     1.393     1.547     1.872     2.347     2.970
 580.000     19999         0     19998           0.464     0.867     1.098     1.409     1.559     1.860     2.419     2.845
 581.000     20004         0     20006           0.472     0.868     1.092     1.401     1.566     1.880     2.279     2.775
 582.000     20000         0     20000           0.457     0.863     1.075     1.388     1.554     1.857     2.318     3.123
 583.000     19999         0     19998           0.463     0.862     1.076     1.397     1.572     1.929     2.376     3.166
 584.000     20004         0     20003           0.472     0.855     1.076     1.390     1.560     1.897     2.353     2.875
 585.000     19999         0     19999           0.440     0.856     1.060     1.372     1.548     1.874     2.423     3.420
 586.000     19999         0     20000           0.452     0.848     1.054     1.366     1.530     1.839     2.253     3.269
 587.000     19999         0     19999           0.446     0.866     1.085     1.384     1.551     1.886     2.320     3.217
 588.000     20002         0     20002           0.426     0.867     1.092     1.404     1.563     1.895     2.331     3.322
 589.000     19996         0     19996           0.460     0.865     1.075     1.379     1.537     1.843     2.378     3.416
 590.000     20004         0     20004           0.445     0.886     1.121     1.431     1.589     1.929     2.361     3.404
 591.000     19999         0     19999           0.437     0.853     1.066     1.379     1.554     1.889     2.359     3.138
 592.000     20003         0     20003           0.459     0.867     1.097     1.411     1.573     1.920     2.492     3.109
 593.000     20000         0     20000           0.443     0.854     1.048     1.350     1.519     1.831     2.208     3.004
 594.000     19994         0     19993           0.458     0.855     1.057     1.373     1.535     1.842     2.400     3.654
 595.000     20005         0     20007           0.448     0.859     1.060     1.365     1.528     1.849     2.267     2.753
 596.000     20002         0     20001           0.476     0.859     1.063     1.367     1.534     1.864     2.359     3.160
 597.000     19993         0     19995           0.464     0.860     1.067     1.372     1.538     1.895     2.447     3.021
 598.000     20003         0     20002           0.452     0.837     1.037     1.335     1.493     1.784     2.169     2.804
 599.000     20001         0     20002           0.459     0.851     1.060     1.374     1.535     1.835     2.222     2.599
 600.000     19999         0     19999           0.464     0.860     1.062     1.362     1.522     1.837     2.245     3.084
 601.000     20000         0     19999           0.461     0.858     1.063     1.378     1.547     1.889     2.404     3.074
 602.000     20002         0     20003           0.446     0.855     1.058     1.365     1.544     1.858     2.218     2.845
 603.000     19996         0     19996           0.448     0.858     1.075     1.394     1.576     1.900     2.341     3.031
 604.000     20001         0     20000           0.454     0.850     1.046     1.348     1.523     1.850     2.271     2.765
 605.000     20004         0     20003           0.448     0.858     1.060     1.362     1.533     1.892     2.361     2.771
 606.000     19998         0     20001           0.432     0.851     1.057     1.366     1.538     1.885     2.374     2.658
 607.000     20000         0     19999           0.474     0.861     1.066     1.380     1.558     1.926     2.353     2.761
 608.000     19996         0     19997           0.433     0.860     1.079     1.393     1.561     1.888     2.351     2.818
 609.000     20004         0     20004           0.460     0.859     1.065     1.370     1.532     1.858     2.327     2.810
 610.000     19999         0     19998           0.460     0.856     1.062     1.375     1.549     1.901     2.345     2.867
 611.000     19997         0     19998           0.461     0.867     1.073     1.386     1.548     1.865     2.386     3.015
 612.000     20002         0     20002           0.426     0.854     1.063     1.375     1.545     1.863     2.324     2.677
 613.000     19998         0     19998           0.447     0.851     1.047     1.357     1.534     1.889     2.322     2.597
 614.000     20004         0     20005           0.463     0.864     1.075     1.396     1.565     1.908     2.367     3.647
 615.001     20002         0     19999           0.468     0.860     1.080     1.382     1.559     1.909     2.359     3.189
 616.000     19997         0     20000           0.440     0.842     1.043     1.358     1.520     1.830     2.202     2.515
 617.000     19998         0     19998           0.467     0.859     1.080     1.395     1.577     1.911     2.351     2.882
 618.000     20005         0     20002           0.438     0.878     1.113     1.421     1.609     2.007     2.517     3.387
 619.000     19993         0     19995           0.458     0.858     1.077     1.383     1.543     1.850     2.284     2.998
 620.000     20003         0     20003           0.473     0.879     1.108     1.414     1.585     1.955     2.367     3.287
 621.000     20000         0     20001           0.454     0.861     1.071     1.377     1.544     1.875     2.353     2.970
 622.000     20003         0     20003           0.467     0.868     1.097     1.410     1.577     1.887     2.343     3.254
 623.000     19997         0     19997           0.445     0.850     1.060     1.378     1.545     1.857     2.249     2.863
 624.000     20005         0     20004           0.425     0.864     1.090     1.406     1.570     1.946     2.501     3.019
 625.000     19995         0     19995           0.464     0.858     1.068     1.385     1.559     1.910     2.343     3.244
 626.000     20002         0     20002           0.458     0.853     1.067     1.390     1.554     1.911     2.427     3.090
 627.000     20000         0     19999           0.479     0.859     1.069     1.377     1.546     1.864     2.300     3.201
 628.000     19998         0     19997           0.432     0.850     1.061     1.377     1.545     1.883     2.316     2.945
 629.000     19999         0     19999           0.461     0.862     1.077     1.392     1.561     1.888     2.279     3.041
 630.000     19999         0     20001           0.472     0.861     1.079     1.400     1.567     1.917     2.429     2.984
 631.000     20003         0     20002           0.456     0.848     1.055     1.372     1.538     1.874     2.306     2.576
 632.000     20000         0     19997           0.478     0.862     1.075     1.388     1.546     1.852     2.241     2.898
 633.000     20000         0     20002           0.441     0.865     1.080     1.394     1.574     1.918     2.316     2.634
 634.000     19999         0     19999           0.433     0.847     1.048     1.359     1.508     1.824     2.265     3.387
 635.000     19998         0     19999           0.467     0.861     1.072     1.381     1.552     1.883     2.378     2.718
 636.000     20000         0     20001           0.442     0.867     1.082     1.393     1.555     1.867     2.331     3.107
 637.000     20004         0     20002           0.467     0.867     1.090     1.400     1.579     1.936     2.456     3.301
 638.000     19996         0     19995           0.445     0.848     1.045     1.353     1.517     1.850     2.335     3.617
 639.000     20001         0     20002           0.439     0.844     1.046     1.355     1.516     1.838     2.191     2.597
 640.000     20004         0     20004           0.435     0.843     1.051     1.363     1.532     1.874     2.339     2.802
 641.000     19996         0     19997           0.459     0.861     1.085     1.407     1.584     1.920     2.345     3.408
 642.000     20003         0     20001           0.469     0.855     1.068     1.378     1.548     1.829     2.212     2.845
 643.000     20001         0     20001           0.455     0.846     1.052     1.357     1.532     1.883     2.296     3.185
 644.000     19997         0     19999           0.447     0.855     1.067     1.383     1.552     1.888     2.281     3.082
 645.000     20001         0     20000           0.461     0.851     1.056     1.368     1.535     1.867     2.306     3.244
 646.000     20002         0     20002           0.466     0.844     1.042     1.364     1.528     1.877     2.331     3.170
 647.000     19995         0     19995           0.449     0.849     1.055     1.363     1.519     1.849     2.253     2.796
 648.000     19997         0     19998           0.437     0.863     1.078     1.397     1.564     1.906     2.398     2.808
 649.000     20006         0     20004           0.440     0.853     1.071     1.395     1.553     1.906     2.343     2.957
 650.000     19999         0     20000           0.440     0.872     1.111     1.422     1.591     1.938     2.388     3.287
 651.000     20001         0     20001           0.455     0.843     1.046     1.353     1.509     1.809     2.232     2.617
 652.000     20000         0     19999           0.467     0.852     1.065     1.382     1.540     1.881     2.329     3.111
 653.000     19994         0     19994           0.450     0.856     1.072     1.386     1.549     1.885     2.335     2.746
 654.000     20003         0     20003           0.455     0.870     1.092     1.416     1.583     1.937     2.359     2.767
 655.000     20001         0     20000           0.458     0.855     1.072     1.389     1.554     1.895     2.404     2.931
 656.000     20002         0     20001           0.441     0.843     1.050     1.357     1.519     1.878     2.318     2.826
 657.000     20002         0     20005           0.464     0.848     1.054     1.372     1.546     1.865     2.367     3.279
 658.000     19998         0     19997           0.442     0.852     1.065     1.380     1.540     1.851     2.273     2.810
 659.000     20002         0     20002           0.470     0.849     1.049     1.357     1.514     1.845     2.257     3.260
 660.001     19996         0     19993           0.452     0.858     1.065     1.367     1.533     1.849     2.382     3.336
 661.000     20004         0     20007           0.440     0.862     1.090     1.408     1.575     1.869     2.300     3.873
 662.000     19999         0     20000           0.457     0.862     1.077     1.392     1.558     1.896     2.351     3.000
 663.001     19997         0     19994           0.444     0.865     1.091     1.411     1.572     1.906     2.318     2.959
 664.000     20000         0     20002           0.462     0.858     1.069     1.384     1.542     1.883     2.361     2.828
 665.000     20001         0     20002           0.454     0.861     1.075     1.400     1.583     1.955     2.427     3.932
 666.000     20002         0     20002           0.472     0.866     1.093     1.409     1.574     1.943     2.365     3.148
 667.000     19995         0     19994           0.429     0.855     1.069     1.397     1.580     1.960     2.386     3.934
 668.000     20010         0     20010           0.450     0.865     1.096     1.415     1.585     1.943     2.431     2.957
 669.000     19996         0     19995           0.442     0.860     1.068     1.389     1.546     1.890     2.394     2.814
 670.000     19999         0     20001           0.433     0.852     1.063     1.375     1.545     1.872     2.396     3.140
 671.000     20000         0     19997           0.455     0.861     1.075     1.389     1.566     1.916     2.382     2.861
 672.000     19998         0     19999           0.444     0.882     1.107     1.420     1.592     1.944     2.392     3.011
 673.000     20003         0     20003           0.468     0.873     1.087     1.405     1.578     1.912     2.343     3.445
 674.000     20002         0     20003           0.474     0.871     1.089     1.409     1.570     1.878     2.271     3.006
 675.000     19999         0     19998           0.461     0.869     1.100     1.413     1.579     1.904     2.234     2.675
 676.000     19999         0     20000           0.443     0.865     1.089     1.404     1.572     1.906     2.607     4.211
 677.000     19994         0     19996           0.446     0.861     1.098     1.412     1.572     1.908     2.310     3.281
 678.000     20008         0     20007           0.467     0.868     1.111     1.420     1.588     1.943     2.386     3.521
 679.000     19998         0     19997           0.465     0.869     1.100     1.409     1.583     1.923     2.386     2.834
 680.000     19995         0     19993           0.458     0.868     1.112     1.425     1.586     1.902     2.320     2.980
 681.000     20003         0     20005           0.451     0.893     1.168     1.489     1.676     2.066     2.638     3.277
 682.000     20001         0     20002           0.450     0.863     1.087     1.403     1.580     1.956     2.501     3.570
 683.000     19998         0     19999           0.450     0.871     1.118     1.442     1.605     2.000     2.468     3.367
 684.000     20004         0     20001           0.459     0.889     1.143     1.469     1.648     1.983     2.410     2.900
 685.000     19998         0     20000           0.460     0.876     1.107     1.433     1.601     1.916     2.365     2.916
 686.000     19998         0     19998           0.473     0.874     1.118     1.430     1.601     1.906     2.306     2.904
 687.000     20002         0     20002           0.435     0.891     1.127     1.430     1.597     1.948     2.449     3.183
 688.000     20001         0     20001           0.442     0.876     1.110     1.431     1.601     1.917     2.357     3.066
 689.000     19995         0     19995           0.457     0.888     1.136     1.458     1.632     2.005     2.488     3.064
 690.000     20006         0     20005           0.462     0.868     1.097     1.409     1.578     1.874     2.345     2.920
 691.000     19999         0     19999           0.445     0.891     1.163     1.485     1.667     2.077     2.523     3.656
 692.000     20001         0     20000           0.457     0.882     1.121     1.436     1.601     1.945     2.390     3.602
 693.000     19996         0     19997           0.453     0.867     1.111     1.418     1.590     1.918     2.408     2.900
 694.000     20000         0     20000           0.473     0.878     1.117     1.445     1.620     1.939     2.404     2.943
 695.000     20000         0     20000           0.432     0.868     1.098     1.411     1.584     1.920     2.382     2.730
 696.000     19999         0     19998           0.460     0.871     1.129     1.452     1.640     2.022     2.497     2.865
 697.000     19999         0     20000           0.468     0.858     1.092     1.407     1.565     1.855     2.269     2.812
 698.000     20007         0     20007           0.449     0.867     1.096     1.411     1.570     1.910     2.355     2.810
 699.000     19995         0     19995           0.458     0.853     1.071     1.393     1.565     1.893     2.308     2.927
 700.000     19995         0     19995           0.443     0.883     1.147     1.456     1.630     1.979     2.445     3.471
 701.000     20007         0     20004           0.468     0.880     1.110     1.428     1.596     1.921     2.376     3.291
 702.000     20000         0     20004           0.458     0.884     1.121     1.431     1.608     1.928     2.402     2.830
 703.000     20000         0     19999           0.437     0.863     1.082     1.398     1.570     1.909     2.417     3.107
 704.000     20001         0     20002           0.456     0.901     1.164     1.470     1.642     1.980     2.349     3.133
 705.000     19999         0     19998           0.451     0.870     1.096     1.399     1.575     1.913     2.290     2.974
 706.000     19992         0     19993           0.451     0.858     1.079     1.401     1.578     1.925     2.402     3.033
 707.000     20009         0     20010           0.488     0.872     1.101     1.420     1.592     1.962     2.396     4.063
 708.000     19997         0     19997           0.439     0.869     1.099     1.410     1.587     1.953     2.486     3.088
 709.000     19999         0     19999           0.465     0.886     1.147     1.454     1.634     1.969     2.451     3.723
 710.000     20000         0     20001           0.434     0.861     1.089     1.417     1.588     1.919     2.347     2.990
 711.000     20007         0     20005           0.453     0.900     1.158     1.468     1.649     2.034     2.523     3.617
 712.000     19993         0     19995           0.451     0.864     1.092     1.416     1.586     1.912     2.488     3.322
 713.000     20001         0     20001           0.454     0.859     1.082     1.406     1.576     1.894     2.324     3.506
 714.000     20001         0     20000           0.432     0.876     1.111     1.431     1.597     1.893     2.335     3.078
 715.001     20001         0     19998           0.452     0.882     1.112     1.420     1.585     1.911     2.363     2.771
 716.000     19999         0     20002           0.455     0.871     1.103     1.425     1.591     1.925     2.341     3.062
 717.000     20002         0     20004           0.464     0.882     1.134     1.448     1.618     1.965     2.449     3.129
 718.000     19999         0     19998           0.452     0.864     1.103     1.413     1.582     1.908     2.269     3.422
 719.000     20000         0     20002           0.462     0.870     1.111     1.427     1.599     1.959     2.413     2.998
 720.000     19997         0     19997           0.476     0.861     1.081     1.408     1.580     1.942     2.415     2.701
 721.000     20003         0     20002           0.456     0.876     1.128     1.442     1.608     1.912     2.349     2.992
 722.000     19999         0     19999           0.466     0.879     1.112     1.434     1.608     1.970     2.365     3.297
 723.000     20001         0     20002           0.462     0.886     1.133     1.446     1.609     1.930     2.343     2.814
 724.000     19999         0     19999           0.449     0.872     1.112     1.435     1.596     1.953     2.441     3.121
 725.000     20001         0     20000           0.455     0.884     1.130     1.441     1.610     1.968     2.382     2.998
 726.000     19997         0     19995           0.440     0.860     1.083     1.410     1.570     1.909     2.351     3.154
 727.000     20002         0     20004           0.477     0.878     1.129     1.457     1.621     1.957     2.415     3.146
 728.000     20001         0     20000           0.451     0.848     1.063     1.379     1.536     1.893     2.298     3.242
 729.000     19997         0     19997           0.449     0.865     1.095     1.414     1.573     1.928     2.343     3.228
 730.000     20001         0     20001           0.451     0.878     1.134     1.438     1.602     1.936     2.337     3.039
 731.000     19996         0     19996           0.448     0.875     1.113     1.430     1.604     2.005     2.470     2.925
 732.000     20005         0     20006           0.451     0.868     1.105     1.411     1.573     1.894     2.324     3.056
 733.000     20000         0     19999           0.478     0.906     1.176     1.483     1.655     2.010     2.533     3.260
 734.000     19993         0     19994           0.441     0.883     1.126     1.448     1.618     1.983     2.480     3.516
 735.000     20005         0     20003           0.434     0.872     1.106     1.438     1.619     1.998     2.486     2.941
 736.000     20000         0     20001           0.454     0.891     1.149     1.457     1.624     1.949     2.382     3.248
 737.000     20001         0     20001           0.436     0.908     1.188     1.495     1.668     2.029     2.503     3.191
 738.000     19998         0     19998           0.455     0.903     1.172     1.483     1.668     2.034     2.513     4.045
 739.000     20003         0     20004           0.447     0.904     1.167     1.468     1.636     1.981     2.439     3.148
 740.000     20002         0     19998           0.443     0.894     1.147     1.462     1.636     1.980     2.451     3.121
 741.000     19999         0     20001           0.477     0.884     1.142     1.473     1.668     2.126     2.666     3.095
 742.000     19999         0     20000           0.466     0.904     1.192     1.508     1.680     2.057     2.535     2.970
 743.000     19994         0     19994           0.473     0.882     1.130     1.449     1.640     1.990     2.499     3.039
 744.000     20009         0     20009           0.452     0.870     1.112     1.423     1.591     1.933     2.507     2.941
 745.000     19992         0     19991           0.429     0.872     1.115     1.440     1.602     1.975     2.417     2.937
 746.000     20006         0     20006           0.482     0.919     1.219     1.531     1.715     2.150     2.712     3.389
 747.000     19994         0     19994           0.450     0.893     1.148     1.459     1.624     1.954     2.388     3.396
 748.000     20001         0     20002           0.476     0.879     1.116     1.424     1.593     1.919     2.341     3.109
 749.000     20000         0     20000           0.465     0.891     1.172     1.482     1.664     2.034     2.695     3.518
 750.000     20005         0     20005           0.461     0.886     1.160     1.501     1.702     2.273     3.185     4.907
 751.000     20000         0     19998           0.478     0.868     1.103     1.414     1.588     1.937     2.425     3.095
 752.000     19996         0     19998           0.473     0.887     1.143     1.461     1.632     2.006     2.482     3.127
 753.000     20005         0     20005           0.455     0.887     1.136     1.457     1.625     1.943     2.388     2.673
 754.000     19997         0     19997           0.466     0.895     1.155     1.480     1.658     2.054     2.501     3.355
 755.000     19999         0     19999           0.457     0.877     1.115     1.438     1.606     1.982     2.449     2.683
 756.000     20005         0     20005           0.447     0.870     1.103     1.422     1.596     1.944     2.451     3.643
 757.000     19996         0     19997           0.451     0.881     1.143     1.451     1.620     1.939     2.365     3.299
 758.000     19998         0     19998           0.452     0.889     1.167     1.473     1.634     1.967     2.408     2.957
 759.000     20003         0     20002           0.456     0.888     1.154     1.475     1.655     2.016     2.503     3.791
 760.000     20002         0     20002           0.447     0.869     1.118     1.431     1.597     1.921     2.318     2.666
 761.000     20000         0     20000           0.459     0.888     1.171     1.505     1.699     2.171     2.873     3.865
 762.000     19996         0     19996           0.476     0.882     1.126     1.441     1.611     1.930     2.318     2.691
 763.000     20000         0     20001           0.450     0.879     1.123     1.438     1.596     1.918     2.400     3.400
 764.000     20000         0     19999           0.462     0.874     1.124     1.439     1.605     1.924     2.404     2.947
 765.000     20002         0     20003           0.452     0.873     1.134     1.442     1.594     1.961     2.417     3.160
 766.000     20003         0     20004           0.449     0.893     1.150     1.471     1.642     1.973     2.415     2.966
 767.000     19995         0     19995           0.450     0.882     1.125     1.439     1.608     1.957     2.386     3.138
 768.000     20003         0     20004           0.468     0.878     1.126     1.447     1.607     1.929     2.359     2.974
 769.000     20001         0     19999           0.443     0.899     1.170     1.474     1.641     2.042     2.501     3.654
 770.000     20000         0     20000           0.463     0.876     1.134     1.443     1.612     1.937     2.419     2.943
 771.000     20000         0     19999           0.465     0.907     1.182     1.490     1.661     2.030     2.566     3.238
 772.000     19998         0     19999           0.444     0.897     1.159     1.475     1.639     2.007     2.623     4.090
 773.000     19999         0     19999           0.450     0.868     1.116     1.439     1.606     1.953     2.398     3.185
 774.000     20004         0     20004           0.446     0.889     1.140     1.459     1.647     2.044     2.480     3.066
 775.000     19995         0     19995           0.458     0.872     1.105     1.425     1.590     1.910     2.423     3.822
 776.000     20000         0     20002           0.479     0.894     1.174     1.494     1.675     2.035     2.488     3.375
 777.000     20002         0     20002           0.442     0.866     1.103     1.427     1.590     1.930     2.324     3.062
 778.000     20002         0     20000           0.424     0.866     1.103     1.425     1.594     1.923     2.413     3.215
 779.000     19997         0     19999           0.440     0.888     1.146     1.466     1.633     1.999     2.437     2.832
 780.000     20003         0     20003           0.457     0.871     1.115     1.434     1.607     1.934     2.392     3.176
 781.000     19998         0     19998           0.478     0.879     1.123     1.441     1.612     1.936     2.400     2.822
 782.000     19997         0     19996           0.456     0.890     1.160     1.484     1.661     2.031     2.556     4.354
 783.000     19996         0     19997           0.469     0.888     1.143     1.448     1.615     1.922     2.374     3.213
 784.000     20007         0     20006           0.452     0.892     1.156     1.480     1.648     2.009     2.419     2.879
 785.000     19995         0     19996           0.473     0.880     1.120     1.434     1.599     1.918     2.353     2.623
 786.000     20008         0     20006           0.483     0.878     1.119     1.439     1.625     2.015     2.525     3.383
 787.000     19999         0     19998           0.453     0.891     1.164     1.488     1.665     2.038     2.568     4.000
 788.000     19997         0     20000           0.467     0.867     1.095     1.407     1.574     1.879     2.331     2.886
 789.000     20001         0     20001           0.442     0.877     1.124     1.442     1.613     1.945     2.367     3.115
 790.000     20000         0     20000           0.462     0.878     1.124     1.441     1.606     1.972     2.535     2.949
 791.000     20001         0     20000           0.456     0.870     1.114     1.430     1.588     1.895     2.306     3.133
 792.000     20000         0     20001           0.449     0.863     1.093     1.415     1.587     1.937     2.447     3.308
 793.000     19997         0     19996           0.455     0.889     1.144     1.473     1.658     2.021     2.466     3.275
 794.000     19994         0     19995           0.476     0.888     1.146     1.467     1.644     1.996     2.525     3.113
 795.000     20010         0     20007           0.432     0.871     1.107     1.433     1.621     1.974     2.533     3.039
 796.000     19998         0     20000           0.451     0.871     1.095     1.406     1.572     1.887     2.320     2.957
 797.000     20001         0     20001           0.472     0.915     1.204     1.507     1.677     2.073     2.488     3.084
 798.000     19997         0     19997           0.458     0.865     1.098     1.424     1.594     1.939     2.410     2.974
 799.000     19998         0     19999           0.459     0.873     1.115     1.442     1.606     1.957     2.519     3.668
 800.000     20006         0     20005           0.457     0.910     1.201     1.522     1.716     2.126     2.845     3.848
 801.000     20001         0     20001           0.455     0.915     1.213     1.506     1.667     2.005     2.574     3.353
 802.000     19999         0     19999           0.435     0.866     1.102     1.432     1.597     1.942     2.408     3.070
 803.000     19999         0     20000           0.473     0.894     1.158     1.461     1.628     1.968     2.550     3.838
 804.000     19998         0     19998           0.447     0.872     1.103     1.421     1.589     1.936     2.441     3.099
 805.000     20004         0     20002           0.468     0.881     1.153     1.484     1.653     2.004     2.421     3.379
 806.000     19995         0     19997           0.440     0.870     1.120     1.427     1.584     1.897     2.355     2.867
 807.000     20000         0     20000           0.466     0.882     1.132     1.447     1.615     1.944     2.431     2.957
 808.000     20000         0     19999           0.466     0.883     1.132     1.452     1.620     1.924     2.394     2.828
 809.000     20001         0     20002           0.453     0.865     1.090     1.414     1.594     1.947     2.382     3.113
 810.000     20002         0     20002           0.452     0.890     1.154     1.457     1.622     1.939     2.431     3.164
 811.000     19998         0     19997           0.457     0.871     1.102     1.420     1.602     1.997     2.531     3.113
 812.000     19994         0     19994           0.471     0.867     1.092     1.422     1.590     1.925     2.441     3.314
 813.000     20006         0     20006           0.471     0.895     1.184     1.503     1.675     2.053     2.587     3.459
 814.000     20002         0     20003           0.461     0.883     1.139     1.455     1.652     2.026     2.476     3.168
 815.000     19996         0     19996           0.456     0.858     1.073     1.384     1.549     1.875     2.370     3.189
 816.000     20004         0     20001           0.465     0.881     1.129     1.442     1.612     1.964     2.513     2.945
 817.000     19999         0     20001           0.463     0.873     1.118     1.440     1.623     2.003     2.499     3.523
 818.000     19997         0     19998           0.448     0.884     1.137     1.447     1.614     1.997     2.593     3.703
 819.000     19994         0     19993           0.455     0.886     1.151     1.463     1.630     1.985     2.423     3.322
 820.000     20008         0     20007           0.453     0.892     1.169     1.518     1.721     2.198     2.777     4.198
 821.000     20002         0     20003           0.468     0.876     1.116     1.437     1.619     1.994     2.552     3.381
 822.000     20000         0     19998           0.476     0.869     1.113     1.433     1.598     1.943     2.515     2.918
 823.000     20000         0     20002           0.465     0.881     1.129     1.443     1.614     1.955     2.433     2.855
 824.000     19998         0     19996           0.446     0.901     1.156     1.463     1.645     2.000     2.447     2.810
 825.000     20001         0     20002           0.459     0.887     1.136     1.451     1.626     1.951     2.417     3.152
 826.000     19999         0     20000           0.440     0.885     1.122     1.442     1.616     1.997     2.468     3.277
 827.000     20004         0     20003           0.438     0.878     1.124     1.445     1.613     1.931     2.353     3.254
 828.000     19996         0     19997           0.441     0.863     1.096     1.415     1.583     1.916     2.357     2.744
 829.000     19997         0     19996           0.438     0.903     1.170     1.478     1.669     2.065     2.597     3.539
 830.000     20004         0     20004           0.454     0.881     1.122     1.437     1.610     1.934     2.365     2.849
 831.000     20000         0     20002           0.477     0.890     1.150     1.465     1.624     1.967     2.484     3.219
 832.000     20002         0     20001           0.467     0.903     1.180     1.488     1.662     2.007     2.552     3.297
 833.000     19999         0     19999           0.445     0.866     1.096     1.425     1.602     1.954     2.439     2.955
 834.000     20000         0     20000           0.449     0.870     1.110     1.430     1.602     1.933     2.417     3.254
 835.000     19996         0     19996           0.466     0.884     1.143     1.457     1.632     1.966     2.447     4.186
 836.000     20001         0     19999           0.447     0.856     1.080     1.394     1.555     1.886     2.288     2.984
 837.000     20002         0     20004           0.426     0.881     1.141     1.450     1.622     1.956     2.521     3.131
 838.000     20003         0     20002           0.453     0.885     1.133     1.445     1.626     1.948     2.374     2.904
 839.000     19999         0     19997           0.478     0.876     1.115     1.425     1.583     1.907     2.374     3.377
 840.000     19995         0     19997           0.434     0.892     1.153     1.464     1.632     2.002     2.537     2.927
 841.000     20004         0     20005           0.480     0.886     1.121     1.426     1.596     1.947     2.402     3.617
 842.000     20000         0     20000           0.458     0.901     1.157     1.481     1.660     2.038     2.540     3.611
 843.000     19996         0     19996           0.468     0.902     1.155     1.467     1.635     1.981     2.404     2.875
 844.000     20004         0     20004           0.440     0.880     1.135     1.446     1.619     1.988     2.525     2.904
 845.000     20003         0     20001           0.468     0.885     1.143     1.451     1.601     1.911     2.392     2.957
 846.000     19995         0     19997           0.451     0.890     1.146     1.453     1.623     1.993     2.406     3.465
 847.000     20003         0     20002           0.447     0.880     1.134     1.458     1.639     2.033     2.531     3.445
 848.000     19990         0     19991           0.440     0.879     1.121     1.440     1.617     1.996     2.560     3.629
 849.000     20008         0     20008           0.438     0.879     1.116     1.436     1.610     2.009     2.568     3.121
 850.000     20002         0     20000           0.451     0.880     1.111     1.428     1.608     1.999     2.490     3.602
 851.000     20002         0     20003           0.471     0.902     1.171     1.491     1.655     2.018     2.529     3.693
 852.000     19992         0     19992           0.464     0.882     1.141     1.456     1.633     2.011     2.552     3.183
 853.000     20004         0     20004           0.457     0.884     1.128     1.440     1.593     1.901     2.316     2.935
 854.000     20001         0     20002           0.460     0.899     1.157     1.470     1.638     1.960     2.470     3.910
 855.000     19998         0     19997           0.460     0.897     1.149     1.467     1.647     2.015     2.472     3.676
 856.000     20006         0     20006           0.439     0.874     1.127     1.446     1.602     1.931     2.365     2.892
 857.000     19995         0     19994           0.463     0.861     1.068     1.389     1.550     1.853     2.255     2.945
 858.000     19998         0     19998           0.439     0.898     1.175     1.490     1.687     2.048     2.632     3.514
 859.000     20001         0     20002           0.454     0.884     1.140     1.448     1.614     1.959     2.415     2.875
 860.000     19998         0     19998           0.451     0.895     1.167     1.481     1.676     2.111     2.640     3.867
 861.000     20005         0     20003           0.473     0.864     1.093     1.417     1.586     1.960     2.413     3.021
 862.000     19998         0     19999           0.459     0.890     1.159     1.477     1.673     2.083     2.621     3.478
 863.000     19998         0     19998           0.453     0.875     1.121     1.445     1.614     1.973     2.408     3.512
 864.000     20001         0     20003           0.481     0.879     1.125     1.459     1.638     2.006     2.445     3.672
 865.000     20002         0     20000           0.438     0.866     1.112     1.439     1.604     1.940     2.482     3.377
 866.000     19997         0     19998           0.453     0.871     1.103     1.419     1.588     1.931     2.431     3.252
 867.000     20002         0     20001           0.453     0.884     1.150     1.457     1.622     1.964     2.447     3.191
 868.000     20002         0     20002           0.465     0.862     1.078     1.395     1.560     1.896     2.384     3.004
 869.000     19998         0     19999           0.466     0.881     1.133     1.463     1.644     2.022     2.513     3.441
 870.000     20000         0     19999           0.455     0.877     1.125     1.442     1.610     1.965     2.419     2.847
 871.000     20003         0     20003           0.457     0.882     1.114     1.426     1.607     1.950     2.408     3.172
 872.000     20000         0     20000           0.459     0.878     1.107     1.417     1.592     1.904     2.398     2.941
 873.000     19997         0     19997           0.448     0.907     1.170     1.485     1.650     1.943     2.443     3.058
 874.000     20003         0     20004           0.442     0.899     1.170     1.477     1.639     1.972     2.456     3.035
 875.000     19996         0     19996           0.438     0.865     1.083     1.398     1.565     1.883     2.331     2.898
 876.000     20000         0     19999           0.441     0.881     1.124     1.448     1.628     1.978     2.451     3.211
 877.000     20000         0     20001           0.449     0.873     1.111     1.448     1.629     2.014     2.615     3.922
 878.000     19998         0     19997           0.450     0.871     1.118     1.455     1.651     2.094     2.634     4.219
 879.000     19999         0     20000           0.473     0.877     1.118     1.433     1.610     1.964     2.447     3.467
 880.000     20006         0     20004           0.440     0.876     1.118     1.454     1.642     2.035     2.562     3.613
 881.000     19996         0     19996           0.463     0.878     1.111     1.436     1.608     1.931     2.384     3.451
 882.000     20001         0     20003           0.459     0.890     1.141     1.460     1.636     2.031     2.435     3.308
 883.000     20002         0     20002           0.481     0.882     1.120     1.442     1.627     2.009     2.390     3.353
 884.000     19998         0     19997           0.450     0.860     1.081     1.402     1.564     1.877     2.286     3.105
 885.000     20001         0     20001           0.458     0.883     1.148     1.461     1.638     2.013     2.552     3.396
 886.000     20002         0     20001           0.446     0.873     1.111     1.421     1.589     1.916     2.339     2.877
 887.000     20001         0     20003           0.454     0.866     1.094     1.413     1.584     1.951     2.390     3.107
 888.000     19998         0     19996           0.465     0.889     1.136     1.450     1.617     1.915     2.374     3.074
 889.000     19996         0     19997           0.461     0.909     1.188     1.492     1.674     2.061     2.687     3.475
 890.000     19998         0     19997           0.441     0.898     1.166     1.478     1.654     2.067     2.636     3.445
 891.000     20009         0     20010           0.444     0.880     1.129     1.454     1.636     1.997     2.458     3.047
 892.000     19999         0     19998           0.453     0.902     1.154     1.457     1.637     1.996     2.454     3.017
 893.000     19998         0     19999           0.469     0.880     1.124     1.450     1.619     1.961     2.443     4.162
 894.000     20002         0     20000           0.475     0.899     1.167     1.484     1.661     2.021     2.552     3.504
 895.000     19996         0     19998           0.443     0.881     1.119     1.441     1.620     1.961     2.433     3.639
 896.000     20000         0     20000           0.449     0.886     1.128     1.444     1.606     1.914     2.394     3.258
 897.000     20003         0     20002           0.443     0.878     1.104     1.418     1.589     1.905     2.363     3.252
 898.000     19993         0     19994           0.462     0.891     1.154     1.484     1.657     2.037     2.537     3.199
 899.000     20004         0     20004           0.461     0.863     1.102     1.423     1.596     1.951     2.365     3.756
 900.000     20001         0     20002           0.428     0.866     1.087     1.408     1.578     1.914     2.406     3.111
 901.000     19999         0     19999           0.466     0.900     1.175     1.492     1.676     2.070     2.642     3.232
 902.000     19999         0     19999           0.469     0.875     1.112     1.434     1.610     1.959     2.408     3.275
 903.000     19997         0     19998           0.478     0.881     1.124     1.449     1.629     1.990     2.505     3.326
 904.000     20002         0     20002           0.458     0.881     1.113     1.424     1.589     1.916     2.415     2.832
 905.000     20002         0     20001           0.450     0.864     1.102     1.430     1.597     1.906     2.400     3.336
 906.000     20002         0     20003           0.441     0.887     1.161     1.480     1.657     2.045     2.605     3.199
 907.000     19999         0     19999           0.441     0.870     1.118     1.442     1.607     1.953     2.626     3.955
 908.000     20000         0     19997           0.469     0.876     1.108     1.425     1.599     1.937     2.384     3.013
 909.000     20001         0     20004           0.458     0.859     1.100     1.423     1.582     1.897     2.404     2.906
 910.000     19998         0     19998           0.443     0.880     1.151     1.463     1.637     1.995     2.607     3.467
 911.000     20006         0     20006           0.465     0.882     1.138     1.460     1.644     2.185     3.015     6.480
 912.000     19989         0     19989           0.459     0.862     1.086     1.405     1.568     1.904     2.380     3.418
 913.000     20006         0     20005           0.442     0.887     1.122     1.445     1.607     1.981     2.402     2.904
 914.001     20005         0     20003           0.458     0.888     1.140     1.465     1.640     2.028     2.484     3.105
 915.000     19988         0     19991           0.465     0.873     1.116     1.435     1.605     1.962     2.490     3.351
 916.000     20004         0     20005           0.450     0.874     1.110     1.424     1.587     1.910     2.382     3.178
 917.000     20004         0     20003           0.459     0.881     1.128     1.457     1.630     1.983     2.454     2.841
 918.000     19995         0     19996           0.459     0.879     1.123     1.450     1.626     2.031     2.480     2.988
 919.000     19999         0     19997           0.460     0.887     1.172     1.498     1.687     2.107     2.853     3.572
 920.000     19999         0     20001           0.465     0.884     1.134     1.441     1.621     2.042     2.734     3.672
 921.000     20003         0     20003           0.482     0.877     1.118     1.445     1.619     1.953     2.361     3.443
 922.000     20006         0     20007           0.438     0.898     1.179     1.483     1.644     1.967     2.402     2.855
 923.000     20000         0     19999           0.453     0.898     1.185     1.502     1.680     2.070     2.566     3.875
 924.000     19998         0     19999           0.437     0.856     1.061     1.374     1.537     1.842     2.310     3.287
 925.000     19998         0     19997           0.451     0.865     1.103     1.416     1.581     1.928     2.341     3.162
 926.000     20004         0     20003           0.436     0.881     1.160     1.454     1.620     1.927     2.347     2.929
 927.000     20000         0     20001           0.443     0.878     1.130     1.453     1.628     1.956     2.480     3.183
 928.000     19997         0     19997           0.465     0.868     1.092     1.419     1.593     1.972     2.363     3.158
 929.000     20001         0     20002           0.442     0.853     1.077     1.401     1.566     1.898     2.322     3.396
 930.000     20000         0     19999           0.438     0.886     1.156     1.478     1.649     2.038     2.662     3.504
 931.000     19997         0     19997           0.420     0.898     1.156     1.465     1.634     1.956     2.415     2.783
 932.000     19998         0     19997           0.443     0.866     1.084     1.414     1.593     1.981     2.484     3.156
 933.000     20008         0     20008           0.453     0.878     1.130     1.458     1.638     2.010     2.406     3.015
 934.000     19993         0     19994           0.448     0.881     1.130     1.449     1.620     1.989     2.474     2.970
 935.000     20004         0     20005           0.464     0.860     1.084     1.408     1.578     1.891     2.324     3.181
 936.000     19994         0     19993           0.455     0.871     1.106     1.422     1.591     1.943     2.447     3.277
 937.000     20005         0     20004           0.452     0.885     1.135     1.465     1.650     2.026     2.486     3.258
 938.001     20002         0     20001           0.435     0.905     1.188     1.509     1.689     2.067     2.599     3.844
 939.000     19997         0     19997           0.461     0.876     1.111     1.431     1.610     1.947     2.427     3.326
 940.000     20004         0     20007           0.464     0.861     1.082     1.402     1.562     1.876     2.296     3.021
 941.000     19995         0     19994           0.451     0.865     1.103     1.424     1.594     1.940     2.347     3.506
 942.000     20004         0     20005           0.433     0.885     1.159     1.470     1.651     2.034     2.529     3.144
 943.000     19997         0     19995           0.462     0.870     1.111     1.444     1.631     2.015     2.503     3.308
 944.000     19998         0     19998           0.446     0.859     1.071     1.398     1.579     1.942     2.425     3.111
 945.000     20003         0     20005           0.443     0.862     1.095     1.420     1.588     1.912     2.343     3.404
 946.000     19998         0     19998           0.456     0.880     1.157     1.464     1.639     1.993     2.509     3.232
 947.001     19997         0     19991           0.443     0.868     1.122     1.449     1.625     1.971     2.464     3.387
 948.000     20006         0     20011           0.452     0.850     1.054     1.377     1.546     1.877     2.261     2.714
 949.000     20000         0     20000           0.450     0.872     1.120     1.456     1.641     2.009     2.548     3.158
 950.000     20003         0     20003           0.456     0.907     1.193     1.504     1.684     2.101     2.894     4.004
 951.000     19994         0     19994           0.470     0.884     1.146     1.454     1.619     1.940     2.468     2.984
 952.000     20003         0     20003           0.467     0.879     1.115     1.426     1.587     1.938     2.429     2.961
 953.000     20001         0     19998           0.446     0.873     1.111     1.443     1.624     1.978     2.431     3.377
 954.000     19997         0     20000           0.454     0.904     1.190     1.516     1.714     2.140     2.689     4.127
 955.000     20001         0     20000           0.466     0.888     1.136     1.450     1.622     1.953     2.392     3.111
 956.000     19995         0     19994           0.457     0.875     1.099     1.410     1.579     1.933     2.329     2.947
 957.000     20003         0     20003           0.455     0.870     1.108     1.444     1.611     1.939     2.456     3.121
 958.000     20003         0     20004           0.465     0.889     1.151     1.467     1.636     1.989     2.417     3.178
 959.000     19998         0     19997           0.473     0.874     1.119     1.430     1.597     1.904     2.378     3.854
 960.000     20003         0     20003           0.471     0.864     1.104     1.427     1.613     1.976     2.435     4.514
 961.000     19996         0     19996           0.455     0.887     1.133     1.457     1.633     2.011     2.499     3.070
 962.000     19999         0     20000           0.469     0.892     1.142     1.459     1.630     1.966     2.466     6.951
 963.000     20003         0     20001           0.442     0.877     1.111     1.441     1.609     1.982     2.421     3.054
 964.000     19999         0     20000           0.444     0.862     1.095     1.409     1.589     1.944     2.413     2.834
 965.000     20000         0     20000           0.432     0.874     1.110     1.434     1.599     1.949     2.419     3.129
 966.000     20001         0     20001           0.471     0.899     1.175     1.477     1.639     1.996     2.466     3.607
 967.000     19994         0     19994           0.466     0.885     1.133     1.451     1.632     2.016     2.533     3.480
 968.000     20003         0     20003           0.461     0.879     1.129     1.453     1.625     2.016     2.531     3.645
 969.000     20002         0     20002           0.458     0.876     1.127     1.444     1.626     1.980     2.462     2.922
 970.000     19998         0     19998           0.468     0.898     1.171     1.473     1.646     2.020     2.494     5.050
 971.000     20000         0     20000           0.451     0.866     1.091     1.418     1.582     1.906     2.335     3.398
 972.000     20002         0     20001           0.474     0.885     1.141     1.470     1.642     2.009     2.433     3.054
 973.000     20001         0     20001           0.456     0.876     1.112     1.432     1.597     1.947     2.433     3.363
 974.000     19996         0     19996           0.468     0.899     1.146     1.464     1.633     1.971     2.365     3.166
 975.000     20005         0     20004           0.461     0.888     1.134     1.446     1.615     1.968     2.429     2.937
 976.000     20001         0     20002           0.455     0.874     1.117     1.435     1.604     1.936     2.365     2.972
 977.000     19998         0     19997           0.448     0.874     1.121     1.443     1.622     1.978     2.419     3.060
 978.000     19999         0     19999           0.471     0.881     1.140     1.457     1.630     1.973     2.374     2.773
 979.000     20002         0     20003           0.463     0.888     1.149     1.458     1.634     2.005     2.490     3.021
 980.000     19997         0     19997           0.430     0.872     1.107     1.408     1.571     1.913     2.386     3.035
 981.000     19996         0     19996           0.463     0.889     1.154     1.480     1.669     2.052     2.601     7.655
 982.000     20003         0     20003           0.442     0.897     1.160     1.473     1.650     2.002     2.476     3.324
 983.000     20002         0     20001           0.454     0.895     1.162     1.468     1.651     2.020     2.558     3.422
 984.001     19999         0     19995           0.455     0.880     1.122     1.438     1.591     1.918     2.382     2.828
 985.000     19996         0     19999           0.475     0.889     1.141     1.451     1.626     1.964     2.431     3.289
 986.000     20005         0     20006           0.443     0.879     1.118     1.441     1.620     1.950     2.439     2.873
 987.000     20003         0     20002           0.457     0.874     1.114     1.444     1.618     2.024     2.570     3.844
 988.000     19993         0     19994           0.471     0.880     1.129     1.443     1.621     1.997     2.486     3.146
 989.000     20001         0     20000           0.427     0.888     1.142     1.467     1.629     1.965     2.433     3.467
 990.000     20004         0     20003           0.446     0.860     1.085     1.417     1.580     1.939     2.415     3.461
 991.000     19997         0     19999           0.412     0.873     1.128     1.449     1.610     1.942     2.382     3.416
 992.000     19999         0     19998           0.483     0.878     1.130     1.445     1.609     1.916     2.386     3.338
 993.000     20000         0     20001           0.442     0.861     1.089     1.411     1.568     1.908     2.370     3.060
 994.000     20005         0     20005           0.463     0.869     1.111     1.439     1.604     1.951     2.433     3.113
 995.000     19999         0     19998           0.467     0.869     1.120     1.435     1.592     1.923     2.394     3.017
 996.001     20000         0     19995           0.447     0.866     1.114     1.443     1.604     1.897     2.327     3.031
 997.000     19998         0     20005           0.476     0.877     1.123     1.440     1.612     1.956     2.443     2.974
 998.000     20003         0     20002           0.449     0.868     1.109     1.433     1.614     1.976     2.406     3.410
 999.000     19998         0     19998           0.461     0.867     1.095     1.411     1.574     1.902     2.380     3.117
1000.000     20002         0     20001           0.450     0.861     1.103     1.418     1.588     1.917     2.386     3.049
1001.000     20002         0     20004           0.438     0.876     1.121     1.442     1.614     1.953     2.454     3.351
1002.000     19997         0     19995           0.454     0.871     1.117     1.435     1.610     1.943     2.460     3.246
1003.000     20002         0     20004           0.468     0.868     1.115     1.428     1.595     1.933     2.429     3.660
1004.000     19998         0     19998           0.432     0.866     1.097     1.436     1.605     1.978     2.456     3.318
1005.000     20002         0     20001           0.460     0.874     1.112     1.437     1.615     1.966     2.515     3.002
1006.000     19998         0     19999           0.459     0.864     1.105     1.427     1.596     1.971     2.439     3.117
1007.000     19999         0     19999           0.463     0.882     1.146     1.458     1.623     1.951     2.433     2.904
1008.000     20003         0     20001           0.448     0.869     1.106     1.433     1.613     1.983     2.466     3.027
1009.000     19998         0     20000           0.473     0.887     1.157     1.474     1.637     1.975     2.417     2.714
1010.000     20000         0     20000           0.455     0.868     1.107     1.436     1.603     1.943     2.456     3.287
1011.000     20001         0     20001           0.471     0.900     1.174     1.491     1.686     2.099     2.595     4.280
1012.000     20001         0     20001           0.417     0.859     1.090     1.421     1.596     1.914     2.400     3.592
1013.000     19999         0     19999           0.447     0.885     1.153     1.460     1.629     1.999     2.585     3.731
1014.000     19995         0     19996           0.436     0.877     1.134     1.457     1.631     1.975     2.521     3.215
1015.000     20006         0     20004           0.456     0.883     1.133     1.467     1.654     2.022     2.542     3.301
1016.000     20000         0     20001           0.465     0.879     1.126     1.445     1.614     1.989     2.486     3.103
1017.000     19999         0     19999           0.458     0.858     1.089     1.420     1.595     1.928     2.421     3.482
1018.000     19998         0     19997           0.447     0.864     1.087     1.410     1.585     1.960     2.439     3.508
1019.000     19998         0     19998           0.465     0.870     1.111     1.432     1.603     1.934     2.402     3.076
1020.000     20001         0     20001           0.448     0.867     1.101     1.428     1.598     1.948     2.476     2.925
1021.000     19997         0     19994           0.481     0.898     1.162     1.462     1.624     1.921     2.372     2.986
1022.000     20006         0     20007           0.459     0.887     1.139     1.456     1.622     1.980     2.458     2.912
1023.000     19996         0     19997           0.453     0.879     1.117     1.432     1.611     1.970     2.521     3.408
1024.000     20005         0     20005           0.447     0.883     1.125     1.448     1.630     1.999     2.497     3.009
1025.000     19998         0     19999           0.468     0.889     1.141     1.448     1.623     1.989     2.497     2.904
1026.000     20002         0     20000           0.469     0.889     1.129     1.452     1.629     1.986     2.542     3.488
1027.000     19996         0     19997           0.415     0.870     1.109     1.438     1.602     1.957     2.464     3.248
1028.000     19998         0     19998           0.443     0.872     1.117     1.436     1.608     2.000     2.689     3.990
1029.000     20008         0     20008           0.457     0.885     1.153     1.477     1.651     2.043     2.585     3.445
1030.000     19997         0     19996           0.451     0.869     1.093     1.418     1.590     1.971     2.394     3.500
1031.000     19997         0     19996           0.464     0.882     1.107     1.434     1.594     1.940     2.345     2.918
1032.000     20006         0     20007           0.447     0.878     1.130     1.440     1.599     1.927     2.480     3.674
1033.000     19998         0     19998           0.440     0.886     1.151     1.462     1.630     1.981     2.517     3.361
1034.000     19999         0     20000           0.476     0.899     1.156     1.471     1.636     1.988     2.468     3.369
1035.000     19997         0     19997           0.463     0.885     1.129     1.446     1.611     1.966     2.435     3.463
1036.000     20001         0     20001           0.459     0.868     1.092     1.418     1.589     1.944     2.415     3.764
1037.000     19998         0     19998           0.466     0.874     1.116     1.441     1.623     2.021     2.513     3.105
1038.000     20004         0     20004           0.464     0.884     1.143     1.450     1.624     1.968     2.478     3.049
1039.000     19998         0     19998           0.425     0.870     1.097     1.406     1.570     1.938     2.425     2.888
1040.000     20000         0     20001           0.455     0.886     1.137     1.457     1.618     1.968     2.533     3.709
1041.000     20002         0     20002           0.444     0.913     1.199     1.498     1.667     2.036     2.757     6.611
1042.000     19999         0     19999           0.463     0.884     1.133     1.457     1.635     2.008     2.515     3.555
1043.000     20000         0     20001           0.470     0.903     1.161     1.470     1.653     2.042     2.609     3.588
1044.000     20002         0     20000           0.453     0.867     1.101     1.436     1.599     1.951     2.484     3.017
1045.000     19999         0     20001           0.447     0.879     1.123     1.438     1.594     1.923     2.380     3.283
1046.000     19997         0     19995           0.454     0.885     1.148     1.453     1.616     1.957     2.458     3.117
1047.000     20000         0     20002           0.446     0.871     1.096     1.418     1.578     1.910     2.384     3.391
1048.000     20000         0     19997           0.493     0.888     1.152     1.469     1.633     1.948     2.359     2.947
1049.000     20003         0     20005           0.443     0.872     1.115     1.437     1.601     1.936     2.400     3.129
1050.000     19995         0     19994           0.431     0.894     1.165     1.469     1.631     1.989     2.458     3.232
1051.000     20004         0     20005           0.464     0.870     1.101     1.420     1.586     1.937     2.402     3.049
1052.000     20001         0     20001           0.450     0.869     1.120     1.444     1.610     1.982     2.482     2.853
1053.000     20000         0     20000           0.465     0.881     1.120     1.438     1.599     1.940     2.460     3.254
1054.000     19998         0     19996           0.476     0.892     1.178     1.486     1.656     2.016     2.570     3.334
1055.000     19999         0     20000           0.448     0.881     1.107     1.418     1.572     1.886     2.404     3.099
1056.000     20000         0     20001           0.452     0.884     1.134     1.454     1.615     1.958     2.396     3.189
1057.000     20000         0     20000           0.460     0.883     1.117     1.422     1.579     1.924     2.351     3.236
1058.000     20003         0     20002           0.465     0.905     1.165     1.473     1.637     1.982     2.476     2.853
1059.000     20001         0     20002           0.462     0.883     1.125     1.440     1.610     2.004     2.501     3.133
1060.000     19997         0     19997           0.433     0.872     1.112     1.428     1.585     1.926     2.374     2.902
1061.000     20000         0     20000           0.455     0.866     1.098     1.426     1.594     1.904     2.372     3.115
1062.000     20003         0     20003           0.447     0.903     1.183     1.500     1.667     2.050     2.523     3.375
1063.000     19997         0     19997           0.460     0.862     1.091     1.427     1.603     2.011     2.478     3.299
1064.000     20003         0     20003           0.458     0.877     1.111     1.428     1.601     1.951     2.441     3.424
1065.000     19997         0     19997           0.465     0.879     1.147     1.468     1.641     2.049     2.468     2.910
1066.000     20002         0     20002           0.462     0.890     1.151     1.476     1.664     2.058     2.507     3.113
1067.000     19999         0     20000           0.466     0.865     1.091     1.417     1.587     1.994     2.576     3.240
1068.000     19996         0     19995           0.453     0.886     1.142     1.458     1.628     2.013     2.474     3.408
1069.000     19999         0     20000           0.480     0.880     1.128     1.435     1.596     1.948     2.419     2.972
1070.000     20001         0     20001           0.451     0.880     1.122     1.452     1.625     1.977     2.449     3.215
1071.000     20003         0     20002           0.445     0.919     1.195     1.488     1.668     2.052     2.511     3.185
1072.000     20001         0     20000           0.455     0.864     1.091     1.406     1.580     1.914     2.421     3.181
1073.000     20001         0     20003           0.463     0.897     1.164     1.476     1.660     2.084     2.576     3.101
1074.000     20004         0     20003           0.463     0.878     1.136     1.463     1.630     1.990     2.494     3.043
1075.000     19990         0     19989           0.452     0.867     1.108     1.434     1.608     1.955     2.370     2.761
1076.000     19995         0     19994           0.430     0.886     1.140     1.457     1.628     2.017     2.494     3.686
1077.000     20008         0     20010           0.473     0.876     1.102     1.422     1.596     1.992     2.406     3.262
1078.000     20002         0     20001           0.452     0.885     1.124     1.442     1.612     1.986     2.587     2.941
1079.000     20000         0     20002           0.476     0.901     1.161     1.476     1.651     2.034     2.570     3.416
1080.000     19991         0     19991           0.463     0.886     1.123     1.441     1.610     1.993     2.529     2.978
1081.000     20009         0     20009           0.443     0.889     1.135     1.468     1.640     2.039     2.568     4.129
1082.000     20000         0     20000           0.457     0.879     1.137     1.442     1.605     1.952     2.454     2.830
1083.000     19998         0     19998           0.462     0.881     1.128     1.454     1.621     1.968     2.462     3.185
1084.000     20001         0     19999           0.452     0.862     1.073     1.396     1.561     1.930     2.540     2.914
1085.000     20001         0     20003           0.447     0.890     1.155     1.462     1.630     1.956     2.415     3.176
1086.000     19999         0     19998           0.450     0.882     1.141     1.450     1.598     1.954     2.454     3.412
1087.000     20002         0     20002           0.457     0.873     1.111     1.432     1.604     1.925     2.529     3.238
1088.000     19998         0     19997           0.461     0.877     1.122     1.444     1.607     1.967     2.593     3.295
1089.000     20001         0     20003           0.454     0.865     1.108     1.438     1.599     1.957     2.433     3.564
1090.000     20000         0     19998           0.452     0.862     1.086     1.391     1.541     1.861     2.333     3.023
1091.000     20003         0     20005           0.464     0.880     1.126     1.446     1.623     1.939     2.435     3.336
1092.000     19992         0     19992           0.449     0.891     1.163     1.459     1.622     1.965     2.552     3.508
1093.000     20003         0     20003           0.464     0.869     1.103     1.412     1.571     1.893     2.361     3.203
1094.000     20002         0     20003           0.439     0.895     1.156     1.484     1.682     2.132     2.638     3.457
1095.000     19998         0     19998           0.439     0.884     1.140     1.455     1.623     1.982     2.505     3.480
1096.000     20002         0     20002           0.461     0.878     1.128     1.448     1.602     1.922     2.392     3.369
1097.000     19999         0     19999           0.447     0.878     1.126     1.447     1.614     1.958     2.421     3.117
1098.000     19997         0     19996           0.458     0.871     1.106     1.430     1.593     1.932     2.384     3.176
1099.000     20005         0     20007           0.449     0.877     1.121     1.444     1.608     1.952     2.423     3.006
1100.000     19995         0     19994           0.468     0.874     1.120     1.430     1.594     1.960     2.497     3.193
1101.000     20004         0     20004           0.473     0.890     1.139     1.444     1.610     1.972     2.488     3.068
1102.000     19997         0     19998           0.455     0.900     1.169     1.485     1.673     2.142     2.716     4.235
1103.000     20000         0     20000           0.449     0.901     1.169     1.482     1.651     2.004     2.685     3.375
1104.000     20002         0     20001           0.479     0.888     1.158     1.466     1.628     1.993     2.556     3.019
1105.000     20000         0     20000           0.441     0.865     1.101     1.415     1.579     1.911     2.343     3.301
1106.000     20001         0     20000           0.453     0.874     1.106     1.427     1.591     1.957     2.425     3.002
1107.000     19997         0     19997           0.469     0.883     1.129     1.448     1.594     1.934     2.425     2.984
1108.000     20003         0     20003           0.461     0.887     1.140     1.452     1.615     1.944     2.462     2.853
1109.000     19999         0     20000           0.447     0.873     1.113     1.427     1.593     1.955     2.378     3.170
1110.000     20001         0     20001           0.437     0.868     1.102     1.422     1.574     1.912     2.384     2.929
1111.000     20004         0     20004           0.454     0.881     1.124     1.437     1.595     1.891     2.376     2.925
1112.000     20000         0     20000           0.472     0.892     1.137     1.461     1.642     2.083     2.568     3.133
1113.000     19995         0     19994           0.450     0.883     1.127     1.439     1.607     1.951     2.523     3.305
1114.000     20002         0     20003           0.466     0.882     1.147     1.465     1.635     1.990     2.556     4.211
1115.000     20001         0     20001           0.457     0.870     1.107     1.423     1.599     1.988     2.367     3.019
1116.000     20000         0     20001           0.471     0.901     1.186     1.490     1.656     2.015     2.466     2.992
1117.000     19997         0     19997           0.454     0.877     1.124     1.449     1.616     1.989     2.578     3.445
1118.000     20001         0     20000           0.448     0.878     1.121     1.433     1.593     1.938     2.431     2.808
1119.000     19999         0     20000           0.470     0.883     1.130     1.445     1.607     1.954     2.396     2.994
1120.000     19999         0     19999           0.439     0.896     1.170     1.474     1.648     2.003     2.525     2.943
1121.000     20004         0     20002           0.462     0.890     1.126     1.442     1.622     2.014     2.593     3.279
1122.000     19996         0     19997           0.463     0.892     1.126     1.456     1.637     2.072     2.599     3.111
1123.000     20004         0     20004           0.457     0.878     1.109     1.439     1.620     1.993     2.513     4.147
1124.000     19996         0     19996           0.450     0.897     1.153     1.459     1.631     2.037     2.511     3.650
1125.000     20003         0     20004           0.471     0.899     1.179     1.495     1.669     2.061     2.521     3.088
1126.000     19999         0     19999           0.460     0.866     1.091     1.413     1.577     1.930     2.429     2.943
1127.000     20000         0     20000           0.427     0.884     1.118     1.430     1.585     1.927     2.433     2.863
1128.000     20001         0     20002           0.437     0.897     1.161     1.477     1.649     2.046     2.611     3.078
1129.000     19997         0     19996           0.459     0.896     1.150     1.462     1.626     1.993     2.456     2.839
1130.000     20002         0     20001           0.455     0.885     1.130     1.451     1.624     1.958     2.410     3.070
1131.000     19995         0     19995           0.455     0.902     1.180     1.481     1.658     2.063     2.595     2.910
1132.000     20003         0     20005           0.478     0.906     1.175     1.480     1.647     2.005     2.490     3.043
1133.000     20003         0     20003           0.461     0.888     1.141     1.460     1.641     2.009     2.470     3.129
1134.000     19998         0     19998           0.473     0.909     1.195     1.517     1.708     2.167     2.810     3.719
1135.000     20001         0     20000           0.454     0.869     1.094     1.417     1.579     1.904     2.322     3.412
1136.000     19996         0     19997           0.472     0.909     1.194     1.489     1.664     2.066     2.564     3.265
1137.000     20005         0     20004           0.456     0.892     1.132     1.449     1.616     1.956     2.470     3.574
1138.000     19999         0     20000           0.460     0.899     1.166     1.469     1.641     2.016     2.501     3.142
1139.000     20001         0     20001           0.476     0.872     1.098     1.416     1.581     1.924     2.374     2.912
1140.000     20000         0     20000           0.461     0.886     1.138     1.448     1.613     2.013     2.587     3.635
1141.000     19999         0     20000           0.455     0.889     1.169     1.481     1.647     2.041     2.501     2.898
1142.000     19998         0     19998           0.471     0.878     1.134     1.459     1.634     2.044     2.601     3.869
1143.000     20001         0     20001           0.434     0.865     1.085     1.397     1.559     1.919     2.429     3.248
1144.000     20001         0     20001           0.462     0.889     1.146     1.455     1.628     1.990     2.390     4.047
1145.000     20001         0     19999           0.459     0.895     1.152     1.468     1.641     2.029     2.482     3.297
1146.000     19997         0     19998           0.479     0.890     1.140     1.461     1.638     2.017     2.527     3.162
1147.000     19998         0     19997           0.481     0.880     1.120     1.438     1.602     1.958     2.443     3.877
1148.000     20003         0     20004           0.471     0.871     1.109     1.427     1.597     1.960     2.431     2.990
1149.000     20003         0     20003           0.472     0.898     1.164     1.473     1.649     2.041     2.503     4.264
1150.000     20000         0     20000           0.469     0.883     1.155     1.475     1.649     2.047     2.689     4.821
1151.000     19993         0     19994           0.452     0.882     1.132     1.444     1.616     1.985     2.419     3.183
1152.000     20005         0     20004           0.452     0.878     1.113     1.437     1.621     2.014     2.486     2.902
1153.000     19999         0     20000           0.456     0.888     1.146     1.461     1.622     1.966     2.472     2.839
1154.000     20003         0     20003           0.442     0.892     1.154     1.461     1.631     2.042     2.509     3.369
1155.000     19995         0     19994           0.452     0.890     1.156     1.483     1.670     2.091     2.595     4.110
1156.000     20001         0     20001           0.472     0.854     1.063     1.380     1.541     1.888     2.363     3.004
1157.000     20003         0     20001           0.450     0.895     1.151     1.460     1.627     1.972     2.462     3.092
1158.000     19998         0     20001           0.480     0.892     1.152     1.463     1.644     2.055     2.578     3.109
1159.000     20004         0     20003           0.468     0.882     1.133     1.451     1.623     2.017     2.599     3.527
1160.000     19996         0     19995           0.461     0.881     1.123     1.439     1.609     1.956     2.445     3.590
1161.000     20003         0     20005           0.452     0.904     1.174     1.474     1.650     2.072     2.507     3.031
1162.000     19999         0     19997           0.469     0.898     1.157     1.461     1.628     2.032     2.546     3.656
1163.000     20000         0     20003           0.443     0.884     1.120     1.442     1.608     1.967     2.468     3.070
1164.000     19999         0     19998           0.463     0.898     1.156     1.470     1.649     2.057     2.591     3.944
1165.000     19999         0     19998           0.448     0.888     1.144     1.473     1.650     2.044     2.570     3.713
1166.000     20003         0     20004           0.468     0.883     1.135     1.463     1.650     2.091     2.587     3.320
1167.000     19998         0     19996           0.460     0.887     1.138     1.447     1.615     1.987     2.490     2.943
1168.000     19998         0     19999           0.449     0.880     1.114     1.431     1.579     1.916     2.353     3.082
1169.000     20005         0     20002           0.457     0.890     1.165     1.471     1.632     1.978     2.482     3.187
1170.000     19992         0     19994           0.461     0.880     1.135     1.444     1.613     1.942     2.501     2.918
1171.000     19999         0     19999           0.459     0.887     1.143     1.449     1.628     2.008     2.456     3.795
1172.000     20007         0     20007           0.446     0.889     1.140     1.459     1.642     2.051     2.511     2.922
1173.000     20002         0     20002           0.467     0.873     1.107     1.431     1.592     1.925     2.402     3.006
1174.000     19998         0     19998           0.461     0.883     1.117     1.433     1.603     1.944     2.398     2.920
1175.000     19997         0     19997           0.455     0.889     1.136     1.456     1.625     1.945     2.476     3.447
1176.000     19997         0     19996           0.476     0.887     1.141     1.454     1.619     2.001     2.548     2.882
1177.000     20002         0     20002           0.462     0.877     1.124     1.446     1.614     1.977     2.664     3.494
1178.000     19998         0     19995           0.460     0.855     1.074     1.409     1.573     1.912     2.370     2.986
1179.000     19998         0     20001           0.461     0.885     1.153     1.484     1.666     2.140     2.699     3.916
1180.000     20004         0     20003           0.453     0.890     1.147     1.465     1.637     2.025     2.537     3.066
1181.000     20002         0     20003           0.443     0.873     1.108     1.433     1.597     1.946     2.462     3.449
1182.000     20001         0     20000           0.448     0.883     1.115     1.433     1.593     1.914     2.400     3.185
1183.000     20002         0     20002           0.466     0.886     1.145     1.461     1.631     2.025     2.464     3.131
1184.000     19999         0     19997           0.435     0.884     1.149     1.463     1.632     2.040     2.583     4.137
1185.000     19995         0     19998           0.451     0.857     1.085     1.418     1.583     1.960     2.466     2.978
1186.000     20005         0     20005           0.459     0.871     1.111     1.433     1.604     1.964     2.431     2.980
1187.000     19998         0     19997           0.452     0.884     1.140     1.460     1.622     1.971     2.736     3.396
1188.000     19999         0     19999           0.462     0.903     1.169     1.475     1.642     2.017     2.589     4.112
1189.000     20006         0     20005           0.469     0.878     1.114     1.438     1.605     2.008     2.587     3.394
1190.000     19999         0     20000           0.475     0.868     1.093     1.418     1.588     1.960     2.380     2.646
1191.000     19992         0     19992           0.464     0.887     1.152     1.467     1.639     1.992     2.519     3.426
1192.000     20008         0     20008           0.448     0.911     1.197     1.494     1.679     2.081     2.583     3.688
1193.000     19999         0     20000           0.439     0.876     1.117     1.426     1.584     1.917     2.443     3.238
1194.000     19997         0     19996           0.456     0.890     1.162     1.481     1.663     2.068     2.542     3.086
1195.000     20000         0     20000           0.460     0.874     1.118     1.436     1.603     1.997     2.503     3.449
1196.000     20001         0     20001           0.447     0.870     1.117     1.438     1.597     1.895     2.333     3.217
1197.000     19998         0     19997           0.472     0.881     1.134     1.459     1.631     1.997     2.466     3.394
1198.000     20007         0     20009           0.450     0.861     1.086     1.406     1.562     1.892     2.290     2.970
1199.000     19994         0     19994           0.471     0.868     1.108     1.438     1.599     1.940     2.474     3.043
1200.000     20002         0     20002           0.469     0.884     1.158     1.471     1.637     1.982     2.472     2.963
1201.000     19993         0     19993           0.470     0.878     1.129     1.449     1.616     1.971     2.566     3.000
1202.000     20006         0     20006           0.451     0.870     1.096     1.413     1.576     1.953     2.413     3.582
1203.000     20000         0     20001           0.464     0.889     1.145     1.459     1.623     1.983     2.482     3.764
1204.000     19996         0     19996           0.462     0.878     1.115     1.449     1.631     2.082     2.554     3.291
1205.000     20001         0     20000           0.443     0.893     1.153     1.475     1.639     1.999     2.435     2.873
1206.000     20001         0     20001           0.459     0.880     1.117     1.431     1.603     1.969     2.441     3.158
1207.000     20002         0     20002           0.470     0.885     1.141     1.461     1.640     2.029     2.574     3.252
1208.000     19997         0     19998           0.452     0.875     1.101     1.424     1.594     1.924     2.410     3.043
1209.000     20005         0     20003           0.446     0.874     1.129     1.454     1.645     2.105     2.873     4.235
1210.000     19994         0     19996           0.463     0.892     1.145     1.460     1.631     2.022     2.609     3.027
1211.000     20001         0     20001           0.476     0.888     1.126     1.436     1.602     1.961     2.478     3.426
1212.000     20003         0     20003           0.448     0.894     1.156     1.463     1.631     2.003     2.566     3.160
1213.000     20000         0     19999           0.478     0.892     1.145     1.458     1.620     1.979     2.413     3.039
1214.000     20003         0     20002           0.454     0.903     1.166     1.478     1.649     2.045     2.542     3.213
1215.000     19993         0     19995           0.456     0.898     1.148     1.453     1.612     1.944     2.388     2.791
1216.000     20000         0     20000           0.450     0.892     1.147     1.459     1.628     2.005     2.550     3.207
1217.000     20000         0     19997           0.469     0.906     1.166     1.484     1.648     2.007     2.578     3.529
1218.000     20006         0     20007           0.465     0.869     1.106     1.424     1.579     1.867     2.284     2.830
1219.000     19999         0     20001           0.454     0.887     1.150     1.458     1.631     2.010     2.501     3.490
1220.000     20001         0     20000           0.476     0.883     1.138     1.461     1.629     2.033     2.511     3.254
1221.000     19994         0     19995           0.441     0.872     1.096     1.416     1.587     1.965     2.478     2.986
1222.000     20003         0     20003           0.475     0.908     1.172     1.474     1.642     2.002     2.480     3.109
1223.000     20002         0     20003           0.482     0.883     1.130     1.440     1.612     2.010     2.509     3.281
1224.000     19997         0     19996           0.437     0.904     1.196     1.491     1.663     2.035     2.611     3.105
1225.000     20001         0     20001           0.475     0.865     1.094     1.416     1.583     1.931     2.419     3.381
1226.000     20002         0     20002           0.477     0.890     1.146     1.460     1.636     2.001     2.480     3.193
1227.000     19999         0     19999           0.482     0.876     1.117     1.444     1.602     1.967     2.517     3.242
1228.000     20002         0     20002           0.453     0.882     1.135     1.461     1.634     2.008     2.550     3.086
1229.000     19994         0     19994           0.461     0.890     1.151     1.456     1.637     2.026     2.527     3.217
1230.000     20005         0     20005           0.474     0.868     1.080     1.405     1.567     1.960     2.470     2.882
1231.000     19997         0     19996           0.433     0.879     1.132     1.452     1.626     1.979     2.470     3.029
1232.000     20000         0     20000           0.458     0.899     1.172     1.466     1.631     1.991     2.441     3.275
1233.000     20004         0     20005           0.460     0.879     1.111     1.430     1.593     1.927     2.380     3.299
1234.000     19997         0     19997           0.461     0.888     1.142     1.466     1.646     2.028     2.728     4.139
1235.000     20000         0     19998           0.479     0.893     1.159     1.461     1.629     1.967     2.472     3.217
1236.000     20002         0     20002           0.461     0.893     1.154     1.465     1.633     1.998     2.437     3.109
1237.000     19997         0     19999           0.475     0.897     1.135     1.444     1.617     1.952     2.427     3.434
1238.000     20002         0     20002           0.446     0.889     1.126     1.445     1.616     1.980     2.494     2.908
1239.000     19995         0     19995           0.476     0.886     1.127     1.448     1.618     1.964     2.388     3.373
1240.000     20004         0     20004           0.449     0.883     1.124     1.442     1.607     1.993     2.486     2.976
1241.000     20005         0     20005           0.467     0.881     1.123     1.441     1.604     1.936     2.265     3.535
1242.000     19993         0     19993           0.452     0.890     1.136     1.450     1.607     1.937     2.552     3.518
1243.000     20003         0     20003           0.469     0.889     1.167     1.466     1.634     1.968     2.419     3.131
1244.000     19997         0     19996           0.439     0.890     1.143     1.460     1.622     1.974     2.472     3.095
1245.000     20001         0     20001           0.444     0.876     1.111     1.424     1.585     1.911     2.351     2.808
1246.000     20004         0     20004           0.483     0.880     1.134     1.461     1.632     2.021     2.517     3.295
1247.000     19997         0     19997           0.455     0.900     1.164     1.456     1.628     2.000     2.462     3.123
1248.000     19996         0     19996           0.476     0.890     1.159     1.469     1.646     2.003     2.476     3.234
1249.000     20007         0     20006           0.440     0.872     1.095     1.409     1.569     1.892     2.335     2.746
1250.000     20002         0     20001           0.477     0.905     1.186     1.486     1.653     2.036     2.607     3.133
1251.000     19992         0     19993           0.453     0.891     1.144     1.456     1.631     2.013     2.542     4.387
1252.000     20004         0     20003           0.479     0.902     1.157     1.456     1.621     1.991     2.435     4.069
1253.000     20000         0     20001           0.467     0.903     1.186     1.498     1.663     2.036     2.583     3.494
1254.000     19996         0     19996           0.470     0.899     1.155     1.460     1.633     1.991     2.494     3.164
1255.000     20005         0     20004           0.454     0.886     1.148     1.475     1.662     2.111     2.628     3.521
1256.000     19998         0     19999           0.476     0.882     1.136     1.452     1.622     1.989     2.566     3.228
1257.000     20002         0     20001           0.463     0.876     1.119     1.439     1.605     1.942     2.425     4.186
1258.000     19997         0     19996           0.459     0.887     1.142     1.459     1.640     2.064     2.513     3.023
1259.000     20003         0     20003           0.466     0.883     1.134     1.442     1.604     1.916     2.451     3.060
1260.000     19996         0     19998           0.462     0.900     1.149     1.468     1.637     2.012     2.564     3.310
1261.000     20004         0     20003           0.456     0.904     1.165     1.475     1.657     2.059     2.597     3.762
1262.000     20000         0     20001           0.431     0.892     1.141     1.461     1.634     2.032     2.554     3.052
1263.000     20000         0     19998           0.471     0.897     1.157     1.465     1.634     1.958     2.492     3.615
1264.000     19991         0     19993           0.453     0.893     1.140     1.445     1.616     1.929     2.437     3.805
1265.000     20006         0     20006           0.476     0.880     1.115     1.438     1.607     1.959     2.431     2.959
1266.000     20004         0     20005           0.463     0.878     1.116     1.445     1.609     1.963     2.468     2.902
1267.000     19998         0     19997           0.471     0.887     1.157     1.462     1.634     1.971     2.497     3.330
1268.000     19997         0     19997           0.440     0.884     1.145     1.465     1.636     2.046     2.523     3.281
1269.000     20005         0     20005           0.467     0.864     1.078     1.408     1.574     1.943     2.394     3.170
1270.000     20002         0     20002           0.486     0.885     1.125     1.444     1.602     1.965     2.415     2.955
1271.000     19998         0     19996           0.468     0.874     1.119     1.436     1.607     1.975     2.439     3.164
1272.000     19999         0     20000           0.451     0.891     1.139     1.454     1.636     2.093     2.687     3.119
1273.000     20001         0     20001           0.451     0.898     1.149     1.462     1.642     2.043     2.499     3.054
1274.000     19999         0     20000           0.470     0.885     1.144     1.457     1.638     2.014     2.454     2.941
1275.000     19999         0     19999           0.460     0.889     1.140     1.450     1.622     1.977     2.419     2.914
1276.000     19996         0     19997           0.454     0.883     1.128     1.447     1.619     1.946     2.468     3.412
1277.000     20006         0     20006           0.469     0.889     1.145     1.458     1.624     1.992     2.513     4.215
1278.000     19998         0     19997           0.455     0.891     1.155     1.462     1.634     2.013     2.484     3.715
1279.000     20002         0     20002           0.452     0.874     1.111     1.430     1.595     1.995     2.470     3.549
1280.000     19997         0     19997           0.479     0.893     1.161     1.485     1.662     2.081     2.540     3.375
1281.000     19997         0     19997           0.485     0.905     1.170     1.474     1.645     2.017     2.556     3.146
1282.000     20004         0     20004           0.472     0.896     1.154     1.465     1.645     2.080     2.685     3.846
1283.000     19997         0     19997           0.469     0.898     1.164     1.478     1.653     2.038     2.556     3.459
1284.000     20004         0     20004           0.481     0.902     1.175     1.478     1.649     2.043     2.499     3.119
1285.000     19997         0     19996           0.423     0.904     1.164     1.461     1.634     1.966     2.449     2.990
1286.000     20000         0     20001           0.468     0.899     1.161     1.479     1.649     2.004     2.544     3.080
1287.000     20000         0     20000           0.470     0.895     1.146     1.453     1.623     1.970     2.505     2.937
1288.000     19998         0     19997           0.465     0.880     1.119     1.438     1.606     1.955     2.398     2.966
1289.000     20005         0     20005           0.456     0.887     1.137     1.449     1.622     2.009     2.546     3.537
1290.000     20002         0     20001           0.468     0.911     1.170     1.482     1.664     2.038     2.488     3.482
1291.000     20000         0     20000           0.456     0.904     1.185     1.510     1.704     2.142     2.705     4.567
1292.000     19998         0     20001           0.450     0.889     1.139     1.449     1.627     2.011     2.449     3.328
1293.000     19996         0     19997           0.461     0.895     1.150     1.457     1.625     1.979     2.480     2.873
1294.000     20005         0     20003           0.463     0.885     1.138     1.447     1.624     2.037     2.576     3.443
1295.000     19996         0     19997           0.443     0.884     1.126     1.448     1.625     2.007     2.521     3.752
1296.000     20003         0     20004           0.466     0.888     1.135     1.449     1.613     1.967     2.398     3.269
1297.000     19995         0     19995           0.453     0.882     1.116     1.446     1.613     2.017     2.535     2.941
1298.000     20004         0     20004           0.478     0.893     1.159     1.478     1.644     2.004     2.509     3.281
1299.000     19997         0     19998           0.474     0.909     1.183     1.498     1.678     2.074     2.480     2.841
1300.000     20003         0     20001           0.467     0.889     1.122     1.439     1.610     1.992     2.390     2.697
1301.000     19998         0     19999           0.448     0.900     1.143     1.468     1.639     2.043     2.523     3.434
1302.000     19999         0     20000           0.466     0.897     1.164     1.465     1.629     1.965     2.419     3.406
1303.000     20005         0     20004           0.428     0.878     1.112     1.437     1.607     1.963     2.462     3.183
1304.000     19998         0     19998           0.471     0.903     1.161     1.485     1.663     2.122     2.609     3.455
1305.000     19999         0     19999           0.480     0.913     1.180     1.493     1.672     2.047     2.648     3.271
1306.000     19999         0     19999           0.463     0.889     1.127     1.450     1.618     1.969     2.486     3.916
1307.000     20002         0     20001           0.463     0.908     1.187     1.484     1.647     1.977     2.441     3.289
1308.000     19998         0     19999           0.456     0.888     1.125     1.440     1.606     1.979     2.507     3.414
1309.000     19998         0     19998           0.453     0.876     1.101     1.424     1.587     1.931     2.372     2.961
1310.000     20005         0     20005           0.431     0.919     1.203     1.505     1.679     2.041     2.525     3.338
1311.000     19998         0     19998           0.466     0.900     1.174     1.495     1.670     2.086     2.671     3.963
1312.000     19998         0     19997           0.468     0.906     1.161     1.471     1.642     1.997     2.460     3.365
1313.000     19997         0     19998           0.451     0.892     1.150     1.462     1.627     2.011     2.515     3.060
1314.000     20005         0     20003           0.481     0.906     1.184     1.496     1.663     2.037     2.519     3.295
1315.000     20003         0     20006           0.473     0.898     1.153     1.465     1.629     1.993     2.529     3.508
1316.000     19999         0     19996           0.479     0.880     1.126     1.437     1.605     1.955     2.390     2.836
1317.000     19997         0     20000           0.452     0.897     1.153     1.467     1.640     2.030     2.454     2.902
1318.000     20003         0     20003           0.441     0.912     1.174     1.494     1.657     2.057     2.456     3.359
1319.000     19997         0     19997           0.487     0.896     1.144     1.450     1.615     1.986     2.447     2.990
1320.000     20000         0     19997           0.461     0.891     1.142     1.466     1.650     2.015     2.544     3.305
1321.000     20004         0     20006           0.453     0.881     1.126     1.444     1.610     1.995     2.484     2.982
1322.000     19997         0     19997           0.469     0.908     1.178     1.483     1.651     2.017     2.507     3.373
1323.000     20001         0     20001           0.463     0.912     1.187     1.489     1.653     2.015     2.519     3.848
1324.000     19995         0     19995           0.478     0.888     1.140     1.455     1.626     1.990     3.031     4.833
1325.000     20001         0     20001           0.438     0.896     1.140     1.453     1.624     1.977     2.525     3.645
1326.000     20005         0     20005           0.450     0.898     1.157     1.465     1.648     2.070     2.601     3.164
1327.000     20002         0     20003           0.437     0.903     1.177     1.479     1.658     2.020     2.566     2.996
1328.000     20000         0     19998           0.435     0.890     1.124     1.444     1.622     1.987     2.509     3.359
1329.000     19998         0     20000           0.452     0.886     1.125     1.444     1.617     1.937     2.392     3.478
1330.000     19998         0     19998           0.480     0.892     1.156     1.464     1.636     1.996     2.482     3.723
1331.000     19999         0     19999           0.462     0.895     1.161     1.475     1.653     2.055     2.509     3.422
1332.000     20002         0     20001           0.476     0.878     1.103     1.426     1.588     1.928     2.394     2.826
1333.000     20001         0     20002           0.482     0.892     1.140     1.466     1.638     1.999     2.562     3.676
1334.000     19999         0     19997           0.484     0.901     1.168     1.475     1.653     2.018     2.511     3.174
1335.000     19999         0     20001           0.455     0.910     1.182     1.494     1.677     2.055     2.562     3.197
1336.000     20004         0     20005           0.473     0.892     1.130     1.457     1.616     1.959     2.486     3.011
1337.000     19993         0     19993           0.471     0.884     1.121     1.438     1.596     1.947     2.486     3.353
1338.001     20007         0     20003           0.464     0.899     1.166     1.484     1.660     2.051     2.593     3.457
1339.000     19997         0     20001           0.435     0.890     1.144     1.465     1.642     2.023     2.570     3.027
1340.000     20002         0     20000           0.476     0.882     1.132     1.454     1.626     1.961     2.497     3.232
1341.000     20001         0     20002           0.475     0.880     1.110     1.430     1.611     1.988     2.474     3.176
1342.000     19996         0     19994           0.468     0.891     1.153     1.461     1.629     1.954     2.404     3.285
1343.000     20001         0     20002           0.484     0.958     1.268     1.572     1.749     2.159     2.607     4.012
1344.000     19998         0     19998           0.456     0.880     1.127     1.449     1.621     1.953     2.361     3.027
1345.000     19999         0     19999           0.462     0.886     1.126     1.426     1.589     1.912     2.454     3.248
1346.000     20001         0     20002           0.453     0.897     1.162     1.471     1.638     1.964     2.357     3.213
1347.000     20004         0     20002           0.464     0.889     1.129     1.458     1.635     2.014     2.488     3.138
1348.000     19996         0     19997           0.465     0.886     1.135     1.453     1.635     2.017     2.544     3.127
1349.000     20001         0     20001           0.481     0.866     1.082     1.405     1.562     1.890     2.376     3.000
1350.000     20003         0     20002           0.453     0.895     1.169     1.486     1.656     2.017     2.505     3.035
1351.000     19997         0     19998           0.479     0.879     1.133     1.450     1.628     1.989     2.486     3.152
1352.000     20000         0     20000           0.449     0.881     1.114     1.426     1.591     1.978     2.458     3.289
1353.000     20000         0     20000           0.464     0.865     1.098     1.421     1.581     1.890     2.357     2.990
1354.000     20001         0     19999           0.460     0.888     1.166     1.465     1.632     2.007     2.494     3.133
1355.000     20000         0     20002           0.447     0.869     1.103     1.421     1.593     1.930     2.322     2.640
1356.000     19998         0     19998           0.445     0.885     1.143     1.490     1.696     2.189     2.929     5.493
1357.000     20003         0     20004           0.446     0.868     1.097     1.421     1.595     1.952     2.480     3.295
1358.000     19990         0     19989           0.460     0.898     1.169     1.485     1.670     2.072     2.585     3.553
1359.000     20012         0     20013           0.462     0.878     1.132     1.460     1.630     1.991     2.421     2.914
1360.000     19992         0     19992           0.471     0.891     1.137     1.445     1.620     1.952     2.433     3.211
1361.000     20003         0     20003           0.445     0.887     1.128     1.451     1.628     2.063     2.492     2.871
1362.000     19999         0     19999           0.463     0.890     1.136     1.445     1.608     1.946     2.423     3.099
1363.000     20004         0     20003           0.481     0.894     1.160     1.483     1.661     2.062     2.517     3.215
1364.000     19996         0     19997           0.477     0.874     1.099     1.420     1.590     1.963     2.529     3.125
1365.000     20001         0     20002           0.474     0.865     1.093     1.416     1.595     1.978     2.441     2.857
1366.000     20001         0     20001           0.472     0.888     1.151     1.484     1.661     2.036     2.552     3.273
1367.000     19997         0     19996           0.473     0.882     1.128     1.438     1.602     1.951     2.464     2.951
1368.000     20003         0     20003           0.451     0.882     1.140     1.451     1.621     1.956     2.413     3.047
1369.000     19998         0     19998           0.466     0.885     1.134     1.453     1.627     2.010     2.558     3.660
1370.000     20004         0     20004           0.476     0.886     1.146     1.448     1.611     1.916     2.400     3.856
1371.000     20001         0     19999           0.447     0.892     1.149     1.461     1.637     1.968     2.417     2.931
1372.000     20001         0     20003           0.467     0.873     1.099     1.419     1.577     1.924     2.437     3.492
1373.000     19989         0     19990           0.450     0.902     1.170     1.464     1.638     2.005     2.574     3.408
1374.000     20010         0     20010           0.447     0.907     1.191     1.506     1.673     2.045     2.505     3.133
1375.000     19997         0     19997           0.436     0.897     1.156     1.475     1.662     2.051     2.605     3.484
1376.000     20003         0     20003           0.482     0.886     1.127     1.450     1.625     2.010     2.576     3.224
1377.000     19997         0     19997           0.477     0.879     1.130     1.453     1.618     1.953     2.441     2.791
1378.000     20003         0     20001           0.470     0.886     1.144     1.459     1.631     2.001     2.398     3.496
1379.000     19995         0     19998           0.471     0.901     1.180     1.499     1.681     2.146     2.963     4.669
1380.000     20004         0     20003           0.454     0.879     1.107     1.423     1.602     1.976     2.410     2.992
1381.000     19996         0     19997           0.450     0.899     1.153     1.473     1.642     2.013     2.490     3.023
1382.000     20003         0     20002           0.476     0.884     1.133     1.448     1.610     1.937     2.355     3.172
1383.000     20000         0     20001           0.480     0.893     1.155     1.467     1.651     2.074     2.562     3.224
1384.000     20002         0     20002           0.466     0.880     1.113     1.431     1.598     1.972     2.396     2.793
1385.000     19995         0     19994           0.481     0.904     1.186     1.501     1.672     2.046     2.548     3.359
1386.000     20002         0     20003           0.487     0.873     1.115     1.439     1.606     1.956     2.380     3.013
1387.000     20001         0     20000           0.426     0.875     1.114     1.441     1.598     1.927     2.396     3.086
1388.000     20000         0     20002           0.450     0.872     1.107     1.425     1.605     1.957     2.367     3.723
1389.000     19998         0     19998           0.483     0.885     1.136     1.444     1.608     1.951     2.408     3.056
1390.000     19998         0     19997           0.461     0.890     1.142     1.458     1.630     2.005     2.527     3.045
1391.000     20003         0     20004           0.448     0.876     1.104     1.433     1.612     1.993     2.621     4.764
1392.001     20003         0     19998           0.475     0.905     1.182     1.485     1.659     2.016     2.427     2.941
1393.000     19996         0     20000           0.475     0.874     1.111     1.443     1.623     2.048     2.501     3.070
1394.000     20003         0     20003           0.465     0.894     1.152     1.465     1.640     1.996     2.486     2.978
1395.000     19999         0     20000           0.442     0.884     1.122     1.439     1.620     1.975     2.533     2.933
1396.000     20000         0     20000           0.469     0.890     1.153     1.480     1.652     2.035     2.564     3.725
1397.000     19999         0     19998           0.454     0.894     1.168     1.485     1.669     2.081     2.679     4.317
1398.000     19999         0     20000           0.458     0.878     1.129     1.446     1.623     2.061     2.619     3.594
1399.000     20005         0     20004           0.450     0.866     1.094     1.422     1.589     1.964     2.480     4.004
1400.000     20000         0     20000           0.454     0.899     1.154     1.468     1.633     2.005     2.515     3.009
1401.000     19996         0     19997           0.460     0.899     1.166     1.476     1.638     1.975     2.480     3.203
1402.000     20000         0     19999           0.440     0.899     1.142     1.458     1.627     1.994     2.431     3.154
1403.000     20004         0     20003           0.464     0.905     1.172     1.483     1.658     2.039     2.505     3.189
1404.000     19998         0     19997           0.438     0.896     1.157     1.471     1.650     2.042     2.652     4.198
1405.000     19995         0     19994           0.475     0.905     1.181     1.485     1.661     2.034     2.552     3.183
1406.000     20003         0     20006           0.450     0.900     1.165     1.473     1.654     2.049     2.681     3.430
1407.000     19999         0     19998           0.460     0.890     1.145     1.464     1.628     1.976     2.410     2.959
1408.000     20002         0     20003           0.460     0.883     1.132     1.458     1.629     1.951     2.464     3.287
1409.000     19999         0     19999           0.441     0.899     1.171     1.473     1.654     2.047     2.525     3.072
1410.000     20001         0     20001           0.457     0.883     1.125     1.450     1.620     1.985     2.511     3.779
1411.000     19996         0     19996           0.479     0.890     1.139     1.462     1.646     2.010     2.439     3.308
1412.000     20003         0     20003           0.476     0.889     1.145     1.464     1.632     1.989     2.427     3.316
1413.000     20001         0     20000           0.479     0.892     1.154     1.465     1.638     2.019     2.472     3.752
1414.000     20000         0     20001           0.440     0.875     1.112     1.430     1.592     1.933     2.365     2.869
1415.000     19998         0     19999           0.457     0.881     1.137     1.465     1.647     2.068     2.804     4.321
1416.000     20004         0     20001           0.471     0.891     1.147     1.458     1.636     2.015     2.445     3.455
1417.000     19993         0     19996           0.467     0.893     1.161     1.455     1.615     1.955     2.484     3.566
1418.000     20003         0     20002           0.445     0.886     1.127     1.442     1.626     1.982     2.443     2.976
1419.000     20000         0     19999           0.476     0.900     1.157     1.469     1.639     1.971     2.431     3.242
1420.000     19999         0     20000           0.452     0.894     1.149     1.460     1.621     1.967     2.490     3.004
1421.000     20006         0     20006           0.475     0.892     1.136     1.460     1.646     2.063     2.677     3.183
1422.000     19999         0     19999           0.458     0.890     1.146     1.476     1.656     2.078     2.738     4.706
1423.000     19999         0     19999           0.435     0.889     1.141     1.462     1.627     1.983     2.480     3.434
1424.000     19995         0     19995           0.467     0.900     1.160     1.476     1.647     1.989     2.419     3.281
1425.000     20000         0     19998           0.472     0.886     1.130     1.453     1.610     1.935     2.421     2.871
1426.000     20004         0     20006           0.431     0.884     1.134     1.450     1.614     1.964     2.470     3.295
1427.000     19998         0     19997           0.441     0.873     1.106     1.434     1.607     1.962     2.417     3.072
1428.000     20004         0     20004           0.450     0.910     1.197     1.498     1.672     2.028     2.544     3.168
1429.000     19995         0     19997           0.462     0.889     1.141     1.462     1.642     2.007     2.503     6.164
1430.000     19998         0     19998           0.464     0.879     1.113     1.437     1.601     1.924     2.478     3.428
1431.000     20008         0     20006           0.474     0.885     1.119     1.435     1.616     1.976     2.386     2.963
1432.000     19997         0     19999           0.473     0.903     1.183     1.502     1.675     2.088     2.662     3.365
1433.000     20001         0     20001           0.465     0.915     1.210     1.500     1.673     2.034     2.537     3.117
1434.000     20001         0     20001           0.457     0.872     1.104     1.421     1.595     1.971     2.501     3.402
1435.000     20000         0     19999           0.460     0.876     1.124     1.440     1.612     1.957     2.382     3.160
1436.000     19998         0     19998           0.475     0.918     1.219     1.508     1.676     2.023     2.564     3.734
1437.000     20002         0     20003           0.467     0.882     1.121     1.452     1.627     1.987     2.443     3.090
1438.000     19995         0     19995           0.451     0.895     1.157     1.470     1.639     2.050     2.597     3.877
1439.000     20005         0     20005           0.460     0.880     1.139     1.466     1.635     1.991     2.490     2.822
1440.000     19999         0     19999           0.477     0.900     1.182     1.484     1.641     1.972     2.413     3.164
1441.000     19998         0     19998           0.455     0.878     1.106     1.432     1.609     1.972     2.562     3.912
1442.000     19997         0     19997           0.457     0.871     1.108     1.435     1.604     1.966     2.331     2.980
1443.000     20003         0     20003           0.476     0.891     1.151     1.475     1.655     2.049     2.593     3.670
1444.000     20000         0     20000           0.431     0.891     1.152     1.457     1.624     1.960     2.445     3.133
1445.000     20003         0     20002           0.466     0.880     1.110     1.428     1.609     2.011     2.519     3.377
1446.000     19993         0     19993           0.448     0.890     1.150     1.473     1.642     2.038     2.552     3.281
1447.000     20002         0     20003           0.463     0.874     1.106     1.425     1.586     1.926     2.472     3.068
1448.000     20004         0     20003           0.458     0.888     1.151     1.471     1.634     2.038     2.544     3.283
1449.000     19998         0     19999           0.456     0.881     1.146     1.463     1.636     2.019     2.630     3.189
1450.000     19998         0     19997           0.455     0.881     1.124     1.442     1.613     1.981     2.574     3.641
1451.000     20002         0     20001           0.430     0.884     1.123     1.445     1.618     1.996     2.525     3.162
1452.000     20000         0     20001           0.478     0.887     1.147     1.460     1.624     1.944     2.413     3.215
1453.000     19999         0     19999           0.454     0.898     1.153     1.454     1.620     1.965     2.464     3.129
1454.000     20001         0     20000           0.458     0.880     1.113     1.426     1.603     1.955     2.472     3.287
1455.000     19999         0     20001           0.466     0.894     1.160     1.471     1.645     2.029     2.560     3.246
1456.000     20003         0     20003           0.438     0.890     1.148     1.452     1.620     1.980     2.537     3.099
1457.000     20001         0     19999           0.452     0.881     1.123     1.438     1.604     1.958     2.441     3.019
1458.000     19998         0     20000           0.473     0.899     1.164     1.475     1.644     1.975     2.456     3.092
1459.000     20004         0     20004           0.451     0.889     1.129     1.436     1.604     1.934     2.363     2.886
1460.000     19994         0     19993           0.449     0.881     1.129     1.453     1.627     1.962     2.451     4.108
1461.000     20002         0     20002           0.457     0.888     1.157     1.460     1.629     1.970     2.433     2.910
1462.000     20003         0     20002           0.452     0.869     1.107     1.434     1.607     1.945     2.404     2.970
1463.000     19993         0     19994           0.478     0.899     1.166     1.464     1.644     2.004     2.509     2.918
1464.000     20005         0     20003           0.477     0.910     1.197     1.500     1.670     2.039     2.515     3.265
1465.000     19996         0     19998           0.479     0.895     1.160     1.471     1.650     1.995     2.464     3.621
1466.000     19995         0     19995           0.455     0.898     1.153     1.467     1.644     2.065     2.617     3.103
1467.000     20006         0     20006           0.470     0.867     1.097     1.416     1.571     1.877     2.329     3.142
1468.000     19999         0     19999           0.474     0.895     1.176     1.477     1.640     1.994     2.521     3.377
1469.000     20004         0     20003           0.476     0.879     1.120     1.446     1.621     1.965     2.505     3.443
1470.000     19996         0     19998           0.441     0.891     1.148     1.486     1.694     2.216     3.105     5.624
1471.000     20003         0     20002           0.443     0.872     1.096     1.420     1.606     1.994     2.548     3.301
1472.000     20001         0     20002           0.466     0.903     1.183     1.492     1.673     2.021     2.505     3.326
1473.000     20000         0     19999           0.444     0.893     1.144     1.477     1.664     2.081     2.775     3.754
1474.000     19998         0     19999           0.456     0.874     1.107     1.456     1.642     2.046     2.566     3.092
1475.000     20001         0     20000           0.434     0.869     1.099     1.426     1.593     1.946     2.425     3.281
1476.000     20002         0     20001           0.449     0.898     1.185     1.508     1.704     2.122     2.673     3.449
1477.000     19997         0     19999           0.457     0.887     1.146     1.467     1.635     1.992     2.433     2.953
1478.000     20002         0     20002           0.468     0.879     1.128     1.454     1.612     1.929     2.363     3.074
1479.000     19999         0     19998           0.469     0.881     1.124     1.447     1.623     1.998     2.642     3.645
1480.000     20000         0     20000           0.450     0.888     1.149     1.465     1.641     2.000     2.476     3.252
1481.000     19999         0     19999           0.448     0.880     1.142     1.452     1.629     1.950     2.447     3.676
1482.000     19999         0     19999           0.462     0.869     1.102     1.425     1.599     1.969     2.419     3.234
1483.000     19999         0     20000           0.467     0.884     1.130     1.450     1.627     1.987     2.435     3.322
1484.000     20005         0     20004           0.460     0.891     1.150     1.459     1.637     1.968     2.431     2.785
1485.000     19994         0     19995           0.453     0.887     1.145     1.465     1.636     2.025     2.501     3.412
1486.000     20004         0     20003           0.458     0.871     1.109     1.425     1.594     1.928     2.421     3.154
1487.000     19999         0     19999           0.463     0.898     1.158     1.488     1.678     2.065     2.544     3.412
1488.000     20000         0     20000           0.457     0.886     1.125     1.449     1.621     1.963     2.533     3.150
1489.000     20001         0     19998           0.482     0.885     1.129     1.453     1.632     2.004     2.515     3.191
1490.000     19997         0     20000           0.452     0.877     1.116     1.436     1.601     1.972     2.480     3.013
1491.000     20005         0     20003           0.483     0.900     1.160     1.480     1.646     2.014     2.451     3.369
1492.000     19992         0     19993           0.485     0.898     1.150     1.478     1.665     2.074     2.556     3.258
1493.000     20006         0     20007           0.454     0.879     1.123     1.455     1.634     2.060     2.527     3.322
1494.000     20000         0     20000           0.454     0.918     1.205     1.522     1.721     2.134     2.701     3.949
1495.000     19999         0     19999           0.438     0.870     1.121     1.446     1.610     1.995     2.509     3.140
1496.000     20001         0     20001           0.479     0.908     1.189     1.498     1.682     2.066     2.669     3.594
1497.000     19999         0     19999           0.455     0.891     1.155     1.463     1.627     2.005     2.517     2.980
1498.000     20004         0     20003           0.477     0.869     1.092     1.422     1.589     1.940     2.365     2.750
1499.000     19998         0     19995           0.461     0.902     1.166     1.484     1.658     2.030     2.525     3.320
1500.000     20001         0     20004           0.471     0.910     1.192     1.496     1.663     2.075     2.566     3.404
1501.000     19997         0     19997           0.462     0.880     1.127     1.459     1.645     2.031     2.595     3.262
1502.000     20002         0     20002           0.463     0.885     1.142     1.462     1.631     1.957     2.509     3.156
1503.000     20000         0     20000           0.469     0.900     1.175     1.480     1.648     1.977     2.468     3.230
1504.000     19996         0     19995           0.453     0.909     1.177     1.494     1.672     2.017     2.597     3.344
1505.000     20001         0     20002           0.466     0.878     1.121     1.437     1.605     1.926     2.443     2.994
1506.000     20005         0     20005           0.458     0.874     1.102     1.427     1.591     1.940     2.486     3.418
1507.000     19993         0     19993           0.452     0.901     1.172     1.479     1.648     1.999     2.492     3.129
1508.000     19995         0     19995           0.490     0.904     1.172     1.483     1.664     2.045     2.603     3.625
1509.000     20011         0     20009           0.457     0.899     1.158     1.479     1.647     2.025     2.515     2.992
1510.000     19996         0     19996           0.451     0.862     1.084     1.403     1.575     1.919     2.404     2.957
1511.000     20003         0     20003           0.465     0.904     1.191     1.501     1.687     2.083     2.609     3.310
1512.000     20000         0     20000           0.444     0.885     1.130     1.454     1.634     1.997     2.490     2.849
1513.000     19998         0     19997           0.469     0.904     1.172     1.487     1.670     2.055     2.632     3.764
1514.000     20003         0     20005           0.465     0.878     1.103     1.437     1.611     1.953     2.486     3.391
1515.000     19997         0     19996           0.479     0.888     1.146     1.474     1.636     1.972     2.404     2.959
1516.000     20001         0     20000           0.431     0.893     1.150     1.467     1.636     2.008     2.572     3.193
1517.000     19995         0     19996           0.448     0.903     1.160     1.485     1.662     2.059     2.544     3.127
1518.000     20004         0     20004           0.440     0.888     1.123     1.437     1.606     1.950     2.396     3.252
1519.000     20001         0     20000           0.461     0.888     1.143     1.471     1.635     2.010     2.603     3.002
1520.000     20002         0     20003           0.441     0.874     1.115     1.453     1.628     1.990     2.449     3.260
1521.000     19997         0     19997           0.473     0.906     1.181     1.495     1.669     2.040     2.544     3.592
1522.000     20000         0     20000           0.468     0.871     1.093     1.410     1.577     1.894     2.351     3.533
1523.000     20003         0     20003           0.455     0.909     1.190     1.491     1.661     2.011     2.437     3.068
1524.000     19997         0     19997           0.439     0.913     1.188     1.486     1.653     2.007     2.556     3.396
1525.000     19999         0     20000           0.471     0.905     1.184     1.510     1.705     2.120     2.687     3.543
1526.000     19999         0     19999           0.472     0.907     1.178     1.495     1.679     2.103     2.724     4.022
1527.000     20000         0     20000           0.472     0.907     1.186     1.498     1.669     2.010     2.486     3.021
1528.000     19999         0     19999           0.481     0.894     1.153     1.479     1.644     1.978     2.462     3.293
1529.000     20003         0     20003           0.469     0.879     1.123     1.448     1.623     1.982     2.439     3.316
1530.000     19999         0     19998           0.457     0.876     1.117     1.428     1.607     1.970     2.443     2.959
1531.000     20000         0     20002           0.450     0.873     1.127     1.451     1.613     1.975     2.413     2.761
1532.000     20005         0     20005           0.457     0.879     1.129     1.453     1.628     2.022     2.476     3.170
1533.000     20002         0     20002           0.452     0.877     1.124     1.474     1.661     2.114     2.845     4.559
1534.000     19995         0     19995           0.475     0.877     1.118     1.443     1.615     1.976     2.494     3.406
1535.000     19997         0     19998           0.450     0.894     1.147     1.468     1.648     2.019     2.456     2.791
1536.000     20004         0     20004           0.454     0.884     1.146     1.464     1.651     2.033     2.540     3.052
1537.000     20000         0     19998           0.469     0.872     1.103     1.426     1.597     1.963     2.425     3.097
1538.000     19997         0     19999           0.464     0.873     1.106     1.426     1.610     1.968     2.482     3.183
1539.000     20005         0     20005           0.469     0.891     1.179     1.500     1.686     2.071     2.556     3.936
1540.000     20000         0     19999           0.459     0.890     1.166     1.483     1.658     2.018     2.501     2.847
1541.000     19998         0     19999           0.476     0.883     1.136     1.452     1.616     1.963     2.451     3.246
1542.000     20001         0     20000           0.448     0.867     1.099     1.424     1.591     1.942     2.380     3.115
1543.000     20002         0     20001           0.455     0.895     1.180     1.493     1.654     1.991     2.527     3.402
1544.000     19996         0     19996           0.457     0.897     1.163     1.485     1.660     2.058     2.595     3.244
1545.000     19997         0     19999           0.462     0.868     1.103     1.439     1.617     1.972     2.460     3.015
1546.000     20003         0     20003           0.464     0.881     1.115     1.450     1.646     2.083     2.591     3.592
1547.000     20000         0     20000           0.474     0.890     1.155     1.476     1.670     2.075     2.515     3.449
1548.000     19996         0     19996           0.437     0.904     1.189     1.508     1.686     2.067     2.544     3.459
1549.000     20003         0     20003           0.441     0.867     1.089     1.410     1.581     1.928     2.419     3.469
1550.000     19999         0     19999           0.466     0.885     1.115     1.435     1.606     1.972     2.472     3.594
1551.000     20001         0     20001           0.474     0.909     1.182     1.502     1.678     2.038     2.529     3.123
1552.000     20005         0     20006           0.457     0.900     1.179     1.488     1.667     2.023     2.462     3.070
1553.000     19997         0     19996           0.451     0.878     1.109     1.434     1.605     1.973     2.619     3.826
1554.000     19999         0     20000           0.458     0.888     1.157     1.484     1.669     2.091     2.710     3.207
1555.000     20002         0     20001           0.446     0.913     1.205     1.513     1.693     2.084     2.511     3.314
1556.000     19998         0     19998           0.457     0.889     1.156     1.485     1.664     2.029     2.484     3.322
1557.000     20002         0     20001           0.475     0.897     1.178     1.511     1.715     2.202     2.812     3.959
1558.000     19998         0     19998           0.467     0.862     1.090     1.410     1.583     1.960     2.447     3.246
1559.000     20001         0     20002           0.467     0.904     1.179     1.490     1.657     1.998     2.437     2.910
1560.000     19995         0     19993           0.468     0.894     1.181     1.520     1.743     2.294     3.226     5.067
1561.000     20001         0     20001           0.457     0.874     1.113     1.434     1.590     1.905     2.357     2.806
1562.000     19998         0     20001           0.451     0.893     1.151     1.458     1.626     1.947     2.384     2.990
1563.000     20007         0     20007           0.454     0.909     1.188     1.507     1.698     2.093     2.644     4.284
1564.000     19996         0     19996           0.457     0.887     1.134     1.464     1.641     2.023     2.517     3.783
1565.000     20001         0     19998           0.440     0.870     1.109     1.427     1.591     1.968     2.480     3.523
1566.000     20000         0     20002           0.467     0.890     1.139     1.457     1.629     1.980     2.501     2.920
1567.000     20001         0     20002           0.459     0.889     1.152     1.459     1.632     1.995     2.513     3.422
1568.000     20001         0     20001           0.455     0.901     1.180     1.490     1.661     2.071     2.521     2.894
1569.000     19996         0     19996           0.445     0.862     1.081     1.406     1.567     1.918     2.335     2.658
1570.000     20003         0     20003           0.459     0.889     1.149     1.471     1.644     1.979     2.427     3.537
1571.000     20001         0     20001           0.464     0.907     1.191     1.532     1.747     2.202     2.976     4.219
1572.000     19996         0     19996           0.460     0.897     1.167     1.486     1.660     2.042     2.537     3.348
1573.000     20004         0     20004           0.455     0.862     1.084     1.397     1.555     1.873     2.279     2.945
1574.000     19999         0     19999           0.467     0.893     1.170     1.491     1.670     2.111     2.699     3.807
1575.000     20001         0     20001           0.466     0.896     1.170     1.475     1.649     2.007     2.529     3.183
1576.000     20000         0     20000           0.456     0.900     1.165     1.474     1.653     2.012     2.468     3.043
1577.000     20000         0     20000           0.468     0.887     1.129     1.441     1.620     1.968     2.419     3.015
1578.000     19999         0     19999           0.472     0.877     1.120     1.436     1.604     1.934     2.349     3.404
1579.000     19999         0     19997           0.478     0.911     1.200     1.502     1.668     2.040     2.595     3.525
1580.000     20000         0     20002           0.465     0.900     1.162     1.474     1.651     2.036     2.460     2.982
1581.000     20001         0     20000           0.462     0.895     1.140     1.456     1.628     1.973     2.597     3.369
1582.000     20002         0     20001           0.447     0.875     1.107     1.427     1.595     1.926     2.302     3.013
1583.000     19995         0     19997           0.475     0.888     1.168     1.471     1.636     1.972     2.355     3.414
1584.000     20001         0     20000           0.464     0.910     1.205     1.528     1.729     2.159     2.916     4.895
1585.000     20000         0     20001           0.458     0.887     1.142     1.453     1.647     2.056     2.666     3.551
1586.000     19989         0     19988           0.459     0.858     1.081     1.403     1.570     1.898     2.503     4.911
1587.000     20013         0     20014           0.456     0.910     1.195     1.500     1.689     2.058     2.601     3.095
1588.000     19999         0     19997           0.466     0.894     1.164     1.480     1.657     2.052     2.439     3.295
1589.000     19998         0     19999           0.462     0.894     1.155     1.470     1.640     1.990     2.421     3.142
1590.000     20002         0     20002           0.476     0.881     1.113     1.439     1.617     1.986     2.427     3.142
1591.000     20000         0     20000           0.460     0.902     1.176     1.482     1.667     2.060     2.650     3.478
1592.000     19999         0     19999           0.475     0.894     1.168     1.474     1.646     2.028     2.521     3.469
1593.000     19999         0     19997           0.465     0.871     1.091     1.426     1.605     1.959     2.470     3.002
1594.000     20004         0     20006           0.451     0.889     1.127     1.446     1.610     1.954     2.464     3.168
1595.000     19998         0     19997           0.457     0.906     1.182     1.496     1.668     2.057     2.548     3.068
1596.000     19999         0     19999           0.455     0.892     1.160     1.471     1.652     2.006     2.562     3.504
1597.000     20002         0     20000           0.453     0.884     1.133     1.455     1.625     1.973     2.451     4.112
1598.000     19994         0     19995           0.477     0.891     1.146     1.455     1.624     1.991     2.484     3.308
1599.000     20006         0     20007           0.438     0.881     1.129     1.449     1.637     2.019     2.527     3.373
1600.000     19998         0     19996           0.466     0.907     1.163     1.480     1.656     2.035     2.566     2.992
1601.000     20000         0     20001           0.454     0.888     1.136     1.442     1.619     1.980     2.525     2.966
1602.000     20005         0     20005           0.462     0.893     1.139     1.457     1.637     1.986     2.621     3.543
1603.000     19998         0     19997           0.487     0.901     1.155     1.466     1.641     2.025     2.513     3.297
1604.000     19995         0     19995           0.473     0.895     1.167     1.480     1.645     2.006     2.566     3.459
1605.000     20005         0     20006           0.467     0.890     1.150     1.458     1.635     2.030     2.525     3.115
1606.000     19996         0     19995           0.440     0.873     1.120     1.462     1.661     2.122     2.712     3.774
1607.000     20002         0     20003           0.480     0.887     1.133     1.451     1.610     1.919     2.417     3.322
1608.000     20001         0     20001           0.455     0.899     1.171     1.486     1.663     2.017     2.517     3.613
1609.000     20001         0     20001           0.472     0.879     1.122     1.440     1.606     1.983     2.353     2.941
1610.000     19999         0     19999           0.466     0.887     1.142     1.460     1.635     1.997     2.503     3.478
1611.000     19999         0     20000           0.473     0.888     1.141     1.460     1.642     1.996     2.482     2.992
1612.000     20001         0     20000           0.460     0.869     1.102     1.425     1.606     1.961     2.365     2.716
1613.000     19994         0     19995           0.470     0.896     1.164     1.478     1.656     2.030     2.564     3.090
1614.000     20002         0     20001           0.478     0.892     1.153     1.463     1.646     1.985     2.458     3.129
1615.000     20006         0     20006           0.472     0.937     1.238     1.535     1.729     2.103     2.626     3.238
1616.000     19999         0     19999           0.458     0.880     1.121     1.447     1.618     1.977     2.482     3.256
1617.000     19999         0     19999           0.457     0.898     1.172     1.482     1.651     2.000     2.566     3.545
1618.000     19997         0     19997           0.460     0.876     1.116     1.441     1.608     1.977     2.994     4.657
1619.000     20006         0     20003           0.460     0.894     1.159     1.469     1.638     1.960     2.431     3.125
1620.000     19997         0     20001           0.459     0.879     1.134     1.445     1.619     1.969     2.400     3.703
1621.000     19996         0     19995           0.471     0.894     1.186     1.488     1.653     2.000     2.484     3.092
1622.000     20002         0     20002           0.476     0.888     1.139     1.452     1.615     1.936     2.435     4.149
1623.000     20002         0     20001           0.445     0.898     1.159     1.462     1.639     1.987     2.410     3.152
1624.000     19995         0     19995           0.476     0.899     1.145     1.457     1.621     1.980     2.464     2.943
1625.000     19998         0     19998           0.475     0.904     1.155     1.466     1.639     1.971     2.404     3.437
1626.000     20007         0     20008           0.470     0.896     1.152     1.461     1.632     1.960     2.445     3.240
1627.000     19998         0     19998           0.446     0.905     1.198     1.510     1.689     2.074     2.716     4.256
1628.000     20005         0     20005           0.469     0.891     1.153     1.476     1.655     2.049     2.609     3.310
1629.000     19991         0     19989           0.447     0.888     1.138     1.455     1.630     1.957     2.480     3.662
1630.000     20007         0     20007           0.479     0.894     1.149     1.465     1.633     1.990     2.449     2.961
1631.000     19998         0     19999           0.454     0.884     1.143     1.464     1.647     2.041     2.433     2.998
1632.000     20001         0     20001           0.469     0.873     1.120     1.439     1.610     1.951     2.388     3.758
1633.000     19993         0     19993           0.474     0.884     1.145     1.457     1.624     1.971     2.466     3.568
1634.000     20009         0     20009           0.467     0.918     1.225     1.536     1.718     2.134     2.748     3.408
1635.000     19996         0     19996           0.429     0.889     1.140     1.458     1.636     2.001     2.558     3.226
1636.000     20002         0     20002           0.470     0.900     1.159     1.471     1.655     2.052     2.595     3.445
1637.000     20000         0     19999           0.455     0.889     1.137     1.453     1.624     1.959     2.423     2.951
1638.000     19998         0     19999           0.463     0.897     1.162     1.469     1.640     1.981     2.400     3.111
1639.000     19998         0     19998           0.478     0.891     1.143     1.445     1.615     1.959     2.376     3.254
1640.000     20006         0     20006           0.469     0.897     1.156     1.460     1.641     2.010     2.566     3.336
1641.000     19999         0     19999           0.445     0.895     1.151     1.455     1.624     1.985     2.523     3.686
1642.000     19998         0     19998           0.436     0.888     1.155     1.462     1.631     1.957     2.372     2.968
1643.000     20002         0     20001           0.450     0.895     1.153     1.455     1.628     1.942     2.492     3.148
1644.000     19998         0     19999           0.466     0.894     1.156     1.457     1.632     1.981     2.413     3.502
1645.000     19997         0     19998           0.455     0.915     1.196     1.514     1.709     2.142     2.761     3.639
1646.000     20006         0     20005           0.468     0.902     1.177     1.475     1.658     2.016     2.628     3.840
1647.000     19993         0     19994           0.459     0.918     1.203     1.497     1.667     2.059     2.585     3.195
1648.000     20002         0     20002           0.466     0.888     1.138     1.448     1.621     1.972     2.460     3.543
1649.000     20006         0     20005           0.472     0.880     1.109     1.436     1.595     1.930     2.329     3.113
1650.000     19997         0     19999           0.449     0.895     1.181     1.487     1.648     1.994     2.523     3.125
1651.000     19999         0     19999           0.444     0.893     1.169     1.475     1.636     1.974     2.595     3.383
1652.000     19999         0     20000           0.449     0.870     1.108     1.422     1.580     1.920     2.304     2.931
1653.000     20000         0     19998           0.466     0.882     1.140     1.456     1.641     1.989     2.574     3.283
1654.000     20004         0     20004           0.451     0.893     1.164     1.474     1.662     2.023     2.521     3.594
1655.000     19996         0     19997           0.478     0.893     1.169     1.478     1.645     1.980     2.615     3.248
1656.000     19998         0     19998           0.477     0.898     1.159     1.469     1.650     2.061     2.552     4.395
1657.000     20004         0     20003           0.475     0.871     1.120     1.437     1.589     1.927     2.480     3.170
1658.000     20002         0     20003           0.456     0.889     1.156     1.474     1.641     1.963     2.472     3.281
1659.000     20001         0     19998           0.437     0.894     1.162     1.464     1.627     1.998     2.593     3.766
1660.000     19996         0     19999           0.450     0.885     1.134     1.456     1.633     1.972     2.413     2.998
1661.000     20004         0     20002           0.438     0.876     1.118     1.435     1.612     1.951     2.361     2.673
1662.000     19999         0     20001           0.468     0.903     1.192     1.506     1.686     2.074     2.607     3.381
1663.000     19996         0     19995           0.456     0.889     1.158     1.464     1.626     1.960     2.421     3.207
1664.000     20001         0     19999           0.457     0.897     1.152     1.467     1.640     1.988     2.486     3.686
1665.000     20001         0     20004           0.446     0.888     1.125     1.443     1.611     1.968     2.474     3.383
1666.000     20001         0     20001           0.453     0.897     1.175     1.469     1.644     1.979     2.341     3.133
1667.000     19999         0     19999           0.463     0.897     1.169     1.476     1.655     2.022     2.454     3.453
1668.000     19998         0     19998           0.435     0.867     1.084     1.405     1.571     1.894     2.390     4.112
1669.000     19999         0     19999           0.481     0.870     1.108     1.433     1.607     1.947     2.390     3.113
1670.000     20005         0     20004           0.444     0.910     1.196     1.503     1.687     2.048     2.501     3.246
1671.000     19996         0     19998           0.461     0.881     1.119     1.441     1.616     1.961     2.441     2.937
1672.000     20003         0     20002           0.471     0.892     1.162     1.470     1.651     2.051     2.531     3.305
1673.000     19997         0     19994           0.459     0.892     1.140     1.454     1.614     1.955     2.435     3.254
1674.000     20001         0     20004           0.451     0.902     1.181     1.494     1.673     2.037     2.583     4.119
1675.000     20001         0     20001           0.465     0.909     1.185     1.491     1.661     1.997     2.484     4.010
1676.000     19994         0     19994           0.445     0.908     1.180     1.496     1.674     2.046     2.650     4.481
1677.000     19991         0     19990           0.455     0.914     1.196     1.498     1.683     2.109     2.806     3.742
1678.000     20009         0     20009           0.472     0.911     1.203     1.514     1.687     2.105     2.806     5.014
1679.000     20008         0     20007           0.457     0.909     1.169     1.488     1.666     2.048     2.613     3.256
1680.000     20001         0     20003           0.463     0.879     1.118     1.426     1.582     1.907     2.392     3.521
1681.000     19996         0     19996           0.457     0.900     1.148     1.464     1.641     1.995     2.501     3.992
1682.000     20003         0     20003           0.452     0.905     1.180     1.491     1.662     2.030     2.630     3.688
1683.000     19999         0     19999           0.460     0.879     1.113     1.431     1.603     1.962     2.470     4.041
1684.000     19992         0     19992           0.472     0.901     1.161     1.469     1.639     2.004     2.615     3.029
1685.001     20005         0     20001           0.481     0.880     1.120     1.446     1.617     1.930     2.433     2.736
1686.000     20002         0     20006           0.451     0.898     1.162     1.477     1.648     2.003     2.435     3.338
1687.000     20000         0     20000           0.467     0.891     1.132     1.447     1.628     2.001     2.499     3.410
1688.000     19998         0     19997           0.479     0.887     1.138     1.456     1.627     1.955     2.462     3.361
1689.000     20000         0     20000           0.428     0.901     1.174     1.477     1.644     1.994     2.499     3.455
1690.000     20004         0     20005           0.471     0.878     1.122     1.450     1.625     1.997     2.525     2.929
1691.000     19999         0     19999           0.464     0.893     1.162     1.474     1.647     1.985     2.454     3.246
1692.000     19998         0     19997           0.472     0.915     1.187     1.497     1.683     2.111     2.818     5.132
1693.000     20002         0     20002           0.484     0.910     1.157     1.468     1.634     1.969     2.525     3.641
1694.000     19998         0     19998           0.474     0.911     1.184     1.486     1.654     2.009     2.593     3.449
1695.000     20000         0     20001           0.485     0.880     1.117     1.435     1.612     1.960     2.542     3.015
1696.000     20002         0     20002           0.477     0.894     1.160     1.466     1.640     1.978     2.447     3.035
1697.000     20001         0     20000           0.464     0.887     1.155     1.461     1.628     1.980     2.513     2.867
1698.000     19998         0     20000           0.471     0.895     1.150     1.450     1.618     1.967     2.435     3.176
1699.000     20001         0     19999           0.456     0.893     1.151     1.455     1.620     1.948     2.378     3.123
1700.000     19996         0     19998           0.465     0.885     1.126     1.439     1.603     1.918     2.390     4.043
1701.000     20004         0     20004           0.457     0.889     1.146     1.462     1.626     1.940     2.284     3.248
1702.000     19985         0     19983           0.449     0.896     1.159     1.470     1.641     1.971     2.415     2.828
1703.000     20014         0     20015           0.445     0.874     1.116     1.430     1.595     1.918     2.494     3.140
1704.000     19999         0     19999           0.478     0.903     1.162     1.471     1.638     1.998     2.492     3.244
1705.000     19998         0     19999           0.461     0.891     1.154     1.469     1.656     2.060     2.654     4.645
1706.000     20001         0     20001           0.468     0.900     1.178     1.467     1.636     2.009     2.523     3.752
1707.000     19999         0     19998           0.468     0.876     1.118     1.435     1.609     1.977     2.484     3.176
1708.000     20004         0     20005           0.474     0.924     1.223     1.505     1.668     2.040     2.470     3.650
1709.000     19996         0     19995           0.470     0.882     1.120     1.416     1.581     1.914     2.443     3.084
1710.000     19999         0     19999           0.445     0.870     1.104     1.430     1.589     1.895     2.288     2.742
1711.000     20005         0     20006           0.463     0.895     1.177     1.484     1.669     2.034     2.546     3.781
1712.000     19992         0     19989           0.436     0.897     1.160     1.475     1.648     2.029     2.552     4.067
1713.000     20008         0     20010           0.482     0.883     1.133     1.459     1.616     1.957     2.413     3.047
1714.000     19994         0     19994           0.447     0.882     1.142     1.451     1.618     1.967     2.433     3.043
1715.000     20008         0     20008           0.462     0.885     1.128     1.441     1.598     1.880     2.277     3.224
1716.000     19997         0     19998           0.465     0.904     1.174     1.498     1.684     2.074     2.773     3.582
1717.000     20000         0     19999           0.462     0.900     1.175     1.482     1.635     1.969     2.642     3.377
1718.000     19996         0     19995           0.477     0.894     1.138     1.453     1.620     1.946     2.484     4.004
1719.000     20005         0     20007           0.471     0.900     1.165     1.479     1.658     2.018     2.710     3.725
1720.000     19998         0     19997           0.452     0.905     1.160     1.476     1.642     1.989     2.456     3.387
1721.000     20001         0     20000           0.452     0.897     1.149     1.464     1.627     1.978     2.388     3.117
1722.000     20001         0     20002           0.474     0.899     1.155     1.458     1.636     1.997     2.474     3.197
1723.000     19998         0     19999           0.458     0.897     1.150     1.461     1.621     1.951     2.404     3.357
1724.000     20002         0     20002           0.441     0.890     1.128     1.443     1.618     1.970     2.370     3.090
1725.000     20001         0     19999           0.449     0.914     1.198     1.508     1.666     1.999     2.413     2.884
1726.001     19997         0     19995           0.463     0.884     1.139     1.456     1.634     2.030     2.546     3.058
1727.000     20002         0     20004           0.451     0.894     1.159     1.463     1.632     2.009     2.490     3.191
1728.000     19998         0     20000           0.475     0.888     1.129     1.443     1.609     1.932     2.425     3.434
1729.000     19999         0     19996           0.449     0.900     1.171     1.478     1.635     1.951     2.499     3.613
1730.000     19999         0     20002           0.474     0.879     1.115     1.422     1.598     1.930     2.478     3.482
1731.000     20006         0     20006           0.456     0.893     1.155     1.465     1.624     1.955     2.486     3.017
1732.000     19995         0     19993           0.486     0.899     1.157     1.470     1.639     1.989     2.558     3.299
1733.000     20004         0     20006           0.467     0.887     1.146     1.466     1.632     1.977     2.468     3.324
1734.000     19997         0     19997           0.475     0.883     1.137     1.441     1.609     1.946     2.451     2.972
1735.000     20002         0     20001           0.476     0.907     1.174     1.487     1.668     2.029     2.580     3.375
1736.000     19999         0     19998           0.453     0.898     1.175     1.486     1.665     2.046     2.585     3.437
1737.000     20001         0     20002           0.472     0.892     1.158     1.462     1.637     1.989     2.396     3.320
1738.000     19999         0     20000           0.454     0.937     1.232     1.529     1.709     2.076     2.554     3.355
1739.000     20002         0     20001           0.475     0.885     1.120     1.440     1.594     1.929     2.351     3.277
1740.000     19992         0     19992           0.436     0.899     1.162     1.480     1.662     2.074     2.486     3.416
1741.000     20006         0     20005           0.477     0.903     1.176     1.486     1.661     2.032     2.556     3.346
1742.000     20000         0     19998           0.432     0.881     1.135     1.456     1.613     1.961     2.611     3.213
1743.000     20000         0     20003           0.436     0.884     1.140     1.448     1.617     1.946     2.488     3.920
1744.000     20003         0     20002           0.470     0.890     1.143     1.454     1.621     2.003     2.515     3.226
1745.000     19996         0     19997           0.461     0.897     1.164     1.464     1.624     1.951     2.513     3.125
1746.000     20000         0     19999           0.441     0.888     1.138     1.449     1.616     1.962     2.456     3.078
1747.000     19993         0     19994           0.443     0.889     1.149     1.459     1.635     1.982     2.484     3.736
1748.000     20007         0     20007           0.471     0.881     1.135     1.451     1.615     1.944     2.425     3.117
1749.000     19997         0     19997           0.459     0.898     1.164     1.468     1.644     1.997     2.441     3.441
1750.000     20004         0     20004           0.451     0.886     1.136     1.455     1.616     1.936     2.398     3.172
1751.000     19999         0     19999           0.453     0.900     1.155     1.466     1.634     1.952     2.441     3.365
1752.000     20002         0     20002           0.472     0.893     1.142     1.458     1.628     1.989     2.505     3.422
1753.000     19996         0     19996           0.478     0.897     1.159     1.473     1.646     2.020     2.546     2.972
1754.000     20000         0     19999           0.466     0.897     1.170     1.486     1.652     2.035     2.476     2.851
1755.000     20003         0     20004           0.462     0.891     1.159     1.469     1.637     1.994     2.472     3.740
1756.000     20002         0     20000           0.448     0.872     1.098     1.423     1.590     1.929     2.404     3.056
1757.000     19996         0     19997           0.467     0.890     1.155     1.466     1.639     1.989     2.474     3.482
1758.000     20003         0     20002           0.447     0.881     1.133     1.449     1.616     1.974     2.537     3.195
1759.000     19999         0     20000           0.462     0.902     1.174     1.491     1.666     2.014     2.662     3.416
1760.000     20004         0     20006           0.474     0.886     1.136     1.456     1.652     2.052     2.607     3.240
1761.000     19995         0     19994           0.455     0.888     1.141     1.467     1.657     2.055     2.591     3.467
1762.000     20002         0     20002           0.440     0.890     1.125     1.440     1.616     1.978     2.425     3.191
1763.000     20000         0     20000           0.446     0.906     1.197     1.513     1.687     2.042     2.572     3.078
1764.000     20002         0     20002           0.468     0.880     1.118     1.439     1.617     1.985     2.421     3.973
1765.000     19996         0     19996           0.467     0.898     1.164     1.473     1.651     2.072     3.144     4.645
1766.000     20001         0     20001           0.471     0.937     1.255     1.553     1.746     2.167     2.746     3.903
1767.000     19994         0     19994           0.465     0.876     1.111     1.438     1.613     1.980     2.834     4.289
1768.000     20005         0     20004           0.446     0.914     1.206     1.506     1.690     2.086     2.691     4.055
1769.000     19995         0     19997           0.419     0.901     1.175     1.479     1.652     2.003     2.552     3.574
1770.000     20009         0     20009           0.474     0.884     1.142     1.461     1.634     1.988     2.478     3.975
1771.000     19996         0     19995           0.461     0.874     1.109     1.424     1.584     1.881     2.449     3.029
1772.000     20004         0     20003           0.435     0.893     1.154     1.465     1.637     1.980     2.456     2.884
1773.000     19995         0     19995           0.450     0.890     1.130     1.453     1.632     2.034     2.589     3.045
1774.000     20003         0     20001           0.447     0.904     1.164     1.477     1.637     1.976     2.408     3.410
1775.000     20000         0     20002           0.443     0.895     1.152     1.459     1.637     1.993     2.449     4.110
1776.000     20000         0     20001           0.453     0.882     1.132     1.447     1.612     1.983     2.507     3.480
1777.000     20000         0     20000           0.466     0.898     1.168     1.477     1.651     1.983     2.365     2.855
1778.000     19996         0     19996           0.449     0.905     1.172     1.482     1.644     1.974     2.437     3.117
1779.000     20006         0     20006           0.451     0.891     1.152     1.471     1.652     2.050     2.492     3.222
1780.000     19994         0     19994           0.461     0.893     1.142     1.450     1.630     1.970     2.566     3.195
1781.000     20004         0     20004           0.456     0.899     1.166     1.484     1.655     2.008     2.460     3.289
1782.000     19999         0     19999           0.455     0.889     1.148     1.465     1.628     1.964     2.458     3.215
1783.000     20001         0     20001           0.476     0.888     1.122     1.425     1.594     1.933     2.437     3.275
1784.000     19996         0     19995           0.484     0.904     1.162     1.470     1.635     1.971     2.419     3.398
1785.000     20001         0     20000           0.445     0.907     1.177     1.487     1.665     2.016     2.603     3.693
1786.000     20000         0     20002           0.458     0.878     1.107     1.427     1.593     1.898     2.279     2.808
1787.000     19999         0     19999           0.477     0.891     1.155     1.465     1.626     1.970     2.439     3.856
1788.000     20002         0     20002           0.467     0.922     1.219     1.518     1.688     2.040     2.531     4.026
1789.000     19999         0     19997           0.453     0.880     1.111     1.433     1.612     1.957     2.404     3.688
1790.000     19994         0     19995           0.474     0.893     1.143     1.457     1.635     1.949     2.390     3.033
1791.000     20006         0     20007           0.459     0.881     1.123     1.436     1.603     1.930     2.398     3.797
1792.000     20004         0     20003           0.447     0.905     1.185     1.496     1.673     2.037     2.435     3.391
1793.000     19994         0     19994           0.460     0.897     1.182     1.495     1.659     2.036     2.593     3.318
1794.000     20003         0     20003           0.461     0.873     1.105     1.419     1.591     1.944     2.404     3.176
1795.000     19997         0     19996           0.430     0.902     1.167     1.470     1.640     1.980     2.433     3.398
1796.000     20003         0     20004           0.463     0.949     1.240     1.552     1.740     2.146     2.777     3.891
1797.000     19995         0     19995           0.466     0.889     1.149     1.463     1.617     1.943     2.529     4.012
1798.000     20007         0     20007           0.462     0.924     1.219     1.516     1.700     2.128     2.677     4.846
1799.000     19996         0     19997           0.431     0.895     1.151     1.459     1.632     1.983     2.521     3.459
1800.000     20006         0     20009           0.448     0.866     1.102     1.423     1.580     1.905     2.359     3.105

SUMMARY STATS ══════════════════════════════════════════════════════════════════════════════════════════════════════════════
    Elapsed time       [s]   1800.002                                                                 
        CPU time       [s]   1646.372                                                                 
 CPU utilisation       [%]        2.5                                                                 
          Cycles      [op]   35999990                                                                 
          Errors      [op]          0                                                                 
              └─       [%]        0.0                                                                 
        Requests     [req]   35999990                                                                 
              └─  [req/op]        1.0                                                                 
         Retries     [ret]          0                                                                 
              └─ [ret/req]    0.00000                                                                 
            Rows     [row]   35999990                                                                 
              └─ [row/req]        1.0                                                                 
     Concurrency     [req]          3 ± 0                                                             
              └─       [%]          3                                                                 
      Throughput    [op/s]      20000 ± 0                                                             
              ├─   [req/s]      20000 ± 0                                                             
              └─   [row/s]      20000 ± 0                                                             
   Cycle latency      [ms]      0.950 ± 0.000                                                         
 Request latency      [ms]      0.805 ± 0.000                                                         

CYCLE LATENCY for standard1_select [ms]  ═══════════════════════════════════════════════════════════════════════════════════
          Min                   0.230 ± 0.003                                                         
           25                   0.721 ± 0.000                                                         
           50                   0.863 ± 0.000                                                         
           75                   1.102 ± 0.002                                                         
           90                   1.427 ± 0.000                                                         
           95                   1.601 ± 0.001                                                         
           98                   1.805 ± 0.001                                                         
           99                   1.959 ± 0.002                                                         
           99.9                 2.462 ± 0.005                                                         
           99.99                3.004 ± 0.019                                                         
          Max                  15.991 ± 14.813                                                        

